# Definition-use distance in token order and in the syntax tree, per source file.
# Parser: pyslang 11.0.0. Generator: data/studies/09-representation-dilation/measure_representation_dilation.py
# Source: pinned public repositories; see repository_url, repository_commit, source_sha256.
corpus,group,repository_url,repository_commit,source_path,source_sha256,status,exclusion_reason,lines,tokens,modules,declarations_used,def_use_pairs,mean_token_distance,median_token_distance,p90_token_distance,max_token_distance,mean_normalized_distance,tree_pairs,mean_tree_distance,median_tree_distance,max_tree_distance,def_use_graph_distance,cross_file_uses,name_refs,name_refs_bound,required_params_set,parse_errors,semantic_errors_in_file
VerilogEval,benchmark,https://github.com/NVlabs/verilog-eval,c498220d0a52248f8e3fdffe279075215bde2da6,dataset_spec-to-rtl/Prob001_zero_ref.sv,7f4686eac875da1029bdaa5198b47a5390dc2def846cb58cad07907bd32f40f4,measured,,9,15,1,1,1,4.0000,4.0000,4.0000,4,0.2667,1,7.0000,7.0000,7,1,0,1,1,0,0,0
VerilogEval,benchmark,https://github.com/NVlabs/verilog-eval,c498220d0a52248f8e3fdffe279075215bde2da6,dataset_spec-to-rtl/Prob002_m2014_q4i_ref.sv,f6014e877c9f539ca4dc485bc751c18e5c14017c77f599a0980fcb70b912ad51,measured,,9,15,1,1,1,4.0000,4.0000,4.0000,4,0.2667,1,7.0000,7.0000,7,1,0,1,1,0,0,0
VerilogEval,benchmark,https://github.com/NVlabs/verilog-eval,c498220d0a52248f8e3fdffe279075215bde2da6,dataset_spec-to-rtl/Prob003_step_one_ref.sv,937aeed69765ee339ed853e0876bb2c5da178269e03870b9ed43da6f4dbb2dd3,measured,,9,15,1,1,1,4.0000,4.0000,4.0000,4,0.2667,1,7.0000,7.0000,7,1,0,1,1,0,0,0
VerilogEval,benchmark,https://github.com/NVlabs/verilog-eval,c498220d0a52248f8e3fdffe279075215bde2da6,dataset_spec-to-rtl/Prob004_vector2_ref.sv,db26922b65f2629f191df37254f0c5e93992f2c920b58a64e78e538a9ad5d53b,measured,,10,54,1,2,5,21.2000,22.0000,33.2000,36,0.3926,5,7.8000,8.0000,8,1,0,5,5,0,0,0
VerilogEval,benchmark,https://github.com/NVlabs/verilog-eval,c498220d0a52248f8e3fdffe279075215bde2da6,dataset_spec-to-rtl/Prob005_notgate_ref.sv,b9c7af094411e46248398822c76728653300163f17595b16379f7e475d60cfcf,measured,,10,17,1,2,2,7.0000,7.0000,9.4000,10,0.4118,2,7.5000,7.5000,8,1,0,2,2,0,0,0
VerilogEval,benchmark,https://github.com/NVlabs/verilog-eval,c498220d0a52248f8e3fdffe279075215bde2da6,dataset_spec-to-rtl/Prob006_vectorr_ref.sv,45cdcb65da3b4a2c7bdc46f0b17cdd288350fdf724553b5eec8f34d42616c42c,measured,,10,66,1,2,9,26.0000,25.0000,42.8000,54,0.3939,9,7.8889,8.0000,8,1,0,9,9,0,0,0
VerilogEval,benchmark,https://github.com/NVlabs/verilog-eval,c498220d0a52248f8e3fdffe279075215bde2da6,dataset_spec-to-rtl/Prob007_wire_ref.sv,46917be81598f8050958f924ea23056f5c06350d76d0c5dd6a625cd65986f735,measured,,10,16,1,2,2,6.5000,6.5000,8.5000,9,0.4062,2,7.0000,7.0000,7,1,0,2,2,0,0,0
VerilogEval,benchmark,https://github.com/NVlabs/verilog-eval,c498220d0a52248f8e3fdffe279075215bde2da6,dataset_spec-to-rtl/Prob008_m2014_q4h_ref.sv,46917be81598f8050958f924ea23056f5c06350d76d0c5dd6a625cd65986f735,measured,,10,16,1,2,2,6.5000,6.5000,8.5000,9,0.4062,2,7.0000,7.0000,7,1,0,2,2,0,0,0
VerilogEval,benchmark,https://github.com/NVlabs/verilog-eval,c498220d0a52248f8e3fdffe279075215bde2da6,dataset_spec-to-rtl/Prob009_popcount3_ref.sv,69e2707f010de1da3f810a77c8805da28b04ac6c56438290f3d8fa177a39561c,measured,,10,39,1,2,4,15.2500,16.5000,22.5000,24,0.3910,4,8.2500,8.5000,9,1,0,4,4,0,0,0
VerilogEval,benchmark,https://github.com/NVlabs/verilog-eval,c498220d0a52248f8e3fdffe279075215bde2da6,dataset_spec-to-rtl/Prob010_mt2015_q4a_ref.sv,f9d234ca574a9b0df09f733c0fc9d08b3ff52fe3dd019ec5ae66d2a7c10c00a6,measured,,11,25,1,3,4,11.7500,12.5000,16.5000,18,0.4700,4,8.7500,9.0000,10,1,0,4,4,0,0,0
VerilogEval,benchmark,https://github.com/NVlabs/verilog-eval,c498220d0a52248f8e3fdffe279075215bde2da6,dataset_spec-to-rtl/Prob011_norgate_ref.sv,7e159a8077f15779839547fe079d25ee534f87a8b4b63680ef1741bc4f262b3b,measured,,11,24,1,3,3,10.3333,13.0000,13.8000,14,0.4306,3,9.0000,10.0000,10,1,0,3,3,0,0,0
VerilogEval,benchmark,https://github.com/NVlabs/verilog-eval,c498220d0a52248f8e3fdffe279075215bde2da6,dataset_spec-to-rtl/Prob012_xnorgate_ref.sv,736544bb20a35ff13647fb0029f4b06cacd5279614e6ff977758cfadb114ce8d,measured,,11,24,1,3,3,10.3333,13.0000,13.8000,14,0.4306,3,9.0000,10.0000,10,1,0,3,3,0,0,0
VerilogEval,benchmark,https://github.com/NVlabs/verilog-eval,c498220d0a52248f8e3fdffe279075215bde2da6,dataset_spec-to-rtl/Prob013_m2014_q4e_ref.sv,9dbd9a718fb163bbb60d876b23518c9eb8d211dfc5f891aac87920da3b5b36b0,measured,,11,25,1,3,3,11.0000,14.0000,14.8000,15,0.4400,3,9.0000,10.0000,10,1,0,3,3,0,0,0
VerilogEval,benchmark,https://github.com/NVlabs/verilog-eval,c498220d0a52248f8e3fdffe279075215bde2da6,dataset_spec-to-rtl/Prob014_andgate_ref.sv,cc937bac282c0018ca6a42e009f710be1f1824f55403a762810f67a2aa2f14df,measured,,11,21,1,3,3,9.0000,11.0000,11.8000,12,0.4286,3,7.6667,8.0000,8,1,0,3,3,0,0,0
VerilogEval,benchmark,https://github.com/NVlabs/verilog-eval,c498220d0a52248f8e3fdffe279075215bde2da6,dataset_spec-to-rtl/Prob015_vector1_ref.sv,4a3dc3bccaa6dfb1ab3731d11ce0b3253985dcad32d10294f665871afb00afdf,measured,,11,38,1,3,3,15.3333,13.0000,23.4000,26,0.4035,3,7.6667,8.0000,8,1,0,3,3,0,0,0
VerilogEval,benchmark,https://github.com/NVlabs/verilog-eval,c498220d0a52248f8e3fdffe279075215bde2da6,dataset_spec-to-rtl/Prob016_m2014_q4j_ref.sv,dbfde2547444cd93dd259aa37ac84ae811e0bf36c656c404594129d5683d536c,measured,,11,36,1,3,3,14.0000,16.0000,20.8000,22,0.3889,3,7.6667,8.0000,8,1,0,3,3,0,0,0
VerilogEval,benchmark,https://github.com/NVlabs/verilog-eval,c498220d0a52248f8e3fdffe279075215bde2da6,dataset_spec-to-rtl/Prob017_mux2to1v_ref.sv,1e45bcb124de9c52b905bf1fd7c13e67648a3730c693fd3f86974c6a219f7505,measured,,12,41,1,4,4,16.5000,16.5000,26.0000,29,0.4024,4,8.2500,8.0000,10,1,0,4,4,0,0,0
VerilogEval,benchmark,https://github.com/NVlabs/verilog-eval,c498220d0a52248f8e3fdffe279075215bde2da6,dataset_spec-to-rtl/Prob018_mux256to1_ref.sv,0b292d75ef9e56274a3143e5d99bfb3ccfa0f592831487036060568640d56713,measured,,11,32,1,3,3,10.6667,11.0000,15.8000,17,0.3333,3,8.0000,7.0000,10,1,0,3,3,0,0,0
VerilogEval,benchmark,https://github.com/NVlabs/verilog-eval,c498220d0a52248f8e3fdffe279075215bde2da6,dataset_spec-to-rtl/Prob019_m2014_q4f_ref.sv,c92c3177993007c8cb6d72fa96527a70431a66dc655c3b422bb94ed9c9ca9c29,measured,,11,23,1,3,3,10.0000,13.0000,13.0000,13,0.4348,3,8.0000,8.0000,9,1,0,3,3,0,0,0
VerilogEval,benchmark,https://github.com/NVlabs/verilog-eval,c498220d0a52248f8e3fdffe279075215bde2da6,dataset_spec-to-rtl/Prob020_mt2015_eq2_ref.sv,3a6624ece9483f19d94f1b361e7d648cb359cf1b17b91e4836e9a72c7b6144ae,measured,,11,41,1,3,3,12.3333,16.0000,16.8000,17,0.3008,3,7.6667,8.0000,8,1,0,3,3,0,0,0
VerilogEval,benchmark,https://github.com/NVlabs/verilog-eval,c498220d0a52248f8e3fdffe279075215bde2da6,dataset_spec-to-rtl/Prob021_mux256to1v_ref.sv,1e40712c23700dcb47156ce6fa7809ed417fafd52e8583c323cab5a5e5fd4788,measured,,11,70,1,3,9,30.2222,32.0000,45.2000,50,0.4317,9,10.1111,8.0000,13,1,0,9,9,0,0,0
VerilogEval,benchmark,https://github.com/NVlabs/verilog-eval,c498220d0a52248f8e3fdffe279075215bde2da6,dataset_spec-to-rtl/Prob022_mux2to1_ref.sv,7903c8758323f1f61f3aa91c96acdbcfe50df0e1f9af86dff8d744de865c3af0,measured,,12,26,1,4,4,11.5000,11.5000,17.5000,19,0.4423,4,8.2500,8.0000,10,1,0,4,4,0,0,0
VerilogEval,benchmark,https://github.com/NVlabs/verilog-eval,c498220d0a52248f8e3fdffe279075215bde2da6,dataset_spec-to-rtl/Prob023_vector100r_ref.sv,368942232ed60c40af48fe467b9982458d2719db5b9af74242bc6fb7f0960263,measured,,12,57,1,3,8,19.7500,18.5000,31.5000,35,0.3465,8,9.5000,9.0000,19,1,0,8,8,0,0,0
VerilogEval,benchmark,https://github.com/NVlabs/verilog-eval,c498220d0a52248f8e3fdffe279075215bde2da6,dataset_spec-to-rtl/Prob024_hadd_ref.sv,b0a112b4445b7e2b0fbcc6dbd5960bf026c62283b695b656bd61378377340c00,measured,,12,28,1,4,4,13.0000,14.0000,18.7000,19,0.4643,4,8.0000,8.0000,8,1,0,4,4,0,0,0
VerilogEval,benchmark,https://github.com/NVlabs/verilog-eval,c498220d0a52248f8e3fdffe279075215bde2da6,dataset_spec-to-rtl/Prob025_reduction_ref.sv,2c3ed80d11c32321cb8c416c36ab78514880592e99f20a53b794cdf0944240be,measured,,10,22,1,2,2,7.0000,7.0000,9.4000,10,0.3182,2,7.5000,7.5000,8,1,0,2,2,0,0,0
VerilogEval,benchmark,https://github.com/NVlabs/verilog-eval,c498220d0a52248f8e3fdffe279075215bde2da6,dataset_spec-to-rtl/Prob026_alwaysblock1_ref.sv,8c56a4c015ef90a231d4ed1ccd661696fed4cd6e123dc45fc768f187608d129a,measured,,13,36,1,4,6,17.8333,15.5000,26.5000,27,0.4954,6,8.6667,8.5000,10,1,0,6,6,0,0,0
VerilogEval,benchmark,https://github.com/NVlabs/verilog-eval,c498220d0a52248f8e3fdffe279075215bde2da6,dataset_spec-to-rtl/Prob027_fadd_ref.sv,8607c120d36481ba0a8c2f6b8d71af7a7ba27b4850781b0b7326020b4046ac30,measured,,13,33,1,5,5,15.6000,20.0000,21.6000,22,0.4727,5,8.4000,8.0000,9,1,0,5,5,0,0,0
VerilogEval,benchmark,https://github.com/NVlabs/verilog-eval,c498220d0a52248f8e3fdffe279075215bde2da6,dataset_spec-to-rtl/Prob028_m2014_q4a_ref.sv,fbf798876b0646c79e038691f58cec42fa536a59fc616b462b7115aa7fc2f8b8,measured,,14,30,1,3,3,16.6667,15.0000,20.6000,22,0.5556,3,11.0000,11.0000,11,1,0,3,3,0,0,0
VerilogEval,benchmark,https://github.com/NVlabs/verilog-eval,c498220d0a52248f8e3fdffe279075215bde2da6,dataset_spec-to-rtl/Prob029_m2014_q4g_ref.sv,46c5adb0e545bcbeba7d3041aca7f51df223640e7dab8c8d6baa3a45d8181228,measured,,12,32,1,4,4,15.0000,18.5000,19.0000,19,0.4688,4,9.7500,10.0000,12,1,0,4,4,0,0,0
VerilogEval,benchmark,https://github.com/NVlabs/verilog-eval,c498220d0a52248f8e3fdffe279075215bde2da6,dataset_spec-to-rtl/Prob030_popcount255_ref.sv,9159b1dda6cad0c06ec47be5bbd680dd13007eacd0ee6832c443550c8283c9bb,measured,,14,52,1,3,7,16.8571,17.0000,29.4000,36,0.3242,7,8.2857,9.0000,11,1,0,7,7,0,0,0
VerilogEval,benchmark,https://github.com/NVlabs/verilog-eval,c498220d0a52248f8e3fdffe279075215bde2da6,dataset_spec-to-rtl/Prob031_dff_ref.sv,fbfa1604c31f03dca7217b6d4f2ce1b67e85898ec94195ea3dc460868a186e40,measured,,15,32,1,3,4,15.7500,18.5000,21.7000,22,0.4922,4,9.0000,9.0000,10,1,0,4,4,0,0,0
VerilogEval,benchmark,https://github.com/NVlabs/verilog-eval,c498220d0a52248f8e3fdffe279075215bde2da6,dataset_spec-to-rtl/Prob032_vector0_ref.sv,afae7d42f345cf72d691d2b908e2294c99dab71f447b0906d11947a4ef1749e3,measured,,14,46,1,5,6,19.1667,15.5000,28.5000,34,0.4167,6,7.5000,7.5000,8,1,0,6,6,0,0,0
VerilogEval,benchmark,https://github.com/NVlabs/verilog-eval,c498220d0a52248f8e3fdffe279075215bde2da6,dataset_spec-to-rtl/Prob033_ece241_2014_q1c_ref.sv,70556fcdfe57e54f5a7fe358919e697074cbf7b5f06c305b94e5b4ca8bab61ce,measured,,14,82,1,5,9,34.8889,30.0000,52.2000,61,0.4255,9,8.7778,9.0000,11,1,0,9,9,0,0,0
VerilogEval,benchmark,https://github.com/NVlabs/verilog-eval,c498220d0a52248f8e3fdffe279075215bde2da6,dataset_spec-to-rtl/Prob034_dff8_ref.sv,f2cefccbae78a8cd532c6b66eb75eb08b60cf11497b3f89bd09bcb9d892fef69,measured,,15,42,1,3,4,19.5000,21.5000,29.8000,31,0.4643,4,9.0000,9.0000,10,1,0,4,4,0,0,0
VerilogEval,benchmark,https://github.com/NVlabs/verilog-eval,c498220d0a52248f8e3fdffe279075215bde2da6,dataset_spec-to-rtl/Prob035_count1to10_ref.sv,16a12abd3a6d1fef7f92b3e13af89c47560f9f7ec5a529270312854946784655,measured,,15,45,1,3,6,19.1667,19.5000,23.0000,24,0.4259,6,11.0000,11.0000,12,1,0,6,6,0,0,0
VerilogEval,benchmark,https://github.com/NVlabs/verilog-eval,c498220d0a52248f8e3fdffe279075215bde2da6,dataset_spec-to-rtl/Prob036_ringer_ref.sv,8bd1d42c007b2b463cf8888fd8109197ab8ce53059206ce6cf1589dfc4ad0cc5,measured,,13,32,1,4,6,15.6667,15.0000,22.5000,23,0.4896,6,7.8333,8.0000,9,1,0,6,6,0,0,0
VerilogEval,benchmark,https://github.com/NVlabs/verilog-eval,c498220d0a52248f8e3fdffe279075215bde2da6,dataset_spec-to-rtl/Prob037_review2015_count1k_ref.sv,bedfffe16c74a3b58ff1021594cefc719320bc14422e7b74d12e80fe1952644e,measured,,15,45,1,3,6,19.1667,19.5000,23.0000,24,0.4259,6,11.0000,11.0000,12,1,0,6,6,0,0,0
VerilogEval,benchmark,https://github.com/NVlabs/verilog-eval,c498220d0a52248f8e3fdffe279075215bde2da6,dataset_spec-to-rtl/Prob038_count15_ref.sv,189870e9a4af7d545ae06dfff5284ef5a61595f48cb469dabaf473bbccb95872,measured,,15,41,1,3,5,18.0000,19.0000,20.0000,20,0.4390,5,10.6000,10.0000,12,1,0,5,5,0,0,0
VerilogEval,benchmark,https://github.com/NVlabs/verilog-eval,c498220d0a52248f8e3fdffe279075215bde2da6,dataset_spec-to-rtl/Prob039_always_if_ref.sv,5df164fd820436852f95bc1ee0067a09412148acea85b288cb7c0a8bcb0ac630,measured,,15,54,1,6,10,27.3000,27.5000,42.5000,47,0.5056,10,10.4000,10.0000,14,1,0,10,10,0,0,0
VerilogEval,benchmark,https://github.com/NVlabs/verilog-eval,c498220d0a52248f8e3fdffe279075215bde2da6,dataset_spec-to-rtl/Prob040_count10_ref.sv,483155e5ba707375665d5f67910c053b1b3955db9b4aad743bf2d70f41da45c6,measured,,15,45,1,3,6,19.1667,19.5000,23.0000,24,0.4259,6,11.0000,11.0000,12,1,0,6,6,0,0,0
VerilogEval,benchmark,https://github.com/NVlabs/verilog-eval,c498220d0a52248f8e3fdffe279075215bde2da6,dataset_spec-to-rtl/Prob041_dff8r_ref.sv,43fd5e0d5b05deb692cbf8480c4b52011f89021bcdf329cb9e3a984d9e6e825c,measured,,16,47,1,4,5,22.0000,20.0000,30.0000,32,0.4681,5,10.4000,10.0000,11,1,0,5,5,0,0,0
VerilogEval,benchmark,https://github.com/NVlabs/verilog-eval,c498220d0a52248f8e3fdffe279075215bde2da6,dataset_spec-to-rtl/Prob042_vector4_ref.sv,5408b5220777f5a212a7678a353718e6374fa967530895182c22ca7b346f7c3a,measured,,10,38,1,2,3,15.6667,18.0000,23.6000,25,0.4123,3,8.3333,8.0000,10,1,0,3,3,0,0,0
VerilogEval,benchmark,https://github.com/NVlabs/verilog-eval,c498220d0a52248f8e3fdffe279075215bde2da6,dataset_spec-to-rtl/Prob043_vector5_ref.sv,fc887ea1b3d3b1a43c2ebbc6a6d321c12c4cdee70007bf9bb4690b29198f815e,measured,,14,84,1,6,11,47.6364,47.0000,66.0000,67,0.5671,11,10.6364,10.0000,12,1,0,11,11,0,0,0
VerilogEval,benchmark,https://github.com/NVlabs/verilog-eval,c498220d0a52248f8e3fdffe279075215bde2da6,dataset_spec-to-rtl/Prob044_vectorgates_ref.sv,c985c4e754baf171526e86dd8f130549132e148da7db7e3348c079162d8f8353,measured,,15,65,1,5,9,31.0000,33.0000,43.2000,52,0.4769,9,7.8889,8.0000,9,1,0,9,9,0,0,0
VerilogEval,benchmark,https://github.com/NVlabs/verilog-eval,c498220d0a52248f8e3fdffe279075215bde2da6,dataset_spec-to-rtl/Prob045_edgedetect2_ref.sv,8b54c0faa026c483b2eb6fdd30f131e954366022d5d951a1ccd343e057f58df8,measured,,16,51,1,4,6,23.6667,25.5000,32.5000,33,0.4641,6,9.6667,10.0000,11,1,0,6,6,0,0,0
VerilogEval,benchmark,https://github.com/NVlabs/verilog-eval,c498220d0a52248f8e3fdffe279075215bde2da6,dataset_spec-to-rtl/Prob046_dff8p_ref.sv,24e7078cf9aeaf5730228768d2d5131e5ff8095fdcf41e2f819cc6712cb28a72,measured,,16,49,1,4,5,22.8000,20.0000,31.2000,34,0.4653,5,10.4000,10.0000,11,1,0,5,5,0,0,0
VerilogEval,benchmark,https://github.com/NVlabs/verilog-eval,c498220d0a52248f8e3fdffe279075215bde2da6,dataset_spec-to-rtl/Prob047_dff8ar_ref.sv,f904723d115e2409c3918d8e6d61e5604103fbca231e56a2468e4e1019fb52ce,measured,,16,50,1,4,6,23.5000,22.0000,31.0000,35,0.4700,6,10.6667,11.0000,11,1,0,6,6,0,0,0
VerilogEval,benchmark,https://github.com/NVlabs/verilog-eval,c498220d0a52248f8e3fdffe279075215bde2da6,dataset_spec-to-rtl/Prob048_m2014_q4c_ref.sv,f143bdbb4847f35b5baa02f4c8c0242fd244b3daaf1306edd57e2c2c1c5dd908,measured,,17,39,1,4,5,18.8000,17.0000,24.4000,28,0.4821,5,11.2000,11.0000,12,1,0,5,5,0,0,0
VerilogEval,benchmark,https://github.com/NVlabs/verilog-eval,c498220d0a52248f8e3fdffe279075215bde2da6,dataset_spec-to-rtl/Prob049_m2014_q4b_ref.sv,26f5732a1453de02b751e206f3e5d162253838f49f836289f25667d5be109c59,measured,,17,42,1,4,6,20.0000,18.0000,26.5000,31,0.4762,6,11.3333,11.0000,12,1,0,6,6,0,0,0
VerilogEval,benchmark,https://github.com/NVlabs/verilog-eval,c498220d0a52248f8e3fdffe279075215bde2da6,dataset_spec-to-rtl/Prob050_kmap1_ref.sv,d8f2229363c7ae8748c8d9b2efb025bd5eb297f5aa9bb49a30dea271f68e8b2b,measured,,12,28,1,4,4,12.2500,14.5000,15.7000,16,0.4375,4,9.0000,9.5000,10,1,0,4,4,0,0,0
VerilogEval,benchmark,https://github.com/NVlabs/verilog-eval,c498220d0a52248f8e3fdffe279075215bde2da6,dataset_spec-to-rtl/Prob051_gates4_ref.sv,6a1464e8f8d123092f0f437595d66df72e182f1b9d01405c623613d409fc20b6,measured,,14,40,1,4,6,17.5000,16.0000,25.0000,28,0.4375,6,7.5000,7.5000,8,1,0,6,6,0,0,0
VerilogEval,benchmark,https://github.com/NVlabs/verilog-eval,c498220d0a52248f8e3fdffe279075215bde2da6,dataset_spec-to-rtl/Prob052_gates100_ref.sv,dcf314f2a0e23b9b47ec355193bf79d8b113cf0999883f712bb95a7335fd3e14,measured,,14,40,1,4,6,17.5000,16.0000,25.0000,28,0.4375,6,7.5000,7.5000,8,1,0,6,6,0,0,0
VerilogEval,benchmark,https://github.com/NVlabs/verilog-eval,c498220d0a52248f8e3fdffe279075215bde2da6,dataset_spec-to-rtl/Prob053_m2014_q4d_ref.sv,2f78ec8c604efe45f02c1ed0715b79904767ecaead2e4abef29d6c96571e6537,measured,,16,34,1,3,5,15.6000,19.0000,20.2000,21,0.4588,5,10.0000,10.0000,11,1,0,5,5,0,0,0
VerilogEval,benchmark,https://github.com/NVlabs/verilog-eval,c498220d0a52248f8e3fdffe279075215bde2da6,dataset_spec-to-rtl/Prob054_edgedetect_ref.sv,85fac5a17004cf8c6ae544ba6a3410eb38e66672c4e41cf980ac5fbe24197096,measured,,16,52,1,4,6,23.8333,25.5000,32.5000,33,0.4583,6,9.8333,10.0000,11,1,0,6,6,0,0,0
VerilogEval,benchmark,https://github.com/NVlabs/verilog-eval,c498220d0a52248f8e3fdffe279075215bde2da6,dataset_spec-to-rtl/Prob055_conditional_ref.sv,2df6d288e7b4439de40d0225546cf1df4a17075bd577a73e6faf25f0ba6d0a2d,measured,,18,83,1,5,14,31.0714,36.5000,43.4000,46,0.3744,14,10.2857,10.0000,11,1,0,14,14,0,0,0
VerilogEval,benchmark,https://github.com/NVlabs/verilog-eval,c498220d0a52248f8e3fdffe279075215bde2da6,dataset_spec-to-rtl/Prob056_ece241_2013_q7_ref.sv,8cc3ad47597d42a9969f00a8268f3e487bc404418060217843f7d12603d92232,measured,,13,36,1,4,6,16.3333,17.5000,20.0000,21,0.4537,6,10.8333,11.0000,12,1,0,6,6,0,0,0
VerilogEval,benchmark,https://github.com/NVlabs/verilog-eval,c498220d0a52248f8e3fdffe279075215bde2da6,dataset_spec-to-rtl/Prob057_kmap2_ref.sv,83158896f78e373b197b40a8637334b78a01c740a0df0b2da65452a076bdc4d8,measured,,13,55,1,5,11,27.3636,31.0000,39.0000,40,0.4975,11,11.4545,12.0000,13,1,0,11,11,0,0,0
VerilogEval,benchmark,https://github.com/NVlabs/verilog-eval,c498220d0a52248f8e3fdffe279075215bde2da6,dataset_spec-to-rtl/Prob058_alwaysblock2_ref.sv,392bc7b761c4c825747e1b85b0dcb9ebb37a6ef14844f807daf992ddd56bf7b6,measured,,16,55,1,6,10,28.5000,28.5000,42.1000,43,0.5182,10,9.1000,9.5000,10,1,0,10,10,0,0,0
VerilogEval,benchmark,https://github.com/NVlabs/verilog-eval,c498220d0a52248f8e3fdffe279075215bde2da6,dataset_spec-to-rtl/Prob059_wire4_ref.sv,8d0689bd426e7410c382db87eb0395146ee9cf07803e20c8d8227751827cd70e,measured,,15,47,1,7,8,22.7500,23.0000,33.3000,34,0.4840,8,8.0000,8.0000,8,1,0,8,8,0,0,0
VerilogEval,benchmark,https://github.com/NVlabs/verilog-eval,c498220d0a52248f8e3fdffe279075215bde2da6,dataset_spec-to-rtl/Prob060_m2014_q4k_ref.sv,483aa7cd86a26bfcc85ba4771341653cd341815820b7a23105e2579143c0c1ac,measured,,20,64,1,5,8,28.2500,25.5000,41.6000,43,0.4414,8,9.6250,10.0000,13,1,0,8,8,0,0,0
VerilogEval,benchmark,https://github.com/NVlabs/verilog-eval,c498220d0a52248f8e3fdffe279075215bde2da6,dataset_spec-to-rtl/Prob061_2014_q4a_ref.sv,e3a96e912df4645f611ffbc8f596e7506af1bce98806dcdfd8ebb449a26cc583,measured,,18,47,1,6,7,23.1429,23.0000,31.0000,37,0.4924,7,10.8571,10.0000,12,1,0,7,7,0,0,0
VerilogEval,benchmark,https://github.com/NVlabs/verilog-eval,c498220d0a52248f8e3fdffe279075215bde2da6,dataset_spec-to-rtl/Prob062_bugs_mux2_ref.sv,3735cd6a576c3ab365e0b42bcd95198b6ce609792a0ad7cb1765e12667417436,measured,,13,42,1,4,4,19.7500,22.0000,29.2000,31,0.4702,4,8.2500,8.0000,10,1,0,4,4,0,0,0
VerilogEval,benchmark,https://github.com/NVlabs/verilog-eval,c498220d0a52248f8e3fdffe279075215bde2da6,dataset_spec-to-rtl/Prob063_review2015_shiftcount_ref.sv,745be14ac6cf96b9dfb2df944ecd6d1f9edadbcd3c740610711ad8ce1f562376,measured,,18,64,1,5,8,28.0000,29.5000,36.4000,42,0.4375,8,12.0000,12.0000,14,1,0,8,8,0,0,0
VerilogEval,benchmark,https://github.com/NVlabs/verilog-eval,c498220d0a52248f8e3fdffe279075215bde2da6,dataset_spec-to-rtl/Prob064_vector3_ref.sv,8bc8223b5ae69ce879121668936bcf71d42baf79e2b5c85f99203e19352c6cb8,measured,,18,114,1,10,10,51.2000,60.0000,81.6000,87,0.4491,10,8.0000,8.0000,8,1,0,10,10,0,0,0
VerilogEval,benchmark,https://github.com/NVlabs/verilog-eval,c498220d0a52248f8e3fdffe279075215bde2da6,dataset_spec-to-rtl/Prob065_7420_ref.sv,62ddb5fcc18bf18f0fc1f265d8de802f739f7217a96674b76b53139e0bc654fa,measured,,19,67,1,10,10,31.9000,34.5000,36.1000,37,0.4761,10,9.4000,10.0000,10,1,0,10,10,0,0,0
VerilogEval,benchmark,https://github.com/NVlabs/verilog-eval,c498220d0a52248f8e3fdffe279075215bde2da6,dataset_spec-to-rtl/Prob066_edgecapture_ref.sv,e36bcc084d7672e3f76f3c485f386b9ae02341252cb27e3c4605d54a227af1fe,measured,,20,68,1,5,9,31.1111,31.0000,42.0000,46,0.4575,9,11.5556,11.0000,16,1,0,9,9,0,0,0
VerilogEval,benchmark,https://github.com/NVlabs/verilog-eval,c498220d0a52248f8e3fdffe279075215bde2da6,dataset_spec-to-rtl/Prob067_countslow_ref.sv,0370512ff67ccc07b5159d1516972c5875b5c2d73bbe25349fb223978bc944f6,measured,,20,61,1,4,8,26.3750,27.0000,34.6000,36,0.4324,8,12.7500,13.0000,16,1,0,8,8,0,0,0
VerilogEval,benchmark,https://github.com/NVlabs/verilog-eval,c498220d0a52248f8e3fdffe279075215bde2da6,dataset_spec-to-rtl/Prob068_countbcd_ref.sv,699702b0cbd8dead9301675e70fe23b847a58a81d5757e87af0abd26163f01ec,measured,,20,168,1,6,21,60.0476,55.0000,108.0000,131,0.3574,21,11.0952,12.0000,16,1,0,21,21,0,0,0
VerilogEval,benchmark,https://github.com/NVlabs/verilog-eval,c498220d0a52248f8e3fdffe279075215bde2da6,dataset_spec-to-rtl/Prob069_truthtable1_ref.sv,4eb73956209794bdbb8b183514aa9cbd47ea71c54261c4a60fcebe2f8491af8b,measured,,15,56,1,4,13,28.0000,27.0000,42.8000,44,0.5000,13,11.8462,12.0000,14,1,0,13,13,0,0,0
VerilogEval,benchmark,https://github.com/NVlabs/verilog-eval,c498220d0a52248f8e3fdffe279075215bde2da6,dataset_spec-to-rtl/Prob070_ece241_2013_q2_ref.sv,0e4448a046ef77c67a55bdc2d71cd1cd26db714b9ee658b1e539b25a65485024,measured,,19,96,1,8,22,44.3182,46.5000,63.8000,71,0.4616,22,9.3182,10.0000,12,1,0,22,22,0,0,0
VerilogEval,benchmark,https://github.com/NVlabs/verilog-eval,c498220d0a52248f8e3fdffe279075215bde2da6,dataset_spec-to-rtl/Prob071_always_casez_ref.sv,00e69b3385011c20361f76a5f68aa225b0c1fda479444c429e0f24653f4773d5,measured,,22,122,1,2,10,51.5000,50.0000,86.0000,95,0.4221,10,11.7000,12.0000,12,1,0,10,10,0,0,0
VerilogEval,benchmark,https://github.com/NVlabs/verilog-eval,c498220d0a52248f8e3fdffe279075215bde2da6,dataset_spec-to-rtl/Prob072_thermostat_ref.sv,11ab9eccf4df5719e600eca68d15eafd612aecec668a0ff97951f5637d56fd1b,measured,,17,58,1,7,11,28.9091,25.0000,44.0000,48,0.4984,11,8.9091,9.0000,12,1,0,11,11,0,0,0
VerilogEval,benchmark,https://github.com/NVlabs/verilog-eval,c498220d0a52248f8e3fdffe279075215bde2da6,dataset_spec-to-rtl/Prob073_dff16e_ref.sv,ab78eb454f39cd6ac58c849a103d0f1bfb2bb51cbf5f9fdf89ebf38bdd9accbd,measured,,22,98,1,5,9,41.6667,40.0000,61.8000,65,0.4252,9,13.0000,14.0000,14,1,0,9,9,0,0,0
VerilogEval,benchmark,https://github.com/NVlabs/verilog-eval,c498220d0a52248f8e3fdffe279075215bde2da6,dataset_spec-to-rtl/Prob074_ece241_2014_q4_ref.sv,6d58fe4253a0a4feaba24aa013ecd96fb54be1fd7b77eb026bb5355a30714055,measured,,17,65,1,4,10,30.9000,30.5000,47.2000,49,0.4754,10,9.9000,10.5000,12,1,0,10,10,0,0,0
VerilogEval,benchmark,https://github.com/NVlabs/verilog-eval,c498220d0a52248f8e3fdffe279075215bde2da6,dataset_spec-to-rtl/Prob075_counter_2bc_ref.sv,eb3bcfc472f3979166157b577fa6ecae67722ae22eafd409a57b35c92590d0b7,measured,,22,82,1,5,13,37.0769,36.0000,52.6000,58,0.4522,13,14.9231,16.0000,19,1,0,13,13,0,0,0
VerilogEval,benchmark,https://github.com/NVlabs/verilog-eval,c498220d0a52248f8e3fdffe279075215bde2da6,dataset_spec-to-rtl/Prob076_always_case_ref.sv,bc2d160effd6fbaf591d8adaab32f897fcc0479ea8ddb8d1eb92fb3b59cf3d23,measured,,26,138,1,8,14,54.3571,65.5000,68.0000,68,0.3939,14,11.7857,12.0000,12,1,0,14,14,0,0,0
VerilogEval,benchmark,https://github.com/NVlabs/verilog-eval,c498220d0a52248f8e3fdffe279075215bde2da6,dataset_spec-to-rtl/Prob077_wire_decl_ref.sv,e1a5eb13111766369624ce34b5f91393b9d4cb5f9a77fc304713d884a86b172b,measured,,18,55,1,8,11,23.0000,26.0000,30.0000,36,0.4182,11,6.9091,7.0000,8,1,0,11,11,0,0,0
VerilogEval,benchmark,https://github.com/NVlabs/verilog-eval,c498220d0a52248f8e3fdffe279075215bde2da6,dataset_spec-to-rtl/Prob078_dualedge_ref.sv,7c9a025f6e11670872f06fed927fb111485bc71f8c52d7fe579508db230460a1,measured,,25,53,1,5,10,26.7000,29.5000,33.9000,42,0.5038,10,8.9000,9.0000,12,1,0,10,10,0,0,0
VerilogEval,benchmark,https://github.com/NVlabs/verilog-eval,c498220d0a52248f8e3fdffe279075215bde2da6,dataset_spec-to-rtl/Prob079_fsm3onehot_ref.sv,0dd374e8dee82065d86e5dac85d17d78f323bc8cf511f465887b046ac0dd6795,measured,,19,135,1,4,18,76.1667,77.0000,108.3000,118,0.5642,18,8.7222,8.5000,11,1,0,18,18,0,0,0
VerilogEval,benchmark,https://github.com/NVlabs/verilog-eval,c498220d0a52248f8e3fdffe279075215bde2da6,dataset_spec-to-rtl/Prob080_timer_ref.sv,14b34884220ceb1058f834d04d86cdd7b2798163f8e816ad7ed3ea146cf05f41,measured,,18,64,1,5,9,26.1111,26.0000,33.4000,39,0.4080,9,9.2222,10.0000,11,1,0,9,9,0,0,0
VerilogEval,benchmark,https://github.com/NVlabs/verilog-eval,c498220d0a52248f8e3fdffe279075215bde2da6,dataset_spec-to-rtl/Prob081_7458_ref.sv,52520a46c4bbfca19859a9ed1f7ad4b0de970c0f9aedf7d8fed688013fa7a547,measured,,21,79,1,12,12,37.3333,40.0000,41.0000,42,0.4726,12,9.5000,10.0000,10,1,0,12,12,0,0,0
VerilogEval,benchmark,https://github.com/NVlabs/verilog-eval,c498220d0a52248f8e3fdffe279075215bde2da6,dataset_spec-to-rtl/Prob082_lfsr32_ref.sv,cfe347370987a792745fcc0e2b69f3aae151f144606dc4337c4c14a959259941,measured,,25,107,1,4,16,47.6250,44.0000,84.0000,85,0.4451,16,9.6250,10.0000,12,1,0,16,16,0,0,0
VerilogEval,benchmark,https://github.com/NVlabs/verilog-eval,c498220d0a52248f8e3fdffe279075215bde2da6,dataset_spec-to-rtl/Prob083_mt2015_q4b_ref.sv,bc3e16ff3466e559770a931c4f21532e30465c4efe5f2b01f9e101838245eedf,measured,,11,24,1,3,3,10.3333,13.0000,13.8000,14,0.4306,3,9.0000,10.0000,10,1,0,3,3,0,0,0
VerilogEval,benchmark,https://github.com/NVlabs/verilog-eval,c498220d0a52248f8e3fdffe279075215bde2da6,dataset_spec-to-rtl/Prob084_ece241_2013_q12_ref.sv,1ad7a305d588235457ccdff541b1892141c0eb2b9cf23f903d583328f3686d2d,measured,,21,74,1,8,10,36.4000,36.5000,51.1000,52,0.4919,10,9.7000,10.5000,12,1,0,10,10,0,0,0
VerilogEval,benchmark,https://github.com/NVlabs/verilog-eval,c498220d0a52248f8e3fdffe279075215bde2da6,dataset_spec-to-rtl/Prob085_shift4_ref.sv,35074d1c6ac73241a4acdcc48712e78e83f571f4016949c7de33c0f6ed3c4564,measured,,21,76,1,6,10,35.0000,36.0000,44.6000,50,0.4605,10,12.8000,13.0000,15,1,0,10,10,0,0,0
VerilogEval,benchmark,https://github.com/NVlabs/verilog-eval,c498220d0a52248f8e3fdffe279075215bde2da6,dataset_spec-to-rtl/Prob086_lfsr5_ref.sv,f2e92f3eb73c77bfdcf81b00cbc032cea78d888428e11235c4eae04897d8ac6f,measured,,23,87,1,4,12,38.8333,36.0000,64.8000,65,0.4464,12,9.8333,10.0000,12,1,0,12,12,0,0,0
VerilogEval,benchmark,https://github.com/NVlabs/verilog-eval,c498220d0a52248f8e3fdffe279075215bde2da6,dataset_spec-to-rtl/Prob087_gates_ref.sv,fd05947bb790cc30fbc348bd272053377e718611affdd86892a1922edec454f2,measured,,23,88,1,9,21,47.5714,44.0000,71.0000,78,0.5406,21,8.0952,8.0000,10,1,0,21,21,0,0,0
VerilogEval,benchmark,https://github.com/NVlabs/verilog-eval,c498220d0a52248f8e3fdffe279075215bde2da6,dataset_spec-to-rtl/Prob088_ece241_2014_q5b_ref.sv,bb9b731de5e52fabceb4649ec9e7808cba9decd96453c027261bf6bd2eb65aaa,measured,,25,95,1,5,13,42.7692,38.0000,67.0000,79,0.4502,13,11.0000,11.0000,18,1,0,13,13,0,0,0
VerilogEval,benchmark,https://github.com/NVlabs/verilog-eval,c498220d0a52248f8e3fdffe279075215bde2da6,dataset_spec-to-rtl/Prob089_ece241_2014_q5a_ref.sv,20bb4160d4b8b0df960e93ff9b92e91ece068747b4c5e291923ecf904b7dd140,measured,,26,104,1,5,13,46.9231,42.0000,73.0000,82,0.4512,13,12.2308,11.0000,18,1,0,13,13,0,0,0
VerilogEval,benchmark,https://github.com/NVlabs/verilog-eval,c498220d0a52248f8e3fdffe279075215bde2da6,dataset_spec-to-rtl/Prob090_circuit1_ref.sv,9ed56f8134868536916665f10e183bdb3d931f3d05c3e68607b48c40ef6e020e,measured,,11,21,1,3,3,9.0000,11.0000,11.8000,12,0.4286,3,7.6667,8.0000,8,1,0,3,3,0,0,0
VerilogEval,benchmark,https://github.com/NVlabs/verilog-eval,c498220d0a52248f8e3fdffe279075215bde2da6,dataset_spec-to-rtl/Prob091_2012_q2b_ref.sv,e860212c593a717f8517c2141034dace45baa3bd0c3f0d7e553b54f7200bcb7f,measured,,13,60,1,4,9,25.7778,26.0000,41.8000,45,0.4296,9,9.3333,9.0000,12,1,0,9,9,0,0,0
VerilogEval,benchmark,https://github.com/NVlabs/verilog-eval,c498220d0a52248f8e3fdffe279075215bde2da6,dataset_spec-to-rtl/Prob092_gatesv100_ref.sv,36690beaaf8abb586c82b92a044ede887859ed2d69cbf48ed7b4e889cc8c32b3,measured,,16,106,1,4,10,56.2000,55.5000,83.5000,88,0.5302,10,8.7000,9.0000,10,1,0,10,10,0,0,0
VerilogEval,benchmark,https://github.com/NVlabs/verilog-eval,c498220d0a52248f8e3fdffe279075215bde2da6,dataset_spec-to-rtl/Prob093_ece241_2014_q3_ref.sv,338ff59874541b90c096c9c935cd91a0c98e5b9af4dcbf0d4a76b074b89ffae3,measured,,14,56,1,3,9,26.5556,22.0000,46.2000,47,0.4742,9,7.5556,8.0000,8,1,0,9,9,0,0,0
VerilogEval,benchmark,https://github.com/NVlabs/verilog-eval,c498220d0a52248f8e3fdffe279075215bde2da6,dataset_spec-to-rtl/Prob094_gatesv_ref.sv,5a9bf7d169021df9c52559b115ec3aa89d26f68c3beefa85ed8f0b7a2b01cb0f,measured,,18,120,1,4,12,58.4167,60.5000,82.9000,85,0.4868,12,7.7500,8.0000,9,1,0,12,12,0,0,0
VerilogEval,benchmark,https://github.com/NVlabs/verilog-eval,c498220d0a52248f8e3fdffe279075215bde2da6,dataset_spec-to-rtl/Prob095_review2015_fsmshift_ref.sv,a0926e66cc422a056dcaa0e090a7d43be84aaed96e119e4ba762a78a0c87f84a,measured,,29,123,1,5,16,51.5625,57.0000,82.5000,92,0.4192,16,8.8125,9.0000,10,1,0,16,16,0,0,0
VerilogEval,benchmark,https://github.com/NVlabs/verilog-eval,c498220d0a52248f8e3fdffe279075215bde2da6,dataset_spec-to-rtl/Prob096_review2015_fsmseq_ref.sv,0fb569e05f0af10285612204baabc9997637a47106bee5de8c4afc7e4fb4bfbd,measured,,30,128,1,6,17,59.4706,67.0000,101.4000,108,0.4646,17,9.7647,9.0000,14,1,0,17,17,0,0,0
VerilogEval,benchmark,https://github.com/NVlabs/verilog-eval,c498220d0a52248f8e3fdffe279075215bde2da6,dataset_spec-to-rtl/Prob097_mux9to1v_ref.sv,a10b25340da2e2672812f18e364dfc1a2d5cfb07630081de665cd2895664f55f,measured,,32,182,1,11,20,72.3000,81.0000,104.0000,104,0.3973,20,11.7500,12.0000,12,1,0,20,20,0,0,0
VerilogEval,benchmark,https://github.com/NVlabs/verilog-eval,c498220d0a52248f8e3fdffe279075215bde2da6,dataset_spec-to-rtl/Prob098_circuit7_ref.sv,cb38f9b572a019c4e5925cf2065d2dd6173dde23c7b8101ebf48ddcaca421ef9,measured,,12,26,1,3,3,13.0000,14.0000,15.6000,16,0.5000,3,9.6667,10.0000,10,1,0,3,3,0,0,0
VerilogEval,benchmark,https://github.com/NVlabs/verilog-eval,c498220d0a52248f8e3fdffe279075215bde2da6,dataset_spec-to-rtl/Prob099_m2014_q6c_ref.sv,ae1b704ee3babb1883baedc5632cfaaa2d696f27513435985abc534394e9d233,measured,,13,60,1,4,9,26.4444,27.0000,42.6000,45,0.4407,9,9.3333,9.0000,12,1,0,9,9,0,0,0
VerilogEval,benchmark,https://github.com/NVlabs/verilog-eval,c498220d0a52248f8e3fdffe279075215bde2da6,dataset_spec-to-rtl/Prob100_fsm3comb_ref.sv,d4a2719711748110fc288874c24d0c73a42a3edbc687e0a8aae8c6b7e1665c1e,measured,,23,102,1,4,11,57.5455,60.0000,80.0000,84,0.5642,11,11.2727,11.0000,14,1,0,11,11,0,0,0
VerilogEval,benchmark,https://github.com/NVlabs/verilog-eval,c498220d0a52248f8e3fdffe279075215bde2da6,dataset_spec-to-rtl/Prob101_circuit4_ref.sv,bceb52d9d227b2e42ea82749a7c732373a611021a2bd28c1996210b4ceac777c,measured,,13,27,1,3,3,11.0000,12.0000,16.0000,17,0.4074,3,7.6667,8.0000,8,1,0,3,3,0,0,0
VerilogEval,benchmark,https://github.com/NVlabs/verilog-eval,c498220d0a52248f8e3fdffe279075215bde2da6,dataset_spec-to-rtl/Prob102_circuit3_ref.sv,d8104a89e278f4a7c4f3dc58401bcf8f1d30a24c3d09d26b43685044f43c6130,measured,,13,35,1,5,5,15.6000,18.0000,19.0000,19,0.4457,5,9.4000,10.0000,10,1,0,5,5,0,0,0
VerilogEval,benchmark,https://github.com/NVlabs/verilog-eval,c498220d0a52248f8e3fdffe279075215bde2da6,dataset_spec-to-rtl/Prob103_circuit2_ref.sv,511b67fcdbfc3bde1cbe45b99b618c33dbd439e7108ae601f8ab0de58b2bcce1,measured,,13,32,1,5,5,14.8000,17.0000,18.6000,19,0.4625,5,9.0000,9.0000,11,1,0,5,5,0,0,0
VerilogEval,benchmark,https://github.com/NVlabs/verilog-eval,c498220d0a52248f8e3fdffe279075215bde2da6,dataset_spec-to-rtl/Prob104_mt2015_muxdff_ref.sv,257c3835380c39315cefe2325abc26ac916c4a47423ce2eacb32569add966f1c,measured,,15,40,1,5,6,19.6667,23.5000,26.5000,27,0.4917,6,9.8333,10.0000,12,1,0,6,6,0,0,0
VerilogEval,benchmark,https://github.com/NVlabs/verilog-eval,c498220d0a52248f8e3fdffe279075215bde2da6,dataset_spec-to-rtl/Prob105_rotate100_ref.sv,20e49d5acbe2ec4a90074e17e9aabd0305bd4e32922df8f712c898a3e842a1b8,measured,,20,102,1,5,12,39.4167,36.0000,61.3000,63,0.3864,12,13.4167,14.0000,16,1,0,12,12,0,0,0
VerilogEval,benchmark,https://github.com/NVlabs/verilog-eval,c498220d0a52248f8e3fdffe279075215bde2da6,dataset_spec-to-rtl/Prob106_always_nolatches_ref.sv,c224ca40684f97dd739096b361e1d85155a07ae5faf9548c12575d6f0f347ad6,measured,,21,85,1,5,9,33.6667,39.0000,49.8000,53,0.3961,9,11.2222,11.0000,12,1,0,9,9,0,0,0
VerilogEval,benchmark,https://github.com/NVlabs/verilog-eval,c498220d0a52248f8e3fdffe279075215bde2da6,dataset_spec-to-rtl/Prob107_fsm1s_ref.sv,1d8b86049ccf6097e33d0b8f9aefb0c387e8e6eb5405c00e380ab10ece0fab0d,measured,,28,90,1,6,12,41.7500,46.0000,58.9000,68,0.4639,12,9.6667,9.5000,14,1,0,12,12,0,0,0
VerilogEval,benchmark,https://github.com/NVlabs/verilog-eval,c498220d0a52248f8e3fdffe279075215bde2da6,dataset_spec-to-rtl/Prob108_rule90_ref.sv,65419cbb139b74225b3d35c2c5c054034d082de3f5f9c00b7bb79d0b48d845db,measured,,18,79,1,4,9,26.3333,26.0000,35.8000,39,0.3333,9,14.6667,13.0000,24,1,0,9,9,0,0,0
VerilogEval,benchmark,https://github.com/NVlabs/verilog-eval,c498220d0a52248f8e3fdffe279075215bde2da6,dataset_spec-to-rtl/Prob109_fsm1_ref.sv,ce88cef46ddad703f97411a5528fc3515a7fd6a008b06b485dda6cb4cd9f59b5,measured,,28,93,1,6,13,44.2308,51.0000,61.0000,71,0.4756,13,9.8462,10.0000,14,1,0,13,13,0,0,0
VerilogEval,benchmark,https://github.com/NVlabs/verilog-eval,c498220d0a52248f8e3fdffe279075215bde2da6,dataset_spec-to-rtl/Prob110_fsm2_ref.sv,6971540f20cfd7d212f76470f91469ccc24dae102e62a387b8aabef10a98b9b4,measured,,29,96,1,7,13,44.6923,51.0000,61.8000,71,0.4655,13,9.8462,10.0000,14,1,0,13,13,0,0,0
VerilogEval,benchmark,https://github.com/NVlabs/verilog-eval,c498220d0a52248f8e3fdffe279075215bde2da6,dataset_spec-to-rtl/Prob111_fsm2s_ref.sv,780259ce81e0cdd77a9222c7a0fd43775643e1a2d0a98b37185cadff0bf446ae,measured,,29,93,1,7,12,42.2500,46.0000,61.6000,68,0.4543,12,9.6667,9.5000,14,1,0,12,12,0,0,0
VerilogEval,benchmark,https://github.com/NVlabs/verilog-eval,c498220d0a52248f8e3fdffe279075215bde2da6,dataset_spec-to-rtl/Prob112_always_case2_ref.sv,1381f5ab0ed243628965c0d2c89bd792f0455a6c9a8e3b113fa380e2590e94ec,measured,,30,202,1,2,18,92.6111,92.0000,160.0000,175,0.4585,18,11.8333,12.0000,12,1,0,18,18,0,0,0
VerilogEval,benchmark,https://github.com/NVlabs/verilog-eval,c498220d0a52248f8e3fdffe279075215bde2da6,dataset_spec-to-rtl/Prob113_2012_q1g_ref.sv,239672bcaa22524d777b1fa180695033550e19a10990aaeb47319673cc318892,measured,,29,153,1,2,17,69.3529,69.0000,120.2000,133,0.4533,17,10.8235,11.0000,11,1,0,17,17,0,0,0
VerilogEval,benchmark,https://github.com/NVlabs/verilog-eval,c498220d0a52248f8e3fdffe279075215bde2da6,dataset_spec-to-rtl/Prob114_bugs_case_ref.sv,97aaf43498481511ccc8ca815b33703d0e9a41a732cd36af420cd26083b4db4e,measured,,31,132,1,3,14,57.9286,57.0000,98.6000,103,0.4389,14,11.5000,12.0000,12,1,0,14,14,0,0,0
VerilogEval,benchmark,https://github.com/NVlabs/verilog-eval,c498220d0a52248f8e3fdffe279075215bde2da6,dataset_spec-to-rtl/Prob115_shift18_ref.sv,e477ab1ff3a1f29bea20089690d7944606c863bb3347e373a31b96feb421aa64,measured,,24,156,1,6,17,58.1765,50.0000,97.8000,112,0.3729,17,14.1765,15.0000,18,1,0,17,17,0,0,0
VerilogEval,benchmark,https://github.com/NVlabs/verilog-eval,c498220d0a52248f8e3fdffe279075215bde2da6,dataset_spec-to-rtl/Prob116_m2014_q3_ref.sv,71fc30b8d528205b1d97db9c6c0eeec7f936dbda016ab7a4a0e28ad80533988d,measured,,29,167,1,2,17,76.1765,77.0000,131.0000,145,0.4561,17,10.8235,11.0000,11,1,0,17,17,0,0,0
VerilogEval,benchmark,https://github.com/NVlabs/verilog-eval,c498220d0a52248f8e3fdffe279075215bde2da6,dataset_spec-to-rtl/Prob117_circuit9_ref.sv,4cac8fde1519b37da67a5761b3be4b8a3036ec0c0a5f3af8ff9b467c3fb0d79f,measured,,17,54,1,3,7,22.2857,20.0000,29.8000,31,0.4127,7,11.7143,12.0000,14,1,0,7,7,0,0,0
VerilogEval,benchmark,https://github.com/NVlabs/verilog-eval,c498220d0a52248f8e3fdffe279075215bde2da6,dataset_spec-to-rtl/Prob118_history_shift_ref.sv,d12c500ae7ce613237d33f611f5339c9673c2f4ad0b61b3de4d2677efec05c00,measured,,25,87,1,8,12,45.8333,41.5000,64.3000,69,0.5268,12,13.2500,13.5000,16,1,0,12,12,0,0,0
VerilogEval,benchmark,https://github.com/NVlabs/verilog-eval,c498220d0a52248f8e3fdffe279075215bde2da6,dataset_spec-to-rtl/Prob119_fsm3_ref.sv,d5bb13b70966b6608ec015e2db06e0e346d39954cc6566bf03497d89128e7c6d,measured,,30,131,1,6,17,63.9412,72.0000,97.8000,109,0.4881,17,10.2353,10.0000,14,1,0,17,17,0,0,0
VerilogEval,benchmark,https://github.com/NVlabs/verilog-eval,c498220d0a52248f8e3fdffe279075215bde2da6,dataset_spec-to-rtl/Prob120_fsm3s_ref.sv,298b3f24aedd73776017b86b1a50f48d8a45fe314eda28204a31ae30a46462dc,measured,,30,128,1,6,16,60.9375,68.5000,96.5000,106,0.4761,16,10.1250,9.5000,14,1,0,16,16,0,0,0
VerilogEval,benchmark,https://github.com/NVlabs/verilog-eval,c498220d0a52248f8e3fdffe279075215bde2da6,dataset_spec-to-rtl/Prob121_2014_q3bfsm_ref.sv,b990b318e05e2ecb38de41b928533ec10ac3b2648b7ddd4149f97bbc69b4c63b,measured,,31,149,1,6,20,63.7500,65.0000,100.0000,120,0.4279,20,10.1500,9.0000,14,1,0,20,20,0,0,0
VerilogEval,benchmark,https://github.com/NVlabs/verilog-eval,c498220d0a52248f8e3fdffe279075215bde2da6,dataset_spec-to-rtl/Prob122_kmap4_ref.sv,4094b301b666c925eb833a38df14836c24f6e90f56d1903a4c3db1e4a6c6d01e,measured,,32,169,1,5,20,72.7000,69.0000,129.8000,145,0.4302,20,11.6000,12.0000,12,1,0,20,20,0,0,0
VerilogEval,benchmark,https://github.com/NVlabs/verilog-eval,c498220d0a52248f8e3fdffe279075215bde2da6,dataset_spec-to-rtl/Prob123_bugs_addsubz_ref.sv,7669a9ce6ae5f5ab094ac215fd29f6891733813ad143488ea3daa22c7477a649,measured,,19,73,1,5,9,34.3333,37.0000,41.2000,46,0.4703,9,11.8889,12.0000,13,1,0,9,9,0,0,0
VerilogEval,benchmark,https://github.com/NVlabs/verilog-eval,c498220d0a52248f8e3fdffe279075215bde2da6,dataset_spec-to-rtl/Prob124_rule110_ref.sv,c95a474c70bb071b1b8adc0c23a86822928a2c7cb20fde28b8e48cd6a19aad81,measured,,22,189,1,4,23,71.7826,70.0000,132.2000,147,0.3798,23,21.7826,21.0000,30,1,0,23,23,0,0,0
VerilogEval,benchmark,https://github.com/NVlabs/verilog-eval,c498220d0a52248f8e3fdffe279075215bde2da6,dataset_spec-to-rtl/Prob125_kmap3_ref.sv,6107e4bf0de50f7d2f3856331c2df2cbf0b84baf776e0213774b0c7caacd340c,measured,,32,175,1,5,20,74.6000,71.0000,134.0000,151,0.4263,20,11.6000,12.0000,12,1,0,20,20,0,0,0
VerilogEval,benchmark,https://github.com/NVlabs/verilog-eval,c498220d0a52248f8e3fdffe279075215bde2da6,dataset_spec-to-rtl/Prob126_circuit6_ref.sv,d169f6f498141715387a5c30198f9167a62785b7cea08af043bfe587951134e9,measured,,20,80,1,2,9,33.2222,32.0000,51.2000,56,0.4153,9,10.6667,11.0000,11,1,0,9,9,0,0,0
VerilogEval,benchmark,https://github.com/NVlabs/verilog-eval,c498220d0a52248f8e3fdffe279075215bde2da6,dataset_spec-to-rtl/Prob127_lemmings1_ref.sv,92c8b0e80f637209925cea25d328f114857342e50f04494e2b01177cfb91181d,measured,,31,108,1,8,15,50.3333,52.0000,72.4000,80,0.4660,15,9.4667,9.0000,14,1,0,15,15,0,0,0
VerilogEval,benchmark,https://github.com/NVlabs/verilog-eval,c498220d0a52248f8e3fdffe279075215bde2da6,dataset_spec-to-rtl/Prob128_fsm_ps2_ref.sv,88fd53ff936047b70a0407ec1c4eb55d74d05a80ef4fa45997a288daae8d4d6d,measured,,32,133,1,7,15,56.0667,45.0000,99.6000,106,0.4216,15,9.2000,9.0000,12,1,0,15,15,0,0,0
VerilogEval,benchmark,https://github.com/NVlabs/verilog-eval,c498220d0a52248f8e3fdffe279075215bde2da6,dataset_spec-to-rtl/Prob129_ece241_2013_q8_ref.sv,ec3cb4240ae0cccc86355da25ec423cb4375ff93764e24a9cc8f7112c6199a20,measured,,37,140,1,6,20,63.2500,58.0000,113.6000,119,0.4518,20,10.2000,11.0000,14,1,0,20,20,0,0,0
VerilogEval,benchmark,https://github.com/NVlabs/verilog-eval,c498220d0a52248f8e3fdffe279075215bde2da6,dataset_spec-to-rtl/Prob130_circuit5_ref.sv,ff30762866bbad676b81e88155ccfa397eb716030369dbb7e9f330a1e6e24867,measured,,21,96,1,6,10,36.5000,33.5000,52.8000,69,0.3802,10,10.7000,11.0000,11,1,0,10,10,0,0,0
VerilogEval,benchmark,https://github.com/NVlabs/verilog-eval,c498220d0a52248f8e3fdffe279075215bde2da6,dataset_spec-to-rtl/Prob131_mt2015_q4_ref.sv,66766f4d76de82a4304bb779e84e53a7410f1f9389abe32e4758a5200bccf2bd,measured,,11,22,1,3,3,9.3333,12.0000,12.0000,12,0.4242,3,8.0000,8.0000,9,1,0,3,3,0,0,0
VerilogEval,benchmark,https://github.com/NVlabs/verilog-eval,c498220d0a52248f8e3fdffe279075215bde2da6,dataset_spec-to-rtl/Prob132_always_if2_ref.sv,5d7b5e97e5f038c0c13d3f06634095f23b50b946223ee7ec398483e0a74dc36e,measured,,25,66,1,5,7,32.8571,34.0000,40.4000,41,0.4978,7,11.5714,12.0000,12,1,0,7,7,0,0,0
VerilogEval,benchmark,https://github.com/NVlabs/verilog-eval,c498220d0a52248f8e3fdffe279075215bde2da6,dataset_spec-to-rtl/Prob133_2014_q3fsm_ref.sv,3c52c08d38debcd7e09092f2e7cf82e0497e058a9584ece479d1c3a4957afef1,measured,,35,184,1,7,24,79.5000,82.5000,132.2000,158,0.4321,24,10.3750,9.0000,14,1,0,24,24,0,0,0
VerilogEval,benchmark,https://github.com/NVlabs/verilog-eval,c498220d0a52248f8e3fdffe279075215bde2da6,dataset_spec-to-rtl/Prob134_2014_q3c_ref.sv,e8f7dd4d8b139ada2d4bd2a1881772e7a76815539909f4f5e8e279c0e4b011a1,measured,,36,190,1,4,20,86.3000,86.0000,144.8000,158,0.4542,20,10.6500,11.0000,11,1,0,20,20,0,0,0
VerilogEval,benchmark,https://github.com/NVlabs/verilog-eval,c498220d0a52248f8e3fdffe279075215bde2da6,dataset_spec-to-rtl/Prob135_m2014_q6b_ref.sv,1982076dae0458a47cf365dee5d2a052fe2a2368de3799a4a0bb9dbdb4d6d9ee,measured,,27,160,1,3,15,68.5333,67.0000,123.0000,135,0.4283,15,10.7333,11.0000,11,1,0,15,15,0,0,0
VerilogEval,benchmark,https://github.com/NVlabs/verilog-eval,c498220d0a52248f8e3fdffe279075215bde2da6,dataset_spec-to-rtl/Prob136_m2014_q6_ref.sv,0ff92e703252cea2b8e21cadb9abd43ac5705285093588482ed484195432bd05,measured,,33,158,1,6,22,68.3182,69.5000,109.5000,132,0.4324,22,10.0909,9.0000,14,1,0,22,22,0,0,0
VerilogEval,benchmark,https://github.com/NVlabs/verilog-eval,c498220d0a52248f8e3fdffe279075215bde2da6,dataset_spec-to-rtl/Prob137_fsm_serial_ref.sv,5344c780c84e0360c6a5d86963b22ce411db7dbdb14058cc949fe0bdc76ffd4b,measured,,38,208,1,6,24,89.6250,81.0000,171.8000,186,0.4309,24,9.7500,9.0000,14,1,0,24,24,0,0,0
VerilogEval,benchmark,https://github.com/NVlabs/verilog-eval,c498220d0a52248f8e3fdffe279075215bde2da6,dataset_spec-to-rtl/Prob138_2012_q2fsm_ref.sv,d4fc98953061961badc2b9fae62831f301f986b6ba1a963ece1c183ad4cd7808,measured,,31,160,1,6,22,68.4091,69.5000,109.7000,132,0.4276,22,10.0909,9.0000,14,1,0,22,22,0,0,0
VerilogEval,benchmark,https://github.com/NVlabs/verilog-eval,c498220d0a52248f8e3fdffe279075215bde2da6,dataset_spec-to-rtl/Prob139_2013_q2bfsm_ref.sv,402d30bac3c3565f2b88cf78d76f8a80f0469df5594ffd2e8fac39f4008e0806,measured,,38,210,1,8,27,88.1111,94.0000,139.4000,170,0.4196,27,9.7778,9.0000,14,1,0,27,27,0,0,0
VerilogEval,benchmark,https://github.com/NVlabs/verilog-eval,c498220d0a52248f8e3fdffe279075215bde2da6,dataset_spec-to-rtl/Prob140_fsm_hdlc_ref.sv,3479ed45a237f4997354f47f7ac7fabd149346dcea6da5be7e6bfb9fd0c3453c,measured,,37,227,1,7,31,103.2903,104.0000,174.0000,212,0.4550,31,10.8387,10.0000,15,1,0,31,31,0,0,0
VerilogEval,benchmark,https://github.com/NVlabs/verilog-eval,c498220d0a52248f8e3fdffe279075215bde2da6,dataset_spec-to-rtl/Prob141_count_clock_ref.sv,f5a25764de883c636b06856ea7e6a4628c1c5b69b004025da10e3ae205adcac4,measured,,47,522,1,8,58,253.9483,240.0000,442.3000,504,0.4865,58,13.5690,14.0000,17,1,0,58,58,0,0,0
VerilogEval,benchmark,https://github.com/NVlabs/verilog-eval,c498220d0a52248f8e3fdffe279075215bde2da6,dataset_spec-to-rtl/Prob142_lemmings2_ref.sv,d12d0d89d1ca10c260297a0b5e01e619272eb817d3aa18da9528008d9a34db70,measured,,36,179,1,10,24,85.8750,88.0000,126.7000,139,0.4797,24,10.1250,9.0000,16,1,0,24,24,0,0,0
VerilogEval,benchmark,https://github.com/NVlabs/verilog-eval,c498220d0a52248f8e3fdffe279075215bde2da6,dataset_spec-to-rtl/Prob143_fsm_onehot_ref.sv,713dafd41effad29c326f7e3592115be3394a9de809f5849cbe349add87219f1,measured,,25,228,1,5,42,114.5476,118.5000,192.7000,216,0.5024,42,8.4048,8.0000,13,1,0,42,42,0,0,0
VerilogEval,benchmark,https://github.com/NVlabs/verilog-eval,c498220d0a52248f8e3fdffe279075215bde2da6,dataset_spec-to-rtl/Prob144_conwaylife_ref.sv,ae55a613d8532489d5643a6b72f462da5dda4b6d10838de2f3c09dfc7a8c1820,measured,,37,385,1,9,58,114.5690,91.5000,272.7000,370,0.2976,58,14.8103,12.0000,29,1,0,58,58,0,0,0
VerilogEval,benchmark,https://github.com/NVlabs/verilog-eval,c498220d0a52248f8e3fdffe279075215bde2da6,dataset_spec-to-rtl/Prob145_circuit8_ref.sv,fe08ece4bcb44739f21976e1371936460bdad7b5e97583a01e605460895ce392,measured,,17,42,1,4,6,22.5000,22.5000,31.5000,32,0.5357,6,9.6667,10.0000,10,1,0,6,6,0,0,0
VerilogEval,benchmark,https://github.com/NVlabs/verilog-eval,c498220d0a52248f8e3fdffe279075215bde2da6,dataset_spec-to-rtl/Prob146_fsm_serialdata_ref.sv,530a38bea8b90455f64bf9cf022b417e02dbdbe7ef2a5bfa61a7c3c38f52f208,measured,,46,261,1,8,31,120.2581,125.0000,215.0000,227,0.4608,31,9.5161,9.0000,14,1,0,31,31,0,0,0
VerilogEval,benchmark,https://github.com/NVlabs/verilog-eval,c498220d0a52248f8e3fdffe279075215bde2da6,dataset_spec-to-rtl/Prob147_circuit10_ref.sv,2dcf39be47b8847f2e6a831112633d3a917efd2ba45268488155a0d27dc8c9b7,measured,,18,57,1,6,14,26.4286,27.5000,36.7000,38,0.4637,14,9.0000,9.0000,12,1,0,14,14,0,0,0
VerilogEval,benchmark,https://github.com/NVlabs/verilog-eval,c498220d0a52248f8e3fdffe279075215bde2da6,dataset_spec-to-rtl/Prob148_2013_q2afsm_ref.sv,8d9517c9f3e10906de5849675419e92605b04ead1a1b74b0df6a7785ff5197d6,measured,,35,213,1,6,28,90.4643,84.0000,155.2000,178,0.4247,28,10.8929,10.0000,17,1,0,28,28,0,0,0
VerilogEval,benchmark,https://github.com/NVlabs/verilog-eval,c498220d0a52248f8e3fdffe279075215bde2da6,dataset_spec-to-rtl/Prob149_ece241_2013_q4_ref.sv,e31ed6b179de4a33384b70182dc83a894ba4db0da08ab72945f3dd6f60788e06,measured,,46,306,1,10,36,100.7500,90.5000,198.5000,213,0.3292,36,10.8611,10.0000,17,1,0,36,36,0,0,0
VerilogEval,benchmark,https://github.com/NVlabs/verilog-eval,c498220d0a52248f8e3fdffe279075215bde2da6,dataset_spec-to-rtl/Prob150_review2015_fsmonehot_ref.sv,8c98048c249e46db3a8f2f1ea48633e73b96a61428e5d3b0c57b3f22adcb83d9,measured,,30,200,1,12,29,120.8621,122.0000,157.6000,174,0.6043,29,8.6207,8.0000,12,1,0,29,29,0,0,0
VerilogEval,benchmark,https://github.com/NVlabs/verilog-eval,c498220d0a52248f8e3fdffe279075215bde2da6,dataset_spec-to-rtl/Prob151_review2015_fsm_ref.sv,d3fc9c0014ed8345665a3b2b429e63ffd383ab7e3f9ae9096c122f78f1b2c00d,measured,,56,295,1,10,39,144.9231,148.0000,240.6000,269,0.4913,39,10.6923,10.0000,16,1,0,39,39,0,0,0
VerilogEval,benchmark,https://github.com/NVlabs/verilog-eval,c498220d0a52248f8e3fdffe279075215bde2da6,dataset_spec-to-rtl/Prob152_lemmings3_ref.sv,5c906d944feb771b438f3caa560deb964cc6b1cff178ff6ba7f7d4a3a2ebf6b0,measured,,48,264,1,12,39,122.9744,137.0000,194.4000,218,0.4658,39,10.8205,10.0000,16,1,0,39,39,0,0,0
VerilogEval,benchmark,https://github.com/NVlabs/verilog-eval,c498220d0a52248f8e3fdffe279075215bde2da6,dataset_spec-to-rtl/Prob153_gshare_ref.sv,12d54877b5d0a2e71bc084cbc79c8b68363d2a739b073969f7e2221da6b38a98,measured,,49,299,1,16,43,136.3023,143.0000,223.0000,275,0.4559,43,12.0233,12.0000,20,1,0,43,43,0,0,0
VerilogEval,benchmark,https://github.com/NVlabs/verilog-eval,c498220d0a52248f8e3fdffe279075215bde2da6,dataset_spec-to-rtl/Prob154_fsm_ps2data_ref.sv,366c2db7618fb43718229b1ed4d5e65a948566a7be6945f99a9160bde7a2df6a,measured,,42,177,1,9,22,68.1364,60.5000,144.9000,152,0.3850,22,8.9091,9.0000,12,1,0,22,22,0,0,0
VerilogEval,benchmark,https://github.com/NVlabs/verilog-eval,c498220d0a52248f8e3fdffe279075215bde2da6,dataset_spec-to-rtl/Prob155_lemmings4_ref.sv,a238a1a879b4b4213bedf9bb47a23ece031df6a3d9cb836c5c42769141ae522c,measured,,60,337,1,13,49,157.4490,169.0000,257.2000,291,0.4672,49,10.9796,11.0000,16,1,0,49,49,0,0,0
VerilogEval,benchmark,https://github.com/NVlabs/verilog-eval,c498220d0a52248f8e3fdffe279075215bde2da6,dataset_spec-to-rtl/Prob156_review2015_fancytimer_ref.sv,78880798ded59a844303b26057a9bc891242d41b81fb3bc6b8c17e149af4c604,measured,,78,425,1,13,60,214.3667,229.5000,333.2000,394,0.5044,60,10.3833,10.0000,16,1,0,60,60,0,0,0
RTLLM,benchmark,https://github.com/hkust-zhiyao/RTLLM,51ed553d0ffd32797a1a0a13e051656bf302c81f,Arithmetic/Accumulator/accu/verified_accu.v,67067237d33fa00128ceb7f60c3139cc1daae46d5c4af1d3e0ba140e63846fa2,measured,,76,271,1,11,48,133.1042,134.0000,225.8000,242,0.4912,48,11.7083,12.0000,17,1,0,48,48,0,0,0
RTLLM,benchmark,https://github.com/hkust-zhiyao/RTLLM,51ed553d0ffd32797a1a0a13e051656bf302c81f,Arithmetic/Adder/adder_16bit/verified_adder_16bit.v,3ee85639497d6a85eeec48faea60a5aa47fc6bdeaa48066fb135602f11d92275,measured,,122,666,5,29,66,63.2727,59.0000,96.0000,100,0.0950,66,10.8182,10.0000,15,1,0,66,66,0,0,0
RTLLM,benchmark,https://github.com/hkust-zhiyao/RTLLM,51ed553d0ffd32797a1a0a13e051656bf302c81f,Arithmetic/Adder/adder_32bit/verified_adder_32bit.v,a5529a8fe85748de646ebf34da72cd9fdc5457f706101b3c77fd7f17ef26d57a,measured,,180,1263,5,62,197,195.0964,185.0000,367.6000,403,0.1545,197,7.8731,8.0000,11,1,0,197,197,0,0,0
RTLLM,benchmark,https://github.com/hkust-zhiyao/RTLLM,51ed553d0ffd32797a1a0a13e051656bf302c81f,Arithmetic/Adder/adder_8bit/verified_adder_8bit.v,ec6f653763cb7ccd07afa7223f4b66d5f9c37f307eb4cb1606fdfa556a7f444f,measured,,22,464,2,11,47,194.7872,188.0000,375.8000,401,0.4198,47,9.0213,10.0000,10,1,0,47,47,0,0,0
RTLLM,benchmark,https://github.com/hkust-zhiyao/RTLLM,51ed553d0ffd32797a1a0a13e051656bf302c81f,Arithmetic/Adder/adder_bcd/verified_adder_bcd.v,7bc3695726c0dc21f88fb6752e092dfb781eee82974af1e1f5e371986fd8c779,measured,,22,110,1,8,14,42.1429,43.0000,63.7000,74,0.3831,14,7.0714,7.0000,10,1,0,14,14,0,0,0
RTLLM,benchmark,https://github.com/hkust-zhiyao/RTLLM,51ed553d0ffd32797a1a0a13e051656bf302c81f,Arithmetic/Adder/adder_pipe_64bit/verified_adder_64bit.v,78ddd3f77dac5c273a906698773f19087d4a915c0a003857137188da4c26b8cb,measured,,194,1001,1,44,156,531.0513,487.0000,739.0000,936,0.5305,156,10.6923,11.0000,14,1,0,156,156,0,0,0
RTLLM,benchmark,https://github.com/hkust-zhiyao/RTLLM,51ed553d0ffd32797a1a0a13e051656bf302c81f,Arithmetic/Comparator/comparator_3bit/verified_comparator_3bit.v,7f331b457a27a90ef781081ca3338218acbb8f640890f4a1676f9f8e21307407,measured,,12,81,1,5,9,33.3333,35.0000,53.2000,58,0.4115,9,10.3333,12.0000,12,1,0,9,9,0,0,0
RTLLM,benchmark,https://github.com/hkust-zhiyao/RTLLM,51ed553d0ffd32797a1a0a13e051656bf302c81f,Arithmetic/Comparator/comparator_4bit/verified_comparator_4bit.v,abb2225be214b06f6c295b7ca88eb7893d468f0581cda978422792f5780dcefe,measured,,21,80,1,7,12,33.4167,35.0000,53.5000,60,0.4177,12,7.3333,7.5000,9,1,0,12,12,0,0,0
RTLLM,benchmark,https://github.com/hkust-zhiyao/RTLLM,51ed553d0ffd32797a1a0a13e051656bf302c81f,Arithmetic/Divider/div_16bit/verified_div_16bit.v,89625978c731ef4c91640ee144e5caca17ffdfeca855e3b32168d64cf5ea8837,measured,,37,187,1,9,25,73.9600,73.0000,113.0000,149,0.3955,25,10.2000,10.0000,15,1,0,25,25,0,0,0
RTLLM,benchmark,https://github.com/hkust-zhiyao/RTLLM,51ed553d0ffd32797a1a0a13e051656bf302c81f,Arithmetic/Divider/radix2_div/verified_radix2_div.v,9d2d1bb5901e121303328cc8a9faa23190f3d999192b040d71c97716fd78ca1c,measured,,83,523,1,24,77,185.4416,154.0000,366.4000,489,0.3546,77,11.0649,11.0000,19,1,0,77,77,0,0,0
RTLLM,benchmark,https://github.com/hkust-zhiyao/RTLLM,51ed553d0ffd32797a1a0a13e051656bf302c81f,Arithmetic/Multiplier/multi_16bit/verified_multi_16bit.v,e8f856d7b09ef1cbf301ae699b13954c1638ac8f57a53ffbd7783155e2d54ea9,measured,,56,294,1,12,42,139.7619,148.0000,211.9000,255,0.4754,42,12.5238,11.5000,22,1,0,42,42,0,0,0
RTLLM,benchmark,https://github.com/hkust-zhiyao/RTLLM,51ed553d0ffd32797a1a0a13e051656bf302c81f,Arithmetic/Multiplier/multi_8bit/verified_multi_8bit.v,2dbbc317ac7f55a4be3b4a763df9226969ec98bc05c7162c16b206a3b563321b,measured,,22,111,1,6,15,38.8000,48.0000,65.6000,67,0.3495,15,10.2667,10.0000,15,1,0,15,15,0,0,0
RTLLM,benchmark,https://github.com/hkust-zhiyao/RTLLM,51ed553d0ffd32797a1a0a13e051656bf302c81f,Arithmetic/Multiplier/multi_booth_8bit/verified_booth4_mul.v,ebdfb95c5ac427b8b5e202732491072bddb6f3523f4f55d3ce7e2b9ddf229777,measured,,41,186,1,9,23,79.0870,83.0000,109.6000,116,0.4252,23,12.4348,13.0000,18,1,0,23,23,0,0,0
RTLLM,benchmark,https://github.com/hkust-zhiyao/RTLLM,51ed553d0ffd32797a1a0a13e051656bf302c81f,Arithmetic/Multiplier/multi_pipe_4bit/verified_multi_pipe_4bit.v,0d8037af028cf6186de5f19a962883b1d061e4583cb85ea5aa97d53d6513372d,measured,,53,277,1,10,25,153.4800,152.0000,230.6000,243,0.5541,25,10.5600,11.0000,13,1,0,25,25,0,0,0
RTLLM,benchmark,https://github.com/hkust-zhiyao/RTLLM,51ed553d0ffd32797a1a0a13e051656bf302c81f,Arithmetic/Multiplier/multi_pipe_8bit/verified_multi_pipe_8bit.v,c7b1f309806650b74c998ff3a1c4ae6afd60ebb66f746134aca0bc8ea5928192,measured,,91,622,1,13,81,188.2222,136.0000,520.0000,567,0.3026,81,8.9630,9.0000,13,1,0,81,81,0,0,0
RTLLM,benchmark,https://github.com/hkust-zhiyao/RTLLM,51ed553d0ffd32797a1a0a13e051656bf302c81f,Arithmetic/Other/fixed_point_adder/verified_fixed_point_adder.v,f7f37c20ccf3786d6a9629d5546b7dda16e9daf4f7ebf01e79f90cc51b4f00ee,measured,,51,396,1,4,37,166.2703,156.0000,294.8000,351,0.4199,37,14.7568,16.0000,19,1,0,37,37,0,0,0
RTLLM,benchmark,https://github.com/hkust-zhiyao/RTLLM,51ed553d0ffd32797a1a0a13e051656bf302c81f,Arithmetic/Other/fixed_point_substractor/verified_fixed_point_substractor.v,ec8a083638dbd36009fa8dea9ebcfc6e080c8bd781905576a597edb70857c7ca,measured,,50,396,1,4,37,166.2703,156.0000,294.8000,351,0.4199,37,14.7568,16.0000,19,1,0,37,37,0,0,0
RTLLM,benchmark,https://github.com/hkust-zhiyao/RTLLM,51ed553d0ffd32797a1a0a13e051656bf302c81f,Arithmetic/Other/float_multi/verified_float_multi.v,b22bf486597af9c3fdc3f8913a3fff291482a9387eff57f64644fa0a65e6c6c3,measured,,164,1003,1,19,158,503.2532,552.0000,824.0000,956,0.5017,158,14.0506,13.0000,28,1,0,158,158,0,0,0
RTLLM,benchmark,https://github.com/hkust-zhiyao/RTLLM,51ed553d0ffd32797a1a0a13e051656bf302c81f,Arithmetic/Substractor/sub_64bit/verified_sub_64bit.v,93caba743a1839915ef7a306bfee4a8b48a564753d63c2141196dcecf43daf7c,measured,,17,86,1,4,9,36.3333,36.0000,50.4000,56,0.4225,9,12.5556,13.0000,14,1,0,9,9,0,0,0
RTLLM,benchmark,https://github.com/hkust-zhiyao/RTLLM,51ed553d0ffd32797a1a0a13e051656bf302c81f,Control/Counter/JC_counter/verified_JC_counter.v,063822c3c64f8e0e0cf66dc1e1e06edfd48571e01dc73b728ac2aed225c4b48b,measured,,14,81,1,3,9,31.3333,27.0000,49.4000,55,0.3868,9,12.7778,13.0000,15,1,0,9,9,0,0,0
RTLLM,benchmark,https://github.com/hkust-zhiyao/RTLLM,51ed553d0ffd32797a1a0a13e051656bf302c81f,Control/Counter/counter_12/verified_counter_12.v,e3551f7d82fa522f9e9afe01a2c4ff35bd61143d395f490e17d340cb16a6ae04,measured,,33,86,1,4,11,39.1818,38.0000,60.0000,62,0.4556,11,14.1818,15.0000,18,1,0,11,11,0,0,0
RTLLM,benchmark,https://github.com/hkust-zhiyao/RTLLM,51ed553d0ffd32797a1a0a13e051656bf302c81f,Control/Counter/ring_counter/verified_ring_counter.v,7697be7e93b8d745acfb86073a28a495b9876b6fb25c673fae427238fb5de62a,measured,,23,73,1,4,9,30.8889,28.0000,44.4000,50,0.4231,9,9.5556,11.0000,11,1,0,9,9,0,0,0
RTLLM,benchmark,https://github.com/hkust-zhiyao/RTLLM,51ed553d0ffd32797a1a0a13e051656bf302c81f,Control/Counter/up_down_counter/verified_up_down_counter.v,4af9a3fe6a61aefa2e6ba8df99bf10e2f1432a9c2cf460b8267d2ce14e739445,measured,,30,111,1,4,13,45.9231,41.0000,76.2000,80,0.4137,13,15.7692,17.0000,20,1,0,13,13,0,0,0
RTLLM,benchmark,https://github.com/hkust-zhiyao/RTLLM,51ed553d0ffd32797a1a0a13e051656bf302c81f,Control/Finite State Machine/fsm/verified_fsm.v,ea1e64be378b21e14efa99484ed4763237328cb5def9fd51fee8f93d4d959c2d,measured,,76,261,1,6,31,140.0323,139.0000,216.0000,234,0.5365,31,11.5484,12.0000,13,1,0,31,31,0,0,0
RTLLM,benchmark,https://github.com/hkust-zhiyao/RTLLM,51ed553d0ffd32797a1a0a13e051656bf302c81f,Control/Finite State Machine/sequence_detector/verified_sequence_detector.v,a4cc0144891bfeccffdbc9a3725b04d45d6ef3f4e07f028b750f4209b96cd965,measured,,47,196,1,6,22,88.0000,81.0000,142.0000,166,0.4490,22,12.8636,12.5000,18,1,0,22,22,0,0,0
RTLLM,benchmark,https://github.com/hkust-zhiyao/RTLLM,51ed553d0ffd32797a1a0a13e051656bf302c81f,Memory/FIFO/asyn_fifo/verified_asyn_fifo.v,a209fc65f57bcda0fa930944653f047a8cd530f3bde5f015e4bebb10c58b1a49,measured,,146,711,2,33,87,157.2759,94.0000,402.6000,531,0.2212,87,9.8851,11.0000,15,1,0,87,87,0,0,0
RTLLM,benchmark,https://github.com/hkust-zhiyao/RTLLM,51ed553d0ffd32797a1a0a13e051656bf302c81f,Memory/LIFO/LIFObuffer/verified_LIFObuffer.v,4a5d18d894a4474494e5d06b90d237843b601b05d2cb9acaf532c4f7315bf5a6,measured,,51,271,1,11,43,127.1628,128.0000,193.4000,228,0.4692,43,17.5581,18.0000,22,1,0,43,43,0,0,0
RTLLM,benchmark,https://github.com/hkust-zhiyao/RTLLM,51ed553d0ffd32797a1a0a13e051656bf302c81f,Memory/Shifter/LFSR/verified_LFSR.v,445e1e00eb81aee75b6d7fdd76695c9b2ae73ac9c5105615f75d4b9f2c57af77,measured,,14,79,1,4,10,31.4000,36.5000,45.4000,49,0.3975,10,8.9000,9.0000,11,1,0,10,10,0,0,0
RTLLM,benchmark,https://github.com/hkust-zhiyao/RTLLM,51ed553d0ffd32797a1a0a13e051656bf302c81f,Memory/Shifter/barrel_shifter/verified_barrel_shifter.v,dbfdb5cbbbd3f15709ef5918308c5400839cedf66f3bcb97af48f9b0de986571,measured,,44,1033,2,9,93,483.6344,484.0000,871.6000,958,0.4682,93,7.9355,8.0000,9,1,0,93,93,0,0,0
RTLLM,benchmark,https://github.com/hkust-zhiyao/RTLLM,51ed553d0ffd32797a1a0a13e051656bf302c81f,Memory/Shifter/right_shifter/verified_right_shifter.v,0a3746d0e25ec9ec94cdf9e78bd781f8b3657a2a3b8393985d5d0c5640671364,measured,,14,61,1,3,6,21.5000,19.5000,36.5000,43,0.3525,6,8.0000,8.0000,10,1,0,6,6,0,0,0
RTLLM,benchmark,https://github.com/hkust-zhiyao/RTLLM,51ed553d0ffd32797a1a0a13e051656bf302c81f,Miscellaneous/Frequency divider/freq_div/verified_freq_div.v,01e245de204b7d8b33f04909e7ed05a4e1f0ec2ef3667dadb7283e9058738950,measured,,44,183,1,7,28,86.7500,86.0000,133.6000,140,0.4740,28,10.9286,10.5000,14,1,0,28,28,0,0,0
RTLLM,benchmark,https://github.com/hkust-zhiyao/RTLLM,51ed553d0ffd32797a1a0a13e051656bf302c81f,Miscellaneous/Frequency divider/freq_divbyeven/verified_freq_divbyeven.v,e9665cac8a75ec9871c4bb4a1425f6075b902d6c05d584fad0a37bfbc6e7f473,measured,,26,103,1,4,13,46.2308,42.0000,73.8000,79,0.4488,13,10.6154,11.0000,13,1,0,13,13,0,0,0
RTLLM,benchmark,https://github.com/hkust-zhiyao/RTLLM,51ed553d0ffd32797a1a0a13e051656bf302c81f,Miscellaneous/Frequency divider/freq_divbyfrac/verified_freq_divbyfrac.v,b252ccc57171c1807f30bcd7ddd9064d66c424108f361e2d050cefce6714edcd,measured,,58,216,1,6,29,74.1724,59.0000,149.2000,199,0.3434,29,11.5862,12.0000,15,1,0,29,29,0,0,0
RTLLM,benchmark,https://github.com/hkust-zhiyao/RTLLM,51ed553d0ffd32797a1a0a13e051656bf302c81f,Miscellaneous/Frequency divider/freq_divbyodd/verified_freq_divbyodd.v,8b90949d26263926cce4f9298b7482594e502cf8b103a3028abf1327f8fadaea,measured,,48,220,1,7,33,104.3939,110.0000,167.0000,193,0.4745,33,9.3030,9.0000,11,1,0,33,33,0,0,0
RTLLM,benchmark,https://github.com/hkust-zhiyao/RTLLM,51ed553d0ffd32797a1a0a13e051656bf302c81f,Miscellaneous/Others/calendar/verified_calendar.v,aa9a3069521b019f973c9c8fdc8fe166ef2e1cbc5d03b29f253e88cb6fe3e7a9,measured,,36,207,1,5,34,90.9118,86.0000,154.3000,166,0.4392,34,11.9412,12.5000,16,1,0,34,34,0,0,0
RTLLM,benchmark,https://github.com/hkust-zhiyao/RTLLM,51ed553d0ffd32797a1a0a13e051656bf302c81f,Miscellaneous/Others/edge_detect/verified_edge_detect.v,6b1596f9961cad0c28efb27c21a7ef527d2afbdf4ff00b263ed2e8082a8fbce6,measured,,37,129,1,6,21,64.4762,66.0000,103.0000,115,0.4998,21,13.5714,12.0000,18,1,0,21,21,0,0,0
RTLLM,benchmark,https://github.com/hkust-zhiyao/RTLLM,51ed553d0ffd32797a1a0a13e051656bf302c81f,Miscellaneous/Others/parallel2serial/verified_parallel2serial.v,730ebfdfce685f046173499418944f1d0cf07a8bc99f9f9f85abbbbaebeb1e1e,measured,,38,153,1,8,21,61.9048,64.0000,98.0000,108,0.4046,21,11.5238,13.0000,15,1,0,21,21,0,0,0
RTLLM,benchmark,https://github.com/hkust-zhiyao/RTLLM,51ed553d0ffd32797a1a0a13e051656bf302c81f,Miscellaneous/Others/pulse_detect/verified_pulse_detect.v,6f131f4e47a60986b4dc3c7f9f42f75b82c10ddbc188f9e7b3d2d3ffeb48beda,measured,,76,205,1,6,25,94.4000,85.0000,176.0000,185,0.4605,25,12.3200,12.0000,15,1,0,25,25,0,0,0
RTLLM,benchmark,https://github.com/hkust-zhiyao/RTLLM,51ed553d0ffd32797a1a0a13e051656bf302c81f,Miscellaneous/Others/serial2parallel/verified_serial2parallel.v,a8c4734b6c7551b1a3e15df46a1f1cd6546d18f451fd3ba944445a76e75ac03a,measured,,44,200,1,8,28,94.4643,93.0000,151.3000,165,0.4723,28,12.1429,12.0000,16,1,0,28,28,0,0,0
RTLLM,benchmark,https://github.com/hkust-zhiyao/RTLLM,51ed553d0ffd32797a1a0a13e051656bf302c81f,Miscellaneous/Others/synchronizer/verified_synchronizer.v,384bdb6c873e02763cecbe80647460d6eb86222ce0d0fcdeacf6e405f46dd679,measured,,44,185,1,11,32,79.3438,71.0000,146.3000,153,0.4289,32,10.9688,11.0000,14,1,0,32,32,0,0,0
RTLLM,benchmark,https://github.com/hkust-zhiyao/RTLLM,51ed553d0ffd32797a1a0a13e051656bf302c81f,Miscellaneous/Others/traffic_light/verified_traffic_light.v,f4fe30d2867d48011e1c9d459b318d3cae99ed1959cfb419317d98708a9e89bc,measured,,101,408,1,12,63,204.6032,228.0000,354.8000,375,0.5015,63,12.6349,13.0000,20,1,0,63,63,0,0,0
RTLLM,benchmark,https://github.com/hkust-zhiyao/RTLLM,51ed553d0ffd32797a1a0a13e051656bf302c81f,Miscellaneous/Others/width_8to16/verified_width_8to16.v,2edba8f052b476d73ab83105a06269c1750199a38cd5e418538cfc7cc925685f,measured,,43,186,1,8,32,95.3125,96.5000,149.0000,163,0.5124,32,11.9062,12.0000,14,1,0,32,32,0,0,0
RTLLM,benchmark,https://github.com/hkust-zhiyao/RTLLM,51ed553d0ffd32797a1a0a13e051656bf302c81f,Miscellaneous/RISC-V/RAM/verified_RAM.v,ddaa3c540dadc1c1d2b6982d7b306e805be5e41c01a3b43ce7038c4aba98333e,measured,,36,161,1,10,22,78.1364,91.0000,120.4000,127,0.4853,22,12.1364,11.5000,16,1,0,22,22,0,0,0
RTLLM,benchmark,https://github.com/hkust-zhiyao/RTLLM,51ed553d0ffd32797a1a0a13e051656bf302c81f,Miscellaneous/RISC-V/ROM/verified_ROM.v,374b0ab3509914d23f170f35a9d28ced2446cb9770a16484c3cd2c6c2c39b64a,measured,,21,89,1,3,7,39.8571,36.0000,66.2000,74,0.4478,7,8.4286,7.0000,13,1,0,7,7,0,0,0
RTLLM,benchmark,https://github.com/hkust-zhiyao/RTLLM,51ed553d0ffd32797a1a0a13e051656bf302c81f,Miscellaneous/RISC-V/alu/verified_alu.v,98dca493c6f226b3a9781bd69af8a7dd861d635210358779b6ddb20b1d59c8b3,measured,,111,511,1,9,71,242.4648,236.0000,402.0000,476,0.4745,71,11.8873,12.0000,17,1,0,71,71,0,0,0
RTLLM,benchmark,https://github.com/hkust-zhiyao/RTLLM,51ed553d0ffd32797a1a0a13e051656bf302c81f,Miscellaneous/RISC-V/clkgenerator/verified_clkgenerator.v,62129a458c3648cde000e1eb0ac149d3970b4160664012afbf6f662811e89a92,measured,,16,35,1,1,3,19.6667,23.0000,25.4000,26,0.5619,3,10.0000,10.0000,11,1,0,3,3,0,0,0
RTLLM,benchmark,https://github.com/hkust-zhiyao/RTLLM,51ed553d0ffd32797a1a0a13e051656bf302c81f,Miscellaneous/RISC-V/instr_reg/verified_instr_reg.v,164a6818f62494be71793d1b31e8ecc4670e04dd1bef4a4b8344b2c57553dddc,measured,,34,175,1,9,25,82.0800,84.0000,117.0000,123,0.4690,25,12.0800,13.0000,17,1,0,25,25,0,0,0
RTLLM,benchmark,https://github.com/hkust-zhiyao/RTLLM,51ed553d0ffd32797a1a0a13e051656bf302c81f,Miscellaneous/RISC-V/pe/verified_pe.v,9815e6036337bfbd658c8b767542c3106fb99b02a550b86ccb018eb983e9fe45,measured,,26,80,1,6,10,35.5000,39.0000,52.6000,58,0.4437,10,10.8000,11.0000,15,1,0,10,10,0,0,0
RTLLM,benchmark,https://github.com/hkust-zhiyao/RTLLM,51ed553d0ffd32797a1a0a13e051656bf302c81f,Miscellaneous/Signal generation/signal_generator/verified_signal_generator.v,ef8fb029d6d48f1560e3663dc7170b6638f8b050f6374ea2bd638145a3d5f503,measured,,34,120,1,4,14,53.9286,51.5000,89.1000,95,0.4494,14,14.7143,15.0000,19,1,0,14,14,0,0,0
RTLLM,benchmark,https://github.com/hkust-zhiyao/RTLLM,51ed553d0ffd32797a1a0a13e051656bf302c81f,Miscellaneous/Signal generation/square_wave/verified_square_wave.v,f66679b43669251b4f314f17b1fde4b3989edd0562cc251b41958b3a39bb75ff,measured,,23,75,1,4,10,31.8000,37.5000,43.2000,45,0.4240,10,10.7000,10.5000,13,1,0,10,10,0,0,0
BaseJump STL,production,https://github.com/bespoke-silicon-group/basejump_stl,b48037e28544425839dbd617d45b1a82631bc1a9,bsg_dataflow/bsg_1_to_n_tagged.sv,9db9567d084eacf47c2b548215fedc99a3e9a6b5df00472b097e8ac75394369a,measured,,60,144,2,7,14,68.5000,70.0000,98.5000,113,0.4757,14,10.5714,10.0000,14,1,0,14,14,1,0,0
BaseJump STL,production,https://github.com/bespoke-silicon-group/basejump_stl,b48037e28544425839dbd617d45b1a82631bc1a9,bsg_dataflow/bsg_1_to_n_tagged_fifo.sv,aecf67192432d510ac8629d3a7532ef7a3dd3d44f97bcea892193e9a785abec9,measured,,103,403,2,11,20,166.9500,114.0000,299.0000,300,0.4143,13,12.6923,11.0000,17,1,0,18,13,3,0,0
BaseJump STL,production,https://github.com/bespoke-silicon-group/basejump_stl,b48037e28544425839dbd617d45b1a82631bc1a9,bsg_dataflow/bsg_1_to_n_tagged_fifo_shared.sv,25c868fc9ab92a311148cfc0c63934f6d89554acef94a9dbffd159d72594877c,measured,,252,1036,2,32,83,390.8193,363.0000,763.6000,978,0.3772,67,9.5373,9.0000,15,1,0,85,70,4,0,5
BaseJump STL,production,https://github.com/bespoke-silicon-group/basejump_stl,b48037e28544425839dbd617d45b1a82631bc1a9,bsg_dataflow/bsg_8b10b_decode_comb.sv,77298cdd38090c45ab73b9e18f35f0995d43e4202c2346f56324b166eae12dec,measured,,163,1157,1,80,318,373.2296,278.5000,854.3000,1136,0.3226,318,10.5346,8.0000,27,1,0,318,318,0,0,0
BaseJump STL,production,https://github.com/bespoke-silicon-group/basejump_stl,b48037e28544425839dbd617d45b1a82631bc1a9,bsg_dataflow/bsg_8b10b_encode_comb.sv,34bbb82ae1abea6a881dc0152c16575c4a2196419f8ac19c3d2f7353e72f3947,measured,,104,714,1,56,177,218.0169,142.0000,536.0000,681,0.3053,177,8.4576,8.0000,14,1,0,177,177,0,0,0
BaseJump STL,production,https://github.com/bespoke-silicon-group/basejump_stl,b48037e28544425839dbd617d45b1a82631bc1a9,bsg_dataflow/bsg_8b10b_shift_decoder.sv,98de60a81155ccbf63ec5835aa7fbf8ebbeb994e7689bee4033db64e3d6fbc4b,measured,,114,330,1,16,43,162.8140,170.0000,251.8000,300,0.4934,43,8.2558,8.0000,12,1,0,43,43,0,0,0
BaseJump STL,production,https://github.com/bespoke-silicon-group/basejump_stl,b48037e28544425839dbd617d45b1a82631bc1a9,bsg_dataflow/bsg_channel_narrow.sv,3a4559081427e448ccddd17ec6232db143f3af59351de86c4d456ba8b45983e5,measured,,111,432,2,9,26,264.0000,264.5000,361.0000,385,0.6111,26,10.3077,10.0000,14,1,0,30,26,2,0,0
BaseJump STL,production,https://github.com/bespoke-silicon-group/basejump_stl,b48037e28544425839dbd617d45b1a82631bc1a9,bsg_dataflow/bsg_channel_tunnel.sv,f76d4dbbf6183efc3ad8c41bc84b7d1fda405f79c7c7a56263b2846f12770c0c,measured,,176,447,2,18,24,213.6667,217.5000,326.4000,328,0.4780,14,8.8571,8.0000,10,1,0,14,14,2,0,0
BaseJump STL,production,https://github.com/bespoke-silicon-group/basejump_stl,b48037e28544425839dbd617d45b1a82631bc1a9,bsg_dataflow/bsg_channel_tunnel_in.sv,defe85816d098be9733c7ee2b6cb5b32638e9df1aed8284b882d25d023eb8712,measured,,107,389,2,15,22,170.0455,161.5000,226.2000,298,0.4371,17,9.2353,10.0000,12,1,0,17,17,3,0,0
BaseJump STL,production,https://github.com/bespoke-silicon-group/basejump_stl,b48037e28544425839dbd617d45b1a82631bc1a9,bsg_dataflow/bsg_channel_tunnel_out.sv,0ed421b3bbb647f9323da8fdb8cfa3dbd70d88d618da8771ddc45171b8077569,measured,,124,451,2,16,22,230.8636,225.0000,327.5000,339,0.5119,18,10.6667,10.0000,15,1,0,20,18,3,0,0
BaseJump STL,production,https://github.com/bespoke-silicon-group/basejump_stl,b48037e28544425839dbd617d45b1a82631bc1a9,bsg_dataflow/bsg_channel_tunnel_wormhole.sv,8f6607e1a720bffd65367a61204faa245a253819766269f0911cc122ae55b0de,measured,,644,2253,2,75,215,480.1302,156.0000,1611.8000,2061,0.2131,215,8.0605,8.0000,15,1,0,239,231,8,0,0
BaseJump STL,production,https://github.com/bespoke-silicon-group/basejump_stl,b48037e28544425839dbd617d45b1a82631bc1a9,bsg_dataflow/bsg_compare_and_swap.sv,9e807774f94b5725d5e72932de94a9beb054f5f4602e1b19c82424da9c82d0d1,measured,,49,177,2,6,17,74.8235,70.0000,114.0000,125,0.4227,17,10.1176,10.0000,12,1,0,17,17,1,0,0
BaseJump STL,production,https://github.com/bespoke-silicon-group/basejump_stl,b48037e28544425839dbd617d45b1a82631bc1a9,bsg_dataflow/bsg_credit_to_token.sv,7cc62706582ef16d22f18314f573c48205fdbd35b77a98ed202639fa796b49ab,measured,,56,206,2,10,18,106.5556,111.5000,161.5000,176,0.5173,18,7.8333,8.0000,12,1,0,18,18,2,0,0
BaseJump STL,production,https://github.com/bespoke-silicon-group/basejump_stl,b48037e28544425839dbd617d45b1a82631bc1a9,bsg_dataflow/bsg_fifo_1r1w_large.sv,13f8b55a8d76e96160778608f4b1a3dbc3a0f4e3a7a25560773af597e7a21dc6,measured,,310,807,2,33,84,214.8452,158.0000,491.1000,700,0.2662,84,8.4881,8.0000,12,1,0,85,84,2,0,0
BaseJump STL,production,https://github.com/bespoke-silicon-group/basejump_stl,b48037e28544425839dbd617d45b1a82631bc1a9,bsg_dataflow/bsg_fifo_1r1w_large_banked.sv,39ba59369a9d263327a42d447388f76b1516efaf7a0ad132f4c0a9eb8bacb50a,measured,,153,331,2,12,20,145.9500,134.5000,265.3000,272,0.4409,20,9.9000,10.0000,12,1,0,22,20,2,0,2
BaseJump STL,production,https://github.com/bespoke-silicon-group/basejump_stl,b48037e28544425839dbd617d45b1a82631bc1a9,bsg_dataflow/bsg_fifo_1r1w_multi.sv,c32342d56b74679dd09043f872417485020ed3f7834e43b5b1e7cabf688000f3,measured,,296,1049,2,46,132,182.0455,139.5000,410.8000,706,0.1735,132,9.4848,10.0000,17,1,0,132,132,3,0,0
BaseJump STL,production,https://github.com/bespoke-silicon-group/basejump_stl,b48037e28544425839dbd617d45b1a82631bc1a9,bsg_dataflow/bsg_fifo_1r1w_narrowed.sv,f2b12682b3c5554045867a50e19af8f7baed18da539d920c0c6d87851cc0bee1,measured,,76,228,2,10,14,108.5000,89.5000,153.5000,158,0.4759,14,9.4286,10.0000,10,1,0,14,14,3,0,0
BaseJump STL,production,https://github.com/bespoke-silicon-group/basejump_stl,b48037e28544425839dbd617d45b1a82631bc1a9,bsg_dataflow/bsg_fifo_1r1w_pseudo_large.sv,4f49f94c78fe2c4c670b883f69259c50d65ab60c3fcd67f7ce4c6e1c9762a13a,measured,,268,476,2,21,71,184.2535,183.0000,331.0000,408,0.3871,71,10.0141,10.0000,16,1,0,73,71,2,0,0
BaseJump STL,production,https://github.com/bespoke-silicon-group/basejump_stl,b48037e28544425839dbd617d45b1a82631bc1a9,bsg_dataflow/bsg_fifo_1r1w_small.sv,092a13fec7717ce378c20e51784cf5cea3cc3c30b89f870da550690f862f385c,measured,,67,176,2,8,8,92.2500,94.0000,105.9000,108,0.5241,0,,,,1,0,0,0,2,0,0
BaseJump STL,production,https://github.com/bespoke-silicon-group/basejump_stl,b48037e28544425839dbd617d45b1a82631bc1a9,bsg_dataflow/bsg_fifo_1r1w_small_credit_on_input.sv,bde1997dc9e4f115db542760048e2b0cd0e40b26f719e41a793b34c789bfeb63,measured,,63,164,2,9,13,71.7692,92.0000,98.4000,100,0.4376,13,10.0000,10.0000,11,1,0,13,13,2,0,0
BaseJump STL,production,https://github.com/bespoke-silicon-group/basejump_stl,b48037e28544425839dbd617d45b1a82631bc1a9,bsg_dataflow/bsg_fifo_1r1w_small_hardened.sv,e3a9dfd225de6faa766b1263737b7b9de79ca96401bae478f4c0d187cc7f41ab,measured,,153,473,2,23,61,206.0984,207.0000,357.0000,435,0.4357,54,8.2222,8.0000,13,1,0,54,54,2,0,0
BaseJump STL,production,https://github.com/bespoke-silicon-group/basejump_stl,b48037e28544425839dbd617d45b1a82631bc1a9,bsg_dataflow/bsg_fifo_1r1w_small_hardened_multi.sv,117d7bcaac80ee3a72a61bf7d537a6be89721f58c455b73e731e3fe70622ea99,measured,,264,1129,2,35,101,414.3168,378.0000,843.0000,984,0.3670,93,9.3333,10.0000,18,1,0,93,93,3,0,0
BaseJump STL,production,https://github.com/bespoke-silicon-group/basejump_stl,b48037e28544425839dbd617d45b1a82631bc1a9,bsg_dataflow/bsg_fifo_1r1w_small_unhardened.sv,9b80dd3776fde67cfeaf02c1ed61eae449d33560388e1a475396a4ba75b9c5d1,measured,,115,320,2,16,37,132.8649,139.0000,251.0000,282,0.4152,35,8.6571,8.0000,13,1,0,35,35,2,0,0
BaseJump STL,production,https://github.com/bespoke-silicon-group/basejump_stl,b48037e28544425839dbd617d45b1a82631bc1a9,bsg_dataflow/bsg_fifo_1rw_large.sv,9049dee2b27a585da13ace2929fb2be79ba21152639a4edc37cecfdcc607ed44,measured,,127,450,2,15,65,171.3692,163.0000,349.4000,393,0.3808,63,10.8571,10.0000,17,1,0,63,63,2,0,0
BaseJump STL,production,https://github.com/bespoke-silicon-group/basejump_stl,b48037e28544425839dbd617d45b1a82631bc1a9,bsg_dataflow/bsg_fifo_bypass.sv,ed0ef08adac88e2b2fc3c081a23c63f62874ac4891b6338f9cbd527331731e30,measured,,38,149,2,13,21,60.6667,60.0000,85.0000,104,0.4072,21,8.0952,8.0000,11,1,0,21,21,1,0,0
BaseJump STL,production,https://github.com/bespoke-silicon-group/basejump_stl,b48037e28544425839dbd617d45b1a82631bc1a9,bsg_dataflow/bsg_fifo_reorder.sv,20b176d6b9de8994ae466e5642db1714d8592c404a9bb407650f6f81a39c4c27,measured,,163,542,2,23,71,254.3662,285.0000,428.0000,490,0.4693,71,10.5211,10.0000,20,1,0,71,71,2,0,0
BaseJump STL,production,https://github.com/bespoke-silicon-group/basejump_stl,b48037e28544425839dbd617d45b1a82631bc1a9,bsg_dataflow/bsg_fifo_shift_datapath.sv,5905cbc3b9ad534658fffaf353affff508fc582de98651130a1aad5780ec3ff9,measured,,48,195,2,6,13,78.0769,75.0000,117.2000,140,0.4004,13,9.6154,11.0000,13,1,0,13,13,2,0,0
BaseJump STL,production,https://github.com/bespoke-silicon-group/basejump_stl,b48037e28544425839dbd617d45b1a82631bc1a9,bsg_dataflow/bsg_fifo_tracker.sv,fe0d58ef6c38cbc76f626d0d3093a8789bd2dd54a09afb7c05f9083b649ce6ec,measured,,100,281,2,17,38,135.9737,155.5000,206.9000,214,0.4839,38,8.2895,7.5000,14,1,0,38,38,1,0,0
BaseJump STL,production,https://github.com/bespoke-silicon-group/basejump_stl,b48037e28544425839dbd617d45b1a82631bc1a9,bsg_dataflow/bsg_flatten_2D_array.sv,d7d3b4e8b93149630e571adc3110b8e069d6931c0dd322b5c96daca07e7f6a98,measured,,18,85,2,2,2,38.0000,38.0000,49.2000,52,0.4471,2,9.0000,9.0000,9,1,0,2,2,2,0,0
BaseJump STL,production,https://github.com/bespoke-silicon-group/basejump_stl,b48037e28544425839dbd617d45b1a82631bc1a9,bsg_dataflow/bsg_flow_convert.sv,1e027b84960ac194f35392301faa58e34c503a1758309c3f7389e2a8b62f4fb9,measured,,99,242,1,4,15,102.0000,121.0000,157.4000,171,0.4215,15,11.8667,9.0000,19,1,0,15,15,0,0,0
BaseJump STL,production,https://github.com/bespoke-silicon-group/basejump_stl,b48037e28544425839dbd617d45b1a82631bc1a9,bsg_dataflow/bsg_flow_counter.sv,fda81dab1bfcbb6f42fd675eef782ccdc6e6f3779e4ae36ed8cc4d949f11a0f2,measured,,79,208,2,7,10,87.2000,87.0000,149.3000,152,0.4192,10,11.4000,11.5000,14,1,0,15,10,1,0,0
BaseJump STL,production,https://github.com/bespoke-silicon-group/basejump_stl,b48037e28544425839dbd617d45b1a82631bc1a9,bsg_dataflow/bsg_make_2D_array.sv,a7b5e641548cbff0033bda548240f76e1609c60a4b59386d58f7d82b092b878f,measured,,19,85,2,2,2,38.5000,38.5000,44.5000,46,0.4529,2,9.0000,9.0000,9,1,0,2,2,2,0,0
BaseJump STL,production,https://github.com/bespoke-silicon-group/basejump_stl,b48037e28544425839dbd617d45b1a82631bc1a9,bsg_dataflow/bsg_one_fifo.sv,15e4a282dc2be8841b816173a7cae00edaf0a4c098825aa655e870f1461e0067,measured,,58,138,2,9,15,57.9333,58.0000,100.6000,109,0.4198,10,8.9000,9.5000,12,1,0,10,10,1,0,0
BaseJump STL,production,https://github.com/bespoke-silicon-group/basejump_stl,b48037e28544425839dbd617d45b1a82631bc1a9,bsg_dataflow/bsg_one_fifo_bypass.sv,60081f9231016e8188a6700c3f2ad2ec6f94dc2a899771d6910217194d97bf38,measured,,67,164,2,10,20,65.7000,59.0000,108.7000,130,0.4006,16,8.5625,8.0000,12,1,0,16,16,1,0,0
BaseJump STL,production,https://github.com/bespoke-silicon-group/basejump_stl,b48037e28544425839dbd617d45b1a82631bc1a9,bsg_dataflow/bsg_parallel_in_serial_out.sv,5cc679423dbd8785e0754e64a9bdb6260873448df0cf5ad6fcc0f8fa7a2b7e97,measured,,212,608,2,17,50,252.7600,277.0000,443.5000,534,0.4157,50,9.6600,10.0000,14,1,0,60,50,2,0,0
BaseJump STL,production,https://github.com/bespoke-silicon-group/basejump_stl,b48037e28544425839dbd617d45b1a82631bc1a9,bsg_dataflow/bsg_parallel_in_serial_out_dynamic.sv,e9da2e613bbb4489fb072aeac69b79547711651bffc48652b1a7691d65f0ae61,measured,,116,394,2,19,39,121.5897,104.0000,228.4000,312,0.3086,39,7.7949,8.0000,10,1,0,39,39,2,0,0
BaseJump STL,production,https://github.com/bespoke-silicon-group/basejump_stl,b48037e28544425839dbd617d45b1a82631bc1a9,bsg_dataflow/bsg_parallel_in_serial_out_passthrough.sv,5701db86dd67ee426a8c32ac2c4b8efccd75388a093f05e7221097a1be850504,measured,,115,400,2,12,34,157.7941,110.5000,323.2000,347,0.3945,34,10.1471,10.0000,15,1,0,36,34,2,0,0
BaseJump STL,production,https://github.com/bespoke-silicon-group/basejump_stl,b48037e28544425839dbd617d45b1a82631bc1a9,bsg_dataflow/bsg_permute_box.sv,ced3fecd9009e1c0c9a56b8ceb98d3b370bd42073adcabf0ba69096032d3de99,measured,,23,112,2,3,3,51.0000,54.0000,66.0000,69,0.4554,3,9.0000,8.0000,11,1,0,3,3,2,0,0
BaseJump STL,production,https://github.com/bespoke-silicon-group/basejump_stl,b48037e28544425839dbd617d45b1a82631bc1a9,bsg_dataflow/bsg_pipeline_stall_collapse.sv,d674d9ce3c13e663b2f5589a7df563e978bbee660e1870c87e5feba9ca15faed,measured,,94,365,2,14,31,143.2903,137.0000,262.0000,296,0.3926,31,10.4839,11.0000,19,1,0,31,31,1,0,0
BaseJump STL,production,https://github.com/bespoke-silicon-group/basejump_stl,b48037e28544425839dbd617d45b1a82631bc1a9,bsg_dataflow/bsg_ready_to_credit_flow_converter.sv,12eebfe94af2640acd99d0e86a4c30a18e037cdba085de86496b4e0aa303973a,measured,,62,187,2,9,14,71.0714,51.5000,123.2000,131,0.3801,14,7.7857,8.0000,10,1,0,14,14,2,0,0
BaseJump STL,production,https://github.com/bespoke-silicon-group/basejump_stl,b48037e28544425839dbd617d45b1a82631bc1a9,bsg_dataflow/bsg_relay_fifo.sv,2e02186321ecde15817fc2771f77da2a6b91bf46bac9fa085d47984354527705,measured,,42,124,2,9,11,51.1818,65.0000,68.0000,70,0.4128,11,9.0000,10.0000,10,1,0,11,11,1,0,0
BaseJump STL,production,https://github.com/bespoke-silicon-group/basejump_stl,b48037e28544425839dbd617d45b1a82631bc1a9,bsg_dataflow/bsg_round_robin_1_to_n.sv,e39b11b3c237a4132c2be3640c00b13c1b4be69f91fe89fe03bf8c0d2aaa6daa,measured,,65,155,2,8,16,68.8750,63.5000,111.5000,122,0.4444,16,9.9375,9.5000,13,1,0,16,16,1,0,0
BaseJump STL,production,https://github.com/bespoke-silicon-group/basejump_stl,b48037e28544425839dbd617d45b1a82631bc1a9,bsg_dataflow/bsg_round_robin_2_to_2.sv,d9aba20943d10392fb177f48dba3c88382b985461ba4eb6337302b878f6fe14a,measured,,41,168,2,9,22,68.8182,71.5000,101.5000,108,0.4096,22,9.0455,9.0000,14,1,0,22,22,1,0,0
BaseJump STL,production,https://github.com/bespoke-silicon-group/basejump_stl,b48037e28544425839dbd617d45b1a82631bc1a9,bsg_dataflow/bsg_round_robin_fifo_to_fifo.sv,4c0b8b630f244d87e8af4dec44a551c5fc001ad659a0f67ec6f08ee553f1980c,measured,,461,2238,5,62,134,235.9179,179.0000,531.2000,781,0.1054,134,9.5896,9.0000,17,1,0,136,134,4,0,0
BaseJump STL,production,https://github.com/bespoke-silicon-group/basejump_stl,b48037e28544425839dbd617d45b1a82631bc1a9,bsg_dataflow/bsg_round_robin_n_to_1.sv,a04498565503c174d90bc08a7a710859e9220f08c605c732cff3fae40d6557b6,measured,,138,425,2,11,20,127.5500,103.5000,216.4000,338,0.3001,20,9.8500,9.0000,13,1,0,36,20,3,0,0
BaseJump STL,production,https://github.com/bespoke-silicon-group/basejump_stl,b48037e28544425839dbd617d45b1a82631bc1a9,bsg_dataflow/bsg_sbox.sv,bc5c7967059a2d80a7660afc8a3962c79ce51b72952955765d7f538e6a26e7fa,measured,,196,967,2,32,57,299.6667,263.0000,628.4000,804,0.3099,57,9.2632,9.0000,14,1,0,76,57,2,0,0
BaseJump STL,production,https://github.com/bespoke-silicon-group/basejump_stl,b48037e28544425839dbd617d45b1a82631bc1a9,bsg_dataflow/bsg_scatter_gather.sv,9ffdd7a7c1478dc7ea283bcc5312c017c0bca5f14c97aef42af0498ed7349cf7,measured,,16717,164517,2,5,16464,82155.9196,82152.0000,147984.0000,164445,0.4994,16464,11.9920,12.0000,12,1,0,16464,16464,1,0,0
BaseJump STL,production,https://github.com/bespoke-silicon-group/basejump_stl,b48037e28544425839dbd617d45b1a82631bc1a9,bsg_dataflow/bsg_serial_in_parallel_out.sv,d372aafe3590f8e70be0f42546b85fda5fa611d63847b0e3eb652a4f2a0a91c0,measured,,102,347,2,17,44,130.4091,130.5000,234.1000,253,0.3758,44,8.7955,9.0000,15,1,0,44,44,2,0,0
BaseJump STL,production,https://github.com/bespoke-silicon-group/basejump_stl,b48037e28544425839dbd617d45b1a82631bc1a9,bsg_dataflow/bsg_serial_in_parallel_out_dynamic.sv,d89fa8c8ab5a01b74a6990d63efca099fb0c318f8cc607dae4b8399d52883005,measured,,187,649,2,26,72,182.3056,138.0000,468.2000,563,0.2809,72,8.9167,8.0000,15,1,0,72,72,2,0,0
BaseJump STL,production,https://github.com/bespoke-silicon-group/basejump_stl,b48037e28544425839dbd617d45b1a82631bc1a9,bsg_dataflow/bsg_serial_in_parallel_out_full.sv,1a80c5acc4e0b1b25f482b287e6fa92eea0da9225b43a16b5225796dd96e2607,measured,,145,434,2,12,26,190.6923,192.5000,333.5000,342,0.4394,26,11.5769,12.0000,15,1,0,28,26,2,0,0
BaseJump STL,production,https://github.com/bespoke-silicon-group/basejump_stl,b48037e28544425839dbd617d45b1a82631bc1a9,bsg_dataflow/bsg_serial_in_parallel_out_passthrough.sv,8366587722d278ef41d4fdb2f5703d9fe0a3a382f5682712dfa37b2973d47ad9,measured,,99,341,2,13,27,100.3333,67.0000,224.8000,245,0.2942,25,9.0000,9.0000,13,1,0,27,25,2,0,0
BaseJump STL,production,https://github.com/bespoke-silicon-group/basejump_stl,b48037e28544425839dbd617d45b1a82631bc1a9,bsg_dataflow/bsg_shift_reg.sv,dac603833c9ba296c0081b24a7944a7897ddb694dbea9bfcf6c53d81c114ffa7,measured,,35,137,2,7,11,55.7273,56.0000,86.0000,91,0.4068,11,9.5455,10.0000,13,1,0,11,11,2,0,0
BaseJump STL,production,https://github.com/bespoke-silicon-group/basejump_stl,b48037e28544425839dbd617d45b1a82631bc1a9,bsg_dataflow/bsg_sort_4.sv,2156edd7b0f46f904f12ddf16f2b82f14bdd43aee2563739279d9e632e764946,measured,,75,478,2,7,30,225.1333,239.0000,338.2000,420,0.4710,30,8.0000,9.0000,9,1,0,30,30,1,0,0
BaseJump STL,production,https://github.com/bespoke-silicon-group/basejump_stl,b48037e28544425839dbd617d45b1a82631bc1a9,bsg_dataflow/bsg_sort_stable.sv,98d34954f4022aa551756a1d843000df524f75181c06ee857fd0d61660bd25f8,measured,,75,478,2,7,30,225.1333,239.0000,338.2000,420,0.4710,30,8.0000,9.0000,9,1,0,30,30,1,0,0
BaseJump STL,production,https://github.com/bespoke-silicon-group/basejump_stl,b48037e28544425839dbd617d45b1a82631bc1a9,bsg_dataflow/bsg_two_buncher.sv,f554fe79b3308846caec9dab5db739f7b12f0a195ab83beac6053fb3e1c29593,measured,,110,298,2,12,44,138.9545,142.0000,201.2000,236,0.4663,44,10.0682,9.5000,17,1,0,44,44,1,0,0
BaseJump STL,production,https://github.com/bespoke-silicon-group/basejump_stl,b48037e28544425839dbd617d45b1a82631bc1a9,bsg_dataflow/bsg_two_fifo.sv,fdd69f8798742775b6aa46259812c6c26c8c5d740aa9a46f516c4b07ae486cb5,measured,,147,477,2,14,75,207.3467,191.0000,337.4000,400,0.4347,75,12.5333,12.0000,19,1,0,75,75,1,0,0
BaseJump STL,production,https://github.com/bespoke-silicon-group/basejump_stl,b48037e28544425839dbd617d45b1a82631bc1a9,bsg_misc/bsg_arb_fixed.sv,3de768f8ee5fc148ea6ce62f0f9db32e3f836d1c6603ce112b2dfcd994196024,measured,,30,102,2,4,5,47.6000,43.0000,66.4000,78,0.4667,5,8.2000,8.0000,10,1,0,5,5,2,0,0
BaseJump STL,production,https://github.com/bespoke-silicon-group/basejump_stl,b48037e28544425839dbd617d45b1a82631bc1a9,bsg_misc/bsg_buf.sv,120ecb69357b4872601174451577888f3cdd879358aa7f2c4317cdea31ac5e24,measured,,13,45,2,2,2,10.0000,10.0000,14.8000,16,0.2222,2,7.0000,7.0000,7,1,0,2,2,1,0,0
BaseJump STL,production,https://github.com/bespoke-silicon-group/basejump_stl,b48037e28544425839dbd617d45b1a82631bc1a9,bsg_misc/bsg_clkgate_optional.sv,ccacfd114da3aac40cbf73627b26cda23a2763ebc12a7627181d535b0f440911,measured,,34,68,1,5,7,44.2857,43.0000,55.6000,61,0.6513,7,8.8571,8.0000,11,1,0,7,7,0,0,0
BaseJump STL,production,https://github.com/bespoke-silicon-group/basejump_stl,b48037e28544425839dbd617d45b1a82631bc1a9,bsg_misc/bsg_concentrate_static.sv,7a120142590dba58d788059bbdcf172944a4c3e53648c925d82b447b80ddb5a6,measured,,27,115,2,2,4,42.0000,40.0000,67.1000,74,0.3652,4,9.0000,9.0000,10,1,0,4,4,1,0,0
BaseJump STL,production,https://github.com/bespoke-silicon-group/basejump_stl,b48037e28544425839dbd617d45b1a82631bc1a9,bsg_misc/bsg_counter_clear_up_multi.sv,dc8718604e0ba837845bbc175aa259a890984d2aa1fba78bd31da2c2915cbc69,measured,,66,187,2,6,16,76.6875,74.5000,117.5000,133,0.4101,16,13.6250,14.5000,18,1,0,16,16,2,0,0
BaseJump STL,production,https://github.com/bespoke-silicon-group/basejump_stl,b48037e28544425839dbd617d45b1a82631bc1a9,bsg_misc/bsg_counter_overflow_en.sv,f96445cfebc67144bcb6b6a3532371c73f01af9eb8eb6636c59e5963eab11c1f,measured,,36,99,2,5,10,33.3000,38.0000,46.2000,48,0.3364,10,12.4000,12.0000,17,1,0,10,10,2,0,0
BaseJump STL,production,https://github.com/bespoke-silicon-group/basejump_stl,b48037e28544425839dbd617d45b1a82631bc1a9,bsg_misc/bsg_counter_overflow_set_en.sv,ce0e8f06569f9b0b30c6224a3a308c18b566530ddbf263dc7945032ef25077aa,measured,,34,114,2,6,11,37.9091,41.0000,55.0000,58,0.3325,11,12.2727,11.0000,17,1,0,11,11,1,0,0
BaseJump STL,production,https://github.com/bespoke-silicon-group/basejump_stl,b48037e28544425839dbd617d45b1a82631bc1a9,bsg_misc/bsg_counter_up_down.sv,86096e3f1a33a03906d332cd46def1ac54083cb1ee3919be51414219e437bc41,measured,,71,162,2,5,16,54.6250,51.5000,88.5000,108,0.3372,16,13.1875,14.0000,16,1,0,16,16,3,0,0
BaseJump STL,production,https://github.com/bespoke-silicon-group/basejump_stl,b48037e28544425839dbd617d45b1a82631bc1a9,bsg_misc/bsg_decode.sv,2cbfe961049b7004fe15db3c0aafa4bf0a8748608182c2f12c7dbd5a38f856d1,measured,,26,76,2,2,4,28.5000,25.0000,41.4000,48,0.3750,4,10.5000,10.0000,13,1,0,4,4,1,0,0
BaseJump STL,production,https://github.com/bespoke-silicon-group/basejump_stl,b48037e28544425839dbd617d45b1a82631bc1a9,bsg_misc/bsg_dff_async_reset.sv,b649ecf93b4c22d4245aa5fadd77d3d4b27e9656511167d676dbfe326cb5344c,measured,,28,95,2,5,8,32.8750,38.0000,50.5000,54,0.3461,8,9.0000,9.5000,11,1,0,8,8,1,0,0
BaseJump STL,production,https://github.com/bespoke-silicon-group/basejump_stl,b48037e28544425839dbd617d45b1a82631bc1a9,bsg_misc/bsg_dff_gatestack.sv,3167a2f729f19973e6c00397f0a7deb1e23aacc75df4fc18b58a685fb9f6c2d9,measured,,19,90,2,3,3,42.6667,38.0000,54.0000,58,0.4741,3,11.3333,11.0000,12,1,0,3,3,1,0,0
BaseJump STL,production,https://github.com/bespoke-silicon-group/basejump_stl,b48037e28544425839dbd617d45b1a82631bc1a9,bsg_misc/bsg_dff_reset_set_clear.sv,b548746f08897987e0e59b2feaa1b2b3cce7fc30157b2b3176d4a30c4e39ff36,measured,,39,117,2,6,13,45.3846,51.0000,62.0000,76,0.3879,13,11.4615,11.0000,17,1,0,13,13,1,0,0
BaseJump STL,production,https://github.com/bespoke-silicon-group/basejump_stl,b48037e28544425839dbd617d45b1a82631bc1a9,bsg_misc/bsg_gray_to_binary.sv,317e968ce0205a0910e2bfde7b39afc4ae1820a9106d2b7c571e04695b2fa8d2,measured,,42,66,2,2,2,31.0000,31.0000,32.6000,33,0.4697,2,10.0000,10.0000,10,1,0,2,2,1,0,0
BaseJump STL,production,https://github.com/bespoke-silicon-group/basejump_stl,b48037e28544425839dbd617d45b1a82631bc1a9,bsg_misc/bsg_hash_bank.sv,f7463c2b47af7473908835d90f46d0d7d57aa0255ce0cfcaea7952bc2c52e4cf,measured,,297,700,2,10,32,126.7188,70.0000,254.6000,603,0.1810,32,10.1875,9.5000,20,1,0,44,32,2,0,0
BaseJump STL,production,https://github.com/bespoke-silicon-group/basejump_stl,b48037e28544425839dbd617d45b1a82631bc1a9,bsg_misc/bsg_hashing_ipoly.sv,300788dfcce9bd1b3341243667d39725be4a14d22c89c597beae7aec11c4080e,measured,,97,1185,2,5,208,563.8894,569.0000,996.3000,1104,0.4759,208,16.7788,17.0000,24,1,0,208,208,2,0,0
BaseJump STL,production,https://github.com/bespoke-silicon-group/basejump_stl,b48037e28544425839dbd617d45b1a82631bc1a9,bsg_misc/bsg_id_pool_dealloc_alloc_one_hot.sv,02b9968d8436c36151dc6483f0b8a4fcc75b01ed312a7be21245a512ed2e5bc7,measured,,105,229,2,9,19,110.3158,109.0000,168.4000,175,0.4817,19,10.6316,10.0000,16,1,0,19,19,1,0,0
BaseJump STL,production,https://github.com/bespoke-silicon-group/basejump_stl,b48037e28544425839dbd617d45b1a82631bc1a9,bsg_misc/bsg_idiv_iterative.sv,a5a05b31d7f0b1dc1528603970f291a65b4daf0405134e8b9538b565ac37c0f5,measured,,262,1454,1,39,90,536.4556,400.0000,1159.8000,1387,0.3690,90,9.4667,9.0000,15,1,0,127,90,0,0,0
BaseJump STL,production,https://github.com/bespoke-silicon-group/basejump_stl,b48037e28544425839dbd617d45b1a82631bc1a9,bsg_misc/bsg_inv.sv,5669c3b8ea1944c802bbc453a4690eecaac563b9e3811f4532ab50612505537d,measured,,14,50,2,2,2,10.5000,10.5000,15.7000,17,0.2100,2,7.5000,7.5000,8,1,0,2,2,1,0,0
BaseJump STL,production,https://github.com/bespoke-silicon-group/basejump_stl,b48037e28544425839dbd617d45b1a82631bc1a9,bsg_misc/bsg_less_than.sv,18eccde9680a3df91b4ad7421520186b209254c9e4bf2e9861ba14e56aa325c5,measured,,19,49,2,3,3,12.6667,13.0000,19.4000,21,0.2585,3,8.3333,9.0000,9,1,0,3,3,1,0,0
BaseJump STL,production,https://github.com/bespoke-silicon-group/basejump_stl,b48037e28544425839dbd617d45b1a82631bc1a9,bsg_misc/bsg_locking_arb_fixed.sv,c8960bb8d5f08eb8c1eeda1211473e9f575d38341bce7c4871854ac56f4af414,measured,,42,158,2,7,12,69.0000,56.0000,108.7000,116,0.4367,12,9.5000,10.0000,13,1,0,12,12,1,0,0
BaseJump STL,production,https://github.com/bespoke-silicon-group/basejump_stl,b48037e28544425839dbd617d45b1a82631bc1a9,bsg_misc/bsg_lru_pseudo_tree_backup.sv,8ae324a5e02cb86600f5db87572ea8afb5608c29ece75b324a324c7e94f812fc,measured,,82,250,2,4,8,93.5000,109.0000,161.6000,184,0.3740,8,10.1250,9.0000,14,1,0,8,8,1,0,0
BaseJump STL,production,https://github.com/bespoke-silicon-group/basejump_stl,b48037e28544425839dbd617d45b1a82631bc1a9,bsg_misc/bsg_lru_pseudo_tree_encode.sv,6bb9688940f090318537dff5931e3ea803ed87b8e9ebd13995d5b4c22daf912e,measured,,71,180,2,2,6,78.8333,85.0000,119.5000,126,0.4380,6,15.1667,16.0000,18,1,0,6,6,1,0,0
BaseJump STL,production,https://github.com/bespoke-silicon-group/basejump_stl,b48037e28544425839dbd617d45b1a82631bc1a9,bsg_misc/bsg_mul_synth.sv,9e4f8007b69bc4de5c99a78386acfa18046c461e571f6b3c0b7f7bd62febae30,measured,,21,58,2,3,3,19.3333,23.0000,29.4000,31,0.3333,3,7.6667,8.0000,8,1,0,3,3,1,0,0
BaseJump STL,production,https://github.com/bespoke-silicon-group/basejump_stl,b48037e28544425839dbd617d45b1a82631bc1a9,bsg_misc/bsg_mux.sv,6892a86cc3e4ef161a9c826765f159e7262beca27b9ac1a561f06b4f8c3f0b52,measured,,31,110,2,3,6,29.5000,30.5000,41.0000,45,0.2682,6,9.6667,9.0000,12,1,0,6,6,1,0,0
BaseJump STL,production,https://github.com/bespoke-silicon-group/basejump_stl,b48037e28544425839dbd617d45b1a82631bc1a9,bsg_misc/bsg_mux_bitwise.sv,e13cbaedf7b7f600724df68d0520034261f4da8efbebfaa9ac0f50ee39325e33,measured,,28,99,2,4,4,47.7500,48.0000,52.8000,54,0.4823,4,10.0000,10.0000,10,1,0,4,4,1,0,0
BaseJump STL,production,https://github.com/bespoke-silicon-group/basejump_stl,b48037e28544425839dbd617d45b1a82631bc1a9,bsg_misc/bsg_popcount.sv,f70b6429831bd3ca61f9296cc042b62ed29bac8baae0dd023728572e018e0d30,measured,,78,337,2,6,23,106.7391,86.0000,173.4000,292,0.3167,23,11.0870,11.0000,16,1,0,27,23,1,0,0
BaseJump STL,production,https://github.com/bespoke-silicon-group/basejump_stl,b48037e28544425839dbd617d45b1a82631bc1a9,bsg_misc/bsg_priority_encode.sv,f9d6e31e5b2fe8df9a5d430250ad09e9cc47cecc3faf9b57f00828bf2ed416f3,measured,,47,125,2,4,5,51.2000,47.0000,70.0000,78,0.4096,5,9.2000,10.0000,10,1,0,5,5,2,0,0
BaseJump STL,production,https://github.com/bespoke-silicon-group/basejump_stl,b48037e28544425839dbd617d45b1a82631bc1a9,bsg_misc/bsg_rotate_left.sv,8fd56587e6acf124662f34718ef870c3a61bdb6916923411285a2cd114be119d,measured,,14,82,2,4,4,27.5000,28.5000,36.9000,39,0.3354,4,8.0000,8.0000,11,1,0,4,4,1,0,0
BaseJump STL,production,https://github.com/bespoke-silicon-group/basejump_stl,b48037e28544425839dbd617d45b1a82631bc1a9,bsg_misc/bsg_swap.sv,66f61f7c4ba1b9b8bc3dc7978aae8e5957c6fdc384120bc6e9d9265e127fcea0,measured,,23,79,2,3,6,28.6667,30.5000,42.5000,45,0.3629,6,8.8333,9.0000,10,1,0,6,6,1,0,0
BaseJump STL,production,https://github.com/bespoke-silicon-group/basejump_stl,b48037e28544425839dbd617d45b1a82631bc1a9,bsg_misc/bsg_unconcentrate_static.sv,e64a7c0e91122d1dca6b07b1d481ec7239585135b19c2afcb09e7688cfe6b5f4,measured,,29,135,2,2,6,49.8333,47.5000,82.0000,83,0.3691,6,9.3333,9.5000,11,1,0,6,6,1,0,0
SERV,production,https://github.com/olofk/serv,41e8aeedfd1e9ad5f95902c5b0dfc83d1c99e5d2,rtl/serv_aligner.v,adeff8f442db6c93f48e551721146b40c398ab14dcb5b22339746329e7a24f3b,measured,,73,205,1,14,30,86.3000,80.0000,148.6000,175,0.4210,30,8.8000,8.0000,14,1,0,30,30,0,0,0
SERV,production,https://github.com/olofk/serv,41e8aeedfd1e9ad5f95902c5b0dfc83d1c99e5d2,rtl/serv_alu.v,2e0c31b5b992618e514083aacf10cb38c2229b68b3b1e93d6663104f32143332,measured,,87,382,1,24,47,163.1277,160.0000,294.4000,351,0.4270,47,9.4043,9.0000,14,1,0,48,47,0,0,0
SERV,production,https://github.com/olofk/serv,41e8aeedfd1e9ad5f95902c5b0dfc83d1c99e5d2,rtl/serv_bufreg.v,76404174ec92c6cf68e0042798dede84d77c5e454c7f428afc7b9f612a3c52d4,measured,,101,678,1,29,57,258.0175,235.0000,511.0000,596,0.3806,57,11.7719,12.0000,19,1,0,74,57,0,0,0
SERV,production,https://github.com/olofk/serv,41e8aeedfd1e9ad5f95902c5b0dfc83d1c99e5d2,rtl/serv_bufreg2.v,6586c95a64a064ff6f4d001996d33f15e0f6d452e01ebb4da6120db06ddd0a51,measured,,105,570,1,25,67,248.0597,229.0000,416.4000,493,0.4352,67,11.3731,11.0000,18,1,0,67,67,0,0,0
SERV,production,https://github.com/olofk/serv,41e8aeedfd1e9ad5f95902c5b0dfc83d1c99e5d2,rtl/serv_compdec.v,b1799ad9c5f10756fc336788d4bf871c5a6d4181c2f62568fad1b3bbe86504ae,measured,,232,1548,1,7,137,718.9854,677.0000,1333.0000,1502,0.4645,137,17.3431,17.0000,26,1,0,137,137,0,0,0
SERV,production,https://github.com/olofk/serv,41e8aeedfd1e9ad5f95902c5b0dfc83d1c99e5d2,rtl/serv_csr.v,2dd7167ed44817d921318a5d463281b43820c25e476039a604e95948be567e62,measured,,164,738,1,40,110,344.6455,360.5000,559.1000,686,0.4670,110,11.7455,12.0000,16,1,0,110,110,0,0,0
SERV,production,https://github.com/olofk/serv,41e8aeedfd1e9ad5f95902c5b0dfc83d1c99e5d2,rtl/serv_ctrl.v,eb198ba7594f918da2784f9b6f8c82de1b95e3ffdd3383f2f533872999e9dab5,measured,,115,650,1,33,81,305.6420,291.0000,497.0000,592,0.4702,81,10.7654,10.0000,23,1,0,83,81,0,0,0
SERV,production,https://github.com/olofk/serv,41e8aeedfd1e9ad5f95902c5b0dfc83d1c99e5d2,rtl/serv_debug.v,815a6b0da1a49d41faa72edd8f397f89ec79334b292b94991f60002b0776082f,measured,,351,1923,1,109,219,544.7306,550.0000,869.0000,1412,0.2833,219,11.0183,12.0000,13,1,0,219,219,0,0,0
SERV,production,https://github.com/olofk/serv,41e8aeedfd1e9ad5f95902c5b0dfc83d1c99e5d2,rtl/serv_decode.v,eac5b2097ebd1f4587d2aa27aba130897d057dd8a28ba678edce0f2a3c9f640a,measured,,367,1786,1,101,355,860.0648,874.0000,1545.0000,1573,0.4816,355,11.4113,12.0000,16,1,0,355,355,0,0,0
SERV,production,https://github.com/olofk/serv,41e8aeedfd1e9ad5f95902c5b0dfc83d1c99e5d2,rtl/serv_immdec.v,80ec5a265194eb40f3413742fc9da0a23ed78f8bdf5add3e58b45fa1850b2bd5,measured,,234,1343,1,54,283,457.6184,402.0000,912.6000,1284,0.3407,283,12.8975,12.0000,23,1,0,283,283,0,0,0
SERV,production,https://github.com/olofk/serv,41e8aeedfd1e9ad5f95902c5b0dfc83d1c99e5d2,rtl/serv_mem_if.v,a4fbd74579447710ed43e81dd80b4ea9415da0a3425a447f29446f9bd7a9aa6f,measured,,59,271,1,13,35,116.1143,115.0000,196.2000,214,0.4285,35,9.8857,10.0000,14,1,0,35,35,0,0,0
SERV,production,https://github.com/olofk/serv,41e8aeedfd1e9ad5f95902c5b0dfc83d1c99e5d2,rtl/serv_rf_if.v,63fd0d2ec2f89201b20690c467ebbcae964a85b4570254a95154f832cf0dcb2e,measured,,159,679,1,40,83,308.4096,334.0000,535.8000,597,0.4542,83,11.8193,11.0000,17,1,0,83,83,0,0,0
SERV,production,https://github.com/olofk/serv,41e8aeedfd1e9ad5f95902c5b0dfc83d1c99e5d2,rtl/serv_rf_ram.v,779ad3243dfa648f276240d260ff4ac1a1e83cc1364afb93d40c586905ce4338,measured,,51,201,1,3,3,78.6667,96.0000,124.8000,132,0.3914,3,9.6667,10.0000,12,1,0,15,3,0,0,3
SERV,production,https://github.com/olofk/serv,41e8aeedfd1e9ad5f95902c5b0dfc83d1c99e5d2,rtl/serv_rf_ram_if.v,abb39b6bdf4d335bd2f90f75ddb1a410500a1a51a3e9f170453cb491d98d8697,measured,,186,920,1,39,101,292.8911,234.0000,645.0000,810,0.3184,101,9.3168,9.0000,14,1,0,101,101,0,0,0
SERV,production,https://github.com/olofk/serv,41e8aeedfd1e9ad5f95902c5b0dfc83d1c99e5d2,rtl/serv_rf_top.v,89faedf7530c34305bfbffd261732d95016bf5627f10b7bbafaa8e1fd6cd49c9,measured,,227,855,1,39,61,385.8525,427.0000,632.0000,644,0.4513,61,8.7541,8.0000,10,1,0,61,61,0,0,0
SERV,production,https://github.com/olofk/serv,41e8aeedfd1e9ad5f95902c5b0dfc83d1c99e5d2,rtl/serv_state.v,f7f981a28ed92243d812b3e6d723a77ec9278c7690eb4a530edc136aed5319b3,measured,,239,1013,1,57,157,397.2293,393.0000,755.4000,928,0.3921,157,10.4395,10.0000,21,1,0,157,157,0,0,0
SERV,production,https://github.com/olofk/serv,41e8aeedfd1e9ad5f95902c5b0dfc83d1c99e5d2,rtl/serv_synth_wrapper.v,ca429e8f6867acb12d702c9c7d1b592dbb81982c7915b75b6eed2962833ccdff,measured,,138,637,1,32,47,273.2128,274.0000,468.8000,474,0.4289,47,8.8936,8.0000,10,1,0,47,47,0,0,0
SERV,production,https://github.com/olofk/serv,41e8aeedfd1e9ad5f95902c5b0dfc83d1c99e5d2,rtl/serv_top.v,c35b88bed5732309069203b2d04421622eaae108d5bf5daef3de273daf43388e,measured,,674,2840,1,124,278,1338.5612,1314.5000,2029.3000,2599,0.4713,278,8.7554,8.0000,13,1,0,308,278,0,0,0
Ibex,production,https://github.com/lowRISC/ibex,8b8ee086aef72e0833b7f0493d9d33f1e4d3c8e2,rtl/ibex_alu.sv,06ce1c3ce30807f715478cf9e3bc279cac1c1cc2fb95d289516169fadcf7b7dc,measured,,1400,6751,1,138,860,1701.8860,602.5000,5013.5000,6607,0.2521,860,10.8314,10.0000,25,1,0,945,909,0,0,0
Ibex,production,https://github.com/lowRISC/ibex,8b8ee086aef72e0833b7f0493d9d33f1e4d3c8e2,rtl/ibex_branch_predict.sv,78d4120eac2606e34b9338581eac55e3ba3b48c718799a46a887ac9efab2240e,measured,,100,533,1,18,76,267.3289,281.5000,435.5000,501,0.5016,76,7.7895,7.0000,17,1,0,76,76,0,0,0
Ibex,production,https://github.com/lowRISC/ibex,8b8ee086aef72e0833b7f0493d9d33f1e4d3c8e2,rtl/ibex_cheriot_ex.sv,9784c9376f8343cf8d435fe4b7ee9eeda02b15df6a5bc1dc6ef6fb1bddb1cba9,measured,,1031,5063,1,196,933,2370.5402,2285.0000,4310.6000,4879,0.4682,933,11.4620,11.0000,30,1,0,933,933,0,0,0
Ibex,production,https://github.com/lowRISC/ibex,8b8ee086aef72e0833b7f0493d9d33f1e4d3c8e2,rtl/ibex_cheriot_pkg.sv,d8b5b51ce99129ebd0c6436689cd85883760ca98f15f45c8a18b977549d007c4,measured,,965,5132,0,156,591,117.4958,87.0000,265.0000,523,0.0229,589,8.8930,8.0000,22,1,0,729,591,0,0,0
Ibex,production,https://github.com/lowRISC/ibex,8b8ee086aef72e0833b7f0493d9d33f1e4d3c8e2,rtl/ibex_compressed_decoder.sv,bea22598e9e5f734ace93826eafd01914d2b63565ee0b7e8c8deff25369fbfbd,measured,,939,5884,1,57,565,2979.6248,3245.0000,5389.2000,5835,0.5064,565,17.8496,18.0000,33,1,0,601,565,0,0,0
Ibex,production,https://github.com/lowRISC/ibex,8b8ee086aef72e0833b7f0493d9d33f1e4d3c8e2,rtl/ibex_controller.sv,bc3211faf87435b07922e3e61646ef83247ab86c5938d4cd2e108802a4357860,measured,,1133,3816,1,161,660,1759.7939,1754.5000,3105.3000,3739,0.4612,660,12.3424,11.0000,30,1,0,694,684,0,0,2
Ibex,production,https://github.com/lowRISC/ibex,8b8ee086aef72e0833b7f0493d9d33f1e4d3c8e2,rtl/ibex_core.sv,300090460919c3a8b28f0ae696947bc4c5802083d997aeea6373ec7433da2569,measured,,2513,7743,1,335,773,3050.5343,2835.0000,5581.4000,6800,0.3940,772,8.9184,8.0000,33,1,0,920,801,0,0,0
Ibex,production,https://github.com/lowRISC/ibex,8b8ee086aef72e0833b7f0493d9d33f1e4d3c8e2,rtl/ibex_counter.sv,0e953e2e05b5070833029d0f6fed6d3a48fbd3c02dc05785962fb0d451425d8e,measured,,111,465,1,15,49,183.4898,135.0000,360.8000,407,0.3946,49,9.8980,10.0000,15,1,0,49,49,0,0,0
Ibex,production,https://github.com/lowRISC/ibex,8b8ee086aef72e0833b7f0493d9d33f1e4d3c8e2,rtl/ibex_cs_registers.sv,b9347e79c7326ac4fb7e640a6458c482e28f26a9259746749b42988067494967,measured,,2261,10573,1,274,1198,4261.0534,3632.5000,9276.6000,10278,0.4030,1198,10.2070,10.0000,25,1,0,1363,1256,0,0,0
Ibex,production,https://github.com/lowRISC/ibex,8b8ee086aef72e0833b7f0493d9d33f1e4d3c8e2,rtl/ibex_csr.sv,6533fffc57e233b3961ebd94722a14a1a4320771ce4a76e69481bf2deb1d8514,measured,,57,197,1,8,23,78.8696,61.0000,136.4000,158,0.4004,23,11.3913,11.0000,17,1,0,23,23,0,0,0
Ibex,production,https://github.com/lowRISC/ibex,8b8ee086aef72e0833b7f0493d9d33f1e4d3c8e2,rtl/ibex_decoder.sv,842b520e4a942b6a27f3c44f7e8784e4a8dd40d7531a0ec3dd338f624be18217,measured,,1490,7518,1,90,715,3453.3790,3674.0000,6718.4000,7445,0.4593,715,14.5622,14.0000,28,1,0,715,715,0,0,0
Ibex,production,https://github.com/lowRISC/ibex,8b8ee086aef72e0833b7f0493d9d33f1e4d3c8e2,rtl/ibex_dummy_instr.sv,8899ec7fcd6df73d7ea96ad25e73f664ee2ae2a95b2186a36a7ab885e16e292e,measured,,150,630,1,24,65,279.2000,286.0000,424.4000,554,0.4432,65,8.4154,8.0000,13,1,0,65,65,0,0,0
Ibex,production,https://github.com/lowRISC/ibex,8b8ee086aef72e0833b7f0493d9d33f1e4d3c8e2,rtl/ibex_ex_block.sv,6451d5cd6af214b5fbb70f7499f898de981188cd7a25bf49247c0819b907c90b,measured,,217,924,1,44,79,372.0886,333.0000,704.0000,757,0.4027,79,9.2532,8.0000,14,1,0,101,79,0,0,0
Ibex,production,https://github.com/lowRISC/ibex,8b8ee086aef72e0833b7f0493d9d33f1e4d3c8e2,rtl/ibex_fetch_fifo.sv,3e0b48b771055ea50356cdff418decae16e7d9586a7f953e6799112b238bb63c,measured,,300,1235,1,41,185,573.1946,582.0000,1024.0000,1202,0.4641,185,9.5081,9.0000,16,1,0,185,185,0,0,0
Ibex,production,https://github.com/lowRISC/ibex,8b8ee086aef72e0833b7f0493d9d33f1e4d3c8e2,rtl/ibex_icache.sv,7cd0bb391a47a37dd109ffb77e02630da27732b0c95b2e85c8b58b9b94d12682,measured,,1337,6795,1,218,893,3121.4591,3349.0000,5243.0000,6724,0.4594,893,9.9104,10.0000,19,1,0,923,907,0,0,0
Ibex,production,https://github.com/lowRISC/ibex,8b8ee086aef72e0833b7f0493d9d33f1e4d3c8e2,rtl/ibex_id_stage.sv,02b40e46ef92df59a9e1d7b80a8d51a366ece0e8e599ca0744fcdf403ccd3aa8,measured,,1302,4534,1,259,800,2177.6312,2245.0000,3877.6000,4444,0.4803,800,10.2988,10.0000,24,1,0,837,834,0,0,0
Ibex,production,https://github.com/lowRISC/ibex,8b8ee086aef72e0833b7f0493d9d33f1e4d3c8e2,rtl/ibex_if_stage.sv,8b99f212f06aa942e53e8a768863587ffdc29176f5a486c6e273262311c9f6ae,measured,,940,3845,1,158,536,1551.7612,1626.0000,3040.0000,3671,0.4036,536,10.4590,10.0000,18,1,0,603,544,0,0,0
Ibex,production,https://github.com/lowRISC/ibex,8b8ee086aef72e0833b7f0493d9d33f1e4d3c8e2,rtl/ibex_load_store_unit.sv,86e156efaf7ac46a351a405d9d2046b7d2e6a60bd206411ef9ae474666338b35,measured,,836,3517,1,96,569,1821.8858,1945.0000,3027.4000,3465,0.5180,569,11.7258,12.0000,22,1,0,593,587,0,0,0
Ibex,production,https://github.com/lowRISC/ibex,8b8ee086aef72e0833b7f0493d9d33f1e4d3c8e2,rtl/ibex_lockstep.sv,ee0fb3df1a86ecb66554a214efae0a7971aa1d5c545b9f7592ca86b780163341,measured,,750,3792,1,103,261,1005.3755,1023.0000,1823.0000,3032,0.2651,261,8.0383,8.0000,16,1,0,334,261,0,0,0
Ibex,production,https://github.com/lowRISC/ibex,8b8ee086aef72e0833b7f0493d9d33f1e4d3c8e2,rtl/ibex_multdiv_fast.sv,c86ca819b58b8ce2fc4ff5db887346bcd622b868fb7815fa07dd77119c68c04a,measured,,556,2536,1,92,423,1070.6407,1117.0000,2021.0000,2471,0.4222,423,10.7139,11.0000,21,1,0,423,423,0,0,0
Ibex,production,https://github.com/lowRISC/ibex,8b8ee086aef72e0833b7f0493d9d33f1e4d3c8e2,rtl/ibex_multdiv_slow.sv,88b7392d3e2cd1f67f2c39b7425075030c78646cba2409356d6cfce262a46db6,measured,,390,1661,1,57,262,817.1832,811.5000,1318.4000,1632,0.4920,262,11.7786,12.0000,25,1,0,262,262,0,0,0
Ibex,production,https://github.com/lowRISC/ibex,8b8ee086aef72e0833b7f0493d9d33f1e4d3c8e2,rtl/ibex_pkg.sv,d9bfed30b16dd77981f1850a8daf56fec5ce14043789b4a0a4506c833e9a7d5a,excluded,no module or interface declaration,824,3698,0,0,0,,,,,,0,,,,,0,0,0,0,0,0
Ibex,production,https://github.com/lowRISC/ibex,8b8ee086aef72e0833b7f0493d9d33f1e4d3c8e2,rtl/ibex_pmp.sv,a564fb312d5337b0875d16f434e8b69348e12c2560548fad93f9270f9c4b9176,measured,,263,1428,1,42,128,565.5859,683.0000,1176.6000,1349,0.3961,128,12.3125,12.0000,21,1,0,187,174,0,0,0
Ibex,production,https://github.com/lowRISC/ibex,8b8ee086aef72e0833b7f0493d9d33f1e4d3c8e2,rtl/ibex_prefetch_buffer.sv,988ca05039f033c0eef9feffba996771c3449f255c64d7d78de04e1984249ccc,measured,,267,945,1,45,142,484.1972,460.5000,768.6000,869,0.5124,142,9.6831,10.0000,18,1,0,142,142,0,0,0
Ibex,production,https://github.com/lowRISC/ibex,8b8ee086aef72e0833b7f0493d9d33f1e4d3c8e2,rtl/ibex_register_file_ff.sv,cb758da72120fa1ab7c3837408ef10ab96375edf727f6400d606ff5850e68a93,measured,,329,1368,1,45,189,477.8201,436.0000,1108.6000,1272,0.3493,189,11.7249,12.0000,21,1,0,202,196,0,0,0
Ibex,production,https://github.com/lowRISC/ibex,8b8ee086aef72e0833b7f0493d9d33f1e4d3c8e2,rtl/ibex_register_file_fpga.sv,ae98b043c2fec8ae44784157d559673518b1febda4eb7d5862ef07094b6cf3fc,measured,,212,800,1,31,104,273.5192,251.0000,545.7000,704,0.3419,104,11.1923,11.0000,21,1,0,104,104,0,0,0
Ibex,production,https://github.com/lowRISC/ibex,8b8ee086aef72e0833b7f0493d9d33f1e4d3c8e2,rtl/ibex_register_file_latch.sv,0e4100338abc2ef9720fe5ad3be4eb53e73e2d25d95eacfdbe45b557133f8727,measured,,429,1702,1,54,177,561.4972,467.0000,1231.0000,1603,0.3299,177,10.6667,11.0000,18,1,0,225,183,0,0,0
Ibex,production,https://github.com/lowRISC/ibex,8b8ee086aef72e0833b7f0493d9d33f1e4d3c8e2,rtl/ibex_top.sv,0db761a029b18d17271200a7ffe438c856db53423efa25912ba7ce60948cdfc5,measured,,1621,6273,1,193,608,2936.3454,2900.5000,5445.3000,5893,0.4681,591,11.4078,11.0000,25,1,0,818,619,0,0,0
Ibex,production,https://github.com/lowRISC/ibex,8b8ee086aef72e0833b7f0493d9d33f1e4d3c8e2,rtl/ibex_top_tracing.sv,d727b4f1e80abebdb210d2c03868232d3ba794feea5d5136691db8aff0a5bf13,measured,,427,1488,1,92,92,672.6413,847.0000,965.4000,1039,0.4520,26,5.0000,5.0000,5,1,0,26,26,0,0,1
Ibex,production,https://github.com/lowRISC/ibex,8b8ee086aef72e0833b7f0493d9d33f1e4d3c8e2,rtl/ibex_tracer.sv,6241602443ec15517914fc3231e9c860229aea52dc571b5a94769a0510963925,measured,,1539,9243,1,135,763,2884.5727,3248.0000,6629.0000,9004,0.3121,763,11.7497,12.0000,24,1,0,793,763,0,0,0
Ibex,production,https://github.com/lowRISC/ibex,8b8ee086aef72e0833b7f0493d9d33f1e4d3c8e2,rtl/ibex_tracer_pkg.sv,ef53aa52f2734a2c146e7fda604d0628e3378954f48993222ff530f5b40837c0,excluded,no module or interface declaration,396,7861,0,0,0,,,,,,0,,,,,0,0,0,0,0,0
Ibex,production,https://github.com/lowRISC/ibex,8b8ee086aef72e0833b7f0493d9d33f1e4d3c8e2,rtl/ibex_trvk.sv,5a1c0d84473121bbb705ddc096499de76de84eb70c20e37a72ef3237361aca49,measured,,420,1497,1,68,165,777.1576,721.0000,1230.0000,1442,0.5191,161,9.0124,9.0000,18,1,0,173,161,0,0,0
Ibex,production,https://github.com/lowRISC/ibex,8b8ee086aef72e0833b7f0493d9d33f1e4d3c8e2,rtl/ibex_wb_stage.sv,872d8df3b3f3fd9ba781eabd3897bd3b74d2b3af2d2898ab5799371d05b04e8a,measured,,311,1198,1,66,230,498.7174,457.5000,908.1000,1155,0.4163,230,11.2348,11.0000,20,1,0,235,234,0,0,0
PicoRV32,production,https://github.com/YosysHQ/picorv32,a473fc8fca393771d83b0ffcf0b14db3393339d8,picorv32.v,0836050971b3c6cdd28ac3b1e5719a67fb645161912bef1e472e63995ceb0622,measured,,3049,14796,8,415,2253,2653.8500,1383.0000,7803.6000,10456,0.1794,2253,13.3906,12.0000,28,1,0,2283,2253,0,0,0
