corpus_category,dataset_name,repository_url,repository_commit,source_path,source_sha256,module_name,clean_loc,concrete_syntax_nodes,concrete_syntax_depth,syntax_diagnostic_count,syntax_diagnostic_codes,syntax_tree_valid,event_control_signal_count,clock_like_event_signal_count,clock_like_event_signals,recognized_cdc_primitive_mentions,hierarchy_instantiation_count,resolved_internal_submodule_instantiations,ambiguous_internal_submodule_instantiations,internal_hierarchy_depth,extraction_timestamp
AI benchmark reference RTL,RTLLM,https://github.com/hkust-zhiyao/RTLLM,51ed553d0ffd32797a1a0a13e051656bf302c81f,Arithmetic/Accumulator/accu/verified_accu.v,67067237d33fa00128ceb7f60c3139cc1daae46d5c4af1d3e0ba140e63846fa2,verified_accu,61,530,13,1,DiagCode(NewlineEOF),1,1,1,clk,0,0,0,0,1,2026-08-25T21:44:32.712049+00:00
AI benchmark reference RTL,RTLLM,https://github.com/hkust-zhiyao/RTLLM,51ed553d0ffd32797a1a0a13e051656bf302c81f,Arithmetic/Adder/adder_16bit/verified_adder_16bit.v,3ee85639497d6a85eeec48faea60a5aa47fc6bdeaa48066fb135602f11d92275,add1,10,216,11,1,DiagCode(NewlineEOF),1,0,0,,0,0,0,0,1,2026-08-25T21:44:32.712049+00:00
AI benchmark reference RTL,RTLLM,https://github.com/hkust-zhiyao/RTLLM,51ed553d0ffd32797a1a0a13e051656bf302c81f,Arithmetic/Adder/adder_16bit/verified_adder_16bit.v,3ee85639497d6a85eeec48faea60a5aa47fc6bdeaa48066fb135602f11d92275,add2,23,240,9,1,DiagCode(NewlineEOF),1,0,0,,0,2,2,0,2,2026-08-25T21:44:32.712049+00:00
AI benchmark reference RTL,RTLLM,https://github.com/hkust-zhiyao/RTLLM,51ed553d0ffd32797a1a0a13e051656bf302c81f,Arithmetic/Adder/adder_16bit/verified_adder_16bit.v,3ee85639497d6a85eeec48faea60a5aa47fc6bdeaa48066fb135602f11d92275,add4,23,258,9,1,DiagCode(NewlineEOF),1,0,0,,0,2,2,0,3,2026-08-25T21:44:32.712049+00:00
AI benchmark reference RTL,RTLLM,https://github.com/hkust-zhiyao/RTLLM,51ed553d0ffd32797a1a0a13e051656bf302c81f,Arithmetic/Adder/adder_16bit/verified_adder_16bit.v,3ee85639497d6a85eeec48faea60a5aa47fc6bdeaa48066fb135602f11d92275,add8,23,258,9,1,DiagCode(NewlineEOF),1,0,0,,0,2,2,0,4,2026-08-25T21:44:32.712049+00:00
AI benchmark reference RTL,RTLLM,https://github.com/hkust-zhiyao/RTLLM,51ed553d0ffd32797a1a0a13e051656bf302c81f,Arithmetic/Adder/adder_16bit/verified_adder_16bit.v,3ee85639497d6a85eeec48faea60a5aa47fc6bdeaa48066fb135602f11d92275,verified_adder_16bit,23,258,9,1,DiagCode(NewlineEOF),1,0,0,,0,2,2,0,5,2026-08-25T21:44:32.712049+00:00
AI benchmark reference RTL,RTLLM,https://github.com/hkust-zhiyao/RTLLM,51ed553d0ffd32797a1a0a13e051656bf302c81f,Arithmetic/Adder/adder_32bit/verified_adder_32bit.v,a5529a8fe85748de646ebf34da72cd9fdc5457f706101b3c77fd7f17ef26d57a,CLA,8,289,9,1,DiagCode(NewlineEOF),1,0,0,,0,0,0,0,1,2026-08-25T21:44:32.712049+00:00
AI benchmark reference RTL,RTLLM,https://github.com/hkust-zhiyao/RTLLM,51ed553d0ffd32797a1a0a13e051656bf302c81f,Arithmetic/Adder/adder_32bit/verified_adder_32bit.v,a5529a8fe85748de646ebf34da72cd9fdc5457f706101b3c77fd7f17ef26d57a,CLA_16,50,724,9,1,DiagCode(NewlineEOF),1,0,0,,0,4,4,0,3,2026-08-25T21:44:32.712049+00:00
AI benchmark reference RTL,RTLLM,https://github.com/hkust-zhiyao/RTLLM,51ed553d0ffd32797a1a0a13e051656bf302c81f,Arithmetic/Adder/adder_32bit/verified_adder_32bit.v,a5529a8fe85748de646ebf34da72cd9fdc5457f706101b3c77fd7f17ef26d57a,adder,6,98,7,1,DiagCode(NewlineEOF),1,0,0,,0,0,0,0,1,2026-08-25T21:44:32.712049+00:00
AI benchmark reference RTL,RTLLM,https://github.com/hkust-zhiyao/RTLLM,51ed553d0ffd32797a1a0a13e051656bf302c81f,Arithmetic/Adder/adder_32bit/verified_adder_32bit.v,a5529a8fe85748de646ebf34da72cd9fdc5457f706101b3c77fd7f17ef26d57a,adder_4,62,835,9,1,DiagCode(NewlineEOF),1,0,0,,0,5,5,0,2,2026-08-25T21:44:32.712049+00:00
AI benchmark reference RTL,RTLLM,https://github.com/hkust-zhiyao/RTLLM,51ed553d0ffd32797a1a0a13e051656bf302c81f,Arithmetic/Adder/adder_32bit/verified_adder_32bit.v,a5529a8fe85748de646ebf34da72cd9fdc5457f706101b3c77fd7f17ef26d57a,verified_adder_32bit,26,335,9,1,DiagCode(NewlineEOF),1,0,0,,0,2,2,0,4,2026-08-25T21:44:32.712049+00:00
AI benchmark reference RTL,RTLLM,https://github.com/hkust-zhiyao/RTLLM,51ed553d0ffd32797a1a0a13e051656bf302c81f,Arithmetic/Adder/adder_8bit/verified_adder_8bit.v,ec6f653763cb7ccd07afa7223f4b66d5f9c37f307eb4cb1606fdfa556a7f444f,full_adder,3,68,5,1,DiagCode(NewlineEOF),1,0,0,,0,0,0,0,1,2026-08-25T21:44:32.712049+00:00
AI benchmark reference RTL,RTLLM,https://github.com/hkust-zhiyao/RTLLM,51ed553d0ffd32797a1a0a13e051656bf302c81f,Arithmetic/Adder/adder_8bit/verified_adder_8bit.v,ec6f653763cb7ccd07afa7223f4b66d5f9c37f307eb4cb1606fdfa556a7f444f,verified_adder_8bit,16,789,9,1,DiagCode(NewlineEOF),1,0,0,,0,8,8,0,2,2026-08-25T21:44:32.712049+00:00
AI benchmark reference RTL,RTLLM,https://github.com/hkust-zhiyao/RTLLM,51ed553d0ffd32797a1a0a13e051656bf302c81f,Arithmetic/Adder/adder_bcd/verified_adder_bcd.v,7bc3695726c0dc21f88fb6752e092dfb781eee82974af1e1f5e371986fd8c779,adder_bcd,16,222,9,0,,1,0,0,,0,0,0,0,1,2026-08-25T21:44:32.712049+00:00
AI benchmark reference RTL,RTLLM,https://github.com/hkust-zhiyao/RTLLM,51ed553d0ffd32797a1a0a13e051656bf302c81f,Arithmetic/Adder/adder_pipe_64bit/verified_adder_64bit.v,78ddd3f77dac5c273a906698773f19087d4a915c0a003857137188da4c26b8cb,verified_adder_64bit,175,1928,12,1,DiagCode(NewlineEOF),1,1,1,clk,0,0,0,0,1,2026-08-25T21:44:32.712049+00:00
AI benchmark reference RTL,RTLLM,https://github.com/hkust-zhiyao/RTLLM,51ed553d0ffd32797a1a0a13e051656bf302c81f,Arithmetic/Comparator/comparator_3bit/verified_comparator_3bit.v,7f331b457a27a90ef781081ca3338218acbb8f640890f4a1676f9f8e21307407,comparator_3bit,11,155,9,1,DiagCode(NewlineEOF),1,0,0,,0,0,0,0,1,2026-08-25T21:44:32.712049+00:00
AI benchmark reference RTL,RTLLM,https://github.com/hkust-zhiyao/RTLLM,51ed553d0ffd32797a1a0a13e051656bf302c81f,Arithmetic/Comparator/comparator_4bit/verified_comparator_4bit.v,abb2225be214b06f6c295b7ca88eb7893d468f0581cda978422792f5780dcefe,comparator_4bit,14,160,9,0,,1,0,0,,0,0,0,0,1,2026-08-25T21:44:32.712049+00:00
AI benchmark reference RTL,RTLLM,https://github.com/hkust-zhiyao/RTLLM,51ed553d0ffd32797a1a0a13e051656bf302c81f,Arithmetic/Divider/div_16bit/verified_div_16bit.v,89625978c731ef4c91640ee144e5caca17ffdfeca855e3b32168d64cf5ea8837,verified_div_16bit,33,350,13,1,DiagCode(NewlineEOF),1,0,0,,0,0,0,0,1,2026-08-25T21:44:32.712049+00:00
AI benchmark reference RTL,RTLLM,https://github.com/hkust-zhiyao/RTLLM,51ed553d0ffd32797a1a0a13e051656bf302c81f,Arithmetic/Divider/radix2_div/verified_radix2_div.v,9d2d1bb5901e121303328cc8a9faa23190f3d999192b040d71c97716fd78ca1c,radix2_div,68,984,19,0,,1,1,1,clk,0,0,0,0,1,2026-08-25T21:44:32.712049+00:00
AI benchmark reference RTL,RTLLM,https://github.com/hkust-zhiyao/RTLLM,51ed553d0ffd32797a1a0a13e051656bf302c81f,Arithmetic/Multiplier/multi_16bit/verified_multi_16bit.v,e8f856d7b09ef1cbf301ae699b13954c1638ac8f57a53ffbd7783155e2d54ea9,verified_multi_16bit,42,557,20,1,DiagCode(NewlineEOF),1,1,1,clk,0,0,0,0,1,2026-08-25T21:44:32.712049+00:00
AI benchmark reference RTL,RTLLM,https://github.com/hkust-zhiyao/RTLLM,51ed553d0ffd32797a1a0a13e051656bf302c81f,Arithmetic/Multiplier/multi_8bit/verified_multi_8bit.v,2dbbc317ac7f55a4be3b4a763df9226969ec98bc05c7162c16b206a3b563321b,multi_8bit,19,215,13,1,DiagCode(NewlineEOF),1,0,0,,0,0,0,0,1,2026-08-25T21:44:32.712049+00:00
AI benchmark reference RTL,RTLLM,https://github.com/hkust-zhiyao/RTLLM,51ed553d0ffd32797a1a0a13e051656bf302c81f,Arithmetic/Multiplier/multi_booth_8bit/verified_booth4_mul.v,ebdfb95c5ac427b8b5e202732491072bddb6f3523f4f55d3ce7e2b9ddf229777,verified_multi_booth_8bit,37,362,16,1,DiagCode(NewlineEOF),1,1,1,clk,0,0,0,0,1,2026-08-25T21:44:32.712049+00:00
AI benchmark reference RTL,RTLLM,https://github.com/hkust-zhiyao/RTLLM,51ed553d0ffd32797a1a0a13e051656bf302c81f,Arithmetic/Multiplier/multi_pipe_4bit/verified_multi_pipe_4bit.v,0d8037af028cf6186de5f19a962883b1d061e4583cb85ea5aa97d53d6513372d,verified_multi_pipe,42,531,13,0,,1,1,1,clk,0,0,0,0,1,2026-08-25T21:44:32.712049+00:00
AI benchmark reference RTL,RTLLM,https://github.com/hkust-zhiyao/RTLLM,51ed553d0ffd32797a1a0a13e051656bf302c81f,Arithmetic/Multiplier/multi_pipe_8bit/verified_multi_pipe_8bit.v,c7b1f309806650b74c998ff3a1c4ae6afd60ebb66f746134aca0bc8ea5928192,verified_multi_pipe_8bit,76,1172,13,1,DiagCode(NewlineEOF),1,1,1,clk,0,0,0,0,1,2026-08-25T21:44:32.712049+00:00
AI benchmark reference RTL,RTLLM,https://github.com/hkust-zhiyao/RTLLM,51ed553d0ffd32797a1a0a13e051656bf302c81f,Arithmetic/Other/fixed_point_adder/verified_fixed_point_adder.v,f7f37c20ccf3786d6a9629d5546b7dda16e9daf4f7ebf01e79f90cc51b4f00ee,fixed_point_adder,44,769,19,1,DiagCode(NewlineEOF),1,0,0,,0,0,0,0,1,2026-08-25T21:44:32.712049+00:00
AI benchmark reference RTL,RTLLM,https://github.com/hkust-zhiyao/RTLLM,51ed553d0ffd32797a1a0a13e051656bf302c81f,Arithmetic/Other/fixed_point_substractor/verified_fixed_point_substractor.v,ec8a083638dbd36009fa8dea9ebcfc6e080c8bd781905576a597edb70857c7ca,fixed_point_subtractor,44,769,19,1,DiagCode(NewlineEOF),1,0,0,,0,0,0,0,1,2026-08-25T21:44:32.712049+00:00
AI benchmark reference RTL,RTLLM,https://github.com/hkust-zhiyao/RTLLM,51ed553d0ffd32797a1a0a13e051656bf302c81f,Arithmetic/Other/float_multi/verified_float_multi.v,b22bf486597af9c3fdc3f8913a3fff291482a9387eff57f64644fa0a65e6c6c3,float_multi,143,1953,26,1,DiagCode(NewlineEOF),1,1,1,clk,0,0,0,0,1,2026-08-25T21:44:32.712049+00:00
AI benchmark reference RTL,RTLLM,https://github.com/hkust-zhiyao/RTLLM,51ed553d0ffd32797a1a0a13e051656bf302c81f,Arithmetic/Substractor/sub_64bit/verified_sub_64bit.v,93caba743a1839915ef7a306bfee4a8b48a564753d63c2141196dcecf43daf7c,sub_64bit,15,167,13,1,DiagCode(NewlineEOF),1,0,0,,0,0,0,0,1,2026-08-25T21:44:32.712049+00:00
AI benchmark reference RTL,RTLLM,https://github.com/hkust-zhiyao/RTLLM,51ed553d0ffd32797a1a0a13e051656bf302c81f,Control/Counter/JC_counter/verified_JC_counter.v,063822c3c64f8e0e0cf66dc1e1e06edfd48571e01dc73b728ac2aed225c4b48b,verified_JC_counter,11,152,14,0,,1,1,1,clk,0,0,0,0,1,2026-08-25T21:44:32.712049+00:00
AI benchmark reference RTL,RTLLM,https://github.com/hkust-zhiyao/RTLLM,51ed553d0ffd32797a1a0a13e051656bf302c81f,Control/Counter/counter_12/verified_counter_12.v,e3551f7d82fa522f9e9afe01a2c4ff35bd61143d395f490e17d340cb16a6ae04,verified_counter_12,27,164,14,0,,1,1,1,clk,0,0,0,0,1,2026-08-25T21:44:32.712049+00:00
AI benchmark reference RTL,RTLLM,https://github.com/hkust-zhiyao/RTLLM,51ed553d0ffd32797a1a0a13e051656bf302c81f,Control/Counter/ring_counter/verified_ring_counter.v,7697be7e93b8d745acfb86073a28a495b9876b6fb25c673fae427238fb5de62a,ring_counter,15,139,12,0,,1,1,1,clk,0,0,0,0,1,2026-08-25T21:44:32.712049+00:00
AI benchmark reference RTL,RTLLM,https://github.com/hkust-zhiyao/RTLLM,51ed553d0ffd32797a1a0a13e051656bf302c81f,Control/Counter/up_down_counter/verified_up_down_counter.v,4af9a3fe6a61aefa2e6ba8df99bf10e2f1432a9c2cf460b8267d2ce14e739445,up_down_counter,27,204,16,1,DiagCode(NewlineEOF),1,1,1,clk,0,0,0,0,1,2026-08-25T21:44:32.712049+00:00
AI benchmark reference RTL,RTLLM,https://github.com/hkust-zhiyao/RTLLM,51ed553d0ffd32797a1a0a13e051656bf302c81f,Control/Finite State Machine/fsm/verified_fsm.v,ea1e64be378b21e14efa99484ed4763237328cb5def9fd51fee8f93d4d959c2d,verified_fsm,65,503,11,1,DiagCode(NewlineEOF),1,1,1,CLK,0,0,0,0,1,2026-08-25T21:44:32.712049+00:00
AI benchmark reference RTL,RTLLM,https://github.com/hkust-zhiyao/RTLLM,51ed553d0ffd32797a1a0a13e051656bf302c81f,Control/Finite State Machine/sequence_detector/verified_sequence_detector.v,a4cc0144891bfeccffdbc9a3725b04d45d6ef3f4e07f028b750f4209b96cd965,sequence_detector,38,386,14,1,DiagCode(NewlineEOF),1,1,1,clk,0,0,0,0,1,2026-08-25T21:44:32.712049+00:00
AI benchmark reference RTL,RTLLM,https://github.com/hkust-zhiyao/RTLLM,51ed553d0ffd32797a1a0a13e051656bf302c81f,Memory/FIFO/asyn_fifo/verified_asyn_fifo.v,a209fc65f57bcda0fa930944653f047a8cd530f3bde5f015e4bebb10c58b1a49,dual_port_RAM,21,279,15,1,DiagCode(NewlineEOF),1,2,0,,0,0,0,0,1,2026-08-25T21:44:32.712049+00:00
AI benchmark reference RTL,RTLLM,https://github.com/hkust-zhiyao/RTLLM,51ed553d0ffd32797a1a0a13e051656bf302c81f,Memory/FIFO/asyn_fifo/verified_asyn_fifo.v,a209fc65f57bcda0fa930944653f047a8cd530f3bde5f015e4bebb10c58b1a49,verified_asyn_fifo,104,1112,11,1,DiagCode(NewlineEOF),1,2,0,,0,1,1,0,2,2026-08-25T21:44:32.712049+00:00
AI benchmark reference RTL,RTLLM,https://github.com/hkust-zhiyao/RTLLM,51ed553d0ffd32797a1a0a13e051656bf302c81f,Memory/LIFO/LIFObuffer/verified_LIFObuffer.v,4a5d18d894a4474494e5d06b90d237843b601b05d2cb9acaf532c4f7315bf5a6,LIFObuffer,45,523,20,0,,1,1,1,Clk,0,0,0,0,1,2026-08-25T21:44:32.712049+00:00
AI benchmark reference RTL,RTLLM,https://github.com/hkust-zhiyao/RTLLM,51ed553d0ffd32797a1a0a13e051656bf302c81f,Memory/Shifter/LFSR/verified_LFSR.v,445e1e00eb81aee75b6d7fdd76695c9b2ae73ac9c5105615f75d4b9f2c57af77,LFSR,13,150,12,1,DiagCode(NewlineEOF),1,1,1,clk,0,0,0,0,1,2026-08-25T21:44:32.712049+00:00
AI benchmark reference RTL,RTLLM,https://github.com/hkust-zhiyao/RTLLM,51ed553d0ffd32797a1a0a13e051656bf302c81f,Memory/Shifter/barrel_shifter/verified_barrel_shifter.v,dbfdb5cbbbd3f15709ef5918308c5400839cedf66f3bcb97af48f9b0de986571,barrel_shifter,30,1770,9,1,DiagCode(NewlineEOF),1,0,0,,0,24,24,0,2,2026-08-25T21:44:32.712049+00:00
AI benchmark reference RTL,RTLLM,https://github.com/hkust-zhiyao/RTLLM,51ed553d0ffd32797a1a0a13e051656bf302c81f,Memory/Shifter/barrel_shifter/verified_barrel_shifter.v,dbfdb5cbbbd3f15709ef5918308c5400839cedf66f3bcb97af48f9b0de986571,mux2X1,6,72,7,1,DiagCode(NewlineEOF),1,0,0,,0,0,0,0,1,2026-08-25T21:44:32.712049+00:00
AI benchmark reference RTL,RTLLM,https://github.com/hkust-zhiyao/RTLLM,51ed553d0ffd32797a1a0a13e051656bf302c81f,Memory/Shifter/right_shifter/verified_right_shifter.v,0a3746d0e25ec9ec94cdf9e78bd781f8b3657a2a3b8393985d5d0c5640671364,verified_right_shifter,12,124,9,1,DiagCode(NewlineEOF),1,1,1,clk,0,0,0,0,1,2026-08-25T21:44:32.712049+00:00
AI benchmark reference RTL,RTLLM,https://github.com/hkust-zhiyao/RTLLM,51ed553d0ffd32797a1a0a13e051656bf302c81f,Miscellaneous/Frequency divider/freq_div/verified_freq_div.v,01e245de204b7d8b33f04909e7ed05a4e1f0ec2ef3667dadb7283e9058738950,freq_div,40,346,12,1,DiagCode(NewlineEOF),1,1,1,CLK_in,0,0,0,0,1,2026-08-25T21:44:32.712049+00:00
AI benchmark reference RTL,RTLLM,https://github.com/hkust-zhiyao/RTLLM,51ed553d0ffd32797a1a0a13e051656bf302c81f,Miscellaneous/Frequency divider/freq_divbyeven/verified_freq_divbyeven.v,e9665cac8a75ec9871c4bb4a1425f6075b902d6c05d584fad0a37bfbc6e7f473,freq_divbyeven,25,201,11,1,DiagCode(NewlineEOF),1,1,1,clk,0,0,0,0,1,2026-08-25T21:44:32.712049+00:00
AI benchmark reference RTL,RTLLM,https://github.com/hkust-zhiyao/RTLLM,51ed553d0ffd32797a1a0a13e051656bf302c81f,Miscellaneous/Frequency divider/freq_divbyfrac/verified_freq_divbyfrac.v,b252ccc57171c1807f30bcd7ddd9064d66c424108f361e2d050cefce6714edcd,freq_divbyfrac,50,413,15,0,,1,1,1,clk,0,0,0,0,1,2026-08-25T21:44:32.712049+00:00
AI benchmark reference RTL,RTLLM,https://github.com/hkust-zhiyao/RTLLM,51ed553d0ffd32797a1a0a13e051656bf302c81f,Miscellaneous/Frequency divider/freq_divbyodd/verified_freq_divbyodd.v,8b90949d26263926cce4f9298b7482594e502cf8b103a3028abf1327f8fadaea,freq_divbyodd,43,428,10,1,DiagCode(NewlineEOF),1,1,1,clk,0,0,0,0,1,2026-08-25T21:44:32.712049+00:00
AI benchmark reference RTL,RTLLM,https://github.com/hkust-zhiyao/RTLLM,51ed553d0ffd32797a1a0a13e051656bf302c81f,Miscellaneous/Others/calendar/verified_calendar.v,aa9a3069521b019f973c9c8fdc8fe166ef2e1cbc5d03b29f253e88cb6fe3e7a9,verified_calendar,33,401,14,1,DiagCode(NewlineEOF),1,1,1,CLK,0,0,0,0,1,2026-08-25T21:44:32.712049+00:00
AI benchmark reference RTL,RTLLM,https://github.com/hkust-zhiyao/RTLLM,51ed553d0ffd32797a1a0a13e051656bf302c81f,Miscellaneous/Others/edge_detect/verified_edge_detect.v,6b1596f9961cad0c28efb27c21a7ef527d2afbdf4ff00b263ed2e8082a8fbce6,verified_edge_detect,34,251,14,0,,1,1,1,clk,0,0,0,0,1,2026-08-25T21:44:32.712049+00:00
AI benchmark reference RTL,RTLLM,https://github.com/hkust-zhiyao/RTLLM,51ed553d0ffd32797a1a0a13e051656bf302c81f,Miscellaneous/Others/parallel2serial/verified_parallel2serial.v,730ebfdfce685f046173499418944f1d0cf07a8bc99f9f9f85abbbbaebeb1e1e,verified_parallel2serial,32,292,16,1,DiagCode(NewlineEOF),1,1,1,clk,0,0,0,0,1,2026-08-25T21:44:32.712049+00:00
AI benchmark reference RTL,RTLLM,https://github.com/hkust-zhiyao/RTLLM,51ed553d0ffd32797a1a0a13e051656bf302c81f,Miscellaneous/Others/pulse_detect/verified_pulse_detect.v,6f131f4e47a60986b4dc3c7f9f42f75b82c10ddbc188f9e7b3d2d3ffeb48beda,verified_pulse_detect,54,399,11,0,,1,1,1,clk,0,0,0,0,1,2026-08-25T21:44:32.712049+00:00
AI benchmark reference RTL,RTLLM,https://github.com/hkust-zhiyao/RTLLM,51ed553d0ffd32797a1a0a13e051656bf302c81f,Miscellaneous/Others/serial2parallel/verified_serial2parallel.v,a8c4734b6c7551b1a3e15df46a1f1cd6546d18f451fd3ba944445a76e75ac03a,serial2parallel,38,379,14,0,,1,1,1,clk,0,0,0,0,1,2026-08-25T21:44:32.712049+00:00
AI benchmark reference RTL,RTLLM,https://github.com/hkust-zhiyao/RTLLM,51ed553d0ffd32797a1a0a13e051656bf302c81f,Miscellaneous/Others/synchronizer/verified_synchronizer.v,384bdb6c873e02763cecbe80647460d6eb86222ce0d0fcdeacf6e405f46dd679,verified_synchronizer,39,375,12,0,,1,2,2,clk_a;clk_b,0,0,0,0,1,2026-08-25T21:44:32.712049+00:00
AI benchmark reference RTL,RTLLM,https://github.com/hkust-zhiyao/RTLLM,51ed553d0ffd32797a1a0a13e051656bf302c81f,Miscellaneous/Others/traffic_light/verified_traffic_light.v,f4fe30d2867d48011e1c9d459b318d3cae99ed1959cfb419317d98708a9e89bc,verified_traffic_light,93,751,16,0,,1,1,1,clk,0,0,0,0,1,2026-08-25T21:44:32.712049+00:00
AI benchmark reference RTL,RTLLM,https://github.com/hkust-zhiyao/RTLLM,51ed553d0ffd32797a1a0a13e051656bf302c81f,Miscellaneous/Others/width_8to16/verified_width_8to16.v,2edba8f052b476d73ab83105a06269c1750199a38cd5e418538cfc7cc925685f,verified_width_8to16,37,365,11,1,DiagCode(NewlineEOF),1,1,1,clk,0,0,0,0,1,2026-08-25T21:44:32.712049+00:00
AI benchmark reference RTL,RTLLM,https://github.com/hkust-zhiyao/RTLLM,51ed553d0ffd32797a1a0a13e051656bf302c81f,Miscellaneous/RISC-V/RAM/verified_RAM.v,ddaa3c540dadc1c1d2b6982d7b306e805be5e41c01a3b43ce7038c4aba98333e,verified_RAM,30,323,13,0,,1,1,1,clk,0,0,0,0,1,2026-08-25T21:44:32.712049+00:00
AI benchmark reference RTL,RTLLM,https://github.com/hkust-zhiyao/RTLLM,51ed553d0ffd32797a1a0a13e051656bf302c81f,Miscellaneous/RISC-V/ROM/verified_ROM.v,374b0ab3509914d23f170f35a9d28ced2446cb9770a16484c3cd2c6c2c39b64a,ROM,15,165,9,1,DiagCode(NewlineEOF),1,0,0,,0,0,0,0,1,2026-08-25T21:44:32.712049+00:00
AI benchmark reference RTL,RTLLM,https://github.com/hkust-zhiyao/RTLLM,51ed553d0ffd32797a1a0a13e051656bf302c81f,Miscellaneous/RISC-V/alu/verified_alu.v,98dca493c6f226b3a9781bd69af8a7dd861d635210358779b6ddb20b1d59c8b3,verified_alu,98,992,13,0,,1,0,0,,0,0,0,0,1,2026-08-25T21:44:32.712049+00:00
AI benchmark reference RTL,RTLLM,https://github.com/hkust-zhiyao/RTLLM,51ed553d0ffd32797a1a0a13e051656bf302c81f,Miscellaneous/RISC-V/clkgenerator/verified_clkgenerator.v,62129a458c3648cde000e1eb0ac149d3970b4160664012afbf6f662811e89a92,clkgenerator,11,68,7,0,,1,0,0,,0,0,0,0,1,2026-08-25T21:44:32.712049+00:00
AI benchmark reference RTL,RTLLM,https://github.com/hkust-zhiyao/RTLLM,51ed553d0ffd32797a1a0a13e051656bf302c81f,Miscellaneous/RISC-V/instr_reg/verified_instr_reg.v,164a6818f62494be71793d1b31e8ecc4670e04dd1bef4a4b8344b2c57553dddc,instr_reg,32,342,14,1,DiagCode(NewlineEOF),1,1,1,clk,0,0,0,0,1,2026-08-25T21:44:32.712049+00:00
AI benchmark reference RTL,RTLLM,https://github.com/hkust-zhiyao/RTLLM,51ed553d0ffd32797a1a0a13e051656bf302c81f,Miscellaneous/RISC-V/pe/verified_pe.v,9815e6036337bfbd658c8b767542c3106fb99b02a550b86ccb018eb983e9fe45,verified_pe,21,164,11,1,DiagCode(NewlineEOF),1,1,1,clk,0,0,0,0,1,2026-08-25T21:44:32.712049+00:00
AI benchmark reference RTL,RTLLM,https://github.com/hkust-zhiyao/RTLLM,51ed553d0ffd32797a1a0a13e051656bf302c81f,Miscellaneous/Signal generation/signal_generator/verified_signal_generator.v,ef8fb029d6d48f1560e3663dc7170b6638f8b050f6374ea2bd638145a3d5f503,verified_signal_generator,31,218,15,1,DiagCode(NewlineEOF),1,1,1,clk,0,0,0,0,1,2026-08-25T21:44:32.712049+00:00
AI benchmark reference RTL,RTLLM,https://github.com/hkust-zhiyao/RTLLM,51ed553d0ffd32797a1a0a13e051656bf302c81f,Miscellaneous/Signal generation/square_wave/verified_square_wave.v,f66679b43669251b4f314f17b1fde4b3989edd0562cc251b41958b3a39bb75ff,square_wave,19,148,10,1,DiagCode(NewlineEOF),1,1,1,clk,0,0,0,0,1,2026-08-25T21:44:32.712049+00:00
AI benchmark reference RTL,VerilogEval,https://github.com/NVlabs/verilog-eval,c498220d0a52248f8e3fdffe279075215bde2da6,dataset_spec-to-rtl/Prob001_zero_ref.sv,7f4686eac875da1029bdaa5198b47a5390dc2def846cb58cad07907bd32f40f4,RefModule,5,27,5,0,,1,0,0,,0,0,0,0,1,2026-08-25T21:44:32.712049+00:00
AI benchmark reference RTL,VerilogEval,https://github.com/NVlabs/verilog-eval,c498220d0a52248f8e3fdffe279075215bde2da6,dataset_spec-to-rtl/Prob002_m2014_q4i_ref.sv,f6014e877c9f539ca4dc485bc751c18e5c14017c77f599a0980fcb70b912ad51,RefModule,5,27,5,0,,1,0,0,,0,0,0,0,1,2026-08-25T21:44:32.712049+00:00
AI benchmark reference RTL,VerilogEval,https://github.com/NVlabs/verilog-eval,c498220d0a52248f8e3fdffe279075215bde2da6,dataset_spec-to-rtl/Prob003_step_one_ref.sv,937aeed69765ee339ed853e0876bb2c5da178269e03870b9ed43da6f4dbb2dd3,RefModule,5,27,5,0,,1,0,0,,0,0,0,0,1,2026-08-25T21:44:32.712049+00:00
AI benchmark reference RTL,VerilogEval,https://github.com/NVlabs/verilog-eval,c498220d0a52248f8e3fdffe279075215bde2da6,dataset_spec-to-rtl/Prob004_vector2_ref.sv,db26922b65f2629f191df37254f0c5e93992f2c920b58a64e78e538a9ad5d53b,RefModule,6,101,9,0,,1,0,0,,0,0,0,0,1,2026-08-25T21:44:32.712049+00:00
AI benchmark reference RTL,VerilogEval,https://github.com/NVlabs/verilog-eval,c498220d0a52248f8e3fdffe279075215bde2da6,dataset_spec-to-rtl/Prob005_notgate_ref.sv,b9c7af094411e46248398822c76728653300163f17595b16379f7e475d60cfcf,RefModule,6,35,5,0,,1,0,0,,0,0,0,0,1,2026-08-25T21:44:32.712049+00:00
AI benchmark reference RTL,VerilogEval,https://github.com/NVlabs/verilog-eval,c498220d0a52248f8e3fdffe279075215bde2da6,dataset_spec-to-rtl/Prob006_vectorr_ref.sv,45cdcb65da3b4a2c7bdc46f0b17cdd288350fdf724553b5eec8f34d42616c42c,RefModule,6,125,9,0,,1,0,0,,0,0,0,0,1,2026-08-25T21:44:32.712049+00:00
AI benchmark reference RTL,VerilogEval,https://github.com/NVlabs/verilog-eval,c498220d0a52248f8e3fdffe279075215bde2da6,dataset_spec-to-rtl/Prob007_wire_ref.sv,46917be81598f8050958f924ea23056f5c06350d76d0c5dd6a625cd65986f735,RefModule,6,33,5,0,,1,0,0,,0,0,0,0,1,2026-08-25T21:44:32.712049+00:00
AI benchmark reference RTL,VerilogEval,https://github.com/NVlabs/verilog-eval,c498220d0a52248f8e3fdffe279075215bde2da6,dataset_spec-to-rtl/Prob008_m2014_q4h_ref.sv,46917be81598f8050958f924ea23056f5c06350d76d0c5dd6a625cd65986f735,RefModule,6,33,5,0,,1,0,0,,0,0,0,0,1,2026-08-25T21:44:32.712049+00:00
AI benchmark reference RTL,VerilogEval,https://github.com/NVlabs/verilog-eval,c498220d0a52248f8e3fdffe279075215bde2da6,dataset_spec-to-rtl/Prob009_popcount3_ref.sv,69e2707f010de1da3f810a77c8805da28b04ac6c56438290f3d8fa177a39561c,RefModule,6,79,9,0,,1,0,0,,0,0,0,0,1,2026-08-25T21:44:32.712049+00:00
AI benchmark reference RTL,VerilogEval,https://github.com/NVlabs/verilog-eval,c498220d0a52248f8e3fdffe279075215bde2da6,dataset_spec-to-rtl/Prob010_mt2015_q4a_ref.sv,f9d234ca574a9b0df09f733c0fc9d08b3ff52fe3dd019ec5ae66d2a7c10c00a6,RefModule,7,52,6,0,,1,0,0,,0,0,0,0,1,2026-08-25T21:44:32.712049+00:00
AI benchmark reference RTL,VerilogEval,https://github.com/NVlabs/verilog-eval,c498220d0a52248f8e3fdffe279075215bde2da6,dataset_spec-to-rtl/Prob011_norgate_ref.sv,7e159a8077f15779839547fe079d25ee534f87a8b4b63680ef1741bc4f262b3b,RefModule,7,50,6,0,,1,0,0,,0,0,0,0,1,2026-08-25T21:44:32.712049+00:00
AI benchmark reference RTL,VerilogEval,https://github.com/NVlabs/verilog-eval,c498220d0a52248f8e3fdffe279075215bde2da6,dataset_spec-to-rtl/Prob012_xnorgate_ref.sv,736544bb20a35ff13647fb0029f4b06cacd5279614e6ff977758cfadb114ce8d,RefModule,7,50,6,0,,1,0,0,,0,0,0,0,1,2026-08-25T21:44:32.712049+00:00
AI benchmark reference RTL,VerilogEval,https://github.com/NVlabs/verilog-eval,c498220d0a52248f8e3fdffe279075215bde2da6,dataset_spec-to-rtl/Prob013_m2014_q4e_ref.sv,9dbd9a718fb163bbb60d876b23518c9eb8d211dfc5f891aac87920da3b5b36b0,RefModule,7,50,6,0,,1,0,0,,0,0,0,0,1,2026-08-25T21:44:32.712049+00:00
AI benchmark reference RTL,VerilogEval,https://github.com/NVlabs/verilog-eval,c498220d0a52248f8e3fdffe279075215bde2da6,dataset_spec-to-rtl/Prob014_andgate_ref.sv,cc937bac282c0018ca6a42e009f710be1f1824f55403a762810f67a2aa2f14df,RefModule,7,45,5,0,,1,0,0,,0,0,0,0,1,2026-08-25T21:44:32.712049+00:00
AI benchmark reference RTL,VerilogEval,https://github.com/NVlabs/verilog-eval,c498220d0a52248f8e3fdffe279075215bde2da6,dataset_spec-to-rtl/Prob015_vector1_ref.sv,4a3dc3bccaa6dfb1ab3731d11ce0b3253985dcad32d10294f665871afb00afdf,RefModule,7,77,9,0,,1,0,0,,0,0,0,0,1,2026-08-25T21:44:32.712049+00:00
AI benchmark reference RTL,VerilogEval,https://github.com/NVlabs/verilog-eval,c498220d0a52248f8e3fdffe279075215bde2da6,dataset_spec-to-rtl/Prob016_m2014_q4j_ref.sv,dbfde2547444cd93dd259aa37ac84ae811e0bf36c656c404594129d5683d536c,RefModule,7,75,9,0,,1,0,0,,0,0,0,0,1,2026-08-25T21:44:32.712049+00:00
AI benchmark reference RTL,VerilogEval,https://github.com/NVlabs/verilog-eval,c498220d0a52248f8e3fdffe279075215bde2da6,dataset_spec-to-rtl/Prob017_mux2to1v_ref.sv,1e45bcb124de9c52b905bf1fd7c13e67648a3730c693fd3f86974c6a219f7505,RefModule,8,88,9,0,,1,0,0,,0,0,0,0,1,2026-08-25T21:44:32.712049+00:00
AI benchmark reference RTL,VerilogEval,https://github.com/NVlabs/verilog-eval,c498220d0a52248f8e3fdffe279075215bde2da6,dataset_spec-to-rtl/Prob018_mux256to1_ref.sv,0b292d75ef9e56274a3143e5d99bfb3ccfa0f592831487036060568640d56713,RefModule,7,67,9,0,,1,0,0,,0,0,0,0,1,2026-08-25T21:44:32.712049+00:00
AI benchmark reference RTL,VerilogEval,https://github.com/NVlabs/verilog-eval,c498220d0a52248f8e3fdffe279075215bde2da6,dataset_spec-to-rtl/Prob019_m2014_q4f_ref.sv,c92c3177993007c8cb6d72fa96527a70431a66dc655c3b422bb94ed9c9ca9c29,RefModule,7,47,5,0,,1,0,0,,0,0,0,0,1,2026-08-25T21:44:32.712049+00:00
AI benchmark reference RTL,VerilogEval,https://github.com/NVlabs/verilog-eval,c498220d0a52248f8e3fdffe279075215bde2da6,dataset_spec-to-rtl/Prob020_mt2015_eq2_ref.sv,3a6624ece9483f19d94f1b361e7d648cb359cf1b17b91e4836e9a72c7b6144ae,RefModule,7,83,9,0,,1,0,0,,0,0,0,0,1,2026-08-25T21:44:32.712049+00:00
AI benchmark reference RTL,VerilogEval,https://github.com/NVlabs/verilog-eval,c498220d0a52248f8e3fdffe279075215bde2da6,dataset_spec-to-rtl/Prob021_mux256to1v_ref.sv,1e40712c23700dcb47156ce6fa7809ed417fafd52e8583c323cab5a5e5fd4788,RefModule,7,139,9,0,,1,0,0,,0,0,0,0,1,2026-08-25T21:44:32.712049+00:00
AI benchmark reference RTL,VerilogEval,https://github.com/NVlabs/verilog-eval,c498220d0a52248f8e3fdffe279075215bde2da6,dataset_spec-to-rtl/Prob022_mux2to1_ref.sv,7903c8758323f1f61f3aa91c96acdbcfe50df0e1f9af86dff8d744de865c3af0,RefModule,8,58,6,0,,1,0,0,,0,0,0,0,1,2026-08-25T21:44:32.712049+00:00
AI benchmark reference RTL,VerilogEval,https://github.com/NVlabs/verilog-eval,c498220d0a52248f8e3fdffe279075215bde2da6,dataset_spec-to-rtl/Prob023_vector100r_ref.sv,368942232ed60c40af48fe467b9982458d2719db5b9af74242bc6fb7f0960263,RefModule,8,117,15,0,,1,0,0,,0,0,0,0,1,2026-08-25T21:44:32.712049+00:00
AI benchmark reference RTL,VerilogEval,https://github.com/NVlabs/verilog-eval,c498220d0a52248f8e3fdffe279075215bde2da6,dataset_spec-to-rtl/Prob024_hadd_ref.sv,b0a112b4445b7e2b0fbcc6dbd5960bf026c62283b695b656bd61378377340c00,RefModule,8,59,5,0,,1,0,0,,0,0,0,0,1,2026-08-25T21:44:32.712049+00:00
AI benchmark reference RTL,VerilogEval,https://github.com/NVlabs/verilog-eval,c498220d0a52248f8e3fdffe279075215bde2da6,dataset_spec-to-rtl/Prob025_reduction_ref.sv,2c3ed80d11c32321cb8c416c36ab78514880592e99f20a53b794cdf0944240be,RefModule,6,45,9,0,,1,0,0,,0,0,0,0,1,2026-08-25T21:44:32.712049+00:00
AI benchmark reference RTL,VerilogEval,https://github.com/NVlabs/verilog-eval,c498220d0a52248f8e3fdffe279075215bde2da6,dataset_spec-to-rtl/Prob026_alwaysblock1_ref.sv,8c56a4c015ef90a231d4ed1ccd661696fed4cd6e123dc45fc768f187608d129a,RefModule,9,73,6,0,,1,0,0,,0,0,0,0,1,2026-08-25T21:44:32.712049+00:00
AI benchmark reference RTL,VerilogEval,https://github.com/NVlabs/verilog-eval,c498220d0a52248f8e3fdffe279075215bde2da6,dataset_spec-to-rtl/Prob027_fadd_ref.sv,8607c120d36481ba0a8c2f6b8d71af7a7ba27b4850781b0b7326020b4046ac30,RefModule,9,71,5,0,,1,0,0,,0,0,0,0,1,2026-08-25T21:44:32.712049+00:00
AI benchmark reference RTL,VerilogEval,https://github.com/NVlabs/verilog-eval,c498220d0a52248f8e3fdffe279075215bde2da6,dataset_spec-to-rtl/Prob028_m2014_q4a_ref.sv,fbf798876b0646c79e038691f58cec42fa536a59fc616b462b7115aa7fc2f8b8,RefModule,10,59,7,0,,1,0,0,,0,0,0,0,1,2026-08-25T21:44:32.712049+00:00
AI benchmark reference RTL,VerilogEval,https://github.com/NVlabs/verilog-eval,c498220d0a52248f8e3fdffe279075215bde2da6,dataset_spec-to-rtl/Prob029_m2014_q4g_ref.sv,46c5adb0e545bcbeba7d3041aca7f51df223640e7dab8c8d6baa3a45d8181228,RefModule,8,65,8,0,,1,0,0,,0,0,0,0,1,2026-08-25T21:44:32.712049+00:00
AI benchmark reference RTL,VerilogEval,https://github.com/NVlabs/verilog-eval,c498220d0a52248f8e3fdffe279075215bde2da6,dataset_spec-to-rtl/Prob030_popcount255_ref.sv,9159b1dda6cad0c06ec47be5bbd680dd13007eacd0ee6832c443550c8283c9bb,RefModule,10,100,10,0,,1,0,0,,0,0,0,0,1,2026-08-25T21:44:32.712049+00:00
AI benchmark reference RTL,VerilogEval,https://github.com/NVlabs/verilog-eval,c498220d0a52248f8e3fdffe279075215bde2da6,dataset_spec-to-rtl/Prob031_dff_ref.sv,fbfa1604c31f03dca7217b6d4f2ce1b67e85898ec94195ea3dc460868a186e40,RefModule,10,64,6,0,,1,1,1,clk,0,0,0,0,1,2026-08-25T21:44:32.712049+00:00
AI benchmark reference RTL,VerilogEval,https://github.com/NVlabs/verilog-eval,c498220d0a52248f8e3fdffe279075215bde2da6,dataset_spec-to-rtl/Prob032_vector0_ref.sv,afae7d42f345cf72d691d2b908e2294c99dab71f447b0906d11947a4ef1749e3,RefModule,10,95,9,0,,1,0,0,,0,0,0,0,1,2026-08-25T21:44:32.712049+00:00
AI benchmark reference RTL,VerilogEval,https://github.com/NVlabs/verilog-eval,c498220d0a52248f8e3fdffe279075215bde2da6,dataset_spec-to-rtl/Prob033_ece241_2014_q1c_ref.sv,70556fcdfe57e54f5a7fe358919e697074cbf7b5f06c305b94e5b4ca8bab61ce,RefModule,10,166,10,0,,1,0,0,,0,0,0,0,1,2026-08-25T21:44:32.712049+00:00
AI benchmark reference RTL,VerilogEval,https://github.com/NVlabs/verilog-eval,c498220d0a52248f8e3fdffe279075215bde2da6,dataset_spec-to-rtl/Prob034_dff8_ref.sv,f2cefccbae78a8cd532c6b66eb75eb08b60cf11497b3f89bd09bcb9d892fef69,RefModule,10,84,9,0,,1,1,1,clk,0,0,0,0,1,2026-08-25T21:44:32.712049+00:00
AI benchmark reference RTL,VerilogEval,https://github.com/NVlabs/verilog-eval,c498220d0a52248f8e3fdffe279075215bde2da6,dataset_spec-to-rtl/Prob035_count1to10_ref.sv,16a12abd3a6d1fef7f92b3e13af89c47560f9f7ec5a529270312854946784655,RefModule,11,92,9,0,,1,1,1,clk,0,0,0,0,1,2026-08-25T21:44:32.712049+00:00
AI benchmark reference RTL,VerilogEval,https://github.com/NVlabs/verilog-eval,c498220d0a52248f8e3fdffe279075215bde2da6,dataset_spec-to-rtl/Prob036_ringer_ref.sv,8bd1d42c007b2b463cf8888fd8109197ab8ce53059206ce6cf1589dfc4ad0cc5,RefModule,9,68,5,0,,1,0,0,,0,0,0,0,1,2026-08-25T21:44:32.712049+00:00
AI benchmark reference RTL,VerilogEval,https://github.com/NVlabs/verilog-eval,c498220d0a52248f8e3fdffe279075215bde2da6,dataset_spec-to-rtl/Prob037_review2015_count1k_ref.sv,bedfffe16c74a3b58ff1021594cefc719320bc14422e7b74d12e80fe1952644e,RefModule,11,92,9,0,,1,1,1,clk,0,0,0,0,1,2026-08-25T21:44:32.712049+00:00
AI benchmark reference RTL,VerilogEval,https://github.com/NVlabs/verilog-eval,c498220d0a52248f8e3fdffe279075215bde2da6,dataset_spec-to-rtl/Prob038_count15_ref.sv,189870e9a4af7d545ae06dfff5284ef5a61595f48cb469dabaf473bbccb95872,RefModule,11,84,9,0,,1,1,1,clk,0,0,0,0,1,2026-08-25T21:44:32.712049+00:00
AI benchmark reference RTL,VerilogEval,https://github.com/NVlabs/verilog-eval,c498220d0a52248f8e3fdffe279075215bde2da6,dataset_spec-to-rtl/Prob039_always_if_ref.sv,5df164fd820436852f95bc1ee0067a09412148acea85b288cb7c0a8bcb0ac630,RefModule,11,113,10,0,,1,0,0,,0,0,0,0,1,2026-08-25T21:44:32.712049+00:00
AI benchmark reference RTL,VerilogEval,https://github.com/NVlabs/verilog-eval,c498220d0a52248f8e3fdffe279075215bde2da6,dataset_spec-to-rtl/Prob040_count10_ref.sv,483155e5ba707375665d5f67910c053b1b3955db9b4aad743bf2d70f41da45c6,RefModule,11,92,9,0,,1,1,1,clk,0,0,0,0,1,2026-08-25T21:44:32.712049+00:00
AI benchmark reference RTL,VerilogEval,https://github.com/NVlabs/verilog-eval,c498220d0a52248f8e3fdffe279075215bde2da6,dataset_spec-to-rtl/Prob041_dff8r_ref.sv,43fd5e0d5b05deb692cbf8480c4b52011f89021bcdf329cb9e3a984d9e6e825c,RefModule,12,98,9,0,,1,1,1,clk,0,0,0,0,1,2026-08-25T21:44:32.712049+00:00
AI benchmark reference RTL,VerilogEval,https://github.com/NVlabs/verilog-eval,c498220d0a52248f8e3fdffe279075215bde2da6,dataset_spec-to-rtl/Prob042_vector4_ref.sv,5408b5220777f5a212a7678a353718e6374fa967530895182c22ca7b346f7c3a,RefModule,6,73,9,0,,1,0,0,,0,0,0,0,1,2026-08-25T21:44:32.712049+00:00
AI benchmark reference RTL,VerilogEval,https://github.com/NVlabs/verilog-eval,c498220d0a52248f8e3fdffe279075215bde2da6,dataset_spec-to-rtl/Prob043_vector5_ref.sv,fc887ea1b3d3b1a43c2ebbc6a6d321c12c4cdee70007bf9bb4690b29198f815e,RefModule,10,156,9,0,,1,0,0,,0,0,0,0,1,2026-08-25T21:44:32.712049+00:00
AI benchmark reference RTL,VerilogEval,https://github.com/NVlabs/verilog-eval,c498220d0a52248f8e3fdffe279075215bde2da6,dataset_spec-to-rtl/Prob044_vectorgates_ref.sv,c985c4e754baf171526e86dd8f130549132e148da7db7e3348c079162d8f8353,RefModule,11,133,9,0,,1,0,0,,0,0,0,0,1,2026-08-25T21:44:32.712049+00:00
AI benchmark reference RTL,VerilogEval,https://github.com/NVlabs/verilog-eval,c498220d0a52248f8e3fdffe279075215bde2da6,dataset_spec-to-rtl/Prob045_edgedetect2_ref.sv,8b54c0faa026c483b2eb6fdd30f131e954366022d5d951a1ccd343e057f58df8,RefModule,11,103,9,0,,1,1,1,clk,0,0,0,0,1,2026-08-25T21:44:32.712049+00:00
AI benchmark reference RTL,VerilogEval,https://github.com/NVlabs/verilog-eval,c498220d0a52248f8e3fdffe279075215bde2da6,dataset_spec-to-rtl/Prob046_dff8p_ref.sv,24e7078cf9aeaf5730228768d2d5131e5ff8095fdcf41e2f819cc6712cb28a72,RefModule,12,100,9,0,,1,1,1,clk,0,0,0,0,1,2026-08-25T21:44:32.712049+00:00
AI benchmark reference RTL,VerilogEval,https://github.com/NVlabs/verilog-eval,c498220d0a52248f8e3fdffe279075215bde2da6,dataset_spec-to-rtl/Prob047_dff8ar_ref.sv,f904723d115e2409c3918d8e6d61e5604103fbca231e56a2468e4e1019fb52ce,RefModule,12,104,9,0,,1,1,1,clk,0,0,0,0,1,2026-08-25T21:44:32.712049+00:00
AI benchmark reference RTL,VerilogEval,https://github.com/NVlabs/verilog-eval,c498220d0a52248f8e3fdffe279075215bde2da6,dataset_spec-to-rtl/Prob048_m2014_q4c_ref.sv,f143bdbb4847f35b5baa02f4c8c0242fd244b3daaf1306edd57e2c2c1c5dd908,RefModule,13,81,8,0,,1,1,1,clk,0,0,0,0,1,2026-08-25T21:44:32.712049+00:00
AI benchmark reference RTL,VerilogEval,https://github.com/NVlabs/verilog-eval,c498220d0a52248f8e3fdffe279075215bde2da6,dataset_spec-to-rtl/Prob049_m2014_q4b_ref.sv,26f5732a1453de02b751e206f3e5d162253838f49f836289f25667d5be109c59,RefModule,13,87,8,0,,1,1,1,clk,0,0,0,0,1,2026-08-25T21:44:32.712049+00:00
AI benchmark reference RTL,VerilogEval,https://github.com/NVlabs/verilog-eval,c498220d0a52248f8e3fdffe279075215bde2da6,dataset_spec-to-rtl/Prob050_kmap1_ref.sv,d8f2229363c7ae8748c8d9b2efb025bd5eb297f5aa9bb49a30dea271f68e8b2b,RefModule,8,60,6,0,,1,0,0,,0,0,0,0,1,2026-08-25T21:44:32.712049+00:00
AI benchmark reference RTL,VerilogEval,https://github.com/NVlabs/verilog-eval,c498220d0a52248f8e3fdffe279075215bde2da6,dataset_spec-to-rtl/Prob051_gates4_ref.sv,6a1464e8f8d123092f0f437595d66df72e182f1b9d01405c623613d409fc20b6,RefModule,10,83,9,0,,1,0,0,,0,0,0,0,1,2026-08-25T21:44:32.712049+00:00
AI benchmark reference RTL,VerilogEval,https://github.com/NVlabs/verilog-eval,c498220d0a52248f8e3fdffe279075215bde2da6,dataset_spec-to-rtl/Prob052_gates100_ref.sv,dcf314f2a0e23b9b47ec355193bf79d8b113cf0999883f712bb95a7335fd3e14,RefModule,10,83,9,0,,1,0,0,,0,0,0,0,1,2026-08-25T21:44:32.712049+00:00
AI benchmark reference RTL,VerilogEval,https://github.com/NVlabs/verilog-eval,c498220d0a52248f8e3fdffe279075215bde2da6,dataset_spec-to-rtl/Prob053_m2014_q4d_ref.sv,2f78ec8c604efe45f02c1ed0715b79904767ecaead2e4abef29d6c96571e6537,RefModule,11,69,7,0,,1,1,1,clk,0,0,0,0,1,2026-08-25T21:44:32.712049+00:00
AI benchmark reference RTL,VerilogEval,https://github.com/NVlabs/verilog-eval,c498220d0a52248f8e3fdffe279075215bde2da6,dataset_spec-to-rtl/Prob054_edgedetect_ref.sv,85fac5a17004cf8c6ae544ba6a3410eb38e66672c4e41cf980ac5fbe24197096,RefModule,11,105,9,0,,1,1,1,clk,0,0,0,0,1,2026-08-25T21:44:32.712049+00:00
AI benchmark reference RTL,VerilogEval,https://github.com/NVlabs/verilog-eval,c498220d0a52248f8e3fdffe279075215bde2da6,dataset_spec-to-rtl/Prob055_conditional_ref.sv,2df6d288e7b4439de40d0225546cf1df4a17075bd577a73e6faf25f0ba6d0a2d,RefModule,14,171,9,0,,1,0,0,,0,0,0,0,1,2026-08-25T21:44:32.712049+00:00
AI benchmark reference RTL,VerilogEval,https://github.com/NVlabs/verilog-eval,c498220d0a52248f8e3fdffe279075215bde2da6,dataset_spec-to-rtl/Prob056_ece241_2013_q7_ref.sv,8cc3ad47597d42a9969f00a8268f3e487bc404418060217843f7d12603d92232,RefModule,9,76,8,0,,1,1,1,clk,0,0,0,0,1,2026-08-25T21:44:32.712049+00:00
AI benchmark reference RTL,VerilogEval,https://github.com/NVlabs/verilog-eval,c498220d0a52248f8e3fdffe279075215bde2da6,dataset_spec-to-rtl/Prob057_kmap2_ref.sv,83158896f78e373b197b40a8637334b78a01c740a0df0b2da65452a076bdc4d8,RefModule,9,113,9,0,,1,0,0,,0,0,0,0,1,2026-08-25T21:44:32.712049+00:00
AI benchmark reference RTL,VerilogEval,https://github.com/NVlabs/verilog-eval,c498220d0a52248f8e3fdffe279075215bde2da6,dataset_spec-to-rtl/Prob058_alwaysblock2_ref.sv,392bc7b761c4c825747e1b85b0dcb9ebb37a6ef14844f807daf992ddd56bf7b6,RefModule,12,113,6,0,,1,1,1,clk,0,0,0,0,1,2026-08-25T21:44:32.712049+00:00
AI benchmark reference RTL,VerilogEval,https://github.com/NVlabs/verilog-eval,c498220d0a52248f8e3fdffe279075215bde2da6,dataset_spec-to-rtl/Prob059_wire4_ref.sv,8d0689bd426e7410c382db87eb0395146ee9cf07803e20c8d8227751827cd70e,RefModule,11,97,5,0,,1,0,0,,0,0,0,0,1,2026-08-25T21:44:32.712049+00:00
AI benchmark reference RTL,VerilogEval,https://github.com/NVlabs/verilog-eval,c498220d0a52248f8e3fdffe279075215bde2da6,dataset_spec-to-rtl/Prob060_m2014_q4k_ref.sv,483aa7cd86a26bfcc85ba4771341653cd341815820b7a23105e2579143c0c1ac,RefModule,15,129,12,0,,1,1,1,clk,0,0,0,0,1,2026-08-25T21:44:32.712049+00:00
AI benchmark reference RTL,VerilogEval,https://github.com/NVlabs/verilog-eval,c498220d0a52248f8e3fdffe279075215bde2da6,dataset_spec-to-rtl/Prob061_2014_q4a_ref.sv,e3a96e912df4645f611ffbc8f596e7506af1bce98806dcdfd8ebb449a26cc583,RefModule,14,102,8,0,,1,1,1,clk,0,0,0,0,1,2026-08-25T21:44:32.712049+00:00
AI benchmark reference RTL,VerilogEval,https://github.com/NVlabs/verilog-eval,c498220d0a52248f8e3fdffe279075215bde2da6,dataset_spec-to-rtl/Prob062_bugs_mux2_ref.sv,3735cd6a576c3ab365e0b42bcd95198b6ce609792a0ad7cb1765e12667417436,RefModule,8,88,9,0,,1,0,0,,0,0,0,0,1,2026-08-25T21:44:32.712049+00:00
AI benchmark reference RTL,VerilogEval,https://github.com/NVlabs/verilog-eval,c498220d0a52248f8e3fdffe279075215bde2da6,dataset_spec-to-rtl/Prob063_review2015_shiftcount_ref.sv,745be14ac6cf96b9dfb2df944ecd6d1f9edadbcd3c740610711ad8ce1f562376,RefModule,14,128,11,0,,1,1,1,clk,0,0,0,0,1,2026-08-25T21:44:32.712049+00:00
AI benchmark reference RTL,VerilogEval,https://github.com/NVlabs/verilog-eval,c498220d0a52248f8e3fdffe279075215bde2da6,dataset_spec-to-rtl/Prob064_vector3_ref.sv,8bc8223b5ae69ce879121668936bcf71d42baf79e2b5c85f99203e19352c6cb8,RefModule,14,232,9,0,,1,0,0,,0,0,0,0,1,2026-08-25T21:44:32.712049+00:00
AI benchmark reference RTL,VerilogEval,https://github.com/NVlabs/verilog-eval,c498220d0a52248f8e3fdffe279075215bde2da6,dataset_spec-to-rtl/Prob065_7420_ref.sv,62ddb5fcc18bf18f0fc1f265d8de802f739f7217a96674b76b53139e0bc654fa,RefModule,15,140,6,0,,1,0,0,,0,0,0,0,1,2026-08-25T21:44:32.712049+00:00
AI benchmark reference RTL,VerilogEval,https://github.com/NVlabs/verilog-eval,c498220d0a52248f8e3fdffe279075215bde2da6,dataset_spec-to-rtl/Prob066_edgecapture_ref.sv,e36bcc084d7672e3f76f3c485f386b9ae02341252cb27e3c4605d54a227af1fe,RefModule,15,138,12,0,,1,1,1,clk,0,0,0,0,1,2026-08-25T21:44:32.712049+00:00
AI benchmark reference RTL,VerilogEval,https://github.com/NVlabs/verilog-eval,c498220d0a52248f8e3fdffe279075215bde2da6,dataset_spec-to-rtl/Prob067_countslow_ref.sv,0370512ff67ccc07b5159d1516972c5875b5c2d73bbe25349fb223978bc944f6,RefModule,16,125,12,0,,1,1,1,clk,0,0,0,0,1,2026-08-25T21:44:32.712049+00:00
AI benchmark reference RTL,VerilogEval,https://github.com/NVlabs/verilog-eval,c498220d0a52248f8e3fdffe279075215bde2da6,dataset_spec-to-rtl/Prob068_countbcd_ref.sv,699702b0cbd8dead9301675e70fe23b847a58a81d5757e87af0abd26163f01ec,RefModule,16,315,16,0,,1,1,1,clk,0,0,0,0,1,2026-08-25T21:44:32.712049+00:00
AI benchmark reference RTL,VerilogEval,https://github.com/NVlabs/verilog-eval,c498220d0a52248f8e3fdffe279075215bde2da6,dataset_spec-to-rtl/Prob069_truthtable1_ref.sv,4eb73956209794bdbb8b183514aa9cbd47ea71c54261c4a60fcebe2f8491af8b,RefModule,11,113,10,0,,1,0,0,,0,0,0,0,1,2026-08-25T21:44:32.712049+00:00
AI benchmark reference RTL,VerilogEval,https://github.com/NVlabs/verilog-eval,c498220d0a52248f8e3fdffe279075215bde2da6,dataset_spec-to-rtl/Prob070_ece241_2013_q2_ref.sv,0e4448a046ef77c67a55bdc2d71cd1cd26db714b9ee658b1e539b25a65485024,RefModule,14,192,8,0,,1,0,0,,0,0,0,0,1,2026-08-25T21:44:32.712049+00:00
AI benchmark reference RTL,VerilogEval,https://github.com/NVlabs/verilog-eval,c498220d0a52248f8e3fdffe279075215bde2da6,dataset_spec-to-rtl/Prob071_always_casez_ref.sv,00e69b3385011c20361f76a5f68aa225b0c1fda479444c429e0f24653f4773d5,RefModule,18,203,9,0,,1,0,0,,0,0,0,0,1,2026-08-25T21:44:32.712049+00:00
AI benchmark reference RTL,VerilogEval,https://github.com/NVlabs/verilog-eval,c498220d0a52248f8e3fdffe279075215bde2da6,dataset_spec-to-rtl/Prob072_thermostat_ref.sv,11ab9eccf4df5719e600eca68d15eafd612aecec668a0ff97951f5637d56fd1b,RefModule,13,123,8,0,,1,0,0,,0,0,0,0,1,2026-08-25T21:44:32.712049+00:00
AI benchmark reference RTL,VerilogEval,https://github.com/NVlabs/verilog-eval,c498220d0a52248f8e3fdffe279075215bde2da6,dataset_spec-to-rtl/Prob073_dff16e_ref.sv,ab78eb454f39cd6ac58c849a103d0f1bfb2bb51cbf5f9fdf89ebf38bdd9accbd,RefModule,18,196,13,0,,1,1,1,clk,0,0,0,0,1,2026-08-25T21:44:32.712049+00:00
AI benchmark reference RTL,VerilogEval,https://github.com/NVlabs/verilog-eval,c498220d0a52248f8e3fdffe279075215bde2da6,dataset_spec-to-rtl/Prob074_ece241_2014_q4_ref.sv,6d58fe4253a0a4feaba24aa013ecd96fb54be1fd7b77eb026bb5355a30714055,RefModule,11,129,12,0,,1,1,1,clk,0,0,0,0,1,2026-08-25T21:44:32.712049+00:00
AI benchmark reference RTL,VerilogEval,https://github.com/NVlabs/verilog-eval,c498220d0a52248f8e3fdffe279075215bde2da6,dataset_spec-to-rtl/Prob075_counter_2bc_ref.sv,eb3bcfc472f3979166157b577fa6ecae67722ae22eafd409a57b35c92590d0b7,RefModule,18,168,15,0,,1,1,1,clk,0,0,0,0,1,2026-08-25T21:44:32.712049+00:00
AI benchmark reference RTL,VerilogEval,https://github.com/NVlabs/verilog-eval,c498220d0a52248f8e3fdffe279075215bde2da6,dataset_spec-to-rtl/Prob076_always_case_ref.sv,bc2d160effd6fbaf591d8adaab32f897fcc0479ea8ddb8d1eb92fb3b59cf3d23,RefModule,22,267,9,0,,1,0,0,,0,0,0,0,1,2026-08-25T21:44:32.712049+00:00
AI benchmark reference RTL,VerilogEval,https://github.com/NVlabs/verilog-eval,c498220d0a52248f8e3fdffe279075215bde2da6,dataset_spec-to-rtl/Prob077_wire_decl_ref.sv,e1a5eb13111766369624ce34b5f91393b9d4cb5f9a77fc304713d884a86b172b,RefModule,14,116,5,0,,1,0,0,,0,0,0,0,1,2026-08-25T21:44:32.712049+00:00
AI benchmark reference RTL,VerilogEval,https://github.com/NVlabs/verilog-eval,c498220d0a52248f8e3fdffe279075215bde2da6,dataset_spec-to-rtl/Prob078_dualedge_ref.sv,7c9a025f6e11670872f06fed927fb111485bc71f8c52d7fe579508db230460a1,RefModule,13,106,8,0,,1,1,1,clk,0,0,0,0,1,2026-08-25T21:44:32.712049+00:00
AI benchmark reference RTL,VerilogEval,https://github.com/NVlabs/verilog-eval,c498220d0a52248f8e3fdffe279075215bde2da6,dataset_spec-to-rtl/Prob079_fsm3onehot_ref.sv,0dd374e8dee82065d86e5dac85d17d78f323bc8cf511f465887b046ac0dd6795,RefModule,13,264,10,0,,1,0,0,,0,0,0,0,1,2026-08-25T21:44:32.712049+00:00
AI benchmark reference RTL,VerilogEval,https://github.com/NVlabs/verilog-eval,c498220d0a52248f8e3fdffe279075215bde2da6,dataset_spec-to-rtl/Prob080_timer_ref.sv,14b34884220ceb1058f834d04d86cdd7b2798163f8e816ad7ed3ea146cf05f41,RefModule,12,133,9,0,,1,1,1,clk,0,0,0,0,1,2026-08-25T21:44:32.712049+00:00
AI benchmark reference RTL,VerilogEval,https://github.com/NVlabs/verilog-eval,c498220d0a52248f8e3fdffe279075215bde2da6,dataset_spec-to-rtl/Prob081_7458_ref.sv,52520a46c4bbfca19859a9ed1f7ad4b0de970c0f9aedf7d8fed688013fa7a547,RefModule,17,168,6,0,,1,0,0,,0,0,0,0,1,2026-08-25T21:44:32.712049+00:00
AI benchmark reference RTL,VerilogEval,https://github.com/NVlabs/verilog-eval,c498220d0a52248f8e3fdffe279075215bde2da6,dataset_spec-to-rtl/Prob082_lfsr32_ref.sv,cfe347370987a792745fcc0e2b69f3aae151f144606dc4337c4c14a959259941,RefModule,20,212,9,0,,1,1,1,clk,0,0,0,0,1,2026-08-25T21:44:32.712049+00:00
AI benchmark reference RTL,VerilogEval,https://github.com/NVlabs/verilog-eval,c498220d0a52248f8e3fdffe279075215bde2da6,dataset_spec-to-rtl/Prob083_mt2015_q4b_ref.sv,bc3e16ff3466e559770a931c4f21532e30465c4efe5f2b01f9e101838245eedf,RefModule,7,50,6,0,,1,0,0,,0,0,0,0,1,2026-08-25T21:44:32.712049+00:00
AI benchmark reference RTL,VerilogEval,https://github.com/NVlabs/verilog-eval,c498220d0a52248f8e3fdffe279075215bde2da6,dataset_spec-to-rtl/Prob084_ece241_2013_q12_ref.sv,1ad7a305d588235457ccdff541b1892141c0eb2b9cf23f903d583328f3686d2d,RefModule,16,150,11,0,,1,1,1,clk,0,0,0,0,1,2026-08-25T21:44:32.712049+00:00
AI benchmark reference RTL,VerilogEval,https://github.com/NVlabs/verilog-eval,c498220d0a52248f8e3fdffe279075215bde2da6,dataset_spec-to-rtl/Prob085_shift4_ref.sv,35074d1c6ac73241a4acdcc48712e78e83f571f4016949c7de33c0f6ed3c4564,RefModule,17,158,14,0,,1,1,1,clk,0,0,0,0,1,2026-08-25T21:44:32.712049+00:00
AI benchmark reference RTL,VerilogEval,https://github.com/NVlabs/verilog-eval,c498220d0a52248f8e3fdffe279075215bde2da6,dataset_spec-to-rtl/Prob086_lfsr5_ref.sv,f2e92f3eb73c77bfdcf81b00cbc032cea78d888428e11235c4eae04897d8ac6f,RefModule,18,172,9,0,,1,1,1,clk,0,0,0,0,1,2026-08-25T21:44:32.712049+00:00
AI benchmark reference RTL,VerilogEval,https://github.com/NVlabs/verilog-eval,c498220d0a52248f8e3fdffe279075215bde2da6,dataset_spec-to-rtl/Prob087_gates_ref.sv,fd05947bb790cc30fbc348bd272053377e718611affdd86892a1922edec454f2,RefModule,19,183,6,0,,1,0,0,,0,0,0,0,1,2026-08-25T21:44:32.712049+00:00
AI benchmark reference RTL,VerilogEval,https://github.com/NVlabs/verilog-eval,c498220d0a52248f8e3fdffe279075215bde2da6,dataset_spec-to-rtl/Prob088_ece241_2014_q5b_ref.sv,bb9b731de5e52fabceb4649ec9e7808cba9decd96453c027261bf6bd2eb65aaa,RefModule,20,190,14,0,,1,1,1,clk,0,0,0,0,1,2026-08-25T21:44:32.712049+00:00
AI benchmark reference RTL,VerilogEval,https://github.com/NVlabs/verilog-eval,c498220d0a52248f8e3fdffe279075215bde2da6,dataset_spec-to-rtl/Prob089_ece241_2014_q5a_ref.sv,20bb4160d4b8b0df960e93ff9b92e91ece068747b4c5e291923ecf904b7dd140,RefModule,21,210,14,0,,1,1,1,clk,0,0,0,0,1,2026-08-25T21:44:32.712049+00:00
AI benchmark reference RTL,VerilogEval,https://github.com/NVlabs/verilog-eval,c498220d0a52248f8e3fdffe279075215bde2da6,dataset_spec-to-rtl/Prob090_circuit1_ref.sv,9ed56f8134868536916665f10e183bdb3d931f3d05c3e68607b48c40ef6e020e,RefModule,7,45,5,0,,1,0,0,,0,0,0,0,1,2026-08-25T21:44:32.712049+00:00
AI benchmark reference RTL,VerilogEval,https://github.com/NVlabs/verilog-eval,c498220d0a52248f8e3fdffe279075215bde2da6,dataset_spec-to-rtl/Prob091_2012_q2b_ref.sv,e860212c593a717f8517c2141034dace45baa3bd0c3f0d7e553b54f7200bcb7f,RefModule,9,123,11,0,,1,0,0,,0,0,0,0,1,2026-08-25T21:44:32.712049+00:00
AI benchmark reference RTL,VerilogEval,https://github.com/NVlabs/verilog-eval,c498220d0a52248f8e3fdffe279075215bde2da6,dataset_spec-to-rtl/Prob092_gatesv100_ref.sv,36690beaaf8abb586c82b92a044ede887859ed2d69cbf48ed7b4e889cc8c32b3,RefModule,10,198,9,0,,1,0,0,,0,0,0,0,1,2026-08-25T21:44:32.712049+00:00
AI benchmark reference RTL,VerilogEval,https://github.com/NVlabs/verilog-eval,c498220d0a52248f8e3fdffe279075215bde2da6,dataset_spec-to-rtl/Prob093_ece241_2014_q3_ref.sv,338ff59874541b90c096c9c935cd91a0c98e5b9af4dcbf0d4a76b074b89ffae3,RefModule,10,112,9,0,,1,0,0,,0,0,0,0,1,2026-08-25T21:44:32.712049+00:00
AI benchmark reference RTL,VerilogEval,https://github.com/NVlabs/verilog-eval,c498220d0a52248f8e3fdffe279075215bde2da6,dataset_spec-to-rtl/Prob094_gatesv_ref.sv,5a9bf7d169021df9c52559b115ec3aa89d26f68c3beefa85ed8f0b7a2b01cb0f,RefModule,12,228,9,0,,1,0,0,,0,0,0,0,1,2026-08-25T21:44:32.712049+00:00
AI benchmark reference RTL,VerilogEval,https://github.com/NVlabs/verilog-eval,c498220d0a52248f8e3fdffe279075215bde2da6,dataset_spec-to-rtl/Prob095_review2015_fsmshift_ref.sv,a0926e66cc422a056dcaa0e090a7d43be84aaed96e119e4ba762a78a0c87f84a,RefModule,21,241,8,0,,1,1,1,clk,0,0,0,0,1,2026-08-25T21:44:32.712049+00:00
AI benchmark reference RTL,VerilogEval,https://github.com/NVlabs/verilog-eval,c498220d0a52248f8e3fdffe279075215bde2da6,dataset_spec-to-rtl/Prob096_review2015_fsmseq_ref.sv,0fb569e05f0af10285612204baabc9997637a47106bee5de8c4afc7e4fb4bfbd,RefModule,22,258,10,0,,1,1,1,clk,0,0,0,0,1,2026-08-25T21:44:32.712049+00:00
AI benchmark reference RTL,VerilogEval,https://github.com/NVlabs/verilog-eval,c498220d0a52248f8e3fdffe279075215bde2da6,dataset_spec-to-rtl/Prob097_mux9to1v_ref.sv,a10b25340da2e2672812f18e364dfc1a2d5cfb07630081de665cd2895664f55f,RefModule,28,358,9,0,,1,0,0,,0,0,0,0,1,2026-08-25T21:44:32.712049+00:00
AI benchmark reference RTL,VerilogEval,https://github.com/NVlabs/verilog-eval,c498220d0a52248f8e3fdffe279075215bde2da6,dataset_spec-to-rtl/Prob098_circuit7_ref.sv,cb38f9b572a019c4e5925cf2065d2dd6173dde23c7b8101ebf48ddcaca421ef9,RefModule,8,54,6,0,,1,1,1,clk,0,0,0,0,1,2026-08-25T21:44:32.712049+00:00
AI benchmark reference RTL,VerilogEval,https://github.com/NVlabs/verilog-eval,c498220d0a52248f8e3fdffe279075215bde2da6,dataset_spec-to-rtl/Prob099_m2014_q6c_ref.sv,ae1b704ee3babb1883baedc5632cfaaa2d696f27513435985abc534394e9d233,RefModule,9,123,11,0,,1,0,0,,0,0,0,0,1,2026-08-25T21:44:32.712049+00:00
AI benchmark reference RTL,VerilogEval,https://github.com/NVlabs/verilog-eval,c498220d0a52248f8e3fdffe279075215bde2da6,dataset_spec-to-rtl/Prob100_fsm3comb_ref.sv,d4a2719711748110fc288874c24d0c73a42a3edbc687e0a8aae8c6b7e1665c1e,RefModule,17,205,10,0,,1,0,0,,0,0,0,0,1,2026-08-25T21:44:32.712049+00:00
AI benchmark reference RTL,VerilogEval,https://github.com/NVlabs/verilog-eval,c498220d0a52248f8e3fdffe279075215bde2da6,dataset_spec-to-rtl/Prob101_circuit4_ref.sv,bceb52d9d227b2e42ea82749a7c732373a611021a2bd28c1996210b4ceac777c,RefModule,9,61,5,0,,1,0,0,,0,0,0,0,1,2026-08-25T21:44:32.712049+00:00
AI benchmark reference RTL,VerilogEval,https://github.com/NVlabs/verilog-eval,c498220d0a52248f8e3fdffe279075215bde2da6,dataset_spec-to-rtl/Prob102_circuit3_ref.sv,d8104a89e278f4a7c4f3dc58401bcf8f1d30a24c3d09d26b43685044f43c6130,RefModule,9,75,6,0,,1,0,0,,0,0,0,0,1,2026-08-25T21:44:32.712049+00:00
AI benchmark reference RTL,VerilogEval,https://github.com/NVlabs/verilog-eval,c498220d0a52248f8e3fdffe279075215bde2da6,dataset_spec-to-rtl/Prob103_circuit2_ref.sv,511b67fcdbfc3bde1cbe45b99b618c33dbd439e7108ae601f8ab0de58b2bcce1,RefModule,9,71,7,0,,1,0,0,,0,0,0,0,1,2026-08-25T21:44:32.712049+00:00
AI benchmark reference RTL,VerilogEval,https://github.com/NVlabs/verilog-eval,c498220d0a52248f8e3fdffe279075215bde2da6,dataset_spec-to-rtl/Prob104_mt2015_muxdff_ref.sv,257c3835380c39315cefe2325abc26ac916c4a47423ce2eacb32569add966f1c,RefModule,11,87,8,0,,1,1,1,clk,0,0,0,0,1,2026-08-25T21:44:32.712049+00:00
AI benchmark reference RTL,VerilogEval,https://github.com/NVlabs/verilog-eval,c498220d0a52248f8e3fdffe279075215bde2da6,dataset_spec-to-rtl/Prob105_rotate100_ref.sv,20e49d5acbe2ec4a90074e17e9aabd0305bd4e32922df8f712c898a3e842a1b8,RefModule,16,199,15,0,,1,1,1,clk,0,0,0,0,1,2026-08-25T21:44:32.712049+00:00
AI benchmark reference RTL,VerilogEval,https://github.com/NVlabs/verilog-eval,c498220d0a52248f8e3fdffe279075215bde2da6,dataset_spec-to-rtl/Prob106_always_nolatches_ref.sv,c224ca40684f97dd739096b361e1d85155a07ae5faf9548c12575d6f0f347ad6,RefModule,17,152,9,0,,1,0,0,,0,0,0,0,1,2026-08-25T21:44:32.712049+00:00
AI benchmark reference RTL,VerilogEval,https://github.com/NVlabs/verilog-eval,c498220d0a52248f8e3fdffe279075215bde2da6,dataset_spec-to-rtl/Prob107_fsm1s_ref.sv,1d8b86049ccf6097e33d0b8f9aefb0c387e8e6eb5405c00e380ab10ece0fab0d,RefModule,21,182,10,0,,1,1,1,clk,0,0,0,0,1,2026-08-25T21:44:32.712049+00:00
AI benchmark reference RTL,VerilogEval,https://github.com/NVlabs/verilog-eval,c498220d0a52248f8e3fdffe279075215bde2da6,dataset_spec-to-rtl/Prob108_rule90_ref.sv,65419cbb139b74225b3d35c2c5c054034d082de3f5f9c00b7bb79d0b48d845db,RefModule,14,160,20,0,,1,1,1,clk,0,0,0,0,1,2026-08-25T21:44:32.712049+00:00
AI benchmark reference RTL,VerilogEval,https://github.com/NVlabs/verilog-eval,c498220d0a52248f8e3fdffe279075215bde2da6,dataset_spec-to-rtl/Prob109_fsm1_ref.sv,ce88cef46ddad703f97411a5528fc3515a7fd6a008b06b485dda6cb4cd9f59b5,RefModule,21,188,10,0,,1,1,1,clk,0,0,0,0,1,2026-08-25T21:44:32.712049+00:00
AI benchmark reference RTL,VerilogEval,https://github.com/NVlabs/verilog-eval,c498220d0a52248f8e3fdffe279075215bde2da6,dataset_spec-to-rtl/Prob110_fsm2_ref.sv,6971540f20cfd7d212f76470f91469ccc24dae102e62a387b8aabef10a98b9b4,RefModule,22,196,10,0,,1,1,1,clk,0,0,0,0,1,2026-08-25T21:44:32.712049+00:00
AI benchmark reference RTL,VerilogEval,https://github.com/NVlabs/verilog-eval,c498220d0a52248f8e3fdffe279075215bde2da6,dataset_spec-to-rtl/Prob111_fsm2s_ref.sv,780259ce81e0cdd77a9222c7a0fd43775643e1a2d0a98b37185cadff0bf446ae,RefModule,22,190,10,0,,1,1,1,clk,0,0,0,0,1,2026-08-25T21:44:32.712049+00:00
AI benchmark reference RTL,VerilogEval,https://github.com/NVlabs/verilog-eval,c498220d0a52248f8e3fdffe279075215bde2da6,dataset_spec-to-rtl/Prob112_always_case2_ref.sv,1381f5ab0ed243628965c0d2c89bd792f0455a6c9a8e3b113fa380e2590e94ec,RefModule,26,331,9,0,,1,0,0,,0,0,0,0,1,2026-08-25T21:44:32.712049+00:00
AI benchmark reference RTL,VerilogEval,https://github.com/NVlabs/verilog-eval,c498220d0a52248f8e3fdffe279075215bde2da6,dataset_spec-to-rtl/Prob113_2012_q1g_ref.sv,239672bcaa22524d777b1fa180695033550e19a10990aaeb47319673cc318892,RefModule,25,270,9,0,,1,0,0,,0,0,0,0,1,2026-08-25T21:44:32.712049+00:00
AI benchmark reference RTL,VerilogEval,https://github.com/NVlabs/verilog-eval,c498220d0a52248f8e3fdffe279075215bde2da6,dataset_spec-to-rtl/Prob114_bugs_case_ref.sv,97aaf43498481511ccc8ca815b33703d0e9a41a732cd36af420cd26083b4db4e,RefModule,23,237,9,0,,1,0,0,,0,0,0,0,1,2026-08-25T21:44:32.712049+00:00
AI benchmark reference RTL,VerilogEval,https://github.com/NVlabs/verilog-eval,c498220d0a52248f8e3fdffe279075215bde2da6,dataset_spec-to-rtl/Prob115_shift18_ref.sv,e477ab1ff3a1f29bea20089690d7944606c863bb3347e373a31b96feb421aa64,RefModule,20,287,17,0,,1,1,1,clk,0,0,0,0,1,2026-08-25T21:44:32.712049+00:00
AI benchmark reference RTL,VerilogEval,https://github.com/NVlabs/verilog-eval,c498220d0a52248f8e3fdffe279075215bde2da6,dataset_spec-to-rtl/Prob116_m2014_q3_ref.sv,71fc30b8d528205b1d97db9c6c0eeec7f936dbda016ab7a4a0e28ad80533988d,RefModule,25,284,9,0,,1,0,0,,0,0,0,0,1,2026-08-25T21:44:32.712049+00:00
AI benchmark reference RTL,VerilogEval,https://github.com/NVlabs/verilog-eval,c498220d0a52248f8e3fdffe279075215bde2da6,dataset_spec-to-rtl/Prob117_circuit9_ref.sv,4cac8fde1519b37da67a5761b3be4b8a3036ec0c0a5f3af8ff9b467c3fb0d79f,RefModule,13,108,10,0,,1,1,1,clk,0,0,0,0,1,2026-08-25T21:44:32.712049+00:00
AI benchmark reference RTL,VerilogEval,https://github.com/NVlabs/verilog-eval,c498220d0a52248f8e3fdffe279075215bde2da6,dataset_spec-to-rtl/Prob118_history_shift_ref.sv,d12c500ae7ce613237d33f611f5339c9673c2f4ad0b61b3de4d2677efec05c00,RefModule,20,180,12,0,,1,1,1,clk,0,0,0,0,1,2026-08-25T21:44:32.712049+00:00
AI benchmark reference RTL,VerilogEval,https://github.com/NVlabs/verilog-eval,c498220d0a52248f8e3fdffe279075215bde2da6,dataset_spec-to-rtl/Prob119_fsm3_ref.sv,d5bb13b70966b6608ec015e2db06e0e346d39954cc6566bf03497d89128e7c6d,RefModule,23,264,10,0,,1,1,1,clk,0,0,0,0,1,2026-08-25T21:44:32.712049+00:00
AI benchmark reference RTL,VerilogEval,https://github.com/NVlabs/verilog-eval,c498220d0a52248f8e3fdffe279075215bde2da6,dataset_spec-to-rtl/Prob120_fsm3s_ref.sv,298b3f24aedd73776017b86b1a50f48d8a45fe314eda28204a31ae30a46462dc,RefModule,23,258,10,0,,1,1,1,clk,0,0,0,0,1,2026-08-25T21:44:32.712049+00:00
AI benchmark reference RTL,VerilogEval,https://github.com/NVlabs/verilog-eval,c498220d0a52248f8e3fdffe279075215bde2da6,dataset_spec-to-rtl/Prob121_2014_q3bfsm_ref.sv,b990b318e05e2ecb38de41b928533ec10ac3b2648b7ddd4149f97bbc69b4c63b,RefModule,24,295,10,0,,1,1,1,clk,0,0,0,0,1,2026-08-25T21:44:32.712049+00:00
AI benchmark reference RTL,VerilogEval,https://github.com/NVlabs/verilog-eval,c498220d0a52248f8e3fdffe279075215bde2da6,dataset_spec-to-rtl/Prob122_kmap4_ref.sv,4094b301b666c925eb833a38df14836c24f6e90f56d1903a4c3db1e4a6c6d01e,RefModule,28,302,8,0,,1,0,0,,0,0,0,0,1,2026-08-25T21:44:32.712049+00:00
AI benchmark reference RTL,VerilogEval,https://github.com/NVlabs/verilog-eval,c498220d0a52248f8e3fdffe279075215bde2da6,dataset_spec-to-rtl/Prob123_bugs_addsubz_ref.sv,7669a9ce6ae5f5ab094ac215fd29f6891733813ad143488ea3daa22c7477a649,RefModule,15,143,9,0,,1,0,0,,0,0,0,0,1,2026-08-25T21:44:32.712049+00:00
AI benchmark reference RTL,VerilogEval,https://github.com/NVlabs/verilog-eval,c498220d0a52248f8e3fdffe279075215bde2da6,dataset_spec-to-rtl/Prob124_rule110_ref.sv,c95a474c70bb071b1b8adc0c23a86822928a2c7cb20fde28b8e48cd6a19aad81,RefModule,18,382,26,0,,1,1,1,clk,0,0,0,0,1,2026-08-25T21:44:32.712049+00:00
AI benchmark reference RTL,VerilogEval,https://github.com/NVlabs/verilog-eval,c498220d0a52248f8e3fdffe279075215bde2da6,dataset_spec-to-rtl/Prob125_kmap3_ref.sv,6107e4bf0de50f7d2f3856331c2df2cbf0b84baf776e0213774b0c7caacd340c,RefModule,28,308,8,0,,1,0,0,,0,0,0,0,1,2026-08-25T21:44:32.712049+00:00
AI benchmark reference RTL,VerilogEval,https://github.com/NVlabs/verilog-eval,c498220d0a52248f8e3fdffe279075215bde2da6,dataset_spec-to-rtl/Prob126_circuit6_ref.sv,d169f6f498141715387a5c30198f9167a62785b7cea08af043bfe587951134e9,RefModule,16,155,9,0,,1,0,0,,0,0,0,0,1,2026-08-25T21:44:32.712049+00:00
AI benchmark reference RTL,VerilogEval,https://github.com/NVlabs/verilog-eval,c498220d0a52248f8e3fdffe279075215bde2da6,dataset_spec-to-rtl/Prob127_lemmings1_ref.sv,92c8b0e80f637209925cea25d328f114857342e50f04494e2b01177cfb91181d,RefModule,24,220,10,0,,1,1,1,clk,0,0,0,0,1,2026-08-25T21:44:32.712049+00:00
AI benchmark reference RTL,VerilogEval,https://github.com/NVlabs/verilog-eval,c498220d0a52248f8e3fdffe279075215bde2da6,dataset_spec-to-rtl/Prob128_fsm_ps2_ref.sv,88fd53ff936047b70a0407ec1c4eb55d74d05a80ef4fa45997a288daae8d4d6d,RefModule,24,267,10,0,,1,1,1,clk,0,0,0,0,1,2026-08-25T21:44:32.712049+00:00
AI benchmark reference RTL,VerilogEval,https://github.com/NVlabs/verilog-eval,c498220d0a52248f8e3fdffe279075215bde2da6,dataset_spec-to-rtl/Prob129_ece241_2013_q8_ref.sv,ec3cb4240ae0cccc86355da25ec423cb4375ff93764e24a9cc8f7112c6199a20,RefModule,30,276,10,0,,1,1,1,clk,0,0,0,0,1,2026-08-25T21:44:32.712049+00:00
AI benchmark reference RTL,VerilogEval,https://github.com/NVlabs/verilog-eval,c498220d0a52248f8e3fdffe279075215bde2da6,dataset_spec-to-rtl/Prob130_circuit5_ref.sv,ff30762866bbad676b81e88155ccfa397eb716030369dbb7e9f330a1e6e24867,RefModule,17,192,9,0,,1,0,0,,0,0,0,0,1,2026-08-25T21:44:32.712049+00:00
AI benchmark reference RTL,VerilogEval,https://github.com/NVlabs/verilog-eval,c498220d0a52248f8e3fdffe279075215bde2da6,dataset_spec-to-rtl/Prob131_mt2015_q4_ref.sv,66766f4d76de82a4304bb779e84e53a7410f1f9389abe32e4758a5200bccf2bd,RefModule,7,47,5,0,,1,0,0,,0,0,0,0,1,2026-08-25T21:44:32.712049+00:00
AI benchmark reference RTL,VerilogEval,https://github.com/NVlabs/verilog-eval,c498220d0a52248f8e3fdffe279075215bde2da6,dataset_spec-to-rtl/Prob132_always_if2_ref.sv,5d7b5e97e5f038c0c13d3f06634095f23b50b946223ee7ec398483e0a74dc36e,RefModule,20,128,8,0,,1,0,0,,0,0,0,0,1,2026-08-25T21:44:32.712049+00:00
AI benchmark reference RTL,VerilogEval,https://github.com/NVlabs/verilog-eval,c498220d0a52248f8e3fdffe279075215bde2da6,dataset_spec-to-rtl/Prob133_2014_q3fsm_ref.sv,3c52c08d38debcd7e09092f2e7cf82e0497e058a9584ece479d1c3a4957afef1,RefModule,28,367,10,0,,1,1,1,clk,0,0,0,0,1,2026-08-25T21:44:32.712049+00:00
AI benchmark reference RTL,VerilogEval,https://github.com/NVlabs/verilog-eval,c498220d0a52248f8e3fdffe279075215bde2da6,dataset_spec-to-rtl/Prob134_2014_q3c_ref.sv,e8f7dd4d8b139ada2d4bd2a1881772e7a76815539909f4f5e8e279c0e4b011a1,RefModule,31,337,9,0,,1,0,0,,0,0,0,0,1,2026-08-25T21:44:32.712049+00:00
AI benchmark reference RTL,VerilogEval,https://github.com/NVlabs/verilog-eval,c498220d0a52248f8e3fdffe279075215bde2da6,dataset_spec-to-rtl/Prob135_m2014_q6b_ref.sv,1982076dae0458a47cf365dee5d2a052fe2a2368de3799a4a0bb9dbdb4d6d9ee,RefModule,23,265,9,0,,1,0,0,,0,0,0,0,1,2026-08-25T21:44:32.712049+00:00
AI benchmark reference RTL,VerilogEval,https://github.com/NVlabs/verilog-eval,c498220d0a52248f8e3fdffe279075215bde2da6,dataset_spec-to-rtl/Prob136_m2014_q6_ref.sv,0ff92e703252cea2b8e21cadb9abd43ac5705285093588482ed484195432bd05,RefModule,26,317,10,0,,1,1,1,clk,0,0,0,0,1,2026-08-25T21:44:32.712049+00:00
AI benchmark reference RTL,VerilogEval,https://github.com/NVlabs/verilog-eval,c498220d0a52248f8e3fdffe279075215bde2da6,dataset_spec-to-rtl/Prob137_fsm_serial_ref.sv,5344c780c84e0360c6a5d86963b22ce411db7dbdb14058cc949fe0bdc76ffd4b,RefModule,31,410,10,0,,1,1,1,clk,0,0,0,0,1,2026-08-25T21:44:32.712049+00:00
AI benchmark reference RTL,VerilogEval,https://github.com/NVlabs/verilog-eval,c498220d0a52248f8e3fdffe279075215bde2da6,dataset_spec-to-rtl/Prob138_2012_q2fsm_ref.sv,d4fc98953061961badc2b9fae62831f301f986b6ba1a963ece1c183ad4cd7808,RefModule,24,320,10,0,,1,1,1,clk,0,0,0,0,1,2026-08-25T21:44:32.712049+00:00
AI benchmark reference RTL,VerilogEval,https://github.com/NVlabs/verilog-eval,c498220d0a52248f8e3fdffe279075215bde2da6,dataset_spec-to-rtl/Prob139_2013_q2bfsm_ref.sv,402d30bac3c3565f2b88cf78d76f8a80f0469df5594ffd2e8fac39f4008e0806,RefModule,31,416,10,0,,1,1,1,clk,0,0,0,0,1,2026-08-25T21:44:32.712049+00:00
AI benchmark reference RTL,VerilogEval,https://github.com/NVlabs/verilog-eval,c498220d0a52248f8e3fdffe279075215bde2da6,dataset_spec-to-rtl/Prob140_fsm_hdlc_ref.sv,3479ed45a237f4997354f47f7ac7fabd149346dcea6da5be7e6bfb9fd0c3453c,RefModule,30,458,11,0,,1,1,1,clk,0,0,0,0,1,2026-08-25T21:44:32.712049+00:00
AI benchmark reference RTL,VerilogEval,https://github.com/NVlabs/verilog-eval,c498220d0a52248f8e3fdffe279075215bde2da6,dataset_spec-to-rtl/Prob141_count_clock_ref.sv,f5a25764de883c636b06856ea7e6a4628c1c5b69b004025da10e3ae205adcac4,RefModule,36,965,16,0,,1,1,1,clk,0,0,0,0,1,2026-08-25T21:44:32.712049+00:00
AI benchmark reference RTL,VerilogEval,https://github.com/NVlabs/verilog-eval,c498220d0a52248f8e3fdffe279075215bde2da6,dataset_spec-to-rtl/Prob142_lemmings2_ref.sv,d12d0d89d1ca10c260297a0b5e01e619272eb817d3aa18da9528008d9a34db70,RefModule,29,363,12,0,,1,1,1,clk,0,0,0,0,1,2026-08-25T21:44:32.712049+00:00
AI benchmark reference RTL,VerilogEval,https://github.com/NVlabs/verilog-eval,c498220d0a52248f8e3fdffe279075215bde2da6,dataset_spec-to-rtl/Prob143_fsm_onehot_ref.sv,713dafd41effad29c326f7e3592115be3394a9de809f5849cbe349add87219f1,RefModule,20,448,12,0,,1,0,0,,0,0,0,0,1,2026-08-25T21:44:32.712049+00:00
AI benchmark reference RTL,VerilogEval,https://github.com/NVlabs/verilog-eval,c498220d0a52248f8e3fdffe279075215bde2da6,dataset_spec-to-rtl/Prob144_conwaylife_ref.sv,ae55a613d8532489d5643a6b72f462da5dda4b6d10838de2f3c09dfc7a8c1820,RefModule,29,735,31,1,DiagCode(MisleadingIndentation),1,1,1,clk,0,0,0,0,1,2026-08-25T21:44:32.712049+00:00
AI benchmark reference RTL,VerilogEval,https://github.com/NVlabs/verilog-eval,c498220d0a52248f8e3fdffe279075215bde2da6,dataset_spec-to-rtl/Prob145_circuit8_ref.sv,fe08ece4bcb44739f21976e1371936460bdad7b5e97583a01e605460895ce392,RefModule,12,84,6,0,,1,1,1,clock,0,0,0,0,1,2026-08-25T21:44:32.712049+00:00
AI benchmark reference RTL,VerilogEval,https://github.com/NVlabs/verilog-eval,c498220d0a52248f8e3fdffe279075215bde2da6,dataset_spec-to-rtl/Prob146_fsm_serialdata_ref.sv,530a38bea8b90455f64bf9cf022b417e02dbdbe7ef2a5bfa61a7c3c38f52f208,RefModule,37,511,10,0,,1,1,1,clk,0,0,0,0,1,2026-08-25T21:44:32.712049+00:00
AI benchmark reference RTL,VerilogEval,https://github.com/NVlabs/verilog-eval,c498220d0a52248f8e3fdffe279075215bde2da6,dataset_spec-to-rtl/Prob147_circuit10_ref.sv,2dcf39be47b8847f2e6a831112633d3a917efd2ba45268488155a0d27dc8c9b7,RefModule,13,120,8,0,,1,1,1,clk,0,0,0,0,1,2026-08-25T21:44:32.712049+00:00
AI benchmark reference RTL,VerilogEval,https://github.com/NVlabs/verilog-eval,c498220d0a52248f8e3fdffe279075215bde2da6,dataset_spec-to-rtl/Prob148_2013_q2afsm_ref.sv,8d9517c9f3e10906de5849675419e92605b04ead1a1b74b0df6a7785ff5197d6,RefModule,28,423,16,0,,1,1,1,clk,0,0,0,0,1,2026-08-25T21:44:32.712049+00:00
AI benchmark reference RTL,VerilogEval,https://github.com/NVlabs/verilog-eval,c498220d0a52248f8e3fdffe279075215bde2da6,dataset_spec-to-rtl/Prob149_ece241_2013_q4_ref.sv,e31ed6b179de4a33384b70182dc83a894ba4db0da08ab72945f3dd6f60788e06,RefModule,40,588,16,0,,1,1,1,clk,0,0,0,0,1,2026-08-25T21:44:32.712049+00:00
AI benchmark reference RTL,VerilogEval,https://github.com/NVlabs/verilog-eval,c498220d0a52248f8e3fdffe279075215bde2da6,dataset_spec-to-rtl/Prob150_review2015_fsmonehot_ref.sv,8c98048c249e46db3a8f2f1ea48633e73b96a61428e5d3b0c57b3f22adcb83d9,RefModule,24,406,10,0,,1,0,0,,0,0,0,0,1,2026-08-25T21:44:32.712049+00:00
AI benchmark reference RTL,VerilogEval,https://github.com/NVlabs/verilog-eval,c498220d0a52248f8e3fdffe279075215bde2da6,dataset_spec-to-rtl/Prob151_review2015_fsm_ref.sv,d3fc9c0014ed8345665a3b2b429e63ffd383ab7e3f9ae9096c122f78f1b2c00d,RefModule,46,569,12,0,,1,1,1,clk,0,0,0,0,1,2026-08-25T21:44:32.712049+00:00
AI benchmark reference RTL,VerilogEval,https://github.com/NVlabs/verilog-eval,c498220d0a52248f8e3fdffe279075215bde2da6,dataset_spec-to-rtl/Prob152_lemmings3_ref.sv,5c906d944feb771b438f3caa560deb964cc6b1cff178ff6ba7f7d4a3a2ebf6b0,RefModule,41,532,13,0,,1,1,1,clk,0,0,0,0,1,2026-08-25T21:44:32.712049+00:00
AI benchmark reference RTL,VerilogEval,https://github.com/NVlabs/verilog-eval,c498220d0a52248f8e3fdffe279075215bde2da6,dataset_spec-to-rtl/Prob153_gshare_ref.sv,12d54877b5d0a2e71bc084cbc79c8b68363d2a739b073969f7e2221da6b38a98,RefModule,39,605,18,0,,1,1,1,clk,0,0,0,0,1,2026-08-25T21:44:32.712049+00:00
AI benchmark reference RTL,VerilogEval,https://github.com/NVlabs/verilog-eval,c498220d0a52248f8e3fdffe279075215bde2da6,dataset_spec-to-rtl/Prob154_fsm_ps2data_ref.sv,366c2db7618fb43718229b1ed4d5e65a948566a7be6945f99a9160bde7a2df6a,RefModule,29,354,10,0,,1,1,1,clk,0,0,0,0,1,2026-08-25T21:44:32.712049+00:00
AI benchmark reference RTL,VerilogEval,https://github.com/NVlabs/verilog-eval,c498220d0a52248f8e3fdffe279075215bde2da6,dataset_spec-to-rtl/Prob155_lemmings4_ref.sv,a238a1a879b4b4213bedf9bb47a23ece031df6a3d9cb836c5c42769141ae522c,RefModule,51,673,13,0,,1,1,1,clk,0,0,0,0,1,2026-08-25T21:44:32.712049+00:00
AI benchmark reference RTL,VerilogEval,https://github.com/NVlabs/verilog-eval,c498220d0a52248f8e3fdffe279075215bde2da6,dataset_spec-to-rtl/Prob156_review2015_fancytimer_ref.sv,78880798ded59a844303b26057a9bc891242d41b81fb3bc6b8c17e149af4c604,RefModule,63,811,12,0,,1,1,1,clk,0,0,0,0,1,2026-08-25T21:44:32.712049+00:00
Production-oriented open RTL,BlackParrot,https://github.com/black-parrot/black-parrot,f91010f654a5dfd00f83dbe25dbda482218d540b,bp_be/src/v/bp_be_calculator/bp_be_calculator_top.sv,06824501cf1f0991bdd31b72b963f98c09d512fe287a275732ab5d6c8811cbce,bp_be_calculator_top,468,6511,15,16,DiagCode(CouldNotOpenIncludeFile);DiagCode(ExpectedExpression);DiagCode(UnknownDirective),1,0,0,,0,18,10,0,4,2026-08-25T21:44:32.712049+00:00
Production-oriented open RTL,BlackParrot,https://github.com/black-parrot/black-parrot,f91010f654a5dfd00f83dbe25dbda482218d540b,bp_be/src/v/bp_be_calculator/bp_be_csr.sv,b75524ac5464893e876bc30ea684e08a887d2489739d71bfbf42290d31036adc,bp_be_csr,609,7721,21,221,DiagCode(CouldNotOpenIncludeFile);DiagCode(ExpectedCaseItem);DiagCode(ExpectedExpression);DiagCode(ExpectedToken);DiagCode(MisplacedTrailingSeparator);DiagCode(UnknownDirective),1,0,0,,0,7,0,0,1,2026-08-25T21:44:32.712049+00:00
Production-oriented open RTL,BlackParrot,https://github.com/black-parrot/black-parrot,f91010f654a5dfd00f83dbe25dbda482218d540b,bp_be/src/v/bp_be_calculator/bp_be_fp_box.sv,ab2e4bfed88b480d9402c863b1e68a207fcbc996fd8f553b9c60217b4d9770f5,bp_be_fp_box,50,665,15,7,DiagCode(CouldNotOpenIncludeFile);DiagCode(ExpectedExpression);DiagCode(UnknownDirective),1,0,0,,0,2,0,0,1,2026-08-25T21:44:32.712049+00:00
Production-oriented open RTL,BlackParrot,https://github.com/black-parrot/black-parrot,f91010f654a5dfd00f83dbe25dbda482218d540b,bp_be/src/v/bp_be_calculator/bp_be_fp_rebox.sv,3df455b5512e1d65d5d81779379dc0587d93930befdf89d887c1bbb6694e4874,bp_be_fp_rebox,49,574,15,8,DiagCode(CouldNotOpenIncludeFile);DiagCode(ExpectedExpression);DiagCode(UnknownDirective),1,0,0,,0,1,0,0,1,2026-08-25T21:44:32.712049+00:00
Production-oriented open RTL,BlackParrot,https://github.com/black-parrot/black-parrot,f91010f654a5dfd00f83dbe25dbda482218d540b,bp_be/src/v/bp_be_calculator/bp_be_fp_unbox.sv,50fd38b87ceebe6f99fbe888ff695e5d9a94de49c8cfe1dc4825b928b49d3e9d,bp_be_fp_unbox,50,611,15,7,DiagCode(CouldNotOpenIncludeFile);DiagCode(ExpectedExpression);DiagCode(UnknownDirective),1,0,0,,0,2,0,0,1,2026-08-25T21:44:32.712049+00:00
Production-oriented open RTL,BlackParrot,https://github.com/black-parrot/black-parrot,f91010f654a5dfd00f83dbe25dbda482218d540b,bp_be/src/v/bp_be_calculator/bp_be_int_box.sv,98c82b79b6f8a6fce9a5335449d810829c074be32677bc85169778502edc0c58,bp_be_int_box,27,273,15,4,DiagCode(CouldNotOpenIncludeFile);DiagCode(UnknownDirective),1,0,0,,0,0,0,0,1,2026-08-25T21:44:32.712049+00:00
Production-oriented open RTL,BlackParrot,https://github.com/black-parrot/black-parrot,f91010f654a5dfd00f83dbe25dbda482218d540b,bp_be/src/v/bp_be_calculator/bp_be_int_unbox.sv,04b46f16183382578fd52920787aa4300e52d7f244ab167205bcd220456b39db,bp_be_int_unbox,38,963,15,4,DiagCode(CouldNotOpenIncludeFile);DiagCode(UnknownDirective),1,0,0,,0,0,0,0,1,2026-08-25T21:44:32.712049+00:00
Production-oriented open RTL,BlackParrot,https://github.com/black-parrot/black-parrot,f91010f654a5dfd00f83dbe25dbda482218d540b,bp_be/src/v/bp_be_calculator/bp_be_pipe_aux.sv,818038dbf067ef33cb7db0197af67e53318fe09c00302ac5cd5a5229257097c5,bp_be_pipe_aux,289,3398,17,10,DiagCode(CouldNotOpenIncludeFile);DiagCode(ExpectedExpression);DiagCode(UnknownDirective),1,0,0,,0,11,5,0,2,2026-08-25T21:44:32.712049+00:00
Production-oriented open RTL,BlackParrot,https://github.com/black-parrot/black-parrot,f91010f654a5dfd00f83dbe25dbda482218d540b,bp_be/src/v/bp_be_calculator/bp_be_pipe_fma.sv,3687d1c15ba069f6d1766692fc3f837ce4aa543c46edcb755b838f449a0a3d55,bp_be_pipe_fma,172,2192,14,8,DiagCode(CouldNotOpenIncludeFile);DiagCode(ExpectedExpression);DiagCode(UnknownDirective),1,0,0,,0,10,2,0,2,2026-08-25T21:44:32.712049+00:00
Production-oriented open RTL,BlackParrot,https://github.com/black-parrot/black-parrot,f91010f654a5dfd00f83dbe25dbda482218d540b,bp_be/src/v/bp_be_calculator/bp_be_pipe_int.sv,2a1e30619931e64e6c0801679614bc777e17c4b476e036226abe33b4267ac109,bp_be_pipe_int,142,2255,12,14,DiagCode(CouldNotOpenIncludeFile);DiagCode(ExpectedExpression);DiagCode(UnknownDirective),1,0,0,,0,4,1,0,2,2026-08-25T21:44:32.712049+00:00
Production-oriented open RTL,BlackParrot,https://github.com/black-parrot/black-parrot,f91010f654a5dfd00f83dbe25dbda482218d540b,bp_be/src/v/bp_be_calculator/bp_be_pipe_long.sv,f39a6c1fbcd9a78f1f6710ef6af479a3c71f2b6abb4384c24e1337d54804fbd7,bp_be_pipe_long,207,2611,14,10,DiagCode(CouldNotOpenIncludeFile);DiagCode(ExpectedExpression);DiagCode(UnknownDirective),1,0,0,,0,9,2,0,2,2026-08-25T21:44:32.712049+00:00
Production-oriented open RTL,BlackParrot,https://github.com/black-parrot/black-parrot,f91010f654a5dfd00f83dbe25dbda482218d540b,bp_be/src/v/bp_be_calculator/bp_be_pipe_mem.sv,c7c84fee989a346164a3799d69702e3dc966ef6322dde97f4694e9f3b24a20bd,bp_be_pipe_mem,308,3376,12,17,DiagCode(CouldNotOpenIncludeFile);DiagCode(ExpectedExpression);DiagCode(UnknownDirective),1,0,0,,0,11,4,0,3,2026-08-25T21:44:32.712049+00:00
Production-oriented open RTL,BlackParrot,https://github.com/black-parrot/black-parrot,f91010f654a5dfd00f83dbe25dbda482218d540b,bp_be/src/v/bp_be_calculator/bp_be_pipe_sys.sv,8c661a8e37f51e56abf772d44e4434ebc071dc57553b509d28787bf06700eaa7,bp_be_pipe_sys,145,1837,11,18,DiagCode(CouldNotOpenIncludeFile);DiagCode(ExpectedExpression);DiagCode(UnknownDirective),1,1,1,clk_i,0,1,1,0,2,2026-08-25T21:44:32.712049+00:00
Production-oriented open RTL,BlackParrot,https://github.com/black-parrot/black-parrot,f91010f654a5dfd00f83dbe25dbda482218d540b,bp_be/src/v/bp_be_calculator/bp_be_ptw.sv,9217e249cf6f5012c7317c3523f1a2cee0e58269217329198300cae0ee7f548c,bp_be_ptw,153,2511,15,24,DiagCode(CouldNotOpenIncludeFile);DiagCode(ExpectedExpression);DiagCode(ExpectedIdentifier);DiagCode(UnknownDirective),1,1,1,clk_i,0,2,0,0,1,2026-08-25T21:44:32.712049+00:00
Production-oriented open RTL,BlackParrot,https://github.com/black-parrot/black-parrot,f91010f654a5dfd00f83dbe25dbda482218d540b,bp_be/src/v/bp_be_calculator/bp_be_rec_to_raw.sv,7a05bf355ba4737c8e64a232da024a59168be36a60f595da406c3312044642c6,bp_be_rec_to_raw,40,578,11,5,DiagCode(CouldNotOpenIncludeFile);DiagCode(UnknownDirective),1,0,0,,0,2,0,0,1,2026-08-25T21:44:32.712049+00:00
Production-oriented open RTL,BlackParrot,https://github.com/black-parrot/black-parrot,f91010f654a5dfd00f83dbe25dbda482218d540b,bp_be/src/v/bp_be_calculator/bp_be_reservation.sv,694cf01e8a6e9ef4ed35689b36cc2eb583392ce88a4d064fcb07fbf52a3f5065,bp_be_reservation,96,917,10,7,DiagCode(CouldNotOpenIncludeFile);DiagCode(UnknownDirective),1,0,0,,0,6,5,0,2,2026-08-25T21:44:32.712049+00:00
Production-oriented open RTL,BlackParrot,https://github.com/black-parrot/black-parrot,f91010f654a5dfd00f83dbe25dbda482218d540b,bp_be/src/v/bp_be_checker/bp_be_cmd_queue.sv,25d9246f93ae81c814ee1e35e12841832e29c544480f02c4ba7aa43e00ce8573,bp_be_cmd_queue,56,581,10,7,DiagCode(CouldNotOpenIncludeFile);DiagCode(ExpectedExpression);DiagCode(UnknownDirective),1,0,0,,0,2,0,0,1,2026-08-25T21:44:32.712049+00:00
Production-oriented open RTL,BlackParrot,https://github.com/black-parrot/black-parrot,f91010f654a5dfd00f83dbe25dbda482218d540b,bp_be/src/v/bp_be_checker/bp_be_detector.sv,f04255f5d37666542072e7daa5c041969de847058e8e52d963fe80b405916e52,bp_be_detector,213,4208,18,9,DiagCode(CouldNotOpenIncludeFile);DiagCode(UnknownDirective),1,1,1,clk_i,0,2,2,0,2,2026-08-25T21:44:32.712049+00:00
Production-oriented open RTL,BlackParrot,https://github.com/black-parrot/black-parrot,f91010f654a5dfd00f83dbe25dbda482218d540b,bp_be/src/v/bp_be_checker/bp_be_director.sv,b8e6f02aab8367bee77354312f9dcbe1277b7065b156c51df79e61054af70630,bp_be_director,215,2335,28,14,DiagCode(CouldNotOpenIncludeFile);DiagCode(ExpectedExpression);DiagCode(UnknownDirective),1,1,1,clk_i,0,3,1,0,2,2026-08-25T21:44:32.712049+00:00
Production-oriented open RTL,BlackParrot,https://github.com/black-parrot/black-parrot,f91010f654a5dfd00f83dbe25dbda482218d540b,bp_be/src/v/bp_be_checker/bp_be_expander.sv,daceb652d49764ad688e6131790fbf8212d91f63944a3b5c90848b0bbd56ca02,bp_be_expander,86,1670,17,173,DiagCode(CouldNotOpenIncludeFile);DiagCode(ExpectedCaseItem);DiagCode(ExpectedExpression);DiagCode(ExpectedToken);DiagCode(UnknownDirective),1,0,0,,0,0,0,0,1,2026-08-25T21:44:32.712049+00:00
Production-oriented open RTL,BlackParrot,https://github.com/black-parrot/black-parrot,f91010f654a5dfd00f83dbe25dbda482218d540b,bp_be/src/v/bp_be_checker/bp_be_instr_decoder.sv,6ebc0ac203f376fc4ff3069d34bce0d13e0d3375fecab8ab1c3bee04f12aed70,bp_be_instr_decoder,487,5326,11,1254,DiagCode(CouldNotOpenIncludeFile);DiagCode(EndNameNotEmpty);DiagCode(ExpectedCaseItem);DiagCode(ExpectedDeclarator);DiagCode(ExpectedExpression);DiagCode(ExpectedIdentifier);DiagCode(ExpectedMember);DiagCode(MisplacedTrailingSeparator);DiagCode(NonStandardGenBlock);DiagCode(UnexpectedEndDelim);DiagCode(UnknownDirective),0,0,0,,0,0,0,0,1,2026-08-25T21:44:32.712049+00:00
Production-oriented open RTL,BlackParrot,https://github.com/black-parrot/black-parrot,f91010f654a5dfd00f83dbe25dbda482218d540b,bp_be/src/v/bp_be_checker/bp_be_issue_queue.sv,2cee4a9fd316221ed2cea27b94ad8676cda4e9c9fe59271ad15af921b1836f70,bp_be_issue_queue,242,3067,13,73,DiagCode(CouldNotOpenIncludeFile);DiagCode(EndNameNotEmpty);DiagCode(ExpectedCaseItem);DiagCode(ExpectedExpression);DiagCode(ExpectedIdentifier);DiagCode(ExpectedStatement);DiagCode(ExpectedToken);DiagCode(MisplacedTrailingSeparator);DiagCode(UnexpectedEndDelim);DiagCode(UnknownDirective),0,0,0,,0,8,2,0,2,2026-08-25T21:44:32.712049+00:00
Production-oriented open RTL,BlackParrot,https://github.com/black-parrot/black-parrot,f91010f654a5dfd00f83dbe25dbda482218d540b,bp_be/src/v/bp_be_checker/bp_be_regfile.sv,ca828d86d61542bddc59f867238cdaa862f11d741b7fecb788f1018cb661312a,bp_be_regfile,110,1364,13,10,DiagCode(CouldNotOpenIncludeFile);DiagCode(ExpectedIdentifier);DiagCode(UnknownDirective),1,0,0,,0,6,0,0,1,2026-08-25T21:44:32.712049+00:00
Production-oriented open RTL,BlackParrot,https://github.com/black-parrot/black-parrot,f91010f654a5dfd00f83dbe25dbda482218d540b,bp_be/src/v/bp_be_checker/bp_be_scheduler.sv,2e04d15653503b56313b758bcbb74748ce1ca3bcd705c1d2c1f27a3b822893e4,bp_be_scheduler,205,3319,12,16,DiagCode(CouldNotOpenIncludeFile);DiagCode(ExpectedExpression);DiagCode(UnknownDirective),1,0,0,,0,4,4,0,3,2026-08-25T21:44:32.712049+00:00
Production-oriented open RTL,BlackParrot,https://github.com/black-parrot/black-parrot,f91010f654a5dfd00f83dbe25dbda482218d540b,bp_be/src/v/bp_be_checker/bp_be_scoreboard.sv,207324a4abb3232502095c80b3b0423c1f725810a4cf1d89860d444a0c9fbd04,bp_be_scoreboard,50,525,11,6,DiagCode(CouldNotOpenIncludeFile);DiagCode(ExpectedIdentifier);DiagCode(UnknownDirective),1,0,0,,0,3,0,0,1,2026-08-25T21:44:32.712049+00:00
Production-oriented open RTL,BlackParrot,https://github.com/black-parrot/black-parrot,f91010f654a5dfd00f83dbe25dbda482218d540b,bp_be/src/v/bp_be_dcache/bp_be_dcache.sv,1fec1eb8b437d0f506d0fe749cb751cb8e7724f83a227cfdbe21bb88419385e0,bp_be_dcache,956,13068,28,38,DiagCode(CouldNotOpenIncludeFile);DiagCode(ExpectedExpression);DiagCode(UnknownDirective),1,1,1,clk_i,0,39,2,0,2,2026-08-25T21:44:32.712049+00:00
Production-oriented open RTL,BlackParrot,https://github.com/black-parrot/black-parrot,f91010f654a5dfd00f83dbe25dbda482218d540b,bp_be/src/v/bp_be_dcache/bp_be_dcache_decoder.sv,630904dafa01a3efe5818113d3b320973099a4fcdc542c705ce21dd5fb57524a,bp_be_dcache_decoder,109,1691,22,8,DiagCode(CouldNotOpenIncludeFile);DiagCode(ExpectedExpression);DiagCode(UnknownDirective),1,0,0,,0,0,0,0,1,2026-08-25T21:44:32.712049+00:00
Production-oriented open RTL,BlackParrot,https://github.com/black-parrot/black-parrot,f91010f654a5dfd00f83dbe25dbda482218d540b,bp_be/src/v/bp_be_dcache/bp_be_dcache_wbuf.sv,ea6d0eb21557edc071b553e907ef8873995e882e7f7a27d73dd3f3a514b8e517,bp_be_dcache_wbuf,177,2150,13,17,DiagCode(CouldNotOpenIncludeFile);DiagCode(ExpectedExpression);DiagCode(UnknownDirective),1,1,1,clk_i,0,7,0,0,1,2026-08-25T21:44:32.712049+00:00
Production-oriented open RTL,BlackParrot,https://github.com/black-parrot/black-parrot,f91010f654a5dfd00f83dbe25dbda482218d540b,bp_be/src/v/bp_be_top.sv,9a604c5fb33b70b5a2fdb80bf835ae99c48ee3c2ecc91707ccf0a57b3422ba6b,bp_be_top,189,1855,10,12,DiagCode(CouldNotOpenIncludeFile);DiagCode(ExpectedExpression);DiagCode(UnknownDirective),1,0,0,,0,4,4,0,5,2026-08-25T21:44:32.712049+00:00
Production-oriented open RTL,BlackParrot,https://github.com/black-parrot/black-parrot,f91010f654a5dfd00f83dbe25dbda482218d540b,bp_common/src/v/bp_mmu.sv,567c7a3f0ac66362d354a12db49e8e757ccfc48fabf95778b3096c93150a6447,bp_mmu,172,2360,12,21,DiagCode(CouldNotOpenIncludeFile);DiagCode(ExpectedExpression);DiagCode(ExpectedIdentifier);DiagCode(UnknownDirective),1,0,0,,0,5,3,0,2,2026-08-25T21:44:32.712049+00:00
Production-oriented open RTL,BlackParrot,https://github.com/black-parrot/black-parrot,f91010f654a5dfd00f83dbe25dbda482218d540b,bp_common/src/v/bp_pma.sv,52ed3272dd4efcea5ea7ec495db104ee79e99f00cdf334d6d78af0e35e016976,bp_pma,20,284,11,2,DiagCode(CouldNotOpenIncludeFile);DiagCode(UnknownDirective),1,0,0,,0,0,0,0,1,2026-08-25T21:44:32.712049+00:00
Production-oriented open RTL,BlackParrot,https://github.com/black-parrot/black-parrot,f91010f654a5dfd00f83dbe25dbda482218d540b,bp_common/src/v/bp_tlb.sv,cb120e5bb4d42c40aa1b13843e14455edbda036886ab34a6ca9ec8a4b2e304aa,bp_tlb,233,2926,14,19,DiagCode(CouldNotOpenIncludeFile);DiagCode(ExpectedExpression);DiagCode(ExpectedIdentifier);DiagCode(UnknownDirective),1,0,0,,0,16,0,0,1,2026-08-25T21:44:32.712049+00:00
Production-oriented open RTL,BlackParrot,https://github.com/black-parrot/black-parrot,f91010f654a5dfd00f83dbe25dbda482218d540b,bp_common/src/v/bsg_async_noc_link.sv,c10b867e2daa073e3ede7a821b5cd88add73b86c26dd18d8a7775349fc4947fa,bsg_async_noc_link,63,631,10,10,DiagCode(CouldNotOpenIncludeFile);DiagCode(ExpectedExpression);DiagCode(ExpectedIdentifier);DiagCode(UnknownDirective),1,0,0,,0,2,0,0,1,2026-08-25T21:44:32.712049+00:00
Production-oriented open RTL,BlackParrot,https://github.com/black-parrot/black-parrot,f91010f654a5dfd00f83dbe25dbda482218d540b,bp_common/src/v/bsg_bus_pack.sv,77a29d3eab013ec1b9fe90cb55ef1d985d761623f8c9149914bdceaf253db860,bsg_bus_pack,46,570,11,12,DiagCode(CouldNotOpenIncludeFile);DiagCode(ExpectedExpression);DiagCode(ExpectedIdentifier);DiagCode(UnknownDirective),1,0,0,,0,2,0,0,1,2026-08-25T21:44:32.712049+00:00
Production-oriented open RTL,BlackParrot,https://github.com/black-parrot/black-parrot,f91010f654a5dfd00f83dbe25dbda482218d540b,bp_common/src/v/bsg_dff_sync_read.sv,8c1c5749ee20b1537feff1f65ad32daaf38b45c90179e8f94ccce0f9895586d8,bsg_dff_sync_read,41,291,10,4,DiagCode(CouldNotOpenIncludeFile);DiagCode(ExpectedIdentifier);DiagCode(UnknownDirective),1,0,0,,0,3,0,0,1,2026-08-25T21:44:32.712049+00:00
Production-oriented open RTL,BlackParrot,https://github.com/black-parrot/black-parrot,f91010f654a5dfd00f83dbe25dbda482218d540b,bp_common/src/v/bsg_fifo_1r1w_edge.sv,8ed3a879678f08b6cb423ca8b3bd74ec77f655eb44dbbcaccf1870c8978e2b16,bsg_fifo_1r1w_edge,25,215,10,4,DiagCode(CouldNotOpenIncludeFile);DiagCode(ExpectedIdentifier);DiagCode(UnknownDirective),1,0,0,,0,1,0,0,1,2026-08-25T21:44:32.712049+00:00
Production-oriented open RTL,BlackParrot,https://github.com/black-parrot/black-parrot,f91010f654a5dfd00f83dbe25dbda482218d540b,bp_common/src/v/bsg_parallel_in_serial_out_passthrough_dynamic.sv,3f746db4520d441d5a20bb8fff42ee6e3a9c07ebf7d1c179513cb03be815640f,bsg_parallel_in_serial_out_passthrough_dynamic,78,748,15,8,DiagCode(CouldNotOpenIncludeFile);DiagCode(ExpectedExpression);DiagCode(ExpectedIdentifier);DiagCode(UnknownDirective),1,1,1,clk_i,0,4,0,0,1,2026-08-25T21:44:32.712049+00:00
Production-oriented open RTL,BlackParrot,https://github.com/black-parrot/black-parrot,f91010f654a5dfd00f83dbe25dbda482218d540b,bp_common/src/v/bsg_rom_param.sv,96396524402425727eacb121212449576a23c8e43ac38d3ba8dce0fc8e3d208c,bsg_rom_param,12,116,10,12,DiagCode(CouldNotOpenIncludeFile);DiagCode(ExpectedExpression);DiagCode(ExpectedIdentifier);DiagCode(UnknownDirective),1,0,0,,0,0,0,0,1,2026-08-25T21:44:32.712049+00:00
Production-oriented open RTL,BlackParrot,https://github.com/black-parrot/black-parrot,f91010f654a5dfd00f83dbe25dbda482218d540b,bp_common/src/v/bsg_serial_in_parallel_out_passthrough_dynamic.sv,ce2fd0c465fe2a03c1b8810c52ef9209e7ae980165229190b53f600ce6f0f5b6,bsg_serial_in_parallel_out_passthrough_dynamic,67,636,11,10,DiagCode(CouldNotOpenIncludeFile);DiagCode(ExpectedExpression);DiagCode(ExpectedIdentifier);DiagCode(UnknownDirective),1,0,0,,0,3,0,0,1,2026-08-25T21:44:32.712049+00:00
Production-oriented open RTL,BlackParrot,https://github.com/black-parrot/black-parrot,f91010f654a5dfd00f83dbe25dbda482218d540b,bp_fe/src/v/bp_fe_bht.sv,7f72cf93df55c0c0b380d09d2da75f44233bef8750c02cda9dda4ee0ee7ac509,bp_fe_bht,104,1540,14,5,DiagCode(CouldNotOpenIncludeFile);DiagCode(UnknownDirective),1,1,1,clk_i,0,3,0,0,1,2026-08-25T21:44:32.712049+00:00
Production-oriented open RTL,BlackParrot,https://github.com/black-parrot/black-parrot,f91010f654a5dfd00f83dbe25dbda482218d540b,bp_fe/src/v/bp_fe_btb.sv,2700976e84734944d4ae11aae6b0bf0eba471d4e80e66fffb7803e2a42929e80,bp_fe_btb,114,1426,10,6,DiagCode(CouldNotOpenIncludeFile);DiagCode(ExpectedExpression);DiagCode(UnknownDirective),1,1,1,clk_i,0,4,0,0,1,2026-08-25T21:44:32.712049+00:00
Production-oriented open RTL,BlackParrot,https://github.com/black-parrot/black-parrot,f91010f654a5dfd00f83dbe25dbda482218d540b,bp_fe/src/v/bp_fe_controller.sv,1de7629121648daefba1b6cc988ba5136b16a5c365e0240bb23cf10d0d6c46d6,bp_fe_controller,231,2776,17,13,DiagCode(CouldNotOpenIncludeFile);DiagCode(ExpectedExpression);DiagCode(UnknownDirective),1,1,1,clk_i,0,1,0,0,1,2026-08-25T21:44:32.712049+00:00
Production-oriented open RTL,BlackParrot,https://github.com/black-parrot/black-parrot,f91010f654a5dfd00f83dbe25dbda482218d540b,bp_fe/src/v/bp_fe_icache.sv,4c2cf18728bbaf86be2e4f34de04ff4d0867cb2ff4362c68e1e0c56d2048d6de,bp_fe_icache,535,7156,17,36,DiagCode(CouldNotOpenIncludeFile);DiagCode(ExpectedExpression);DiagCode(UnknownDirective),1,1,1,clk_i,0,28,0,0,1,2026-08-25T21:44:32.712049+00:00
Production-oriented open RTL,BlackParrot,https://github.com/black-parrot/black-parrot,f91010f654a5dfd00f83dbe25dbda482218d540b,bp_fe/src/v/bp_fe_pc_gen.sv,0844a26adf1777ac11f2cdcef5d6b7896ba1aec60a04304a61e51ac69974298c,bp_fe_pc_gen,292,3634,15,12,DiagCode(CouldNotOpenIncludeFile);DiagCode(ExpectedExpression);DiagCode(UnknownDirective),1,0,0,,0,6,3,0,2,2026-08-25T21:44:32.712049+00:00
Production-oriented open RTL,BlackParrot,https://github.com/black-parrot/black-parrot,f91010f654a5dfd00f83dbe25dbda482218d540b,bp_fe/src/v/bp_fe_ras.sv,29e9b6796feec80a93654136648dae12732f9d303a2a150b4a417fcd858c2f99,bp_fe_ras,81,1049,10,4,DiagCode(CouldNotOpenIncludeFile);DiagCode(UnknownDirective),1,1,1,clk_i,0,3,0,0,1,2026-08-25T21:44:32.712049+00:00
Production-oriented open RTL,BlackParrot,https://github.com/black-parrot/black-parrot,f91010f654a5dfd00f83dbe25dbda482218d540b,bp_fe/src/v/bp_fe_realigner.sv,ec4f023e9f7b09e34fe71d0de91c9528af5cf2fe2c3bddebb0ee9a20b39b7f31,bp_fe_realigner,72,1109,11,6,DiagCode(CouldNotOpenIncludeFile);DiagCode(ExpectedExpression);DiagCode(UnknownDirective),1,0,0,,0,1,0,0,1,2026-08-25T21:44:32.712049+00:00
Production-oriented open RTL,BlackParrot,https://github.com/black-parrot/black-parrot,f91010f654a5dfd00f83dbe25dbda482218d540b,bp_fe/src/v/bp_fe_scan.sv,a45285ec37a3706a30533dd7823e0c0af26c4b3fc4bb4d7955f269171ec71065,bp_fe_scan,169,2699,17,17,DiagCode(CouldNotOpenIncludeFile);DiagCode(MisplacedTrailingSeparator);DiagCode(UnknownDirective),1,0,0,,0,5,0,0,1,2026-08-25T21:44:32.712049+00:00
Production-oriented open RTL,BlackParrot,https://github.com/black-parrot/black-parrot,f91010f654a5dfd00f83dbe25dbda482218d540b,bp_fe/src/v/bp_fe_top.sv,d490a20d6217c1d9a7417b02a23be5f4a85e2621bd3207534d50b199046d2b7f,bp_fe_top,364,3661,10,14,DiagCode(CouldNotOpenIncludeFile);DiagCode(ExpectedExpression);DiagCode(UnknownDirective),1,0,0,,0,8,6,0,3,2026-08-25T21:44:32.712049+00:00
Production-oriented open RTL,BlackParrot,https://github.com/black-parrot/black-parrot,f91010f654a5dfd00f83dbe25dbda482218d540b,bp_me/src/v/cce/bp_bedrock_size_to_len.sv,c8d69b73f3416efb437bea7220474a9d1171b4aa1ed61fc37b7951c96420e711,bp_bedrock_size_to_len,37,429,10,18,DiagCode(CouldNotOpenIncludeFile);DiagCode(ExpectedExpression);DiagCode(ExpectedIdentifier);DiagCode(UnknownDirective),1,0,0,,0,0,0,0,1,2026-08-25T21:44:32.712049+00:00
Production-oriented open RTL,BlackParrot,https://github.com/black-parrot/black-parrot,f91010f654a5dfd00f83dbe25dbda482218d540b,bp_me/src/v/cce/bp_cce.sv,9abffc98246aeb84ff71c8629992e8495a7b4daf4bf9ba9ed032e485bcc38817,bp_cce,654,6416,10,31,DiagCode(CouldNotOpenIncludeFile);DiagCode(ExpectedExpression);DiagCode(UnknownDirective),1,0,0,,0,19,19,0,4,2026-08-25T21:44:32.712049+00:00
Production-oriented open RTL,BlackParrot,https://github.com/black-parrot/black-parrot,f91010f654a5dfd00f83dbe25dbda482218d540b,bp_me/src/v/cce/bp_cce_alu.sv,2cb2596b1c48e6219d55b272939d13a83521dd0a4d4c273226f5e48cbe28932e,bp_cce_alu,25,309,10,5,DiagCode(CouldNotOpenIncludeFile);DiagCode(ExpectedIdentifier);DiagCode(UnknownDirective),1,0,0,,0,0,0,0,1,2026-08-25T21:44:32.712049+00:00
Production-oriented open RTL,BlackParrot,https://github.com/black-parrot/black-parrot,f91010f654a5dfd00f83dbe25dbda482218d540b,bp_me/src/v/cce/bp_cce_arbitrate.sv,6e1b33416488edee71bcc944b4f2ff89b2adff689f4c9b91d5df088f75fb1573,bp_cce_arbitrate,89,886,10,3,DiagCode(CouldNotOpenIncludeFile);DiagCode(UnknownDirective),1,0,0,,0,0,0,0,1,2026-08-25T21:44:32.712049+00:00
Production-oriented open RTL,BlackParrot,https://github.com/black-parrot/black-parrot,f91010f654a5dfd00f83dbe25dbda482218d540b,bp_me/src/v/cce/bp_cce_branch.sv,98db10ff8d33ef8de160b870bd7fc6a069417c81e87d409e66a4be5ce4816396,bp_cce_branch,35,410,11,7,DiagCode(CouldNotOpenIncludeFile);DiagCode(ExpectedIdentifier);DiagCode(UnknownDirective),1,0,0,,0,0,0,0,1,2026-08-25T21:44:32.712049+00:00
Production-oriented open RTL,BlackParrot,https://github.com/black-parrot/black-parrot,f91010f654a5dfd00f83dbe25dbda482218d540b,bp_me/src/v/cce/bp_cce_dir.sv,108f6156a67ab74ebbe57a1d34ae3d59b164f809b5d5863aaffdd7228fb122e1,bp_cce_dir,287,3396,16,21,DiagCode(CouldNotOpenIncludeFile);DiagCode(ExpectedExpression);DiagCode(UnknownDirective),1,1,1,clk_i,0,3,3,0,3,2026-08-25T21:44:32.712049+00:00
Production-oriented open RTL,BlackParrot,https://github.com/black-parrot/black-parrot,f91010f654a5dfd00f83dbe25dbda482218d540b,bp_me/src/v/cce/bp_cce_dir_lru_extract.sv,22dfe9cc4a31c248289a5b53e9153fead82b5be85d7b3da7a9bf6a2276395ec1,bp_cce_dir_lru_extract,31,391,13,22,DiagCode(CouldNotOpenIncludeFile);DiagCode(ExpectedExpression);DiagCode(ExpectedIdentifier);DiagCode(UnknownDirective),1,0,0,,0,0,0,0,1,2026-08-25T21:44:32.712049+00:00
Production-oriented open RTL,BlackParrot,https://github.com/black-parrot/black-parrot,f91010f654a5dfd00f83dbe25dbda482218d540b,bp_me/src/v/cce/bp_cce_dir_segment.sv,ea1d73e138eed02cffcd240d77b273839901184e0798cf2902630afbdc6319c6,bp_cce_dir_segment,355,4044,25,42,DiagCode(CouldNotOpenIncludeFile);DiagCode(ExpectedExpression);DiagCode(ExpectedIdentifier);DiagCode(UnknownDirective),1,1,1,clk_i,0,5,2,0,2,2026-08-25T21:44:32.712049+00:00
Production-oriented open RTL,BlackParrot,https://github.com/black-parrot/black-parrot,f91010f654a5dfd00f83dbe25dbda482218d540b,bp_me/src/v/cce/bp_cce_dir_tag_checker.sv,3859eb759e3500b41c08e011cfd76fbff7aacc26ba324c416c4d49b05619b94b,bp_cce_dir_tag_checker,41,589,15,14,DiagCode(CouldNotOpenIncludeFile);DiagCode(ExpectedExpression);DiagCode(ExpectedIdentifier);DiagCode(UnknownDirective),1,0,0,,0,1,0,0,1,2026-08-25T21:44:32.712049+00:00
Production-oriented open RTL,BlackParrot,https://github.com/black-parrot/black-parrot,f91010f654a5dfd00f83dbe25dbda482218d540b,bp_me/src/v/cce/bp_cce_fsm.sv,2eb3d423677e81c38375cd3ffddcf549181cb1d3a7fdbafaf0bdba1ba69c17fd,bp_cce_fsm,1240,13206,23,34,DiagCode(CouldNotOpenIncludeFile);DiagCode(ExpectedExpression);DiagCode(UnknownDirective),1,1,1,clk_i,0,20,12,0,4,2026-08-25T21:44:32.712049+00:00
Production-oriented open RTL,BlackParrot,https://github.com/black-parrot/black-parrot,f91010f654a5dfd00f83dbe25dbda482218d540b,bp_me/src/v/cce/bp_cce_gad.sv,494f99c63993c8c99e3a59422d588885005cb0921a07a4b4a2dee14808f2888d,bp_cce_gad,96,1346,12,5,DiagCode(CouldNotOpenIncludeFile);DiagCode(ExpectedExpression);DiagCode(UnknownDirective),1,0,0,,0,2,0,0,1,2026-08-25T21:44:32.712049+00:00
Production-oriented open RTL,BlackParrot,https://github.com/black-parrot/black-parrot,f91010f654a5dfd00f83dbe25dbda482218d540b,bp_me/src/v/cce/bp_cce_inst_decode.sv,de70faf6015f9208c21bf4095df01ae4ca886ce20f8ba82abc4674fe11b22d7c,bp_cce_inst_decode,647,8326,24,33,DiagCode(CouldNotOpenIncludeFile);DiagCode(ExpectedIdentifier);DiagCode(UnknownDirective),1,1,1,clk_i,0,0,0,0,1,2026-08-25T21:44:32.712049+00:00
Production-oriented open RTL,BlackParrot,https://github.com/black-parrot/black-parrot,f91010f654a5dfd00f83dbe25dbda482218d540b,bp_me/src/v/cce/bp_cce_inst_predecode.sv,6a0a571a2454fbc214f739fc343525e359e80e30df6792b100b4eeec039ca4bd,bp_cce_inst_predecode,14,226,10,7,DiagCode(CouldNotOpenIncludeFile);DiagCode(ExpectedExpression);DiagCode(ExpectedIdentifier);DiagCode(UnknownDirective),1,0,0,,0,0,0,0,1,2026-08-25T21:44:32.712049+00:00
Production-oriented open RTL,BlackParrot,https://github.com/black-parrot/black-parrot,f91010f654a5dfd00f83dbe25dbda482218d540b,bp_me/src/v/cce/bp_cce_inst_ram.sv,c1965660d808582bb08ddacec63734364ea3d07d9d95bca300883890e1645dba,bp_cce_inst_ram,98,821,14,6,DiagCode(CouldNotOpenIncludeFile);DiagCode(ExpectedExpression);DiagCode(UnknownDirective),1,1,1,clk_i,0,1,0,0,1,2026-08-25T21:44:32.712049+00:00
Production-oriented open RTL,BlackParrot,https://github.com/black-parrot/black-parrot,f91010f654a5dfd00f83dbe25dbda482218d540b,bp_me/src/v/cce/bp_cce_inst_stall.sv,bdd595e45e6dcf0aa1cd005b386cba06d8a93c441e36ee32dbc5c884912e20f7,bp_cce_inst_stall,51,844,13,2,DiagCode(CouldNotOpenIncludeFile),1,0,0,,0,0,0,0,1,2026-08-25T21:44:32.712049+00:00
Production-oriented open RTL,BlackParrot,https://github.com/black-parrot/black-parrot,f91010f654a5dfd00f83dbe25dbda482218d540b,bp_me/src/v/cce/bp_cce_msg.sv,7c7d32eb09a04cbd6280c8e32d2a526630a393609e11d5c66505a8294a70eb79,bp_cce_msg,534,5834,31,27,DiagCode(CouldNotOpenIncludeFile);DiagCode(ExpectedExpression);DiagCode(UnknownDirective),1,1,1,clk_i,0,8,2,0,2,2026-08-25T21:44:32.712049+00:00
Production-oriented open RTL,BlackParrot,https://github.com/black-parrot/black-parrot,f91010f654a5dfd00f83dbe25dbda482218d540b,bp_me/src/v/cce/bp_cce_pending_bits.sv,5d5824a90eb0c86f70b9da121f8a14e7a89aff5597c1b20dc63aee453074cfd6,bp_cce_pending_bits,90,1004,18,19,DiagCode(CouldNotOpenIncludeFile);DiagCode(ExpectedExpression);DiagCode(ExpectedIdentifier);DiagCode(UnknownDirective),1,1,1,clk_i,0,2,0,0,1,2026-08-25T21:44:32.712049+00:00
Production-oriented open RTL,BlackParrot,https://github.com/black-parrot/black-parrot,f91010f654a5dfd00f83dbe25dbda482218d540b,bp_me/src/v/cce/bp_cce_pma.sv,f349df04c2822acadce5a244eb5b54cac24973163fe4ca5b08259f8a2f6e790e,bp_cce_pma,9,95,10,3,DiagCode(CouldNotOpenIncludeFile);DiagCode(UnknownDirective),1,0,0,,0,0,0,0,1,2026-08-25T21:44:32.712049+00:00
Production-oriented open RTL,BlackParrot,https://github.com/black-parrot/black-parrot,f91010f654a5dfd00f83dbe25dbda482218d540b,bp_me/src/v/cce/bp_cce_reg.sv,834e4100af71b1273e7c1d5a2ac27bca9d6b0429edea5e3954218c3d02ef9a13,bp_cce_reg,240,3028,20,21,DiagCode(CouldNotOpenIncludeFile);DiagCode(ExpectedExpression);DiagCode(UnknownDirective),1,1,1,clk_i,0,1,1,0,2,2026-08-25T21:44:32.712049+00:00
Production-oriented open RTL,BlackParrot,https://github.com/black-parrot/black-parrot,f91010f654a5dfd00f83dbe25dbda482218d540b,bp_me/src/v/cce/bp_cce_spec_bits.sv,6c92bec002efa8371a56f3da5d7d9c03d2a005ba4e4a7f0e037b5f7cf404ceab,bp_cce_spec_bits,85,849,16,17,DiagCode(CouldNotOpenIncludeFile);DiagCode(ExpectedExpression);DiagCode(ExpectedIdentifier);DiagCode(UnknownDirective),1,1,1,clk_i,0,2,0,0,1,2026-08-25T21:44:32.712049+00:00
Production-oriented open RTL,BlackParrot,https://github.com/black-parrot/black-parrot,f91010f654a5dfd00f83dbe25dbda482218d540b,bp_me/src/v/cce/bp_cce_src_sel.sv,73babf7c9a0940792e73fd9458e4c2ca762ae8b8d2b7823dffdc2ed9bd14f077,bp_cce_src_sel,329,5835,22,31,DiagCode(CouldNotOpenIncludeFile);DiagCode(ExpectedExpression);DiagCode(UnknownDirective),1,0,0,,0,0,0,0,1,2026-08-25T21:44:32.712049+00:00
Production-oriented open RTL,BlackParrot,https://github.com/black-parrot/black-parrot,f91010f654a5dfd00f83dbe25dbda482218d540b,bp_me/src/v/cce/bp_cce_wrapper.sv,90cba42c2bbe45187fc194eb15bf48520dbafdfaacb0915e77a173e8cb589421,bp_cce_wrapper,68,878,10,18,DiagCode(CouldNotOpenIncludeFile);DiagCode(ExpectedExpression);DiagCode(UnknownDirective),1,0,0,,0,2,2,0,5,2026-08-25T21:44:32.712049+00:00
Production-oriented open RTL,BlackParrot,https://github.com/black-parrot/black-parrot,f91010f654a5dfd00f83dbe25dbda482218d540b,bp_me/src/v/cce/bp_io_cce.sv,7964cd0ff3761508cabf510c4e67cd7efa290949737b79930f3ff6c96f006407,bp_io_cce,170,1754,10,9,DiagCode(CouldNotOpenIncludeFile);DiagCode(UnknownDirective),1,0,0,,0,4,4,0,4,2026-08-25T21:44:32.712049+00:00
Production-oriented open RTL,BlackParrot,https://github.com/black-parrot/black-parrot,f91010f654a5dfd00f83dbe25dbda482218d540b,bp_me/src/v/cce/bp_uce.sv,83d1188e57131dd5cbb9be4fdcc74ce2ff3f4797a7a25482de8cc9fbd4b935ae,bp_uce,680,7931,17,47,DiagCode(CouldNotOpenIncludeFile);DiagCode(ExpectedExpression);DiagCode(ExpectedIdentifier);DiagCode(UnknownDirective),1,1,1,clk_i,0,11,5,0,4,2026-08-25T21:44:32.712049+00:00
Production-oriented open RTL,BlackParrot,https://github.com/black-parrot/black-parrot,f91010f654a5dfd00f83dbe25dbda482218d540b,bp_me/src/v/dev/bp_me_bedrock_register.sv,32a0235d9ae8a3527363e1dc1735ff087c5d6e2e276ed77b8ee917c93038fa7b,bp_me_bedrock_register,102,1352,13,13,DiagCode(CouldNotOpenIncludeFile);DiagCode(ExpectedExpression);DiagCode(UnknownDirective),1,1,1,clk_i,0,4,1,0,2,2026-08-25T21:44:32.712049+00:00
Production-oriented open RTL,BlackParrot,https://github.com/black-parrot/black-parrot,f91010f654a5dfd00f83dbe25dbda482218d540b,bp_me/src/v/dev/bp_me_cache_controller.sv,c295e7bd94dd6d6b1dbad2d7c4b50cf0070ee952e24d8f42d4fdb98f6d13ed87,bp_me_cache_controller,355,4129,19,31,DiagCode(CouldNotOpenIncludeFile);DiagCode(ExpectedExpression);DiagCode(UnknownDirective),1,1,1,clk_i,0,9,3,0,5,2026-08-25T21:44:32.712049+00:00
Production-oriented open RTL,BlackParrot,https://github.com/black-parrot/black-parrot,f91010f654a5dfd00f83dbe25dbda482218d540b,bp_me/src/v/dev/bp_me_cache_slice.sv,ff5e3b00aa32e66f56925a9edfcd5b96d604c8fd5e6ce4e50c55a0befad16e54,bp_me_cache_slice,126,1622,20,13,DiagCode(CouldNotOpenIncludeFile);DiagCode(ExpectedExpression);DiagCode(UnknownDirective),1,0,0,,0,4,2,0,6,2026-08-25T21:44:32.712049+00:00
Production-oriented open RTL,BlackParrot,https://github.com/black-parrot/black-parrot,f91010f654a5dfd00f83dbe25dbda482218d540b,bp_me/src/v/dev/bp_me_cfg_slice.sv,6fbb14a03dc5fab465c0e6fffea08e591d93d02294bd6422d1094db493b7eae1,bp_me_cfg_slice,132,1464,13,9,DiagCode(CouldNotOpenIncludeFile);DiagCode(ExpectedExpression);DiagCode(UnknownDirective),1,1,1,clk_i,0,2,2,0,3,2026-08-25T21:44:32.712049+00:00
Production-oriented open RTL,BlackParrot,https://github.com/black-parrot/black-parrot,f91010f654a5dfd00f83dbe25dbda482218d540b,bp_me/src/v/dev/bp_me_clint_slice.sv,d97fad47822b7842681500619cdf52584b0ef26a901092853a3aa561082539fb,bp_me_clint_slice,166,1626,10,12,DiagCode(CouldNotOpenIncludeFile);DiagCode(ExpectedExpression);DiagCode(UnknownDirective),1,0,0,,0,10,1,0,3,2026-08-25T21:44:32.712049+00:00
Production-oriented open RTL,BlackParrot,https://github.com/black-parrot/black-parrot,f91010f654a5dfd00f83dbe25dbda482218d540b,bp_me/src/v/dev/bp_me_dram_hash_decode.sv,edf51ba862104af5538b2f84177143864fd2c60ad3dc514bdae3885e951d78d4,bp_me_dram_hash_decode,37,715,10,12,DiagCode(CouldNotOpenIncludeFile);DiagCode(ExpectedExpression);DiagCode(UnknownDirective),1,0,0,,0,0,0,0,1,2026-08-25T21:44:32.712049+00:00
Production-oriented open RTL,BlackParrot,https://github.com/black-parrot/black-parrot,f91010f654a5dfd00f83dbe25dbda482218d540b,bp_me/src/v/dev/bp_me_dram_hash_encode.sv,8d779b1cc0be78526ac9a637e858022123683384f2e14e5a6507ad1e997063aa,bp_me_dram_hash_encode,58,1205,10,13,DiagCode(CouldNotOpenIncludeFile);DiagCode(ExpectedExpression);DiagCode(UnknownDirective),1,0,0,,0,0,0,0,1,2026-08-25T21:44:32.712049+00:00
Production-oriented open RTL,BlackParrot,https://github.com/black-parrot/black-parrot,f91010f654a5dfd00f83dbe25dbda482218d540b,bp_me/src/v/dev/bp_me_loopback.sv,e5ae78d212e60a001b1a3244a7fb849a2ca15c2ef8e3a9203cb7e400a250bfb1,bp_me_loopback,80,743,10,7,DiagCode(CouldNotOpenIncludeFile);DiagCode(UnknownDirective),1,0,0,,0,2,2,0,4,2026-08-25T21:44:32.712049+00:00
Production-oriented open RTL,BlackParrot,https://github.com/black-parrot/black-parrot,f91010f654a5dfd00f83dbe25dbda482218d540b,bp_me/src/v/lce/bp_lce.sv,65717c09ce56aaaa3c4d8d3e539a512fa27dc1227568c69da8c43be4e25fb0c3,bp_lce,221,2246,10,26,DiagCode(CouldNotOpenIncludeFile);DiagCode(ExpectedIdentifier);DiagCode(UnknownDirective),1,0,0,,0,5,3,0,5,2026-08-25T21:44:32.712049+00:00
Production-oriented open RTL,BlackParrot,https://github.com/black-parrot/black-parrot,f91010f654a5dfd00f83dbe25dbda482218d540b,bp_me/src/v/lce/bp_lce_cmd.sv,fb4e598fae1d2f21e384f8dc217364ef19a4fc533c91aa472fec60ddd2116659,bp_lce_cmd,485,5605,21,46,DiagCode(CouldNotOpenIncludeFile);DiagCode(ExpectedExpression);DiagCode(ExpectedIdentifier);DiagCode(UnknownDirective),1,1,1,clk_i,0,10,6,0,4,2026-08-25T21:44:32.712049+00:00
Production-oriented open RTL,BlackParrot,https://github.com/black-parrot/black-parrot,f91010f654a5dfd00f83dbe25dbda482218d540b,bp_me/src/v/lce/bp_lce_req.sv,9e8b4df29c956d900102dc709151f42bcbd74ba0dc510e23bc08f3bf702d3901,bp_lce_req,235,2667,13,28,DiagCode(CouldNotOpenIncludeFile);DiagCode(ExpectedExpression);DiagCode(ExpectedIdentifier);DiagCode(UnknownDirective),1,1,1,clk_i,0,5,2,0,4,2026-08-25T21:44:32.712049+00:00
Production-oriented open RTL,BlackParrot,https://github.com/black-parrot/black-parrot,f91010f654a5dfd00f83dbe25dbda482218d540b,bp_me/src/v/network/bp_me_addr_to_cce_id.sv,6106aad906ea862592c0a7706daa98c081a80ae9bac55c0a27ffff2ebac40963,bp_me_addr_to_cce_id,53,674,21,12,DiagCode(CouldNotOpenIncludeFile);DiagCode(ExpectedExpression);DiagCode(UnknownDirective),1,0,0,,0,1,0,0,1,2026-08-25T21:44:32.712049+00:00
Production-oriented open RTL,BlackParrot,https://github.com/black-parrot/black-parrot,f91010f654a5dfd00f83dbe25dbda482218d540b,bp_me/src/v/network/bp_me_cce_id_to_cord.sv,c2f0c4c9c478354ef49e471d619b02122f7a7594eb95a39b912680f359555583,bp_me_cce_id_to_cord,45,529,16,3,DiagCode(CouldNotOpenIncludeFile);DiagCode(UnknownDirective),1,0,0,,0,0,0,0,1,2026-08-25T21:44:32.712049+00:00
Production-oriented open RTL,BlackParrot,https://github.com/black-parrot/black-parrot,f91010f654a5dfd00f83dbe25dbda482218d540b,bp_me/src/v/network/bp_me_cord_to_id.sv,dc499a23b56b5f95433b0436719d3cf59612932b89842af60e9eabfe41a06e31,bp_me_cord_to_id,67,885,18,3,DiagCode(CouldNotOpenIncludeFile);DiagCode(UnknownDirective),1,0,0,,0,0,0,0,1,2026-08-25T21:44:32.712049+00:00
Production-oriented open RTL,BlackParrot,https://github.com/black-parrot/black-parrot,f91010f654a5dfd00f83dbe25dbda482218d540b,bp_me/src/v/network/bp_me_lce_id_to_cord.sv,fa9ec362bb997a4a29fc362a4bbfcb3a79e6008d06cdb3b501102b85f39661e1,bp_me_lce_id_to_cord,45,567,17,3,DiagCode(CouldNotOpenIncludeFile);DiagCode(UnknownDirective),1,0,0,,0,0,0,0,1,2026-08-25T21:44:32.712049+00:00
Production-oriented open RTL,BlackParrot,https://github.com/black-parrot/black-parrot,f91010f654a5dfd00f83dbe25dbda482218d540b,bp_me/src/v/network/bp_me_stream_gearbox.sv,68d79f166538ae33b36c0c4127dba317ab7ce470ab653641664f2ab2bf5af7a6,bp_me_stream_gearbox,100,1031,13,22,DiagCode(CouldNotOpenIncludeFile);DiagCode(ExpectedExpression);DiagCode(ExpectedIdentifier);DiagCode(UnknownDirective),1,0,0,,0,5,4,0,2,2026-08-25T21:44:32.712049+00:00
Production-oriented open RTL,BlackParrot,https://github.com/black-parrot/black-parrot,f91010f654a5dfd00f83dbe25dbda482218d540b,bp_me/src/v/network/bp_me_stream_pump.sv,7b28c242964ebe9399cfdb507aa91be6e236b230f879a3125ae0f277907dcf99,bp_me_stream_pump,120,1157,10,25,DiagCode(CouldNotOpenIncludeFile);DiagCode(ExpectedIdentifier);DiagCode(UnknownDirective),1,0,0,,0,3,2,0,4,2026-08-25T21:44:32.712049+00:00
Production-oriented open RTL,BlackParrot,https://github.com/black-parrot/black-parrot,f91010f654a5dfd00f83dbe25dbda482218d540b,bp_me/src/v/network/bp_me_stream_pump_control.sv,310c8629fe4624ec421b6daa30cb9dd4944bd5cda2f33887612bd7df86274a5f,bp_me_stream_pump_control,98,1421,15,29,DiagCode(CouldNotOpenIncludeFile);DiagCode(ExpectedExpression);DiagCode(ExpectedIdentifier);DiagCode(UnknownDirective),1,1,1,clk_i,0,2,0,0,1,2026-08-25T21:44:32.712049+00:00
Production-oriented open RTL,BlackParrot,https://github.com/black-parrot/black-parrot,f91010f654a5dfd00f83dbe25dbda482218d540b,bp_me/src/v/network/bp_me_stream_pump_in.sv,6e14a3027a2c02dfdbbc898509d69f51e3133ec42dac105ffdec37834f0a6d90,bp_me_stream_pump_in,98,875,10,22,DiagCode(CouldNotOpenIncludeFile);DiagCode(ExpectedExpression);DiagCode(ExpectedIdentifier);DiagCode(UnknownDirective),1,0,0,,0,2,2,0,3,2026-08-25T21:44:32.712049+00:00
Production-oriented open RTL,BlackParrot,https://github.com/black-parrot/black-parrot,f91010f654a5dfd00f83dbe25dbda482218d540b,bp_me/src/v/network/bp_me_stream_pump_out.sv,0501da8b8f6ff67c56884cd46425db20fb90486ae10e9245ac40fb89ff7b5354,bp_me_stream_pump_out,98,875,10,22,DiagCode(CouldNotOpenIncludeFile);DiagCode(ExpectedExpression);DiagCode(ExpectedIdentifier);DiagCode(UnknownDirective),1,0,0,,0,2,2,0,3,2026-08-25T21:44:32.712049+00:00
Production-oriented open RTL,BlackParrot,https://github.com/black-parrot/black-parrot,f91010f654a5dfd00f83dbe25dbda482218d540b,bp_me/src/v/network/bp_me_stream_to_wormhole.sv,64a35c44cced7e50051d89cd701f08fb42223c1cd2c3b290e37f866cd6fe83ce,bp_me_stream_to_wormhole,106,1105,10,25,DiagCode(CouldNotOpenIncludeFile);DiagCode(ExpectedExpression);DiagCode(ExpectedIdentifier);DiagCode(UnknownDirective),1,0,0,,0,5,2,0,2,2026-08-25T21:44:32.712049+00:00
Production-oriented open RTL,BlackParrot,https://github.com/black-parrot/black-parrot,f91010f654a5dfd00f83dbe25dbda482218d540b,bp_me/src/v/network/bp_me_wormhole_header_encode.sv,2e49363654bad41e0688e14e9089f50375a2ed398bb74b14a8c3f68995436bb0,bp_me_wormhole_header_encode,61,787,10,29,DiagCode(CouldNotOpenIncludeFile);DiagCode(ExpectedExpression);DiagCode(ExpectedIdentifier);DiagCode(UnknownDirective),1,0,0,,0,0,0,0,1,2026-08-25T21:44:32.712049+00:00
Production-oriented open RTL,BlackParrot,https://github.com/black-parrot/black-parrot,f91010f654a5dfd00f83dbe25dbda482218d540b,bp_me/src/v/network/bp_me_wormhole_stream_control.sv,ad45114855bc8c955c44b5c38070147eee7efc00cc43edcd2d04ac9ab1341f9f,bp_me_wormhole_stream_control,75,811,11,6,DiagCode(CouldNotOpenIncludeFile);DiagCode(ExpectedIdentifier);DiagCode(UnknownDirective),1,1,1,clk_i,0,2,0,0,1,2026-08-25T21:44:32.712049+00:00
Production-oriented open RTL,BlackParrot,https://github.com/black-parrot/black-parrot,f91010f654a5dfd00f83dbe25dbda482218d540b,bp_me/src/v/network/bp_me_wormhole_to_stream.sv,0e6d0a3f284e811d97218c039645754a22609b7c5e37bb860cd77312b757272f,bp_me_wormhole_to_stream,71,781,10,24,DiagCode(CouldNotOpenIncludeFile);DiagCode(ExpectedExpression);DiagCode(ExpectedIdentifier);DiagCode(UnknownDirective),1,0,0,,0,2,1,0,2,2026-08-25T21:44:32.712049+00:00
Production-oriented open RTL,BlackParrot,https://github.com/black-parrot/black-parrot,f91010f654a5dfd00f83dbe25dbda482218d540b,bp_me/src/v/network/bp_me_xbar_stream.sv,d60ae7a70f73b895027ab238081f1fc6b91b2d7ea2df4a6087fa298d5b5d2a5d,bp_me_xbar_stream,95,1310,12,18,DiagCode(CouldNotOpenIncludeFile);DiagCode(ExpectedExpression);DiagCode(ExpectedIdentifier);DiagCode(UnknownDirective),1,0,0,,0,4,1,0,2,2026-08-25T21:44:32.712049+00:00
Production-oriented open RTL,BlackParrot,https://github.com/black-parrot/black-parrot,f91010f654a5dfd00f83dbe25dbda482218d540b,bp_top/src/v/bp_cacc_complex.sv,06c015d939579a3964d75fae221e811dc66b516bd58916b534a1055400dc595e,bp_cacc_complex,145,1728,13,7,DiagCode(CouldNotOpenIncludeFile);DiagCode(ExpectedExpression);DiagCode(UnknownDirective),1,0,0,,0,5,1,0,9,2026-08-25T21:44:32.712049+00:00
Production-oriented open RTL,BlackParrot,https://github.com/black-parrot/black-parrot,f91010f654a5dfd00f83dbe25dbda482218d540b,bp_top/src/v/bp_cacc_tile.sv,550ac2737b8b9b3f9cf012ea6e33204b5795a5fe36267eec3199d31d28b69d52,bp_cacc_tile,355,3251,10,22,DiagCode(CouldNotOpenIncludeFile);DiagCode(ExpectedExpression);DiagCode(UnknownDirective),1,1,1,clk_i,0,14,14,0,7,2026-08-25T21:44:32.712049+00:00
Production-oriented open RTL,BlackParrot,https://github.com/black-parrot/black-parrot,f91010f654a5dfd00f83dbe25dbda482218d540b,bp_top/src/v/bp_cacc_tile_node.sv,ce4e4a22d4f82a96d40abc3f9254ec780a791ff32d2de401a68bd44794ceac8c,bp_cacc_tile_node,67,787,10,9,DiagCode(CouldNotOpenIncludeFile);DiagCode(ExpectedExpression);DiagCode(UnknownDirective),1,0,0,,0,2,2,0,8,2026-08-25T21:44:32.712049+00:00
Production-oriented open RTL,BlackParrot,https://github.com/black-parrot/black-parrot,f91010f654a5dfd00f83dbe25dbda482218d540b,bp_top/src/v/bp_cacc_vdp.sv,7ac7e1d5477ed4485e838355962db00753d8ef5b746424d4ed47d87e46dcfc8a,bp_cacc_vdp,360,3758,15,13,DiagCode(CouldNotOpenIncludeFile);DiagCode(ExpectedExpression);DiagCode(UnknownDirective),1,1,1,clk_i,0,3,3,0,6,2026-08-25T21:44:32.712049+00:00
Production-oriented open RTL,BlackParrot,https://github.com/black-parrot/black-parrot,f91010f654a5dfd00f83dbe25dbda482218d540b,bp_top/src/v/bp_core.sv,4d361b027250c2dd23a45877e4887a50794eab57d47251a772287ba5dcf37cff,bp_core,300,4065,12,21,DiagCode(CouldNotOpenIncludeFile);DiagCode(ExpectedExpression);DiagCode(UnknownDirective),1,0,0,,0,10,8,0,8,2026-08-25T21:44:32.712049+00:00
Production-oriented open RTL,BlackParrot,https://github.com/black-parrot/black-parrot,f91010f654a5dfd00f83dbe25dbda482218d540b,bp_top/src/v/bp_core_complex.sv,5f4ad63dd5b1be80959ea590a5e7a97636e1fe550f89bcbfb826855ebda8ee9e,bp_core_complex,179,2836,13,11,DiagCode(CouldNotOpenIncludeFile);DiagCode(ExpectedExpression);DiagCode(UnknownDirective),1,0,0,,0,6,1,0,11,2026-08-25T21:44:32.712049+00:00
Production-oriented open RTL,BlackParrot,https://github.com/black-parrot/black-parrot,f91010f654a5dfd00f83dbe25dbda482218d540b,bp_top/src/v/bp_core_lite.sv,e61c66e380e89640a8f4ca9b098322ac4b5ea3db5616a5ae821736226c41d738,bp_core_lite,313,3980,13,16,DiagCode(CouldNotOpenIncludeFile);DiagCode(ExpectedExpression);DiagCode(UnknownDirective),1,0,0,,0,5,3,0,7,2026-08-25T21:44:32.712049+00:00
Production-oriented open RTL,BlackParrot,https://github.com/black-parrot/black-parrot,f91010f654a5dfd00f83dbe25dbda482218d540b,bp_top/src/v/bp_core_minimal.sv,44cf65557e3b369ebae93cf3790672ddcaecd7b426f5a89a189754b69a81ddd9,bp_core_minimal,147,1520,10,12,DiagCode(CouldNotOpenIncludeFile);DiagCode(ExpectedExpression);DiagCode(UnknownDirective),1,0,0,,0,2,2,0,6,2026-08-25T21:44:32.712049+00:00
Production-oriented open RTL,BlackParrot,https://github.com/black-parrot/black-parrot,f91010f654a5dfd00f83dbe25dbda482218d540b,bp_top/src/v/bp_core_tile.sv,7ce621cac88848cfc15c7ca8e757f2e1a873a26152dfa52c36c3384884223cc5,bp_core_tile,561,6317,13,27,DiagCode(CouldNotOpenIncludeFile);DiagCode(ExpectedExpression);DiagCode(UnknownDirective),1,1,1,clk_i,0,20,14,0,9,2026-08-25T21:44:32.712049+00:00
Production-oriented open RTL,BlackParrot,https://github.com/black-parrot/black-parrot,f91010f654a5dfd00f83dbe25dbda482218d540b,bp_top/src/v/bp_core_tile_node.sv,70b5bcd317bda1caa21491bfc1c4e338af583f242f369c6f58a93f3c6e2ad918,bp_core_tile_node,101,1139,10,10,DiagCode(CouldNotOpenIncludeFile);DiagCode(ExpectedExpression);DiagCode(UnknownDirective),1,0,0,,0,3,3,0,10,2026-08-25T21:44:32.712049+00:00
Production-oriented open RTL,BlackParrot,https://github.com/black-parrot/black-parrot,f91010f654a5dfd00f83dbe25dbda482218d540b,bp_top/src/v/bp_io_complex.sv,f59d7bfdc3919b7dfd95a0c9222c528e1eb73897dd18644a571e6afad1abfe68,bp_io_complex,135,1688,11,10,DiagCode(CouldNotOpenIncludeFile);DiagCode(ExpectedExpression);DiagCode(UnknownDirective),1,0,0,,0,5,1,0,7,2026-08-25T21:44:32.712049+00:00
Production-oriented open RTL,BlackParrot,https://github.com/black-parrot/black-parrot,f91010f654a5dfd00f83dbe25dbda482218d540b,bp_top/src/v/bp_io_link_to_lce.sv,064d116e2df474ae43a49b26e18809ee7c2ba7a3886dd1068cf81fa401c31bfa,bp_io_link_to_lce,179,1794,10,14,DiagCode(CouldNotOpenIncludeFile);DiagCode(ExpectedExpression);DiagCode(UnknownDirective),1,0,0,,0,5,5,0,4,2026-08-25T21:44:32.712049+00:00
Production-oriented open RTL,BlackParrot,https://github.com/black-parrot/black-parrot,f91010f654a5dfd00f83dbe25dbda482218d540b,bp_top/src/v/bp_io_tile.sv,d42f9dd6ba073de97d6c6504947282ba8055629ca4a35e64e5ff00f0f0376440,bp_io_tile,330,3139,10,21,DiagCode(CouldNotOpenIncludeFile);DiagCode(ExpectedExpression);DiagCode(UnknownDirective),1,1,1,clk_i,0,13,13,0,5,2026-08-25T21:44:32.712049+00:00
Production-oriented open RTL,BlackParrot,https://github.com/black-parrot/black-parrot,f91010f654a5dfd00f83dbe25dbda482218d540b,bp_top/src/v/bp_io_tile_node.sv,dc8eddc466be77f8cb24b693880bd7b7cfa3705c5062cb23814d0667cb703dfe,bp_io_tile_node,93,1018,10,10,DiagCode(CouldNotOpenIncludeFile);DiagCode(ExpectedExpression);DiagCode(UnknownDirective),1,0,0,,0,3,3,0,6,2026-08-25T21:44:32.712049+00:00
Production-oriented open RTL,BlackParrot,https://github.com/black-parrot/black-parrot,f91010f654a5dfd00f83dbe25dbda482218d540b,bp_top/src/v/bp_l2e_tile.sv,8e506b1e3df239c1e8de774b42e1fd90daff35fe0104abb108aff4077bf2a880,bp_l2e_tile,355,3748,11,27,DiagCode(CouldNotOpenIncludeFile);DiagCode(ExpectedExpression);DiagCode(UnknownDirective),1,1,1,clk_i,0,13,10,0,7,2026-08-25T21:44:32.712049+00:00
Production-oriented open RTL,BlackParrot,https://github.com/black-parrot/black-parrot,f91010f654a5dfd00f83dbe25dbda482218d540b,bp_top/src/v/bp_l2e_tile_node.sv,4dabbf7d81cf24b15ecb76cf846c4fc7f358abda58d3f15306fab06b4eb1e805,bp_l2e_tile_node,92,983,10,10,DiagCode(CouldNotOpenIncludeFile);DiagCode(ExpectedExpression);DiagCode(UnknownDirective),1,0,0,,0,3,3,0,8,2026-08-25T21:44:32.712049+00:00
Production-oriented open RTL,BlackParrot,https://github.com/black-parrot/black-parrot,f91010f654a5dfd00f83dbe25dbda482218d540b,bp_top/src/v/bp_mem_complex.sv,56bceaeb15a0a02a1d10b43801c955f3957028c995dae8289d24b5ebdac868f0,bp_mem_complex,158,1995,13,10,DiagCode(CouldNotOpenIncludeFile);DiagCode(ExpectedExpression);DiagCode(UnknownDirective),1,0,0,,0,5,1,0,9,2026-08-25T21:44:32.712049+00:00
Production-oriented open RTL,BlackParrot,https://github.com/black-parrot/black-parrot,f91010f654a5dfd00f83dbe25dbda482218d540b,bp_top/src/v/bp_multicore.sv,0c1a8bd5398d072c282df4d2e4319337a5a643cc74d4624380d0043d756db91a,bp_multicore,152,1931,10,14,DiagCode(CouldNotOpenIncludeFile);DiagCode(ExpectedExpression);DiagCode(UnknownDirective),1,0,0,,0,5,5,0,12,2026-08-25T21:44:32.712049+00:00
Production-oriented open RTL,BlackParrot,https://github.com/black-parrot/black-parrot,f91010f654a5dfd00f83dbe25dbda482218d540b,bp_top/src/v/bp_nd_socket.sv,5dac0772ed02e893b8a13a95244ff32ee045041301b9226bfe9d3f05d414fa2d,bp_nd_socket,69,853,13,9,DiagCode(CouldNotOpenIncludeFile);DiagCode(ExpectedExpression);DiagCode(ExpectedIdentifier);DiagCode(UnknownDirective),1,0,0,,0,2,1,0,2,2026-08-25T21:44:32.712049+00:00
Production-oriented open RTL,BlackParrot,https://github.com/black-parrot/black-parrot,f91010f654a5dfd00f83dbe25dbda482218d540b,bp_top/src/v/bp_processor.sv,e2cf3f8ab2ad3c4f02065e7d1e7c3499eb7081f2f7ec3afbb44f4fda6434e6f5,bp_processor,240,3174,15,18,DiagCode(CouldNotOpenIncludeFile);DiagCode(ExpectedExpression);DiagCode(UnknownDirective),1,0,0,,0,7,6,0,13,2026-08-25T21:44:32.712049+00:00
Production-oriented open RTL,BlackParrot,https://github.com/black-parrot/black-parrot,f91010f654a5dfd00f83dbe25dbda482218d540b,bp_top/src/v/bp_sacc_complex.sv,926b20b7db13b7131984c9d592898659459f1cb9d2d5e3e1949749089876cbd6,bp_sacc_complex,93,1010,13,7,DiagCode(CouldNotOpenIncludeFile);DiagCode(ExpectedExpression);DiagCode(UnknownDirective),1,0,0,,0,3,1,0,7,2026-08-25T21:44:32.712049+00:00
Production-oriented open RTL,BlackParrot,https://github.com/black-parrot/black-parrot,f91010f654a5dfd00f83dbe25dbda482218d540b,bp_top/src/v/bp_sacc_scratchpad.sv,ac4c56dbbc13c190f23f4eaf5478134813387b6bb637ead4509edb358bfb211c,bp_sacc_scratchpad,81,902,10,10,DiagCode(CouldNotOpenIncludeFile);DiagCode(ExpectedExpression);DiagCode(UnknownDirective),1,1,1,clk_i,0,3,1,0,3,2026-08-25T21:44:32.712049+00:00
Production-oriented open RTL,BlackParrot,https://github.com/black-parrot/black-parrot,f91010f654a5dfd00f83dbe25dbda482218d540b,bp_top/src/v/bp_sacc_tile.sv,0980ca5376b97ef7cb1c6b42df884d7a592188b1bf24c16ca4d1ce16de69defe,bp_sacc_tile,259,2295,10,18,DiagCode(CouldNotOpenIncludeFile);DiagCode(ExpectedExpression);DiagCode(UnknownDirective),1,1,1,clk_i,0,11,11,0,5,2026-08-25T21:44:32.712049+00:00
Production-oriented open RTL,BlackParrot,https://github.com/black-parrot/black-parrot,f91010f654a5dfd00f83dbe25dbda482218d540b,bp_top/src/v/bp_sacc_tile_node.sv,0430adb9dee9194772f5c45821f4835f7c95ff62dfe4b3d0b5052da9b61b1d00,bp_sacc_tile_node,57,571,10,9,DiagCode(CouldNotOpenIncludeFile);DiagCode(ExpectedExpression);DiagCode(UnknownDirective),1,0,0,,0,2,2,0,6,2026-08-25T21:44:32.712049+00:00
Production-oriented open RTL,BlackParrot,https://github.com/black-parrot/black-parrot,f91010f654a5dfd00f83dbe25dbda482218d540b,bp_top/src/v/bp_sacc_vdp.sv,b42e82f45418fea36f2d5823f8f145fcc444d97a3195cc3714db3f63518fea26,bp_sacc_vdp,206,2174,15,9,DiagCode(CouldNotOpenIncludeFile);DiagCode(ExpectedExpression);DiagCode(UnknownDirective),1,1,1,clk_i,0,2,1,0,3,2026-08-25T21:44:32.712049+00:00
Production-oriented open RTL,BlackParrot,https://github.com/black-parrot/black-parrot,f91010f654a5dfd00f83dbe25dbda482218d540b,bp_top/src/v/bp_unicore.sv,65d89e8193efa3a777c67b53eee5914859e204f95e4f9b2d63ae6277053e503c,bp_unicore,296,4096,12,20,DiagCode(CouldNotOpenIncludeFile);DiagCode(ExpectedExpression);DiagCode(UnknownDirective),1,1,1,clk_i,0,10,8,0,8,2026-08-25T21:44:32.712049+00:00
Production-oriented open RTL,BlackParrot,https://github.com/black-parrot/black-parrot,f91010f654a5dfd00f83dbe25dbda482218d540b,bp_top/src/v/bp_unicore_lite.sv,846dbc5dceb3573fea6fb5d7c91d7a1ff06fc235bc9b1c933865a874e8dcadd9,bp_unicore_lite,251,2778,10,13,DiagCode(CouldNotOpenIncludeFile);DiagCode(ExpectedExpression);DiagCode(UnknownDirective),1,0,0,,0,5,5,0,7,2026-08-25T21:44:32.712049+00:00
Production-oriented open RTL,BlackParrot,https://github.com/black-parrot/black-parrot,f91010f654a5dfd00f83dbe25dbda482218d540b,bp_top/src/v/bp_unicore_tile.sv,55e9b52129e4a9ea13ae81225418151904d1dba37e3d11de05281de1835e359a,bp_unicore_tile,232,2422,11,23,DiagCode(CouldNotOpenIncludeFile);DiagCode(ExpectedExpression);DiagCode(UnknownDirective),1,1,1,clk_i,0,6,5,0,9,2026-08-25T21:44:32.712049+00:00
Production-oriented open RTL,CV32E40P,https://github.com/openhwgroup/cv32e40p,6033d2b1be3295ec774d17ac4cf226faacfdeb08,rtl/cv32e40p_aligner.sv,c78cd8c09fee10e45536dc5b8d1fb17c3a130e2270168279fcaa43a19580e4f3,cv32e40p_aligner,131,1224,15,0,,1,1,1,clk,0,0,0,0,1,2026-08-25T21:44:32.712049+00:00
Production-oriented open RTL,CV32E40P,https://github.com/openhwgroup/cv32e40p,6033d2b1be3295ec774d17ac4cf226faacfdeb08,rtl/cv32e40p_alu.sv,6eca8d4c2e299adcc498417220478360cc22898ba9037cdad6a1b81e80373c7b,cv32e40p_alu,671,9964,22,0,,1,0,0,,0,3,3,0,2,2026-08-25T21:44:32.712049+00:00
Production-oriented open RTL,CV32E40P,https://github.com/openhwgroup/cv32e40p,6033d2b1be3295ec774d17ac4cf226faacfdeb08,rtl/cv32e40p_alu_div.sv,11035bcbb28447fa5a3e40d5cad4f257e763f75e49664ce8098ab6247a9a57cb,cv32e40p_alu_div,121,1533,17,0,,1,1,1,Clk_CI,0,0,0,0,1,2026-08-25T21:44:32.712049+00:00
Production-oriented open RTL,CV32E40P,https://github.com/openhwgroup/cv32e40p,6033d2b1be3295ec774d17ac4cf226faacfdeb08,rtl/cv32e40p_apu_disp.sv,27931c8004e4d266c6ea02c9d5c19968c67d7e6ab86e57da4088531b13c8c48f,cv32e40p_apu_disp,136,1732,12,0,,1,1,1,clk_i,0,0,0,0,1,2026-08-25T21:44:32.712049+00:00
Production-oriented open RTL,CV32E40P,https://github.com/openhwgroup/cv32e40p,6033d2b1be3295ec774d17ac4cf226faacfdeb08,rtl/cv32e40p_compressed_decoder.sv,db90df2f8737aff29d73b3d242dd33aeb6750ae69ae7eb8e118b531180945d7f,cv32e40p_compressed_decoder,480,4308,25,0,,1,0,0,,0,0,0,0,1,2026-08-25T21:44:32.712049+00:00
Production-oriented open RTL,CV32E40P,https://github.com/openhwgroup/cv32e40p,6033d2b1be3295ec774d17ac4cf226faacfdeb08,rtl/cv32e40p_controller.sv,858b172963e17529de0b40a5be6ddfdadfc60bdca967819e4fc558b0ed6d7b87,cv32e40p_controller,1046,8822,36,0,,1,2,2,clk;clk_ungated_i,0,0,0,0,1,2026-08-25T21:44:32.712049+00:00
Production-oriented open RTL,CV32E40P,https://github.com/openhwgroup/cv32e40p,6033d2b1be3295ec774d17ac4cf226faacfdeb08,rtl/cv32e40p_core.sv,6a78a0d77d32e6795f63e5149f77b98320ce504c67c44a2e359c9aea70989224,cv32e40p_core,740,7580,11,0,,1,0,0,,0,7,6,0,4,2026-08-25T21:44:32.712049+00:00
Production-oriented open RTL,CV32E40P,https://github.com/openhwgroup/cv32e40p,6033d2b1be3295ec774d17ac4cf226faacfdeb08,rtl/cv32e40p_cs_registers.sv,e2cec8f3d273748783275c60b1ec89101336608638d7e7783b03dd6b9dbb0345,cv32e40p_cs_registers,1145,13549,35,0,,1,1,1,clk,0,0,0,0,1,2026-08-25T21:44:32.712049+00:00
Production-oriented open RTL,CV32E40P,https://github.com/openhwgroup/cv32e40p,6033d2b1be3295ec774d17ac4cf226faacfdeb08,rtl/cv32e40p_decoder.sv,6e12f673e05380e34a35c38d8ee8b6878935d96b6f2dfda72c67f8a6e92a6e4e,cv32e40p_decoder,2413,26153,30,0,,1,0,0,,0,0,0,0,1,2026-08-25T21:44:32.712049+00:00
Production-oriented open RTL,CV32E40P,https://github.com/openhwgroup/cv32e40p,6033d2b1be3295ec774d17ac4cf226faacfdeb08,rtl/cv32e40p_ex_stage.sv,1510df315721b370c2d86b1c1d134a3ff6beefba2d072de7a4a611e3ecffb753,cv32e40p_ex_stage,324,3608,25,0,,1,1,1,clk,0,3,3,0,3,2026-08-25T21:44:32.712049+00:00
Production-oriented open RTL,CV32E40P,https://github.com/openhwgroup/cv32e40p,6033d2b1be3295ec774d17ac4cf226faacfdeb08,rtl/cv32e40p_ff_one.sv,6b646e6aa931f8ab56b85ee27549a422450b456270a54d68a4130329823226b6,cv32e40p_ff_one,51,1024,23,0,,1,0,0,,0,0,0,0,1,2026-08-25T21:44:32.712049+00:00
Production-oriented open RTL,CV32E40P,https://github.com/openhwgroup/cv32e40p,6033d2b1be3295ec774d17ac4cf226faacfdeb08,rtl/cv32e40p_fifo.sv,d910cbd0751f38d349e8975de22b43d0a2937f9e905b0d9b82894fd83c53fe8a,cv32e40p_fifo,97,1100,17,0,,1,1,1,clk_i,0,0,0,0,1,2026-08-25T21:44:32.712049+00:00
Production-oriented open RTL,CV32E40P,https://github.com/openhwgroup/cv32e40p,6033d2b1be3295ec774d17ac4cf226faacfdeb08,rtl/cv32e40p_fp_wrapper.sv,1579104bf82f2e18a13029a7e299d867415a660ccff24c20ca3bb4ee4e315e9d,cv32e40p_fp_wrapper,82,944,14,0,,1,0,0,,0,1,1,0,8,2026-08-25T21:44:32.712049+00:00
Production-oriented open RTL,CV32E40P,https://github.com/openhwgroup/cv32e40p,6033d2b1be3295ec774d17ac4cf226faacfdeb08,rtl/cv32e40p_hwloop_regs.sv,c2a0787c07bcd6c198b6338c4c6ee372b4bce96ec4a4def467ff0ae03da4e43a,cv32e40p_hwloop_regs,56,871,19,0,,1,1,1,clk,0,0,0,0,1,2026-08-25T21:44:32.712049+00:00
Production-oriented open RTL,CV32E40P,https://github.com/openhwgroup/cv32e40p,6033d2b1be3295ec774d17ac4cf226faacfdeb08,rtl/cv32e40p_id_stage.sv,98b246d9ada45a7073d217d5c3bbc86941ee76bb00e7e0edda61d3bbec83728e,cv32e40p_id_stage,1130,12512,23,0,,1,1,1,clk,0,5,4,1,2,2026-08-25T21:44:32.712049+00:00
Production-oriented open RTL,CV32E40P,https://github.com/openhwgroup/cv32e40p,6033d2b1be3295ec774d17ac4cf226faacfdeb08,rtl/cv32e40p_if_stage.sv,e2d1cc9bc433a093938f2d4e4268c611f9a9bf199101e85114d417ff04597626,cv32e40p_if_stage,189,1998,13,0,,1,1,1,clk,0,3,3,0,3,2026-08-25T21:44:32.712049+00:00
Production-oriented open RTL,CV32E40P,https://github.com/openhwgroup/cv32e40p,6033d2b1be3295ec774d17ac4cf226faacfdeb08,rtl/cv32e40p_int_controller.sv,24df51d9cb33f5c8760a8cfbc7931aafc94c2ab0523c7df55b2635e7778af16f,cv32e40p_int_controller,93,1279,71,0,,1,1,1,clk,0,0,0,0,1,2026-08-25T21:44:32.712049+00:00
Production-oriented open RTL,CV32E40P,https://github.com/openhwgroup/cv32e40p,6033d2b1be3295ec774d17ac4cf226faacfdeb08,rtl/cv32e40p_load_store_unit.sv,857962513fc5bd3eb3d6b28c55fdfb15ef53f8ce8a59173a7d583efb8caee66f,cv32e40p_load_store_unit,311,3959,18,0,,1,1,1,clk,0,1,1,0,2,2026-08-25T21:44:32.712049+00:00
Production-oriented open RTL,CV32E40P,https://github.com/openhwgroup/cv32e40p,6033d2b1be3295ec774d17ac4cf226faacfdeb08,rtl/cv32e40p_mult.sv,6a0cf2f15c69886ad5497222aa203f6f5b1fdd004b32a4ab87b36a0960ba2254,cv32e40p_mult,231,3590,16,0,,1,1,1,clk,0,0,0,0,1,2026-08-25T21:44:32.712049+00:00
Production-oriented open RTL,CV32E40P,https://github.com/openhwgroup/cv32e40p,6033d2b1be3295ec774d17ac4cf226faacfdeb08,rtl/cv32e40p_obi_interface.sv,2b0a58e5c2f758dbe5f6e8f786c547da5508ce466007517434e2f7d817b758ed,cv32e40p_obi_interface,106,912,17,0,,1,1,1,clk,0,0,0,0,1,2026-08-25T21:44:32.712049+00:00
Production-oriented open RTL,CV32E40P,https://github.com/openhwgroup/cv32e40p,6033d2b1be3295ec774d17ac4cf226faacfdeb08,rtl/cv32e40p_popcnt.sv,7a2dbeded21929832b40fc8d068b35b7281c75a63c426feed207127d4da08e4e,cv32e40p_popcnt,31,555,13,0,,1,0,0,,0,0,0,0,1,2026-08-25T21:44:32.712049+00:00
Production-oriented open RTL,CV32E40P,https://github.com/openhwgroup/cv32e40p,6033d2b1be3295ec774d17ac4cf226faacfdeb08,rtl/cv32e40p_prefetch_buffer.sv,a2fcbe6b783659ebecaf25d105f30c68af9b68c2850b833af64a2cec3ec29262,cv32e40p_prefetch_buffer,112,1032,10,0,,1,0,0,,0,3,3,0,2,2026-08-25T21:44:32.712049+00:00
Production-oriented open RTL,CV32E40P,https://github.com/openhwgroup/cv32e40p,6033d2b1be3295ec774d17ac4cf226faacfdeb08,rtl/cv32e40p_prefetch_controller.sv,66e6078ea3b3acd3ceea4b974c0488d25e02324935532de1f2d39cdc34c875a0,cv32e40p_prefetch_controller,173,1723,20,0,,1,1,1,clk,0,0,0,0,1,2026-08-25T21:44:32.712049+00:00
Production-oriented open RTL,CV32E40P,https://github.com/openhwgroup/cv32e40p,6033d2b1be3295ec774d17ac4cf226faacfdeb08,rtl/cv32e40p_register_file_ff.sv,cd04d46afbf778ff3f1573bdd390784e5461a09b33fd670fa126ae7d3c433e89,cv32e40p_register_file,75,1263,21,0,,1,1,1,clk,0,0,0,0,1,2026-08-25T21:44:32.712049+00:00
Production-oriented open RTL,CV32E40P,https://github.com/openhwgroup/cv32e40p,6033d2b1be3295ec774d17ac4cf226faacfdeb08,rtl/cv32e40p_register_file_latch.sv,70acb0166bca598d138e8ab48fac4bb030e55b11c9e578dd0396423e89e841d4,cv32e40p_register_file,99,1458,21,0,,1,1,1,clk_int,0,2,0,0,1,2026-08-25T21:44:32.712049+00:00
Production-oriented open RTL,CV32E40P,https://github.com/openhwgroup/cv32e40p,6033d2b1be3295ec774d17ac4cf226faacfdeb08,rtl/cv32e40p_sleep_unit.sv,1cf012a83b54472931ad9944e7774e311222641a0aa026229c19467f90bf5448,cv32e40p_sleep_unit,61,564,11,0,,1,1,1,clk_ungated_i,0,1,0,0,1,2026-08-25T21:44:32.712049+00:00
Production-oriented open RTL,CV32E40P,https://github.com/openhwgroup/cv32e40p,6033d2b1be3295ec774d17ac4cf226faacfdeb08,rtl/cv32e40p_top.sv,2467f6b3c2745e687edad1a0c88ab5267b4ba8642c91e1fc0f282cf4223e5dc3,cv32e40p_top,134,1323,9,0,,1,0,0,,0,3,2,0,9,2026-08-25T21:44:32.712049+00:00
Production-oriented open RTL,CV32E40P,https://github.com/openhwgroup/cv32e40p,6033d2b1be3295ec774d17ac4cf226faacfdeb08,rtl/vendor/pulp_platform_common_cells/src/addr_decode.sv,84e2b6d49c834b21f13b12d94919efd9a7d541b191a0651d2cca97435a5ca85a,addr_decode,73,1191,29,0,,1,0,0,,0,0,0,0,1,2026-08-25T21:44:32.712049+00:00
Production-oriented open RTL,CV32E40P,https://github.com/openhwgroup/cv32e40p,6033d2b1be3295ec774d17ac4cf226faacfdeb08,rtl/vendor/pulp_platform_common_cells/src/binary_to_gray.sv,99e8a0bac473921d7e2c0f5e248f88705e3f44f9aeaa4d637cecf5fbf2a4d511,binary_to_gray,8,88,10,0,,1,0,0,,0,0,0,0,1,2026-08-25T21:44:32.712049+00:00
Production-oriented open RTL,CV32E40P,https://github.com/openhwgroup/cv32e40p,6033d2b1be3295ec774d17ac4cf226faacfdeb08,rtl/vendor/pulp_platform_common_cells/src/cb_filter.sv,3c428a355ed7f2a2445acf633237f9c875c9fcc08df7c9c41d34a811f83b7b22,cb_filter,116,1281,11,0,,1,0,0,,0,5,5,0,3,2026-08-25T21:44:32.712049+00:00
Production-oriented open RTL,CV32E40P,https://github.com/openhwgroup/cv32e40p,6033d2b1be3295ec774d17ac4cf226faacfdeb08,rtl/vendor/pulp_platform_common_cells/src/cb_filter.sv,3c428a355ed7f2a2445acf633237f9c875c9fcc08df7c9c41d34a811f83b7b22,hash_block,38,485,13,0,,1,0,0,,0,1,1,0,2,2026-08-25T21:44:32.712049+00:00
Production-oriented open RTL,CV32E40P,https://github.com/openhwgroup/cv32e40p,6033d2b1be3295ec774d17ac4cf226faacfdeb08,rtl/vendor/pulp_platform_common_cells/src/cdc_2phase.sv,3720278ce00b5591a1a63fe5515528dd4223a35070303e58cf2e48bd0b56c8c1,cdc_2phase,38,351,6,0,,1,0,0,,3,2,2,0,2,2026-08-25T21:44:32.712049+00:00
Production-oriented open RTL,CV32E40P,https://github.com/openhwgroup/cv32e40p,6033d2b1be3295ec774d17ac4cf226faacfdeb08,rtl/vendor/pulp_platform_common_cells/src/cdc_2phase.sv,3720278ce00b5591a1a63fe5515528dd4223a35070303e58cf2e48bd0b56c8c1,cdc_2phase_dst,46,405,11,0,,1,1,1,clk_i,1,0,0,0,1,2026-08-25T21:44:32.712049+00:00
Production-oriented open RTL,CV32E40P,https://github.com/openhwgroup/cv32e40p,6033d2b1be3295ec774d17ac4cf226faacfdeb08,rtl/vendor/pulp_platform_common_cells/src/cdc_2phase.sv,3720278ce00b5591a1a63fe5515528dd4223a35070303e58cf2e48bd0b56c8c1,cdc_2phase_src,38,318,11,0,,1,1,1,clk_i,1,0,0,0,1,2026-08-25T21:44:32.712049+00:00
Production-oriented open RTL,CV32E40P,https://github.com/openhwgroup/cv32e40p,6033d2b1be3295ec774d17ac4cf226faacfdeb08,rtl/vendor/pulp_platform_common_cells/src/cdc_fifo_2phase.sv,7a73fa189db52831fb6d313f445b6d781fcd6f6e875b92608352e5d0c5a6e35e,cdc_fifo_2phase,81,858,14,0,,1,2,2,dst_clk_i;src_clk_i,4,2,2,0,3,2026-08-25T21:44:32.712049+00:00
Production-oriented open RTL,CV32E40P,https://github.com/openhwgroup/cv32e40p,6033d2b1be3295ec774d17ac4cf226faacfdeb08,rtl/vendor/pulp_platform_common_cells/src/cdc_fifo_gray.sv,46a6f4b6b4ca00dd7132fa9d24be8f386325ba0332ff8499ae22ff277e351885,cdc_fifo_gray,51,447,11,4,DiagCode(CouldNotOpenIncludeFile);DiagCode(UnknownDirective),1,0,0,,8,2,2,0,3,2026-08-25T21:44:32.712049+00:00
Production-oriented open RTL,CV32E40P,https://github.com/openhwgroup/cv32e40p,6033d2b1be3295ec774d17ac4cf226faacfdeb08,rtl/vendor/pulp_platform_common_cells/src/cdc_fifo_gray.sv,46a6f4b6b4ca00dd7132fa9d24be8f386325ba0332ff8499ae22ff277e351885,cdc_fifo_gray_dst,49,626,11,4,DiagCode(CouldNotOpenIncludeFile);DiagCode(UnknownDirective),1,0,0,,1,5,5,0,2,2026-08-25T21:44:32.712049+00:00
Production-oriented open RTL,CV32E40P,https://github.com/openhwgroup/cv32e40p,6033d2b1be3295ec774d17ac4cf226faacfdeb08,rtl/vendor/pulp_platform_common_cells/src/cdc_fifo_gray.sv,46a6f4b6b4ca00dd7132fa9d24be8f386325ba0332ff8499ae22ff277e351885,cdc_fifo_gray_src,38,552,11,4,DiagCode(CouldNotOpenIncludeFile);DiagCode(UnknownDirective),1,0,0,,1,4,4,0,2,2026-08-25T21:44:32.712049+00:00
Production-oriented open RTL,CV32E40P,https://github.com/openhwgroup/cv32e40p,6033d2b1be3295ec774d17ac4cf226faacfdeb08,rtl/vendor/pulp_platform_common_cells/src/clk_div.sv,a07d8003633c4f7a073680cc6049d48bf60f4f9142906592463dce929f4314fc,clk_div,28,247,19,0,,1,1,1,clk_i,0,0,0,0,1,2026-08-25T21:44:32.712049+00:00
Production-oriented open RTL,CV32E40P,https://github.com/openhwgroup/cv32e40p,6033d2b1be3295ec774d17ac4cf226faacfdeb08,rtl/vendor/pulp_platform_common_cells/src/counter.sv,b7a9b5fc11ce4def51133f27ec0470a18ae7c8c6b1161f21c948ae848b693f58,counter,30,230,10,0,,1,0,0,,0,1,1,0,2,2026-08-25T21:44:32.712049+00:00
Production-oriented open RTL,CV32E40P,https://github.com/openhwgroup/cv32e40p,6033d2b1be3295ec774d17ac4cf226faacfdeb08,rtl/vendor/pulp_platform_common_cells/src/delta_counter.sv,698851a015f2b093d5688faa02ae60f0b3ed4324a7584846a99726e1c93732f7,delta_counter,58,600,19,0,,1,1,1,clk_i,0,0,0,0,1,2026-08-25T21:44:32.712049+00:00
Production-oriented open RTL,CV32E40P,https://github.com/openhwgroup/cv32e40p,6033d2b1be3295ec774d17ac4cf226faacfdeb08,rtl/vendor/pulp_platform_common_cells/src/deprecated/clock_divider.sv,c4f7bb329a40a8f3f588c0b105a1a3214aedeb59a6b6b402a9f3cd7567d93d1b,clock_divider,118,822,12,0,,1,1,1,clk_i,0,4,3,0,3,2026-08-25T21:44:32.712049+00:00
Production-oriented open RTL,CV32E40P,https://github.com/openhwgroup/cv32e40p,6033d2b1be3295ec774d17ac4cf226faacfdeb08,rtl/vendor/pulp_platform_common_cells/src/deprecated/clock_divider_counter.sv,33a30c8218ec5363025da8e3b1dc4cf184efb5a78077ab72cc21068d87651a6a,clock_divider_counter,134,1046,18,0,,1,2,2,clk;clk_inv_test,0,3,0,0,1,2026-08-25T21:44:32.712049+00:00
Production-oriented open RTL,CV32E40P,https://github.com/openhwgroup/cv32e40p,6033d2b1be3295ec774d17ac4cf226faacfdeb08,rtl/vendor/pulp_platform_common_cells/src/deprecated/fifo_v1.sv,9076b370e08abc522e00252edc274372909740ebd8ac4920725a5f6dec34e081,fifo,40,340,11,0,,1,0,0,,0,1,1,0,3,2026-08-25T21:44:32.712049+00:00
Production-oriented open RTL,CV32E40P,https://github.com/openhwgroup/cv32e40p,6033d2b1be3295ec774d17ac4cf226faacfdeb08,rtl/vendor/pulp_platform_common_cells/src/deprecated/fifo_v2.sv,cff163332b28e84904955e88691f973a47f90a4209b3f0ae0d2afe94f6a49921,fifo_v2,53,500,12,0,,1,0,0,,0,1,1,0,2,2026-08-25T21:44:32.712049+00:00
Production-oriented open RTL,CV32E40P,https://github.com/openhwgroup/cv32e40p,6033d2b1be3295ec774d17ac4cf226faacfdeb08,rtl/vendor/pulp_platform_common_cells/src/deprecated/find_first_one.sv,94a9fc3d10c55b4171ef8b5a260281c5487e9b751210d9b8aa37478fb207f623,find_first_one,50,1087,22,0,,1,0,0,,0,0,0,0,1,2026-08-25T21:44:32.712049+00:00
Production-oriented open RTL,CV32E40P,https://github.com/openhwgroup/cv32e40p,6033d2b1be3295ec774d17ac4cf226faacfdeb08,rtl/vendor/pulp_platform_common_cells/src/deprecated/generic_LFSR_8bit.sv,df66d7152be286e0e05a06643c0f52bc9aed77ca93cc28547c87c6bb38a4cec5,generic_LFSR_8bit,41,434,14,0,,1,1,1,clk,0,0,0,0,1,2026-08-25T21:44:32.712049+00:00
Production-oriented open RTL,CV32E40P,https://github.com/openhwgroup/cv32e40p,6033d2b1be3295ec774d17ac4cf226faacfdeb08,rtl/vendor/pulp_platform_common_cells/src/deprecated/generic_fifo.sv,b7f2e5f1b29f3426bb3a765af09fb78ba2ab2f0670aed4daa6879acfc0884af1,generic_fifo,182,1477,18,0,,1,2,2,clk;clk_gated,0,1,0,0,1,2026-08-25T21:44:32.712049+00:00
Production-oriented open RTL,CV32E40P,https://github.com/openhwgroup/cv32e40p,6033d2b1be3295ec774d17ac4cf226faacfdeb08,rtl/vendor/pulp_platform_common_cells/src/deprecated/generic_fifo_adv.sv,54b83dcf3a83b83b446fb9077fd54dcd4880abfdcf9d8563804a4b9e3d862224,generic_fifo_adv,195,1545,18,0,,1,2,2,clk;clk_gated,0,1,0,0,1,2026-08-25T21:44:32.712049+00:00
Production-oriented open RTL,CV32E40P,https://github.com/openhwgroup/cv32e40p,6033d2b1be3295ec774d17ac4cf226faacfdeb08,rtl/vendor/pulp_platform_common_cells/src/deprecated/prioarbiter.sv,7b678d4787ce01ab2ac219164ad7b6bc3a20cccd81a6072159522ba970715b11,prioarbiter,51,607,17,0,,1,1,1,clk_i,0,1,1,0,2,2026-08-25T21:44:32.712049+00:00
Production-oriented open RTL,CV32E40P,https://github.com/openhwgroup/cv32e40p,6033d2b1be3295ec774d17ac4cf226faacfdeb08,rtl/vendor/pulp_platform_common_cells/src/deprecated/pulp_sync.sv,50384a923b6c33b8920bac421e28e46ef4af0accac51f7b6bfecdda23a72a203,pulp_sync,20,162,13,0,,1,1,1,clk_i,0,0,0,0,1,2026-08-25T21:44:32.712049+00:00
Production-oriented open RTL,CV32E40P,https://github.com/openhwgroup/cv32e40p,6033d2b1be3295ec774d17ac4cf226faacfdeb08,rtl/vendor/pulp_platform_common_cells/src/deprecated/pulp_sync_wedge.sv,aa9d764e186ee1649a6aeac3a1b51d0d9283ec0a4d88727029c40f4cf2cfb0a6,pulp_sync_wedge,38,267,9,0,,1,1,1,clk,0,2,1,0,2,2026-08-25T21:44:32.712049+00:00
Production-oriented open RTL,CV32E40P,https://github.com/openhwgroup/cv32e40p,6033d2b1be3295ec774d17ac4cf226faacfdeb08,rtl/vendor/pulp_platform_common_cells/src/deprecated/rrarbiter.sv,6b286bebaf3dfb5a98c99bc5d63c8b6e592edd87b4ec77303b23648a93895fa1,rrarbiter,33,322,15,0,,1,0,0,,0,1,1,0,3,2026-08-25T21:44:32.712049+00:00
Production-oriented open RTL,CV32E40P,https://github.com/openhwgroup/cv32e40p,6033d2b1be3295ec774d17ac4cf226faacfdeb08,rtl/vendor/pulp_platform_common_cells/src/deprecated/sram.sv,df76c6231666c99ac0cd8201ec91c7aeb5188f11c538099842e8e3bc5de9c3f0,sram,26,355,15,0,,1,1,1,clk_i,0,0,0,0,1,2026-08-25T21:44:32.712049+00:00
Production-oriented open RTL,CV32E40P,https://github.com/openhwgroup/cv32e40p,6033d2b1be3295ec774d17ac4cf226faacfdeb08,rtl/vendor/pulp_platform_common_cells/src/ecc_decode.sv,bc2934cf595252186391e184f637eeb5461285fedce188cbc5f7ef2752a7e8e5,ecc_decode,54,694,17,0,,1,0,0,,0,0,0,0,1,2026-08-25T21:44:32.712049+00:00
Production-oriented open RTL,CV32E40P,https://github.com/openhwgroup/cv32e40p,6033d2b1be3295ec774d17ac4cf226faacfdeb08,rtl/vendor/pulp_platform_common_cells/src/ecc_encode.sv,2921fe9d29cb4d5d7a35e7a3792bc665b22d866f099ad6026fe9b173759deb71,ecc_encode,43,610,17,0,,1,0,0,,0,0,0,0,1,2026-08-25T21:44:32.712049+00:00
Production-oriented open RTL,CV32E40P,https://github.com/openhwgroup/cv32e40p,6033d2b1be3295ec774d17ac4cf226faacfdeb08,rtl/vendor/pulp_platform_common_cells/src/edge_detect.sv,19a0f7b1139701c6f2d718a24f0775062011372a1ab42e377079275d5abd7411,edge_detect,17,123,6,0,,1,0,0,,0,1,1,0,3,2026-08-25T21:44:32.712049+00:00
Production-oriented open RTL,CV32E40P,https://github.com/openhwgroup/cv32e40p,6033d2b1be3295ec774d17ac4cf226faacfdeb08,rtl/vendor/pulp_platform_common_cells/src/edge_propagator.sv,6db19ca2c0035f64612ca91a5192e96b9a08d5fd0ab295e81d563746735c1b6f,edge_propagator,32,283,13,0,,1,1,0,,0,1,1,0,3,2026-08-25T21:44:32.712049+00:00
Production-oriented open RTL,CV32E40P,https://github.com/openhwgroup/cv32e40p,6033d2b1be3295ec774d17ac4cf226faacfdeb08,rtl/vendor/pulp_platform_common_cells/src/edge_propagator_rx.sv,2d73f35952ec22d16754b928ddb560d7854be23ffa608d9f5652d30f1befe82a,edge_propagator_rx,17,123,6,0,,1,0,0,,0,1,1,0,3,2026-08-25T21:44:32.712049+00:00
Production-oriented open RTL,CV32E40P,https://github.com/openhwgroup/cv32e40p,6033d2b1be3295ec774d17ac4cf226faacfdeb08,rtl/vendor/pulp_platform_common_cells/src/edge_propagator_tx.sv,8b4cd6b8539ad6f8ee47993870675eca92937d6bc892a0c5baf14664a1a4281b,edge_propagator_tx,22,200,13,0,,1,1,0,,0,0,0,0,1,2026-08-25T21:44:32.712049+00:00
Production-oriented open RTL,CV32E40P,https://github.com/openhwgroup/cv32e40p,6033d2b1be3295ec774d17ac4cf226faacfdeb08,rtl/vendor/pulp_platform_common_cells/src/exp_backoff.sv,fb3bff5787bf454bae844982f946bbd693aff49abe8ac4c85099742c272b8238,exp_backoff,46,587,13,0,,1,1,1,clk_i,0,0,0,0,1,2026-08-25T21:44:32.712049+00:00
Production-oriented open RTL,CV32E40P,https://github.com/openhwgroup/cv32e40p,6033d2b1be3295ec774d17ac4cf226faacfdeb08,rtl/vendor/pulp_platform_common_cells/src/fall_through_register.sv,2ba886585636e1f47d8420b408b5b40a468149ad80a71fd4ba782f1859936661,fall_through_register,38,311,9,0,,1,0,0,,0,1,1,0,3,2026-08-25T21:44:32.712049+00:00
Production-oriented open RTL,CV32E40P,https://github.com/openhwgroup/cv32e40p,6033d2b1be3295ec774d17ac4cf226faacfdeb08,rtl/vendor/pulp_platform_common_cells/src/fifo_v3.sv,0b33c4ca3d81eb0af72772aa8f064d655974627841e4ba5aca5634cbb46147ce,fifo_v3,100,1160,14,0,,1,1,1,clk_i,0,0,0,0,1,2026-08-25T21:44:32.712049+00:00
Production-oriented open RTL,CV32E40P,https://github.com/openhwgroup/cv32e40p,6033d2b1be3295ec774d17ac4cf226faacfdeb08,rtl/vendor/pulp_platform_common_cells/src/gray_to_binary.sv,e8cc57b3e6a6accb91a5f204d0f71a95ec7383f9975c727b70fa49fa6bc72470,gray_to_binary,9,119,10,0,,1,0,0,,0,0,0,0,1,2026-08-25T21:44:32.712049+00:00
Production-oriented open RTL,CV32E40P,https://github.com/openhwgroup/cv32e40p,6033d2b1be3295ec774d17ac4cf226faacfdeb08,rtl/vendor/pulp_platform_common_cells/src/id_queue.sv,186e78e9aafc435b23e526289d3f59e3a86be738f7b8b129ac91884e72ea9ed6,id_queue,188,2042,24,0,,1,1,1,clk_i,0,3,3,0,2,2026-08-25T21:44:32.712049+00:00
Production-oriented open RTL,CV32E40P,https://github.com/openhwgroup/cv32e40p,6033d2b1be3295ec774d17ac4cf226faacfdeb08,rtl/vendor/pulp_platform_common_cells/src/isochronous_spill_register.sv,d6f57e48c503c3e67a43c316df40f8b307d902b60c00d0375e99b5bc39afd469,isochronous_spill_register,31,297,14,4,DiagCode(CouldNotOpenIncludeFile);DiagCode(UnknownDirective),1,0,0,,0,0,0,0,1,2026-08-25T21:44:32.712049+00:00
Production-oriented open RTL,CV32E40P,https://github.com/openhwgroup/cv32e40p,6033d2b1be3295ec774d17ac4cf226faacfdeb08,rtl/vendor/pulp_platform_common_cells/src/lfsr.sv,91f6c37be706ca7648cb66635e3f46a210e517f7addb8569ec28e4738599f7d7,lfsr,227,4211,19,0,,1,1,1,clk_i,0,0,0,0,1,2026-08-25T21:44:32.712049+00:00
Production-oriented open RTL,CV32E40P,https://github.com/openhwgroup/cv32e40p,6033d2b1be3295ec774d17ac4cf226faacfdeb08,rtl/vendor/pulp_platform_common_cells/src/lfsr_16bit.sv,5fac16efd0f8cbd4ea3781959972b419c1665282d05f343976715e0abe6138de,lfsr_16bit,34,406,15,0,,1,1,1,clk_i,0,0,0,0,1,2026-08-25T21:44:32.712049+00:00
Production-oriented open RTL,CV32E40P,https://github.com/openhwgroup/cv32e40p,6033d2b1be3295ec774d17ac4cf226faacfdeb08,rtl/vendor/pulp_platform_common_cells/src/lfsr_8bit.sv,b6caa6223650523ccf68435e0718fdd2c6942cca031a445cd427f749ad416e06,lfsr_8bit,32,406,15,0,,1,1,1,clk_i,0,0,0,0,1,2026-08-25T21:44:32.712049+00:00
Production-oriented open RTL,CV32E40P,https://github.com/openhwgroup/cv32e40p,6033d2b1be3295ec774d17ac4cf226faacfdeb08,rtl/vendor/pulp_platform_common_cells/src/lzc.sv,c47046cab67cd9e9ff46f9b2a4c055f301eabd0f135d76d96639eb41c9fa3609,lzc,61,1317,26,0,,1,0,0,,0,0,0,0,1,2026-08-25T21:44:32.712049+00:00
Production-oriented open RTL,CV32E40P,https://github.com/openhwgroup/cv32e40p,6033d2b1be3295ec774d17ac4cf226faacfdeb08,rtl/vendor/pulp_platform_common_cells/src/max_counter.sv,9308c7cb67ff40667b13ccf452dc3166070d4dd1e73ccb71b3e2ed967ab82eb0,max_counter,60,477,11,0,,1,1,1,clk_i,0,1,1,0,2,2026-08-25T21:44:32.712049+00:00
Production-oriented open RTL,CV32E40P,https://github.com/openhwgroup/cv32e40p,6033d2b1be3295ec774d17ac4cf226faacfdeb08,rtl/vendor/pulp_platform_common_cells/src/mv_filter.sv,25c7134be40999f48c7736dc01a2c69810a012690d1d51ca6042df5b6c05fd83,mv_filter,37,314,11,0,,1,1,1,clk_i,0,0,0,0,1,2026-08-25T21:44:32.712049+00:00
Production-oriented open RTL,CV32E40P,https://github.com/openhwgroup/cv32e40p,6033d2b1be3295ec774d17ac4cf226faacfdeb08,rtl/vendor/pulp_platform_common_cells/src/onehot_to_bin.sv,8fce5326140de7a1a67d8afe816e45d745f70d12ef67ae5d27cd9e4a61faa989,onehot_to_bin,19,290,12,0,,1,0,0,,0,0,0,0,1,2026-08-25T21:44:32.712049+00:00
Production-oriented open RTL,CV32E40P,https://github.com/openhwgroup/cv32e40p,6033d2b1be3295ec774d17ac4cf226faacfdeb08,rtl/vendor/pulp_platform_common_cells/src/plru_tree.sv,a57c545f2f3d140471953bb5fa549da2e9e17f4f7a384deaa090cb223afc464a,plru_tree,51,682,19,0,,1,1,1,clk_i,0,0,0,0,1,2026-08-25T21:44:32.712049+00:00
Production-oriented open RTL,CV32E40P,https://github.com/openhwgroup/cv32e40p,6033d2b1be3295ec774d17ac4cf226faacfdeb08,rtl/vendor/pulp_platform_common_cells/src/popcount.sv,849f4d3b661b519ee9079c5339efad6f2dec70bdd87e1c8c82a7b9ca706a28cb,popcount,32,427,16,0,,1,0,0,,0,2,2,0,2,2026-08-25T21:44:32.712049+00:00
Production-oriented open RTL,CV32E40P,https://github.com/openhwgroup/cv32e40p,6033d2b1be3295ec774d17ac4cf226faacfdeb08,rtl/vendor/pulp_platform_common_cells/src/rr_arb_tree.sv,a0df0ff9c26920f5bc17b4ed115600a4f0c745a62c0fb116c160c84abfc9191c,rr_arb_tree,190,2992,24,0,,1,1,1,clk_i,0,2,2,0,2,2026-08-25T21:44:32.712049+00:00
Production-oriented open RTL,CV32E40P,https://github.com/openhwgroup/cv32e40p,6033d2b1be3295ec774d17ac4cf226faacfdeb08,rtl/vendor/pulp_platform_common_cells/src/rstgen.sv,83d9f70bab3b514062a7a79a581919afd5de466167dfcd08733c773f36ba094a,rstgen,16,115,6,0,,1,0,0,,0,1,1,0,2,2026-08-25T21:44:32.712049+00:00
Production-oriented open RTL,CV32E40P,https://github.com/openhwgroup/cv32e40p,6033d2b1be3295ec774d17ac4cf226faacfdeb08,rtl/vendor/pulp_platform_common_cells/src/rstgen_bypass.sv,51322d03a0479f16a4acb66cccee48003e2e224c02a7d3188cbaea9b2f8b2756,rstgen_bypass,34,309,14,0,,1,1,1,clk_i,1,0,0,0,1,2026-08-25T21:44:32.712049+00:00
Production-oriented open RTL,CV32E40P,https://github.com/openhwgroup/cv32e40p,6033d2b1be3295ec774d17ac4cf226faacfdeb08,rtl/vendor/pulp_platform_common_cells/src/serial_deglitch.sv,f42086f7b3ab93fa67182f3e0cf5a37970761779467d50fad871c2856b1e12f4,serial_deglitch,33,329,20,0,,1,1,1,clk_i,0,0,0,0,1,2026-08-25T21:44:32.712049+00:00
Production-oriented open RTL,CV32E40P,https://github.com/openhwgroup/cv32e40p,6033d2b1be3295ec774d17ac4cf226faacfdeb08,rtl/vendor/pulp_platform_common_cells/src/shift_reg.sv,73fd475108016aa3ff5f940324e6bbf627a13bb8404e285b86876d3e948ff622,shift_reg,32,308,15,0,,1,1,1,clk_i,0,0,0,0,1,2026-08-25T21:44:32.712049+00:00
Production-oriented open RTL,CV32E40P,https://github.com/openhwgroup/cv32e40p,6033d2b1be3295ec774d17ac4cf226faacfdeb08,rtl/vendor/pulp_platform_common_cells/src/spill_register.sv,692cb74f9f419f8751c43b0713ee759d4bbec24250bb23cf4d8aa6a50d8686ee,spill_register,58,552,13,0,,1,1,1,clk_i,0,0,0,0,1,2026-08-25T21:44:32.712049+00:00
Production-oriented open RTL,CV32E40P,https://github.com/openhwgroup/cv32e40p,6033d2b1be3295ec774d17ac4cf226faacfdeb08,rtl/vendor/pulp_platform_common_cells/src/stream_arbiter.sv,727cfd2af43220b85c91f4098f9372d10aca1a0115cd614fe98a8730fb5bb1f8,stream_arbiter,30,278,10,0,,1,0,0,,0,1,1,0,4,2026-08-25T21:44:32.712049+00:00
Production-oriented open RTL,CV32E40P,https://github.com/openhwgroup/cv32e40p,6033d2b1be3295ec774d17ac4cf226faacfdeb08,rtl/vendor/pulp_platform_common_cells/src/stream_arbiter_flushable.sv,8a6ffd292fde633bcfba55ca5a0e89f367aa65406978d5947914979b6096a6d4,stream_arbiter_flushable,59,507,11,0,,1,0,0,,0,2,2,0,3,2026-08-25T21:44:32.712049+00:00
Production-oriented open RTL,CV32E40P,https://github.com/openhwgroup/cv32e40p,6033d2b1be3295ec774d17ac4cf226faacfdeb08,rtl/vendor/pulp_platform_common_cells/src/stream_delay.sv,85d0f12b02c1a926d25e80915a53f57bf9c78ab1ebdf58bdd02fe19d70901f5c,stream_delay,100,814,18,0,,1,1,1,clk_i,0,2,2,0,3,2026-08-25T21:44:32.712049+00:00
Production-oriented open RTL,CV32E40P,https://github.com/openhwgroup/cv32e40p,6033d2b1be3295ec774d17ac4cf226faacfdeb08,rtl/vendor/pulp_platform_common_cells/src/stream_demux.sv,210695a35a6107e1c6ec74e15ca535d57a766be1f81d1aa060787e79699443a2,stream_demux,16,196,14,0,,1,0,0,,0,0,0,0,1,2026-08-25T21:44:32.712049+00:00
Production-oriented open RTL,CV32E40P,https://github.com/openhwgroup/cv32e40p,6033d2b1be3295ec774d17ac4cf226faacfdeb08,rtl/vendor/pulp_platform_common_cells/src/stream_fifo.sv,b24dbfeff17323b339fcf38854e5dfadd8b8e15489936d4a029988ece240eac3,stream_fifo,44,393,12,0,,1,0,0,,0,1,1,0,2,2026-08-25T21:44:32.712049+00:00
Production-oriented open RTL,CV32E40P,https://github.com/openhwgroup/cv32e40p,6033d2b1be3295ec774d17ac4cf226faacfdeb08,rtl/vendor/pulp_platform_common_cells/src/stream_filter.sv,3171a71a63e08c8075690b03268b128e0128f8a9c043aa6d51727472b02097ff,stream_filter,10,88,6,0,,1,0,0,,0,0,0,0,1,2026-08-25T21:44:32.712049+00:00
Production-oriented open RTL,CV32E40P,https://github.com/openhwgroup/cv32e40p,6033d2b1be3295ec774d17ac4cf226faacfdeb08,rtl/vendor/pulp_platform_common_cells/src/stream_fork.sv,35e9910301d34b3e2da4521e7406fd35175fe64c9931b498ac4bfdda8c612a5b,stream_fork,92,721,18,0,,1,1,1,clk_i,0,0,0,0,1,2026-08-25T21:44:32.712049+00:00
Production-oriented open RTL,CV32E40P,https://github.com/openhwgroup/cv32e40p,6033d2b1be3295ec774d17ac4cf226faacfdeb08,rtl/vendor/pulp_platform_common_cells/src/stream_fork_dynamic.sv,840c5c72dd91189e5a03873193f7ab1aac5fca7738d87a342cd580efb7ad1b86,stream_fork_dynamic,53,501,15,0,,1,0,0,,0,1,1,0,2,2026-08-25T21:44:32.712049+00:00
Production-oriented open RTL,CV32E40P,https://github.com/openhwgroup/cv32e40p,6033d2b1be3295ec774d17ac4cf226faacfdeb08,rtl/vendor/pulp_platform_common_cells/src/stream_join.sv,daa10d6cd451bc9bba1302619e38f39a3af95c62ff74ebe7e0c0030248e65e3b,stream_join,16,186,12,0,,1,0,0,,0,0,0,0,1,2026-08-25T21:44:32.712049+00:00
Production-oriented open RTL,CV32E40P,https://github.com/openhwgroup/cv32e40p,6033d2b1be3295ec774d17ac4cf226faacfdeb08,rtl/vendor/pulp_platform_common_cells/src/stream_mux.sv,7d6dfee4ed1ef3cd8f57731facc92bd6993072ad6bed48cdb6d5addd6e59b9c4,stream_mux,23,257,12,0,,1,0,0,,0,0,0,0,1,2026-08-25T21:44:32.712049+00:00
Production-oriented open RTL,CV32E40P,https://github.com/openhwgroup/cv32e40p,6033d2b1be3295ec774d17ac4cf226faacfdeb08,rtl/vendor/pulp_platform_common_cells/src/stream_omega_net.sv,b6fb7f33a08fc487e8eff44ce2a5623156048cada487c93f7268fab3b4183da6,stream_omega_net,182,3561,24,0,,1,1,1,clk_i,0,2,2,0,4,2026-08-25T21:44:32.712049+00:00
Production-oriented open RTL,CV32E40P,https://github.com/openhwgroup/cv32e40p,6033d2b1be3295ec774d17ac4cf226faacfdeb08,rtl/vendor/pulp_platform_common_cells/src/stream_register.sv,b4292350fdfaf9471b736dbd610d4cb0a450ed757e9f13431e4b195c53834b1c,stream_register,38,311,9,0,,1,0,0,,0,1,1,0,3,2026-08-25T21:44:32.712049+00:00
Production-oriented open RTL,CV32E40P,https://github.com/openhwgroup/cv32e40p,6033d2b1be3295ec774d17ac4cf226faacfdeb08,rtl/vendor/pulp_platform_common_cells/src/stream_to_mem.sv,61d7f6ee830887d2cf077990c794727a30c13a8b7e87e00a1d9585e171bdd854,stream_to_mem,72,740,14,2,DiagCode(CouldNotOpenIncludeFile);DiagCode(UnknownDirective),1,1,1,clk_i,0,1,1,0,3,2026-08-25T21:44:32.712049+00:00
Production-oriented open RTL,CV32E40P,https://github.com/openhwgroup/cv32e40p,6033d2b1be3295ec774d17ac4cf226faacfdeb08,rtl/vendor/pulp_platform_common_cells/src/stream_xbar.sv,545344057d55593dc0a8d1401e39e5727a6f662471ca45d1bc31393988a595e6,stream_xbar,119,2077,20,0,,1,1,1,clk_i,0,3,3,0,3,2026-08-25T21:44:32.712049+00:00
Production-oriented open RTL,CV32E40P,https://github.com/openhwgroup/cv32e40p,6033d2b1be3295ec774d17ac4cf226faacfdeb08,rtl/vendor/pulp_platform_common_cells/src/sub_per_hash.sv,c7ab35771aa080b3600bdbd6626aa2afef7b25769b74d8633e419e98958ebd95,sub_per_hash,87,1445,16,0,,1,0,0,,0,0,0,0,1,2026-08-25T21:44:32.712049+00:00
Production-oriented open RTL,CV32E40P,https://github.com/openhwgroup/cv32e40p,6033d2b1be3295ec774d17ac4cf226faacfdeb08,rtl/vendor/pulp_platform_common_cells/src/sync.sv,aa2d4b1bf9be00b1763a1c8beef0033dfcadf3e52f51af79f3af922faf717a03,sync,18,169,14,0,,1,1,1,clk_i,0,0,0,0,1,2026-08-25T21:44:32.712049+00:00
Production-oriented open RTL,CV32E40P,https://github.com/openhwgroup/cv32e40p,6033d2b1be3295ec774d17ac4cf226faacfdeb08,rtl/vendor/pulp_platform_common_cells/src/sync_wedge.sv,7cbe0d3337f4d8a3c18c40d3d4ed2826b5190edc3776a69b64a87e7656d1fa75,sync_wedge,40,284,11,0,,1,1,1,clk,0,2,1,0,2,2026-08-25T21:44:32.712049+00:00
Production-oriented open RTL,CV32E40P,https://github.com/openhwgroup/cv32e40p,6033d2b1be3295ec774d17ac4cf226faacfdeb08,rtl/vendor/pulp_platform_common_cells/src/unread.sv,430bd1218854da3032104f5da6fd4bd6cc5b4c9569b85bfea8e805f9ebfc8cf7,unread,4,16,5,0,,1,0,0,,0,0,0,0,1,2026-08-25T21:44:32.712049+00:00
Production-oriented open RTL,CV32E40P,https://github.com/openhwgroup/cv32e40p,6033d2b1be3295ec774d17ac4cf226faacfdeb08,rtl/vendor/pulp_platform_fpnew/src/fpnew_cast_multi.sv,112d82f64b323fb82a1f1473c84ac32587851015a2420c8ac5d85035a8075d7c,fpnew_cast_multi,503,8899,23,37,DiagCode(CouldNotOpenIncludeFile);DiagCode(UnknownDirective),1,0,0,,0,3,3,0,2,2026-08-25T21:44:32.712049+00:00
Production-oriented open RTL,CV32E40P,https://github.com/openhwgroup/cv32e40p,6033d2b1be3295ec774d17ac4cf226faacfdeb08,rtl/vendor/pulp_platform_fpnew/src/fpnew_classifier.sv,cfff43772aea7d918cb0ab3c2e0e996ea34b8740d8edb43f359582ce9978546f,fpnew_classifier,47,777,15,0,,1,0,0,,0,0,0,0,1,2026-08-25T21:44:32.712049+00:00
Production-oriented open RTL,CV32E40P,https://github.com/openhwgroup/cv32e40p,6033d2b1be3295ec774d17ac4cf226faacfdeb08,rtl/vendor/pulp_platform_fpnew/src/fpnew_divsqrt_multi.sv,825e97b95da343a2d3394817e88851c2fc9284d959b9ad84052f5487fd34974f,fpnew_divsqrt_multi,221,2916,14,25,DiagCode(CouldNotOpenIncludeFile);DiagCode(UnknownDirective),1,0,0,,0,1,0,0,1,2026-08-25T21:44:32.712049+00:00
Production-oriented open RTL,CV32E40P,https://github.com/openhwgroup/cv32e40p,6033d2b1be3295ec774d17ac4cf226faacfdeb08,rtl/vendor/pulp_platform_fpnew/src/fpnew_divsqrt_th_32.sv,2dc7f5b6ca17214e5ff05ccd832224b0c78801f4249b43894ff3ff64cbca6ead,fpnew_divsqrt_th_32,323,3845,14,25,DiagCode(CouldNotOpenIncludeFile);DiagCode(UnknownDirective),1,0,0,,0,3,3,0,4,2026-08-25T21:44:32.712049+00:00
Production-oriented open RTL,CV32E40P,https://github.com/openhwgroup/cv32e40p,6033d2b1be3295ec774d17ac4cf226faacfdeb08,rtl/vendor/pulp_platform_fpnew/src/fpnew_fma.sv,3ba0186080bd7465d7b2ad622721ac09c26249a24c2e80195007dd49efeb951b,fpnew_fma,402,6586,21,32,DiagCode(CouldNotOpenIncludeFile);DiagCode(UnknownDirective),1,0,0,,0,3,3,0,2,2026-08-25T21:44:32.712049+00:00
Production-oriented open RTL,CV32E40P,https://github.com/openhwgroup/cv32e40p,6033d2b1be3295ec774d17ac4cf226faacfdeb08,rtl/vendor/pulp_platform_fpnew/src/fpnew_fma_multi.sv,dbba2a529a931d7bfb2062612e08b53cca1e6bce7694e035e47818d01c021327,fpnew_fma_multi,506,9069,23,35,DiagCode(CouldNotOpenIncludeFile);DiagCode(UnknownDirective),1,0,0,,0,3,3,0,2,2026-08-25T21:44:32.712049+00:00
Production-oriented open RTL,CV32E40P,https://github.com/openhwgroup/cv32e40p,6033d2b1be3295ec774d17ac4cf226faacfdeb08,rtl/vendor/pulp_platform_fpnew/src/fpnew_noncomp.sv,5ddf8aefceb3db2968befcbe3ced41541d52a980809e4d072ca7bc186861d742,fpnew_noncomp,256,3583,19,19,DiagCode(CouldNotOpenIncludeFile);DiagCode(UnknownDirective),1,0,0,,0,1,1,0,2,2026-08-25T21:44:32.712049+00:00
Production-oriented open RTL,CV32E40P,https://github.com/openhwgroup/cv32e40p,6033d2b1be3295ec774d17ac4cf226faacfdeb08,rtl/vendor/pulp_platform_fpnew/src/fpnew_opgroup_block.sv,20ba29a7d160470bd29206de04a3be265d1f0c137be73a2673fddc8d75f7557b,fpnew_opgroup_block,177,2420,16,0,,1,0,0,,0,3,3,0,6,2026-08-25T21:44:32.712049+00:00
Production-oriented open RTL,CV32E40P,https://github.com/openhwgroup/cv32e40p,6033d2b1be3295ec774d17ac4cf226faacfdeb08,rtl/vendor/pulp_platform_fpnew/src/fpnew_opgroup_fmt_slice.sv,0f3e60cba5dfb4a5547b6c5945185bde57e7b5f5fbd891b6ab1465f0f3cfd7ec,fpnew_opgroup_fmt_slice,196,2890,20,0,,1,0,0,,0,2,2,0,3,2026-08-25T21:44:32.712049+00:00
Production-oriented open RTL,CV32E40P,https://github.com/openhwgroup/cv32e40p,6033d2b1be3295ec774d17ac4cf226faacfdeb08,rtl/vendor/pulp_platform_fpnew/src/fpnew_opgroup_multifmt_slice.sv,328d2e2907d0c0e081671d42f63e300d4968502359cbfdc55dc23c0591e7dd40,fpnew_opgroup_multifmt_slice,388,5855,25,4,DiagCode(CouldNotOpenIncludeFile);DiagCode(UnknownDirective),1,0,0,,0,4,4,0,5,2026-08-25T21:44:32.712049+00:00
Production-oriented open RTL,CV32E40P,https://github.com/openhwgroup/cv32e40p,6033d2b1be3295ec774d17ac4cf226faacfdeb08,rtl/vendor/pulp_platform_fpnew/src/fpnew_rounding.sv,67d0a15d9e418159eea18a4b521e5d30a563f251e058049041cb2a0cbb0327bd,fpnew_rounding,37,470,12,0,,1,0,0,,0,0,0,0,1,2026-08-25T21:44:32.712049+00:00
Production-oriented open RTL,CV32E40P,https://github.com/openhwgroup/cv32e40p,6033d2b1be3295ec774d17ac4cf226faacfdeb08,rtl/vendor/pulp_platform_fpnew/src/fpnew_top.sv,3a2ae45ff95ca1e6a377b312cca0f04b9d75524fe17bed9cbe648319fa83ffda,fpnew_top,129,1681,15,0,,1,0,0,,0,2,2,0,7,2026-08-25T21:44:32.712049+00:00
Production-oriented open RTL,CV32E40P,https://github.com/openhwgroup/cv32e40p,6033d2b1be3295ec774d17ac4cf226faacfdeb08,rtl/vendor/pulp_platform_fpnew/vendor/opene906/E906_RTL_FACTORY/gen_rtl/clk/rtl/gated_clk_cell.v,22a4a5f41c7733bd4935adc8a036870a110a8e2f2a70f1f3cf64476b7a49eb9e,gated_clk_cell,22,151,8,0,,1,0,0,,0,0,0,0,1,2026-08-25T21:44:32.712049+00:00
Production-oriented open RTL,CV32E40P,https://github.com/openhwgroup/cv32e40p,6033d2b1be3295ec774d17ac4cf226faacfdeb08,rtl/vendor/pulp_platform_fpnew/vendor/opene906/E906_RTL_FACTORY/gen_rtl/fdsu/rtl/pa_fdsu_ctrl.v,082c8019b9191c700eeef514e1879b808f77acb85c825f0706f121151821b827,pa_fdsu_ctrl,627,5642,17,0,,1,4,4,ex1_pipe_clk;ex2_pipe_clk;expnt_rst_clk;fdsu_clk,0,4,4,0,2,2026-08-25T21:44:32.712049+00:00
Production-oriented open RTL,CV32E40P,https://github.com/openhwgroup/cv32e40p,6033d2b1be3295ec774d17ac4cf226faacfdeb08,rtl/vendor/pulp_platform_fpnew/vendor/opene906/E906_RTL_FACTORY/gen_rtl/fdsu/rtl/pa_fdsu_ff1.v,1338016c22e25d93288bc7ade14c07a9f21d29c3d1541863787cc6ce96d4e49c,pa_fdsu_ff1,130,3673,12,0,,1,0,0,,0,0,0,0,1,2026-08-25T21:44:32.712049+00:00
Production-oriented open RTL,CV32E40P,https://github.com/openhwgroup/cv32e40p,6033d2b1be3295ec774d17ac4cf226faacfdeb08,rtl/vendor/pulp_platform_fpnew/vendor/opene906/E906_RTL_FACTORY/gen_rtl/fdsu/rtl/pa_fdsu_pack_single.v,e30b8a6d666bcce6d1fc2922c939aabb138a5ace4471c7f17c165ae7c89e67ec,pa_fdsu_pack_single,216,3150,16,0,,1,0,0,,0,0,0,0,1,2026-08-25T21:44:32.712049+00:00
Production-oriented open RTL,CV32E40P,https://github.com/openhwgroup/cv32e40p,6033d2b1be3295ec774d17ac4cf226faacfdeb08,rtl/vendor/pulp_platform_fpnew/vendor/opene906/E906_RTL_FACTORY/gen_rtl/fdsu/rtl/pa_fdsu_prepare.v,18cc2887533030d2049a518c0ad6b7afce03485d239bf6444b2e2a1f4c185339,pa_fdsu_prepare,191,2997,14,0,,1,0,0,,0,1,1,0,2,2026-08-25T21:44:32.712049+00:00
Production-oriented open RTL,CV32E40P,https://github.com/openhwgroup/cv32e40p,6033d2b1be3295ec774d17ac4cf226faacfdeb08,rtl/vendor/pulp_platform_fpnew/vendor/opene906/E906_RTL_FACTORY/gen_rtl/fdsu/rtl/pa_fdsu_round_single.v,ba09bdc5e5b1bdfec7698f1bfdc6473bef5e7bdc2dfce884d9bc0dcb24855f1a,pa_fdsu_round_single,417,4975,23,0,,1,1,1,ex3_pipe_clk,0,1,1,0,2,2026-08-25T21:44:32.712049+00:00
Production-oriented open RTL,CV32E40P,https://github.com/openhwgroup/cv32e40p,6033d2b1be3295ec774d17ac4cf226faacfdeb08,rtl/vendor/pulp_platform_fpnew/vendor/opene906/E906_RTL_FACTORY/gen_rtl/fdsu/rtl/pa_fdsu_special.v,dc74933f7b288a66240d1bbc7a6b8838d1bb819f9b08802d27b5846f64187ee3,pa_fdsu_special,209,2056,18,0,,1,0,0,,0,0,0,0,1,2026-08-25T21:44:32.712049+00:00
Production-oriented open RTL,CV32E40P,https://github.com/openhwgroup/cv32e40p,6033d2b1be3295ec774d17ac4cf226faacfdeb08,rtl/vendor/pulp_platform_fpnew/vendor/opene906/E906_RTL_FACTORY/gen_rtl/fdsu/rtl/pa_fdsu_srt_single.v,a336b8c70e5afc188122ededfa90b1d1390a2cdb974c8a1633a5f8861062c89b,pa_fdsu_srt_single,597,7260,18,0,,1,4,4,ex1_ex2_pipe_clk;ex2_pipe_clk;qt_clk;srt_div_clk,0,3,3,0,2,2026-08-25T21:44:32.712049+00:00
Production-oriented open RTL,CV32E40P,https://github.com/openhwgroup/cv32e40p,6033d2b1be3295ec774d17ac4cf226faacfdeb08,rtl/vendor/pulp_platform_fpnew/vendor/opene906/E906_RTL_FACTORY/gen_rtl/fdsu/rtl/pa_fdsu_top.v,029a9a42c1a82501ce5a4cb546b399f5de922b0be7b8ce3bd9cee370ca90dbe8,pa_fdsu_top,415,3955,7,0,,1,0,0,,0,6,6,0,3,2026-08-25T21:44:32.712049+00:00
Production-oriented open RTL,CV32E40P,https://github.com/openhwgroup/cv32e40p,6033d2b1be3295ec774d17ac4cf226faacfdeb08,rtl/vendor/pulp_platform_fpnew/vendor/opene906/E906_RTL_FACTORY/gen_rtl/fpu/rtl/pa_fpu_dp.v,904561370d3130ca05d5a57a153b153af1b342c8bb8f9cd872e27c3975dfa4c8,pa_fpu_dp,245,3844,13,0,,1,1,1,ex2_data_clk,0,4,4,0,2,2026-08-25T21:44:32.712049+00:00
Production-oriented open RTL,CV32E40P,https://github.com/openhwgroup/cv32e40p,6033d2b1be3295ec774d17ac4cf226faacfdeb08,rtl/vendor/pulp_platform_fpnew/vendor/opene906/E906_RTL_FACTORY/gen_rtl/fpu/rtl/pa_fpu_frbus.v,d347df146bae61e7b098d1d680baf06f0dc4f76779d39023708b49ba86832605,pa_fpu_frbus,62,732,13,0,,1,0,0,,0,0,0,0,1,2026-08-25T21:44:32.712049+00:00
Production-oriented open RTL,CV32E40P,https://github.com/openhwgroup/cv32e40p,6033d2b1be3295ec774d17ac4cf226faacfdeb08,rtl/vendor/pulp_platform_fpnew/vendor/opene906/E906_RTL_FACTORY/gen_rtl/fpu/rtl/pa_fpu_src_type.v,2f31dbe04cb7f151a76eca5c698eddae8eaa773bf94f8906582762cd146cd4a7,pa_fpu_src_type,54,640,11,0,,1,0,0,,0,0,0,0,1,2026-08-25T21:44:32.712049+00:00
Production-oriented open RTL,OpenTitan,https://github.com/lowRISC/opentitan,e3f3234aa3772760cdf40e79a8ae4471b6b02213,hw/ip/adc_ctrl/rtl/adc_ctrl.sv,2d7487c668d5ce3a43ea77637ccc923466f69feb140bb4fb2f1bc7a814c7da7f,adc_ctrl,67,683,11,8,DiagCode(CouldNotOpenIncludeFile);DiagCode(UnknownDirective),1,0,0,,0,3,3,0,6,2026-08-25T21:44:32.712049+00:00
Production-oriented open RTL,OpenTitan,https://github.com/lowRISC/opentitan,e3f3234aa3772760cdf40e79a8ae4471b6b02213,hw/ip/adc_ctrl/rtl/adc_ctrl_core.sv,3fc8977e4f2dcb3e8da7a97a7b28733dd0205e046e7f2a406b645201252083ea,adc_ctrl_core,138,2337,15,6,DiagCode(CouldNotOpenIncludeFile);DiagCode(UnknownDirective),1,0,0,,1,3,3,0,4,2026-08-25T21:44:32.712049+00:00
Production-oriented open RTL,OpenTitan,https://github.com/lowRISC/opentitan,e3f3234aa3772760cdf40e79a8ae4471b6b02213,hw/ip/adc_ctrl/rtl/adc_ctrl_fsm.sv,6068a15b590e2501a6bdf55e98978051b54cfe6461e5dfd1ba26b05041c8f1b9,adc_ctrl_fsm,317,2814,18,5,DiagCode(CouldNotOpenIncludeFile);DiagCode(UnknownDirective),1,1,1,clk_aon_i,0,0,0,0,1,2026-08-25T21:44:32.712049+00:00
Production-oriented open RTL,OpenTitan,https://github.com/lowRISC/opentitan,e3f3234aa3772760cdf40e79a8ae4471b6b02213,hw/ip/adc_ctrl/rtl/adc_ctrl_intr.sv,a8adffc47c8e8350abe8376b23a13401ed6b67f3eb851601a169a7e564f30634,adc_ctrl_intr,101,1095,13,0,,1,2,2,clk_aon_i;clk_i,0,2,2,0,3,2026-08-25T21:44:32.712049+00:00
Production-oriented open RTL,OpenTitan,https://github.com/lowRISC/opentitan,e3f3234aa3772760cdf40e79a8ae4471b6b02213,hw/ip/adc_ctrl/rtl/adc_ctrl_reg_top.sv,5be98ba398da8779076ebd55bc045db8f08487e13f1e8e501ebb47da466787e2,adc_ctrl_reg_top,3195,32902,48,5,DiagCode(CouldNotOpenIncludeFile);DiagCode(UnknownDirective),1,1,1,clk_i,52,125,125,0,5,2026-08-25T21:44:32.712049+00:00
Production-oriented open RTL,OpenTitan,https://github.com/lowRISC/opentitan,e3f3234aa3772760cdf40e79a8ae4471b6b02213,hw/ip/aes/pre_dv/aes_cipher_core_tb/rtl/aes_cipher_core_tb.sv,69ebcf732e73a372793354ca06e9e29d4c80faeb05329e9861b9e4e2827f1f5c,aes_cipher_core_tb,267,2998,18,0,,1,1,1,clk_i,0,1,1,0,8,2026-08-25T21:44:32.712049+00:00
Production-oriented open RTL,OpenTitan,https://github.com/lowRISC/opentitan,e3f3234aa3772760cdf40e79a8ae4471b6b02213,hw/ip/aes/pre_dv/aes_sbox_tb/rtl/aes_sbox_tb.sv,1cf399f182679c1d3e7e9286931eaa50487536ebf55ef88b1149805b0b063f64,aes_sbox_tb,122,1456,19,0,,1,1,1,clk_i,0,5,5,0,5,2026-08-25T21:44:32.712049+00:00
Production-oriented open RTL,OpenTitan,https://github.com/lowRISC/opentitan,e3f3234aa3772760cdf40e79a8ae4471b6b02213,hw/ip/aes/pre_dv/aes_tb/rtl/aes_tb.sv,c6e01a7c9c4ec6717382c5e65470c5a261735f9ea7f3d5d973d3359ea8926237,aes_tb,258,2856,16,6,DiagCode(ExpectedExpression);DiagCode(UnknownDirective),1,1,1,clk_i,0,7,6,1,10,2026-08-25T21:44:32.712049+00:00
Production-oriented open RTL,OpenTitan,https://github.com/lowRISC/opentitan,e3f3234aa3772760cdf40e79a8ae4471b6b02213,hw/ip/aes/pre_dv/aes_tb/rtl/aes_tb_c_dpi.sv,625cf96e21057505aa47cabf786b1fc0373e7a8ae5184fbedbd757638e7932a4,aes_tb_c_dpi,144,1476,20,0,,1,1,1,clk_i,0,0,0,0,1,2026-08-25T21:44:32.712049+00:00
Production-oriented open RTL,OpenTitan,https://github.com/lowRISC/opentitan,e3f3234aa3772760cdf40e79a8ae4471b6b02213,hw/ip/aes/pre_dv/aes_tb/rtl/aes_tb_reqs.sv,28ac030adac79334609e9c076fff7878410ed930beb50f2c50bbbdb49d45910f,aes_tb_reqs,20,189,11,4,DiagCode(ExpectedExpression);DiagCode(UnknownDirective),1,1,1,clk_i,0,0,0,0,1,2026-08-25T21:44:32.712049+00:00
Production-oriented open RTL,OpenTitan,https://github.com/lowRISC/opentitan,e3f3234aa3772760cdf40e79a8ae4471b6b02213,hw/ip/aes/pre_dv/aes_tb/rtl/tlul_adapter_tb_reqs.sv,ae969a790bf4cc2d23c329f15b61180da9275137dc193856ee18a1201bea34d5,tlul_adapter_tb_reqs,61,606,11,1,DiagCode(CouldNotOpenIncludeFile),1,1,1,clk_i,0,2,2,0,4,2026-08-25T21:44:32.712049+00:00
Production-oriented open RTL,OpenTitan,https://github.com/lowRISC/opentitan,e3f3234aa3772760cdf40e79a8ae4471b6b02213,hw/ip/aes/pre_dv/aes_tb/rtl/tlul_delayer.sv,ee1accbe0cefa321e2894f2e61d3dc1f2a7035c815c28d5750df7ced6124a2a5,tlul_delayer,78,685,13,0,,1,1,1,clk_i,0,1,1,0,2,2026-08-25T21:44:32.712049+00:00
Production-oriented open RTL,OpenTitan,https://github.com/lowRISC/opentitan,e3f3234aa3772760cdf40e79a8ae4471b6b02213,hw/ip/aes/pre_dv/aes_tb/rtl/vh_regs.sv,036ea8dd7091cfd1298495c53c47b80864cc1de4ab316ed457ef705001fd9af3,vh_regs,46,573,10,0,,1,0,0,,0,0,0,0,1,2026-08-25T21:44:32.712049+00:00
Production-oriented open RTL,OpenTitan,https://github.com/lowRISC/opentitan,e3f3234aa3772760cdf40e79a8ae4471b6b02213,hw/ip/aes/pre_dv/aes_wrap_tb/rtl/aes_wrap_tb.sv,fc1806f67c24c1bce3b465ef1273a99fa1b097c7feba63033edb5a00b2aea486,aes_wrap_tb,55,481,15,0,,1,1,1,clk_i,0,1,1,0,11,2026-08-25T21:44:32.712049+00:00
Production-oriented open RTL,OpenTitan,https://github.com/lowRISC/opentitan,e3f3234aa3772760cdf40e79a8ae4471b6b02213,hw/ip/aes/rtl/aes.sv,e52cfd2f344f3b7a4ab2ab409e91886e54b668d49e1e387381c8e584a0e569b1,aes,181,1860,11,16,DiagCode(CouldNotOpenIncludeFile);DiagCode(UnknownDirective),1,1,1,clk_i,0,5,5,0,9,2026-08-25T21:44:32.712049+00:00
Production-oriented open RTL,OpenTitan,https://github.com/lowRISC/opentitan,e3f3234aa3772760cdf40e79a8ae4471b6b02213,hw/ip/aes/rtl/aes_cipher_control.sv,8caeb097be3377ecd86d526f48ec17604f275fcbf0939196e2d0bb71ff0a75f1,aes_cipher_control,359,4694,17,2,DiagCode(CouldNotOpenIncludeFile);DiagCode(UnknownDirective),1,1,1,clk_i,0,5,3,2,3,2026-08-25T21:44:32.712049+00:00
Production-oriented open RTL,OpenTitan,https://github.com/lowRISC/opentitan,e3f3234aa3772760cdf40e79a8ae4471b6b02213,hw/ip/aes/rtl/aes_cipher_control_fsm.sv,5d394c32998b51900f02d65bb47e3151e07207f95675e3ebc390967d846a8892,aes_cipher_control_fsm,303,3072,23,7,DiagCode(CouldNotOpenIncludeFile);DiagCode(UnknownDirective),1,1,1,clk_i,0,0,0,0,1,2026-08-25T21:44:32.712049+00:00
Production-oriented open RTL,OpenTitan,https://github.com/lowRISC/opentitan,e3f3234aa3772760cdf40e79a8ae4471b6b02213,hw/ip/aes/rtl/aes_cipher_control_fsm_n.sv,a429f841969030653e71048c63e624c595eb80a9fd471f0d2e4c7dd3cee7922d,aes_cipher_control_fsm_n,328,2006,12,0,,1,0,0,,0,3,1,2,2,2026-08-25T21:44:32.712049+00:00
Production-oriented open RTL,OpenTitan,https://github.com/lowRISC/opentitan,e3f3234aa3772760cdf40e79a8ae4471b6b02213,hw/ip/aes/rtl/aes_cipher_control_fsm_p.sv,b8421c0ff44e03d303ed3bb31372c318f47d4b313a6f81a8629ec057667c36d6,aes_cipher_control_fsm_p,328,1968,12,0,,1,0,0,,0,3,1,2,2,2026-08-25T21:44:32.712049+00:00
Production-oriented open RTL,OpenTitan,https://github.com/lowRISC/opentitan,e3f3234aa3772760cdf40e79a8ae4471b6b02213,hw/ip/aes/rtl/aes_cipher_core.sv,febc6a30c5ea0d1dddbd2971fc7c7299a4365c94b814fbbc9e71d4979c31a37f,aes_cipher_core,496,5869,15,1,DiagCode(CouldNotOpenIncludeFile),1,1,1,clk_i,0,14,14,0,7,2026-08-25T21:44:32.712049+00:00
Production-oriented open RTL,OpenTitan,https://github.com/lowRISC/opentitan,e3f3234aa3772760cdf40e79a8ae4471b6b02213,hw/ip/aes/rtl/aes_control.sv,aa48cdf1799e11d8290ce5ee4f4b93b154f6af54f37ee8c0a83cc707e158888e,aes_control,506,7120,18,2,DiagCode(CouldNotOpenIncludeFile);DiagCode(UnknownDirective),1,1,1,clk_i,0,3,3,0,4,2026-08-25T21:44:32.712049+00:00
Production-oriented open RTL,OpenTitan,https://github.com/lowRISC/opentitan,e3f3234aa3772760cdf40e79a8ae4471b6b02213,hw/ip/aes/rtl/aes_control_fsm.sv,ff60177138027f7d28d7aa455106ed4b3ac75a671f12be1c891116cf6fb9f82b,aes_control_fsm,727,7428,27,8,DiagCode(CouldNotOpenIncludeFile);DiagCode(UnknownDirective),1,1,1,clk_i,0,2,2,0,2,2026-08-25T21:44:32.712049+00:00
Production-oriented open RTL,OpenTitan,https://github.com/lowRISC/opentitan,e3f3234aa3772760cdf40e79a8ae4471b6b02213,hw/ip/aes/rtl/aes_control_fsm_n.sv,65ba8616d9485fefe34e3a51b6d29cb5b56705f13f296d08d6c10f916f6b7885,aes_control_fsm_n,548,3499,12,1,DiagCode(CouldNotOpenIncludeFile),1,0,0,,0,3,1,2,3,2026-08-25T21:44:32.712049+00:00
Production-oriented open RTL,OpenTitan,https://github.com/lowRISC/opentitan,e3f3234aa3772760cdf40e79a8ae4471b6b02213,hw/ip/aes/rtl/aes_control_fsm_p.sv,3192aaee2b4ee5520169b1332e1d9b098ddf7b26c95a1ad6861fd37addbb81f4,aes_control_fsm_p,548,3457,12,1,DiagCode(CouldNotOpenIncludeFile),1,0,0,,0,3,1,2,3,2026-08-25T21:44:32.712049+00:00
Production-oriented open RTL,OpenTitan,https://github.com/lowRISC/opentitan,e3f3234aa3772760cdf40e79a8ae4471b6b02213,hw/ip/aes/rtl/aes_core.sv,c4a8332d84ba66da196a50530ac41779d03bb17c2d8b65919d2bddd236435966,aes_core,831,10122,18,7,DiagCode(CouldNotOpenIncludeFile);DiagCode(UnknownDirective),1,1,1,clk_i,0,21,19,2,8,2026-08-25T21:44:32.712049+00:00
Production-oriented open RTL,OpenTitan,https://github.com/lowRISC/opentitan,e3f3234aa3772760cdf40e79a8ae4471b6b02213,hw/ip/aes/rtl/aes_ctr.sv,aaaf0f958ab89e1c23fbaf22073a22c051a3a3bdf06d29e417a5607d90aa3605,aes_ctr,139,1804,14,0,,1,0,0,,0,4,4,0,3,2026-08-25T21:44:32.712049+00:00
Production-oriented open RTL,OpenTitan,https://github.com/lowRISC/opentitan,e3f3234aa3772760cdf40e79a8ae4471b6b02213,hw/ip/aes/rtl/aes_ctr_fsm.sv,2f2173e7e11bf77e80600ed6aabcc4b9d0b7089f73f5a1b5d80f66eaa2cbd6d4,aes_ctr_fsm,70,696,12,3,DiagCode(CouldNotOpenIncludeFile);DiagCode(UnknownDirective),1,1,1,clk_i,0,0,0,0,1,2026-08-25T21:44:32.712049+00:00
Production-oriented open RTL,OpenTitan,https://github.com/lowRISC/opentitan,e3f3234aa3772760cdf40e79a8ae4471b6b02213,hw/ip/aes/rtl/aes_ctr_fsm_n.sv,e6b160612ddb78025268bda7073e0f6f223e539df1c99703fdc147af02aa7e81,aes_ctr_fsm_n,92,680,11,0,,1,0,0,,0,3,1,2,2,2026-08-25T21:44:32.712049+00:00
Production-oriented open RTL,OpenTitan,https://github.com/lowRISC/opentitan,e3f3234aa3772760cdf40e79a8ae4471b6b02213,hw/ip/aes/rtl/aes_ctr_fsm_p.sv,c5c52db9c60b70fdd8f984cf32006da7a6f2172761461837b0f500e21fb5ba31,aes_ctr_fsm_p,92,672,11,0,,1,0,0,,0,3,1,2,2,2026-08-25T21:44:32.712049+00:00
Production-oriented open RTL,OpenTitan,https://github.com/lowRISC/opentitan,e3f3234aa3772760cdf40e79a8ae4471b6b02213,hw/ip/aes/rtl/aes_ctrl_gcm_reg_shadowed.sv,b07314ed31e31b7441a36c4fb183f3d9c1b6c4905c216e9d34be832bd4904456,aes_ctrl_gcm_reg_shadowed,157,1481,19,1,DiagCode(CouldNotOpenIncludeFile),1,0,0,,0,2,2,0,4,2026-08-25T21:44:32.712049+00:00
Production-oriented open RTL,OpenTitan,https://github.com/lowRISC/opentitan,e3f3234aa3772760cdf40e79a8ae4471b6b02213,hw/ip/aes/rtl/aes_ctrl_reg_shadowed.sv,74d1537f81873e2b057f46f325c7b75abdb68a29c40fe8396ad960e10033cb00,aes_ctrl_reg_shadowed,229,2250,10,1,DiagCode(CouldNotOpenIncludeFile),1,0,0,,0,6,6,0,4,2026-08-25T21:44:32.712049+00:00
Production-oriented open RTL,OpenTitan,https://github.com/lowRISC/opentitan,e3f3234aa3772760cdf40e79a8ae4471b6b02213,hw/ip/aes/rtl/aes_ghash.sv,68115ce469f7bfd4ac2281cb30f20ee5a6e49122197d70502244c0e5cb1a7936,aes_ghash,618,6758,26,2,DiagCode(CouldNotOpenIncludeFile);DiagCode(UnknownDirective),1,1,1,clk_i,0,13,8,5,2,2026-08-25T21:44:32.712049+00:00
Production-oriented open RTL,OpenTitan,https://github.com/lowRISC/opentitan,e3f3234aa3772760cdf40e79a8ae4471b6b02213,hw/ip/aes/rtl/aes_ghash_wrap.sv,b9d93ac201abf0265badac82e9e703c2224057e53d01455b4e7ec5d11d6b01ef,aes_ghash_wrap,85,1050,10,0,,1,1,1,clk_i,0,3,1,2,3,2026-08-25T21:44:32.712049+00:00
Production-oriented open RTL,OpenTitan,https://github.com/lowRISC/opentitan,e3f3234aa3772760cdf40e79a8ae4471b6b02213,hw/ip/aes/rtl/aes_key_expand.sv,12a2932ad028cef572fb3e2a70126eac7ddbd0735b2293d452067f58efc86129,aes_key_expand,318,5113,28,5,DiagCode(CouldNotOpenIncludeFile);DiagCode(UnknownDirective),1,1,1,clk_i,0,3,3,0,6,2026-08-25T21:44:32.712049+00:00
Production-oriented open RTL,OpenTitan,https://github.com/lowRISC/opentitan,e3f3234aa3772760cdf40e79a8ae4471b6b02213,hw/ip/aes/rtl/aes_mix_columns.sv,143498561818fcaf2c9eaa7a92a220c82440f2984a72a90efa8b4c6e44efd315,aes_mix_columns,18,288,11,0,,1,0,0,,0,1,1,0,2,2026-08-25T21:44:32.712049+00:00
Production-oriented open RTL,OpenTitan,https://github.com/lowRISC/opentitan,e3f3234aa3772760cdf40e79a8ae4471b6b02213,hw/ip/aes/rtl/aes_mix_single_column.sv,9e1b9304e2213e9ab3ed3dabbbb8556417da69ccc883c8b697fc8179d7d0108d,aes_mix_single_column,38,970,13,0,,1,0,0,,0,0,0,0,1,2026-08-25T21:44:32.712049+00:00
Production-oriented open RTL,OpenTitan,https://github.com/lowRISC/opentitan,e3f3234aa3772760cdf40e79a8ae4471b6b02213,hw/ip/aes/rtl/aes_prng_clearing.sv,f93db93169597e1cc9ef9ce70ab37bb5c7f1888974ca14a39f526798ebff32d6,aes_prng_clearing,94,1033,13,4,DiagCode(CouldNotOpenIncludeFile);DiagCode(UnknownDirective),1,1,1,clk_i,0,2,2,0,2,2026-08-25T21:44:32.712049+00:00
Production-oriented open RTL,OpenTitan,https://github.com/lowRISC/opentitan,e3f3234aa3772760cdf40e79a8ae4471b6b02213,hw/ip/aes/rtl/aes_prng_masking.sv,d726a439dec45efab9b8df63238df617cfdd4a5aab6180577a9681f8fff06d99,aes_prng_masking,71,707,13,4,DiagCode(CouldNotOpenIncludeFile);DiagCode(UnknownDirective),1,0,0,,0,1,1,0,2,2026-08-25T21:44:32.712049+00:00
Production-oriented open RTL,OpenTitan,https://github.com/lowRISC/opentitan,e3f3234aa3772760cdf40e79a8ae4471b6b02213,hw/ip/aes/rtl/aes_reduced_round.sv,95892ed0a42be8507e1e492cfb9cda00f9c5565bd859c18853d0256fa2c1b42c,aes_reduced_round,59,844,11,0,,1,0,0,,0,3,3,0,7,2026-08-25T21:44:32.712049+00:00
Production-oriented open RTL,OpenTitan,https://github.com/lowRISC/opentitan,e3f3234aa3772760cdf40e79a8ae4471b6b02213,hw/ip/aes/rtl/aes_reg_status.sv,93c20b41f0a6100626179ee1f57e1fc49f8c4a47519ba841295b8e7bf624eb49,aes_reg_status,51,549,10,0,,1,1,1,clk_i,0,0,0,0,1,2026-08-25T21:44:32.712049+00:00
Production-oriented open RTL,OpenTitan,https://github.com/lowRISC/opentitan,e3f3234aa3772760cdf40e79a8ae4471b6b02213,hw/ip/aes/rtl/aes_reg_top.sv,d8af0a91ccc3bd6219b94055b853ed5d5ec134e1bf0f9bb61443084b28b0167c,aes_reg_top,1462,17537,51,5,DiagCode(CouldNotOpenIncludeFile);DiagCode(UnknownDirective),1,1,1,clk_i,0,60,56,4,5,2026-08-25T21:44:32.712049+00:00
Production-oriented open RTL,OpenTitan,https://github.com/lowRISC/opentitan,e3f3234aa3772760cdf40e79a8ae4471b6b02213,hw/ip/aes/rtl/aes_sbox.sv,85faae595eb912d1833ed55cb09c43e4fbb66d5093f127ba02f4777616847f05,aes_sbox,102,1013,17,5,DiagCode(CouldNotOpenIncludeFile);DiagCode(UnknownDirective),1,0,0,,0,5,5,0,5,2026-08-25T21:44:32.712049+00:00
Production-oriented open RTL,OpenTitan,https://github.com/lowRISC/opentitan,e3f3234aa3772760cdf40e79a8ae4471b6b02213,hw/ip/aes/rtl/aes_sbox_canright.sv,547672776957389bed22fba0db2ae83fb5652080db05d7a12f030ef0570aa02c,aes_sbox_canright,38,857,14,0,,1,0,0,,0,0,0,0,1,2026-08-25T21:44:32.712049+00:00
Production-oriented open RTL,OpenTitan,https://github.com/lowRISC/opentitan,e3f3234aa3772760cdf40e79a8ae4471b6b02213,hw/ip/aes/rtl/aes_sbox_canright_masked.sv,350199e4bb44588b3312c10bfb0f66b58168ff77b05159fcf04928a0a9ecfeee,aes_masked_inverse_gf2p4,133,1841,14,0,,1,0,0,,0,11,0,11,1,2026-08-25T21:44:32.712049+00:00
Production-oriented open RTL,OpenTitan,https://github.com/lowRISC/opentitan,e3f3234aa3772760cdf40e79a8ae4471b6b02213,hw/ip/aes/rtl/aes_sbox_canright_masked.sv,350199e4bb44588b3312c10bfb0f66b58168ff77b05159fcf04928a0a9ecfeee,aes_masked_inverse_gf2p8,126,1761,11,0,,1,0,0,,0,10,1,9,2,2026-08-25T21:44:32.712049+00:00
Production-oriented open RTL,OpenTitan,https://github.com/lowRISC/opentitan,e3f3234aa3772760cdf40e79a8ae4471b6b02213,hw/ip/aes/rtl/aes_sbox_canright_masked.sv,350199e4bb44588b3312c10bfb0f66b58168ff77b05159fcf04928a0a9ecfeee,aes_sbox_canright_masked,32,590,12,0,,1,0,0,,0,1,1,0,3,2026-08-25T21:44:32.712049+00:00
Production-oriented open RTL,OpenTitan,https://github.com/lowRISC/opentitan,e3f3234aa3772760cdf40e79a8ae4471b6b02213,hw/ip/aes/rtl/aes_sbox_canright_masked_noreuse.sv,bc64cfdb88900afa7c3b3dd196ed1ed7237e70bc92559d6a88a241c5104675b3,aes_masked_inverse_gf2p4_noreuse,106,1732,14,0,,1,0,0,,0,7,0,7,1,2026-08-25T21:44:32.712049+00:00
Production-oriented open RTL,OpenTitan,https://github.com/lowRISC/opentitan,e3f3234aa3772760cdf40e79a8ae4471b6b02213,hw/ip/aes/rtl/aes_sbox_canright_masked_noreuse.sv,bc64cfdb88900afa7c3b3dd196ed1ed7237e70bc92559d6a88a241c5104675b3,aes_masked_inverse_gf2p8_noreuse,117,1835,11,0,,1,0,0,,0,8,1,7,2,2026-08-25T21:44:32.712049+00:00
Production-oriented open RTL,OpenTitan,https://github.com/lowRISC/opentitan,e3f3234aa3772760cdf40e79a8ae4471b6b02213,hw/ip/aes/rtl/aes_sbox_canright_masked_noreuse.sv,bc64cfdb88900afa7c3b3dd196ed1ed7237e70bc92559d6a88a241c5104675b3,aes_sbox_canright_masked_noreuse,35,643,12,0,,1,0,0,,0,1,1,0,3,2026-08-25T21:44:32.712049+00:00
Production-oriented open RTL,OpenTitan,https://github.com/lowRISC/opentitan,e3f3234aa3772760cdf40e79a8ae4471b6b02213,hw/ip/aes/rtl/aes_sbox_dom.sv,f010b0f9086c98d65cf060e66ad91e7c269ba3dc1e5f6bdecd30bcc79d433da4,aes_dom_dep_mul_gf2pn,154,2080,14,4,DiagCode(CouldNotOpenIncludeFile);DiagCode(UnknownDirective),1,0,0,,0,7,0,7,1,2026-08-25T21:44:32.712049+00:00
Production-oriented open RTL,OpenTitan,https://github.com/lowRISC/opentitan,e3f3234aa3772760cdf40e79a8ae4471b6b02213,hw/ip/aes/rtl/aes_sbox_dom.sv,f010b0f9086c98d65cf060e66ad91e7c269ba3dc1e5f6bdecd30bcc79d433da4,aes_dom_dep_mul_gf2pn_unopt,80,980,11,4,DiagCode(CouldNotOpenIncludeFile);DiagCode(UnknownDirective),1,0,0,,0,3,1,2,2,2026-08-25T21:44:32.712049+00:00
Production-oriented open RTL,OpenTitan,https://github.com/lowRISC/opentitan,e3f3234aa3772760cdf40e79a8ae4471b6b02213,hw/ip/aes/rtl/aes_sbox_dom.sv,f010b0f9086c98d65cf060e66ad91e7c269ba3dc1e5f6bdecd30bcc79d433da4,aes_dom_indep_mul_gf2pn,75,974,11,4,DiagCode(CouldNotOpenIncludeFile);DiagCode(UnknownDirective),1,0,0,,0,3,0,3,1,2026-08-25T21:44:32.712049+00:00
Production-oriented open RTL,OpenTitan,https://github.com/lowRISC/opentitan,e3f3234aa3772760cdf40e79a8ae4471b6b02213,hw/ip/aes/rtl/aes_sbox_dom.sv,f010b0f9086c98d65cf060e66ad91e7c269ba3dc1e5f6bdecd30bcc79d433da4,aes_dom_inverse_gf2p4,158,1878,14,4,DiagCode(CouldNotOpenIncludeFile);DiagCode(UnknownDirective),1,0,0,,0,8,3,5,2,2026-08-25T21:44:32.712049+00:00
Production-oriented open RTL,OpenTitan,https://github.com/lowRISC/opentitan,e3f3234aa3772760cdf40e79a8ae4471b6b02213,hw/ip/aes/rtl/aes_sbox_dom.sv,f010b0f9086c98d65cf060e66ad91e7c269ba3dc1e5f6bdecd30bcc79d433da4,aes_dom_inverse_gf2p8,145,1670,11,4,DiagCode(CouldNotOpenIncludeFile);DiagCode(UnknownDirective),1,0,0,,0,8,4,4,3,2026-08-25T21:44:32.712049+00:00
Production-oriented open RTL,OpenTitan,https://github.com/lowRISC/opentitan,e3f3234aa3772760cdf40e79a8ae4471b6b02213,hw/ip/aes/rtl/aes_sbox_dom.sv,f010b0f9086c98d65cf060e66ad91e7c269ba3dc1e5f6bdecd30bcc79d433da4,aes_sbox_dom,71,1095,12,4,DiagCode(CouldNotOpenIncludeFile);DiagCode(UnknownDirective),1,1,1,clk_i,0,1,1,0,4,2026-08-25T21:44:32.712049+00:00
Production-oriented open RTL,OpenTitan,https://github.com/lowRISC/opentitan,e3f3234aa3772760cdf40e79a8ae4471b6b02213,hw/ip/aes/rtl/aes_sbox_lut.sv,f13d9aee88a8bce94221a5efd9b8a4f08feaac6a674ba8ef97cba1f9fdecba81,aes_sbox_lut,77,2743,9,0,,1,0,0,,0,0,0,0,1,2026-08-25T21:44:32.712049+00:00
Production-oriented open RTL,OpenTitan,https://github.com/lowRISC/opentitan,e3f3234aa3772760cdf40e79a8ae4471b6b02213,hw/ip/aes/rtl/aes_sel_buf_chk.sv,95ae6b11d1c84aef45f7f5752758c9c2ee7e756f5db617c3aafcae7d37cbaaf5,aes_sel_buf_chk,82,633,15,6,DiagCode(CouldNotOpenIncludeFile);DiagCode(UnknownDirective),1,0,0,,0,2,1,1,2,2026-08-25T21:44:32.712049+00:00
Production-oriented open RTL,OpenTitan,https://github.com/lowRISC/opentitan,e3f3234aa3772760cdf40e79a8ae4471b6b02213,hw/ip/aes/rtl/aes_shift_rows.sv,b8c2550b5fcef566159dd89ae65674e5994d1568e8ea7c5b0193d7f53521d9c3,aes_shift_rows,15,395,13,0,,1,0,0,,0,0,0,0,1,2026-08-25T21:44:32.712049+00:00
Production-oriented open RTL,OpenTitan,https://github.com/lowRISC/opentitan,e3f3234aa3772760cdf40e79a8ae4471b6b02213,hw/ip/aes/rtl/aes_sub_bytes.sv,dcd2890ad6334935a623cb4a6343a6e6847bcab632ade67b0dda238636414930,aes_sub_bytes,74,1039,16,0,,1,0,0,,0,3,3,0,6,2026-08-25T21:44:32.712049+00:00
Production-oriented open RTL,OpenTitan,https://github.com/lowRISC/opentitan,e3f3234aa3772760cdf40e79a8ae4471b6b02213,hw/ip/aes/rtl/aes_wrap.sv,3a741fb0a360fc4b2d4c4dfc9fb7d4bd1b57e488b4959042128eaaf24079ab3a,aes_wrap,486,5586,18,0,,1,1,1,clk_i,0,3,3,0,10,2026-08-25T21:44:32.712049+00:00
Production-oriented open RTL,OpenTitan,https://github.com/lowRISC/opentitan,e3f3234aa3772760cdf40e79a8ae4471b6b02213,hw/ip/aon_timer/rtl/aon_timer.sv,196bc77d45f0e53a99644563a3bd25a44a10fa7fdcfd218d3951498ee629606d,aon_timer,183,1883,11,12,DiagCode(CouldNotOpenIncludeFile);DiagCode(UnknownDirective),1,1,1,clk_aon_i,1,8,7,1,6,2026-08-25T21:44:32.712049+00:00
Production-oriented open RTL,OpenTitan,https://github.com/lowRISC/opentitan,e3f3234aa3772760cdf40e79a8ae4471b6b02213,hw/ip/aon_timer/rtl/aon_timer_core.sv,64636a5ea5cf95cd31ef0ec66e46c97358894579a194c5b83a194a92fb3a25eb,aon_timer_core,51,782,13,0,,1,1,1,clk_aon_i,0,0,0,0,1,2026-08-25T21:44:32.712049+00:00
Production-oriented open RTL,OpenTitan,https://github.com/lowRISC/opentitan,e3f3234aa3772760cdf40e79a8ae4471b6b02213,hw/ip/aon_timer/rtl/aon_timer_reg_top.sv,702b1a3977f46909b55f73a1764a01847df6eb964239c40ae551d11f7e0bfaeb,aon_timer_reg_top,1057,10858,30,5,DiagCode(CouldNotOpenIncludeFile);DiagCode(UnknownDirective),1,1,1,clk_i,20,34,33,1,5,2026-08-25T21:44:32.712049+00:00
Production-oriented open RTL,OpenTitan,https://github.com/lowRISC/opentitan,e3f3234aa3772760cdf40e79a8ae4471b6b02213,hw/ip/ascon/pre_dv/ascon_tb/rtl/ascon_sim.sv,f8139f0ac4bd5e275ae48e4097516215da821d12d896c3a69dcb785af7917bd8,ascon_sim,114,1307,18,0,,1,1,1,clk_i,0,2,2,0,7,2026-08-25T21:44:32.712049+00:00
Production-oriented open RTL,OpenTitan,https://github.com/lowRISC/opentitan,e3f3234aa3772760cdf40e79a8ae4471b6b02213,hw/ip/ascon/pre_dv/ascon_tb/rtl/ascon_tl_ul_stim.sv,046adba9c0d5b47270c4767434cdca075ea29974afd3abe751a7eac84b0b389f,ascon_tl_ul_stim,143,1874,12,0,,1,1,1,clk_i,0,2,2,0,3,2026-08-25T21:44:32.712049+00:00
Production-oriented open RTL,OpenTitan,https://github.com/lowRISC/opentitan,e3f3234aa3772760cdf40e79a8ae4471b6b02213,hw/ip/ascon/rtl/ascon.sv,5fce644990460dd46911a248a17dfc293f73926ae7b869856a30b9486da6908a,ascon,109,1082,11,0,,1,0,0,,0,4,4,0,6,2026-08-25T21:44:32.712049+00:00
Production-oriented open RTL,OpenTitan,https://github.com/lowRISC/opentitan,e3f3234aa3772760cdf40e79a8ae4471b6b02213,hw/ip/ascon/rtl/ascon_core.sv,eae20e2d720201937d8c06f98255976a00039acc6982752ffe380e34dbbc1c6e,ascon_core,449,6696,16,0,,1,1,1,clk_i,0,1,1,0,4,2026-08-25T21:44:32.712049+00:00
Production-oriented open RTL,OpenTitan,https://github.com/lowRISC/opentitan,e3f3234aa3772760cdf40e79a8ae4471b6b02213,hw/ip/ascon/rtl/ascon_reg_top.sv,466fad36677696d299f3ba23cc1e6073b80455ce7ed014861e1366f575792df4,ascon_reg_top,1938,22210,63,5,DiagCode(CouldNotOpenIncludeFile);DiagCode(UnknownDirective),1,1,1,clk_i,0,76,72,4,5,2026-08-25T21:44:32.712049+00:00
Production-oriented open RTL,OpenTitan,https://github.com/lowRISC/opentitan,e3f3234aa3772760cdf40e79a8ae4471b6b02213,hw/ip/bkdr_loader/rtl/bkdr_loader.sv,a886bbb055590c52bf6a6443ed636eb6d10dadb72e05d5140ea0d6a5cac4ff22,bkdr_loader,227,2485,16,2,DiagCode(CouldNotOpenIncludeFile);DiagCode(UnknownDirective),1,1,1,clk_i,0,2,2,0,6,2026-08-25T21:44:32.712049+00:00
Production-oriented open RTL,OpenTitan,https://github.com/lowRISC/opentitan,e3f3234aa3772760cdf40e79a8ae4471b6b02213,hw/ip/bkdr_loader/rtl/bkdr_loader_regs_reg_top.sv,fa117c31c2eac3b12efe628db4e8dd2a8e78d86b6f2f51bb77f3d30c02d34957,bkdr_loader_regs_reg_top,1555,18416,66,5,DiagCode(CouldNotOpenIncludeFile);DiagCode(UnknownDirective),1,1,1,clk_i,0,69,59,10,5,2026-08-25T21:44:32.712049+00:00
Production-oriented open RTL,OpenTitan,https://github.com/lowRISC/opentitan,e3f3234aa3772760cdf40e79a8ae4471b6b02213,hw/ip/cheriot/rtl/cheriot.sv,c79e05df5e29955acd4f0869fbbc919a64ed5567d4e358cba02fce24cc89581f,cheriot,185,1844,12,30,DiagCode(CouldNotOpenIncludeFile);DiagCode(UnknownDirective),1,0,0,,0,8,8,0,7,2026-08-25T21:44:32.712049+00:00
Production-oriented open RTL,OpenTitan,https://github.com/lowRISC/opentitan,e3f3234aa3772760cdf40e79a8ae4471b6b02213,hw/ip/cheriot/rtl/cheriot_access_check.sv,092cdc5d9c9a7bfb6d462cefcad2550e5d3022bc7a00c9471ebe89079130e413,cheriot_access_check,63,669,15,0,,1,0,0,,0,2,2,0,6,2026-08-25T21:44:32.712049+00:00
Production-oriented open RTL,OpenTitan,https://github.com/lowRISC/opentitan,e3f3234aa3772760cdf40e79a8ae4471b6b02213,hw/ip/cheriot/rtl/cheriot_regs_reg_top.sv,7a0aacde9792adf1ce83e3564fde5653c565c3a6f2296760e2bf1dee4313e6c1,cheriot_regs_reg_top,133,1253,17,5,DiagCode(CouldNotOpenIncludeFile);DiagCode(UnknownDirective),1,1,1,clk_i,0,5,5,0,5,2026-08-25T21:44:32.712049+00:00
Production-oriented open RTL,OpenTitan,https://github.com/lowRISC/opentitan,e3f3234aa3772760cdf40e79a8ae4471b6b02213,hw/ip/cheriot/rtl/cheriot_rmw_filter.sv,9a7e39a26bcafbb6cf068e8ddc058b533c02f0c8b0f10cbed2e709d915569da6,cheriot_rmw_filter,212,2299,17,3,DiagCode(CouldNotOpenIncludeFile);DiagCode(UnknownDirective),1,1,1,clk_i,0,2,2,0,2,2026-08-25T21:44:32.712049+00:00
Production-oriented open RTL,OpenTitan,https://github.com/lowRISC/opentitan,e3f3234aa3772760cdf40e79a8ae4471b6b02213,hw/ip/cheriot/rtl/cheriot_tag_filter.sv,d416086f0079d87ffdfddae86f6942b5833f2784c49f9cc7e9b361538844ffab,cheriot_tag_filter,179,1806,15,2,DiagCode(CouldNotOpenIncludeFile);DiagCode(UnknownDirective),1,1,1,clk_i,0,3,3,0,4,2026-08-25T21:44:32.712049+00:00
Production-oriented open RTL,OpenTitan,https://github.com/lowRISC/opentitan,e3f3234aa3772760cdf40e79a8ae4471b6b02213,hw/ip/csrng/rtl/csrng.sv,bfe30b4a38c6c2ed481d07f9ed0a21a90322d5c141a383516b5893ea89667675,csrng,94,969,12,24,DiagCode(CouldNotOpenIncludeFile);DiagCode(UnknownDirective),1,0,0,,0,3,3,0,10,2026-08-25T21:44:32.712049+00:00
Production-oriented open RTL,OpenTitan,https://github.com/lowRISC/opentitan,e3f3234aa3772760cdf40e79a8ae4471b6b02213,hw/ip/csrng/rtl/csrng_block_encrypt.sv,9ac0e50205f0a840f1a19aa8773007960e68fd55ed7db1450786235c2ca0ee33,csrng_block_encrypt,70,919,11,0,,1,0,0,,0,1,1,0,8,2026-08-25T21:44:32.712049+00:00
Production-oriented open RTL,OpenTitan,https://github.com/lowRISC/opentitan,e3f3234aa3772760cdf40e79a8ae4471b6b02213,hw/ip/csrng/rtl/csrng_cmd_stage.sv,a6417f701f6ea5d24ff87027206e221c7d9c474601e6df53c86a01bdbb62f464,csrng_cmd_stage,394,3563,29,6,DiagCode(CouldNotOpenIncludeFile);DiagCode(UnknownDirective),1,1,1,clk_i,0,3,3,0,4,2026-08-25T21:44:32.712049+00:00
Production-oriented open RTL,OpenTitan,https://github.com/lowRISC/opentitan,e3f3234aa3772760cdf40e79a8ae4471b6b02213,hw/ip/csrng/rtl/csrng_core.sv,bbacdd3208ef16f03f83200d9666675a093ecf3dbf6206112100c3ef2f934962,csrng_core,747,10251,16,0,,1,1,1,clk_i,0,20,20,0,9,2026-08-25T21:44:32.712049+00:00
Production-oriented open RTL,OpenTitan,https://github.com/lowRISC/opentitan,e3f3234aa3772760cdf40e79a8ae4471b6b02213,hw/ip/csrng/rtl/csrng_ctr_drbg.sv,0ce8d03f90b322613a4e56c9e2a2458a71ab46d50092caa8a9ff39413c049f43,csrng_ctr_drbg,328,3069,18,5,DiagCode(CouldNotOpenIncludeFile);DiagCode(UnknownDirective),1,1,1,clk_i,0,1,1,0,2,2026-08-25T21:44:32.712049+00:00
Production-oriented open RTL,OpenTitan,https://github.com/lowRISC/opentitan,e3f3234aa3772760cdf40e79a8ae4471b6b02213,hw/ip/csrng/rtl/csrng_main_sm.sv,d9c4d6a4686d377a658e91a05c19bac9fe5a24efa89bb34b56f9b4e6b0e576db,csrng_main_sm,98,712,20,4,DiagCode(CouldNotOpenIncludeFile);DiagCode(UnknownDirective),1,0,0,,0,0,0,0,1,2026-08-25T21:44:32.712049+00:00
Production-oriented open RTL,OpenTitan,https://github.com/lowRISC/opentitan,e3f3234aa3772760cdf40e79a8ae4471b6b02213,hw/ip/csrng/rtl/csrng_reg_top.sv,b0691718b71d15b0dfac9f0578aac638cb20af83c42e1e6e75d0b1e1f37a4e90,csrng_reg_top,1434,15151,40,5,DiagCode(CouldNotOpenIncludeFile);DiagCode(UnknownDirective),1,1,1,clk_i,0,65,61,4,5,2026-08-25T21:44:32.712049+00:00
Production-oriented open RTL,OpenTitan,https://github.com/lowRISC/opentitan,e3f3234aa3772760cdf40e79a8ae4471b6b02213,hw/ip/csrng/rtl/csrng_state_db.sv,68f0678c6795cb9eaffb0623036531a9cc838718c2442c01b40fc4780c91b41b,csrng_state_db,96,1186,13,2,DiagCode(CouldNotOpenIncludeFile);DiagCode(UnknownDirective),1,1,1,clk_i,0,0,0,0,1,2026-08-25T21:44:32.712049+00:00
Production-oriented open RTL,OpenTitan,https://github.com/lowRISC/opentitan,e3f3234aa3772760cdf40e79a8ae4471b6b02213,hw/ip/dma/rtl/dma.sv,a01ff85ea51f3d621bc0ca2d10953949397262a7bde66b4f7433260af1facf05,dma,1160,14247,25,19,DiagCode(CouldNotOpenIncludeFile);DiagCode(UnknownDirective),1,0,0,,0,41,8,33,6,2026-08-25T21:44:32.712049+00:00
Production-oriented open RTL,OpenTitan,https://github.com/lowRISC/opentitan,e3f3234aa3772760cdf40e79a8ae4471b6b02213,hw/ip/dma/rtl/dma_reg_top.sv,86c6ef463b75bfbc5d581c57f6d735d4a8e453b6282d2529d41aedc10ee6f5a5,dma_reg_top,2561,29246,79,5,DiagCode(CouldNotOpenIncludeFile);DiagCode(UnknownDirective),1,1,1,clk_i,0,98,94,4,5,2026-08-25T21:44:32.712049+00:00
Production-oriented open RTL,OpenTitan,https://github.com/lowRISC/opentitan,e3f3234aa3772760cdf40e79a8ae4471b6b02213,hw/ip/edn/rtl/edn.sv,2078a54c7ac26795f258446b47470b6166f2f11a128292e71a9074818c41c3b3,edn,75,753,12,18,DiagCode(CouldNotOpenIncludeFile);DiagCode(UnknownDirective),1,0,0,,0,3,3,0,6,2026-08-25T21:44:32.712049+00:00
Production-oriented open RTL,OpenTitan,https://github.com/lowRISC/opentitan,e3f3234aa3772760cdf40e79a8ae4471b6b02213,hw/ip/edn/rtl/edn_ack_sm.sv,cbb06e0c7532789a84481ed57abc11d2d966163bff4feea79a51bc9662d677b9,edn_ack_sm,76,560,12,4,DiagCode(CouldNotOpenIncludeFile);DiagCode(UnknownDirective),1,0,0,,0,0,0,0,1,2026-08-25T21:44:32.712049+00:00
Production-oriented open RTL,OpenTitan,https://github.com/lowRISC/opentitan,e3f3234aa3772760cdf40e79a8ae4471b6b02213,hw/ip/edn/rtl/edn_core.sv,c916732bed17737c56a5ca22cf7ca5aa3c9798200f680d6cf6eb84ce86f9f629,edn_core,748,8816,14,3,DiagCode(CouldNotOpenIncludeFile);DiagCode(UnknownDirective),1,1,1,clk_i,0,15,15,0,4,2026-08-25T21:44:32.712049+00:00
Production-oriented open RTL,OpenTitan,https://github.com/lowRISC/opentitan,e3f3234aa3772760cdf40e79a8ae4471b6b02213,hw/ip/edn/rtl/edn_field_en.sv,c515749b8a7994e3207b16be09f3340405b4d3f4cd15571e3d3af3a18e9cd12a,edn_field_en,29,313,10,0,,1,1,1,clk_i,0,0,0,0,1,2026-08-25T21:44:32.712049+00:00
Production-oriented open RTL,OpenTitan,https://github.com/lowRISC/opentitan,e3f3234aa3772760cdf40e79a8ae4471b6b02213,hw/ip/edn/rtl/edn_main_sm.sv,2ca7839c856a8a680fd9c4da2cd8a3a3450579c784d4b9b5ab323d05824613ba,edn_main_sm,206,1549,14,4,DiagCode(CouldNotOpenIncludeFile);DiagCode(UnknownDirective),1,0,0,,0,0,0,0,1,2026-08-25T21:44:32.712049+00:00
Production-oriented open RTL,OpenTitan,https://github.com/lowRISC/opentitan,e3f3234aa3772760cdf40e79a8ae4471b6b02213,hw/ip/edn/rtl/edn_reg_top.sv,435b08374cf62b992480e9aa6dbd34a83f5b85f3eb43164168cafd9e38c606ab,edn_reg_top,1126,11926,34,5,DiagCode(CouldNotOpenIncludeFile);DiagCode(UnknownDirective),1,1,1,clk_i,0,50,48,2,5,2026-08-25T21:44:32.712049+00:00
Production-oriented open RTL,OpenTitan,https://github.com/lowRISC/opentitan,e3f3234aa3772760cdf40e79a8ae4471b6b02213,hw/ip/entropy_src/rtl/entropy_src.sv,484c6ad765cc4e06f4235569b6e198f5586353d51c9156d5793179e9c2fb8ea3,entropy_src,200,2241,12,63,DiagCode(CouldNotOpenIncludeFile);DiagCode(UnknownDirective),1,0,0,,0,4,4,0,6,2026-08-25T21:44:32.712049+00:00
Production-oriented open RTL,OpenTitan,https://github.com/lowRISC/opentitan,e3f3234aa3772760cdf40e79a8ae4471b6b02213,hw/ip/entropy_src/rtl/entropy_src_ack_sm.sv,71748ef32362604c669a9a518b1d19a62d8132f45528a6482c0152be8c8c4fe7,entropy_src_ack_sm,50,317,13,2,DiagCode(CouldNotOpenIncludeFile);DiagCode(UnknownDirective),1,0,0,,0,0,0,0,1,2026-08-25T21:44:32.712049+00:00
Production-oriented open RTL,OpenTitan,https://github.com/lowRISC/opentitan,e3f3234aa3772760cdf40e79a8ae4471b6b02213,hw/ip/entropy_src/rtl/entropy_src_adaptp_ht.sv,9012a300dffe6f37ed142abfb1f8dfd7d5f8ff10199897cbbba87f1da3255ca2,entropy_src_adaptp_ht,101,1085,13,0,,1,0,0,,0,4,4,0,2,2026-08-25T21:44:32.712049+00:00
Production-oriented open RTL,OpenTitan,https://github.com/lowRISC/opentitan,e3f3234aa3772760cdf40e79a8ae4471b6b02213,hw/ip/entropy_src/rtl/entropy_src_bucket_ht.sv,b7fae45c0e582a7c366cecb457c61249a95f9eb945d409cf4fb8e3dc5458b30f,entropy_src_bucket_ht,58,675,11,0,,1,0,0,,0,2,2,0,2,2026-08-25T21:44:32.712049+00:00
Production-oriented open RTL,OpenTitan,https://github.com/lowRISC/opentitan,e3f3234aa3772760cdf40e79a8ae4471b6b02213,hw/ip/entropy_src/rtl/entropy_src_cntr_reg.sv,6a624409d7ad6841e5332d78152b6f4d25189610289035ec89ef9b8f7b219a44,entropy_src_cntr_reg,30,277,10,0,,1,0,0,,0,1,1,0,2,2026-08-25T21:44:32.712049+00:00
Production-oriented open RTL,OpenTitan,https://github.com/lowRISC/opentitan,e3f3234aa3772760cdf40e79a8ae4471b6b02213,hw/ip/entropy_src/rtl/entropy_src_core.sv,d8ddead54181d8834c3e28cd25c5ff202a7f1b11e799bd384127cfeb02981d91,entropy_src_core,2035,21585,30,5,DiagCode(CouldNotOpenIncludeFile);DiagCode(UnknownDirective),1,1,1,clk_i,0,71,70,1,5,2026-08-25T21:44:32.712049+00:00
Production-oriented open RTL,OpenTitan,https://github.com/lowRISC/opentitan,e3f3234aa3772760cdf40e79a8ae4471b6b02213,hw/ip/entropy_src/rtl/entropy_src_enable_delay.sv,fa0b6f06bc0cd3bb902b509ba290b77346cc8c3ea805165127e75abef847155a,entropy_src_enable_delay,47,504,10,0,,1,1,1,clk_i,0,0,0,0,1,2026-08-25T21:44:32.712049+00:00
Production-oriented open RTL,OpenTitan,https://github.com/lowRISC/opentitan,e3f3234aa3772760cdf40e79a8ae4471b6b02213,hw/ip/entropy_src/rtl/entropy_src_field_en.sv,7a6c535be17d1386464199c23cc7345b30540193a2b4f1cf95193782f468cb92,entropy_src_field_en,27,314,10,0,,1,1,1,clk_i,0,0,0,0,1,2026-08-25T21:44:32.712049+00:00
Production-oriented open RTL,OpenTitan,https://github.com/lowRISC/opentitan,e3f3234aa3772760cdf40e79a8ae4471b6b02213,hw/ip/entropy_src/rtl/entropy_src_main_sm.sv,1f8df05ba32a488571525b4bcfab328ce686b92ac7802911a40a5f66790dd270,entropy_src_main_sm,241,1662,17,2,DiagCode(CouldNotOpenIncludeFile);DiagCode(UnknownDirective),1,0,0,,0,0,0,0,1,2026-08-25T21:44:32.712049+00:00
Production-oriented open RTL,OpenTitan,https://github.com/lowRISC/opentitan,e3f3234aa3772760cdf40e79a8ae4471b6b02213,hw/ip/entropy_src/rtl/entropy_src_markov_ht.sv,723901aeb1582a0bf8fe5fa730623356bc00cb92af8d8d329847ee8d511ae0e8,entropy_src_markov_ht,122,1365,12,0,,1,1,1,clk_i,0,4,4,0,2,2026-08-25T21:44:32.712049+00:00
Production-oriented open RTL,OpenTitan,https://github.com/lowRISC/opentitan,e3f3234aa3772760cdf40e79a8ae4471b6b02213,hw/ip/entropy_src/rtl/entropy_src_reg_top.sv,8be6a9d87bcc6507207e5c1d5c80b18b04eb832ad910215184d27012ce16eee5,entropy_src_reg_top,2647,28553,66,5,DiagCode(CouldNotOpenIncludeFile);DiagCode(UnknownDirective),1,1,1,clk_i,0,118,117,1,5,2026-08-25T21:44:32.712049+00:00
Production-oriented open RTL,OpenTitan,https://github.com/lowRISC/opentitan,e3f3234aa3772760cdf40e79a8ae4471b6b02213,hw/ip/entropy_src/rtl/entropy_src_repcnt_ht.sv,9b92085891235a91a590caee962994a67ba6465b6089b47f0d2c7e429a39b88d,entropy_src_repcnt_ht,93,1094,12,0,,1,1,1,clk_i,0,2,2,0,2,2026-08-25T21:44:32.712049+00:00
Production-oriented open RTL,OpenTitan,https://github.com/lowRISC/opentitan,e3f3234aa3772760cdf40e79a8ae4471b6b02213,hw/ip/entropy_src/rtl/entropy_src_repcnts_ht.sv,e4d4d33edd13925516bac8be95df4006a0e3fa44feacfa2da27fcb4435a63335,entropy_src_repcnts_ht,62,610,10,0,,1,1,1,clk_i,0,1,1,0,2,2026-08-25T21:44:32.712049+00:00
Production-oriented open RTL,OpenTitan,https://github.com/lowRISC/opentitan,e3f3234aa3772760cdf40e79a8ae4471b6b02213,hw/ip/entropy_src/rtl/entropy_src_watermark_reg.sv,2f878a2d1160d5a2890758172ddce45c80487eb0e0fe7f3939de3b3d87ed34f7,entropy_src_watermark_reg,36,408,14,0,,1,1,1,clk_i,0,0,0,0,1,2026-08-25T21:44:32.712049+00:00
Production-oriented open RTL,OpenTitan,https://github.com/lowRISC/opentitan,e3f3234aa3772760cdf40e79a8ae4471b6b02213,hw/ip/hmac/rtl/hmac.sv,ca1f5e956182841a7d723d57cefcbe4c01db032f838745abd0034ed3622f9deb,hmac,667,7732,24,11,DiagCode(CouldNotOpenIncludeFile);DiagCode(UnknownDirective),1,2,2,clk;clk_i,0,11,10,1,7,2026-08-25T21:44:32.712049+00:00
Production-oriented open RTL,OpenTitan,https://github.com/lowRISC/opentitan,e3f3234aa3772760cdf40e79a8ae4471b6b02213,hw/ip/hmac/rtl/hmac_core.sv,8a078357fe3aaf31d307ec188c7280e7bb54805da97f1d709a2ae54761a26c3e,hmac_core,373,4612,17,3,DiagCode(CouldNotOpenIncludeFile);DiagCode(UnknownDirective),1,1,1,clk_i,0,0,0,0,1,2026-08-25T21:44:32.712049+00:00
Production-oriented open RTL,OpenTitan,https://github.com/lowRISC/opentitan,e3f3234aa3772760cdf40e79a8ae4471b6b02213,hw/ip/hmac/rtl/hmac_reg_top.sv,ea5203f9f38257b8e4b188cbf0b91f58485e0843ba6182daa7fe98b577663b37,hmac_reg_top,2106,26048,75,5,DiagCode(CouldNotOpenIncludeFile);DiagCode(UnknownDirective),1,1,1,clk_i,0,82,82,0,6,2026-08-25T21:44:32.712049+00:00
Production-oriented open RTL,OpenTitan,https://github.com/lowRISC/opentitan,e3f3234aa3772760cdf40e79a8ae4471b6b02213,hw/ip/i2c/rtl/i2c.sv,44f0f0aaca5e6bf67bcab1dea46783c7c0fc1c266b4c1d6202e798abf150d33c,i2c,118,960,11,26,DiagCode(CouldNotOpenIncludeFile);DiagCode(UnknownDirective),1,0,0,,0,3,3,0,7,2026-08-25T21:44:32.712049+00:00
Production-oriented open RTL,OpenTitan,https://github.com/lowRISC/opentitan,e3f3234aa3772760cdf40e79a8ae4471b6b02213,hw/ip/i2c/rtl/i2c_bus_monitor.sv,394286f0cdee7779b2570991cb1f7da972ab930c8d2e9e52bae5fbd0fd9128b4,i2c_bus_monitor,204,1978,16,0,,1,1,1,clk_i,0,0,0,0,1,2026-08-25T21:44:32.712049+00:00
Production-oriented open RTL,OpenTitan,https://github.com/lowRISC/opentitan,e3f3234aa3772760cdf40e79a8ae4471b6b02213,hw/ip/i2c/rtl/i2c_controller_fsm.sv,0da13b6d8185c7bd6c3949f6c28e073292c1682fd1cc10f83457f6285fd16b1a,i2c_controller_fsm,759,7191,18,2,DiagCode(CouldNotOpenIncludeFile);DiagCode(UnknownDirective),1,1,1,clk_i,1,0,0,0,1,2026-08-25T21:44:32.712049+00:00
Production-oriented open RTL,OpenTitan,https://github.com/lowRISC/opentitan,e3f3234aa3772760cdf40e79a8ae4471b6b02213,hw/ip/i2c/rtl/i2c_core.sv,7ce48e9c6c76fe4835697e55a4aa14e69d7e18dab0acb7a63854e5b37c017476,i2c_core,718,9386,14,3,DiagCode(CouldNotOpenIncludeFile);DiagCode(UnknownDirective),1,1,1,clk_i,3,21,21,0,6,2026-08-25T21:44:32.712049+00:00
Production-oriented open RTL,OpenTitan,https://github.com/lowRISC/opentitan,e3f3234aa3772760cdf40e79a8ae4471b6b02213,hw/ip/i2c/rtl/i2c_fifo_sync_sram_adapter.sv,b5baf696f3077c91070226f3096d8225e3164e8187830de2540bd1e96ec23e20,i2c_fifo_sync_sram_adapter,170,1869,14,8,DiagCode(CouldNotOpenIncludeFile);DiagCode(UnknownDirective),1,1,1,clk_i,0,3,3,0,4,2026-08-25T21:44:32.712049+00:00
Production-oriented open RTL,OpenTitan,https://github.com/lowRISC/opentitan,e3f3234aa3772760cdf40e79a8ae4471b6b02213,hw/ip/i2c/rtl/i2c_fifos.sv,34959635e329f6fd835686bbed8bb2ccc752a2148871829744c6d694b49e3923,i2c_fifos,260,3122,12,6,DiagCode(CouldNotOpenIncludeFile);DiagCode(UnknownDirective),1,1,1,clk_i,0,6,6,0,5,2026-08-25T21:44:32.712049+00:00
Production-oriented open RTL,OpenTitan,https://github.com/lowRISC/opentitan,e3f3234aa3772760cdf40e79a8ae4471b6b02213,hw/ip/i2c/rtl/i2c_reg_top.sv,a4366481e3f6923a863a8c96531de50ba752e1b6387cfc68873810a20b3b5084,i2c_reg_top,2848,30022,48,5,DiagCode(CouldNotOpenIncludeFile);DiagCode(UnknownDirective),1,1,1,clk_i,0,134,129,5,5,2026-08-25T21:44:32.712049+00:00
Production-oriented open RTL,OpenTitan,https://github.com/lowRISC/opentitan,e3f3234aa3772760cdf40e79a8ae4471b6b02213,hw/ip/i2c/rtl/i2c_target_fsm.sv,60ac3a260ef8b972d0e320710995cee70b0f97cbcf4904ac002332178adbbb08,i2c_target_fsm,704,6077,20,4,DiagCode(CouldNotOpenIncludeFile);DiagCode(UnknownDirective),1,1,1,clk_i,0,0,0,0,1,2026-08-25T21:44:32.712049+00:00
Production-oriented open RTL,OpenTitan,https://github.com/lowRISC/opentitan,e3f3234aa3772760cdf40e79a8ae4471b6b02213,hw/ip/i3c/rtl/i3c.sv,d6cda14ba0156db03c5a635619457bbc70c2a409b141aa652c607a4a8415498d,i3c,348,3638,12,13,DiagCode(CouldNotOpenIncludeFile);DiagCode(UnknownDirective),1,0,0,,0,8,8,0,7,2026-08-25T21:44:32.712049+00:00
Production-oriented open RTL,OpenTitan,https://github.com/lowRISC/opentitan,e3f3234aa3772760cdf40e79a8ae4471b6b02213,hw/ip/i3c/rtl/i3c_buf_en.sv,f1f58e105d06e76c29ab05d066c5d26d876009cec9afb5dc7bb8ce8bc27b7840,i3c_buf_en,15,185,10,0,,1,0,0,,0,1,0,1,1,2026-08-25T21:44:32.712049+00:00
Production-oriented open RTL,OpenTitan,https://github.com/lowRISC/opentitan,e3f3234aa3772760cdf40e79a8ae4471b6b02213,hw/ip/i3c/rtl/i3c_buffer.sv,f532938c747d2c4db46ad3280884c8f010bbc914fa93ac39de73eae057b3394f,i3c_buffer,192,2846,17,0,,1,1,1,clk_i,0,2,2,0,3,2026-08-25T21:44:32.712049+00:00
Production-oriented open RTL,OpenTitan,https://github.com/lowRISC/opentitan,e3f3234aa3772760cdf40e79a8ae4471b6b02213,hw/ip/i3c/rtl/i3c_clock_buf_en.sv,eabbbb7a82c11ee4850a06e732e2f322ddd21929087e3a9f689b11365e43abb9,i3c_clock_buf_en,27,200,6,0,,1,0,0,,0,2,0,2,1,2026-08-25T21:44:32.712049+00:00
Production-oriented open RTL,OpenTitan,https://github.com/lowRISC/opentitan,e3f3234aa3772760cdf40e79a8ae4471b6b02213,hw/ip/i3c/rtl/i3c_clock_inv_en.sv,a863e46290888b12a670a3188898482f763e5719ce9e0314ae756346d7885346,i3c_clock_inv_en,29,222,6,0,,1,0,0,,0,2,0,2,1,2026-08-25T21:44:32.712049+00:00
Production-oriented open RTL,OpenTitan,https://github.com/lowRISC/opentitan,e3f3234aa3772760cdf40e79a8ae4471b6b02213,hw/ip/i3c/rtl/i3c_core.sv,e5685b9eaec41c692c0aea92f057105946d75f423432bb3fc35463fb72104165,i3c_core,1568,26234,15,0,,1,1,1,clk_i,3,24,12,0,4,2026-08-25T21:44:32.712049+00:00
Production-oriented open RTL,OpenTitan,https://github.com/lowRISC/opentitan,e3f3234aa3772760cdf40e79a8ae4471b6b02213,hw/ip/i3c/rtl/i3c_dat.sv,3618d8bfa6e32060306dcbefcce85d02dce08522eb2c0d6f3af028c7bc7242bf,i3c_dat,130,1533,16,0,,1,1,1,clk_i,0,1,1,0,2,2026-08-25T21:44:32.712049+00:00
Production-oriented open RTL,OpenTitan,https://github.com/lowRISC/opentitan,e3f3234aa3772760cdf40e79a8ae4471b6b02213,hw/ip/i3c/rtl/i3c_data_sink.sv,2d86f17004893f594540e080aebb6c80c172c6f812f8bc202005e1804eac3c07,i3c_data_sink,59,650,22,0,,1,1,1,clk_i,0,0,0,0,1,2026-08-25T21:44:32.712049+00:00
Production-oriented open RTL,OpenTitan,https://github.com/lowRISC/opentitan,e3f3234aa3772760cdf40e79a8ae4471b6b02213,hw/ip/i3c/rtl/i3c_dct.sv,b11949ceda0f526811ff3ea721eacfed7f92518a10ad66911cbf2e529b5a418a,i3c_dct,89,1098,11,0,,1,0,0,,0,1,1,0,2,2026-08-25T21:44:32.712049+00:00
Production-oriented open RTL,OpenTitan,https://github.com/lowRISC/opentitan,e3f3234aa3772760cdf40e79a8ae4471b6b02213,hw/ip/i3c/rtl/i3c_dword_collector.sv,d6626a86e0658dad37754ee3cd5a30f73af6d8115a7221f523788efab88f4b11,i3c_dword_collector,55,839,20,0,,1,1,1,clk_i,0,0,0,0,1,2026-08-25T21:44:32.712049+00:00
Production-oriented open RTL,OpenTitan,https://github.com/lowRISC/opentitan,e3f3234aa3772760cdf40e79a8ae4471b6b02213,hw/ip/i3c/rtl/i3c_dword_splitter.sv,6072ff68d0570da87b5c84fc9fd1da63a7552edfc60ee7f86fcfe0cc99bdcaf4,i3c_dword_splitter,38,463,15,0,,1,1,1,clk_i,0,0,0,0,1,2026-08-25T21:44:32.712049+00:00
Production-oriented open RTL,OpenTitan,https://github.com/lowRISC/opentitan,e3f3234aa3772760cdf40e79a8ae4471b6b02213,hw/ip/i3c/rtl/i3c_dxt.sv,a7c9a46caf52e595c7ac15bf6adbe5ac4006d2a071411f6916197a0fbcca8eaf,i3c_dxt,73,914,12,0,,1,1,1,clk_i,0,1,0,1,1,2026-08-25T21:44:32.712049+00:00
Production-oriented open RTL,OpenTitan,https://github.com/lowRISC/opentitan,e3f3234aa3772760cdf40e79a8ae4471b6b02213,hw/ip/i3c/rtl/i3c_input_buffers.sv,bcecf0fb00e7ff86207157aab24af3f1610298456f2ec9387425bf5483fd065b,i3c_input_buffers,63,529,10,0,,1,0,0,,1,5,5,0,2,2026-08-25T21:44:32.712049+00:00
Production-oriented open RTL,OpenTitan,https://github.com/lowRISC/opentitan,e3f3234aa3772760cdf40e79a8ae4471b6b02213,hw/ip/i3c/rtl/i3c_phy.sv,0b5737e8525e556b11d14aa32e1dc4e656b423fd0060f02926240bdba342c129,i3c_phy,21,301,14,0,,1,0,0,,0,0,0,0,1,2026-08-25T21:44:32.712049+00:00
Production-oriented open RTL,OpenTitan,https://github.com/lowRISC/opentitan,e3f3234aa3772760cdf40e79a8ae4471b6b02213,hw/ip/i3c/rtl/i3c_queues.sv,a0445a008a155976d01d4478cfb35ca7fedede8a4366ad276323c2c33e4d318d,i3c_queues,68,1125,14,0,,1,1,1,clk_i,0,0,0,0,1,2026-08-25T21:44:32.712049+00:00
Production-oriented open RTL,OpenTitan,https://github.com/lowRISC/opentitan,e3f3234aa3772760cdf40e79a8ae4471b6b02213,hw/ip/i3c/rtl/i3c_reg_top.sv,c0c069953321efd04682727866d24ee9e1bdc58e77b2fc3da6c591c3c3f809c6,i3c_reg_top,14980,161842,204,5,DiagCode(CouldNotOpenIncludeFile);DiagCode(UnknownDirective),1,1,1,clk_i,4,722,718,4,6,2026-08-25T21:44:32.712049+00:00
Production-oriented open RTL,OpenTitan,https://github.com/lowRISC/opentitan,e3f3234aa3772760cdf40e79a8ae4471b6b02213,hw/ip/i3c/rtl/i3c_target.sv,9ff35ac9bccc55f44a8af26c3748c23eb91590446619d457cdb324bbf8dcef82,i3c_target,429,5397,16,2,DiagCode(CouldNotOpenIncludeFile);DiagCode(UnknownDirective),1,0,0,,3,7,2,0,3,2026-08-25T21:44:32.712049+00:00
Production-oriented open RTL,OpenTitan,https://github.com/lowRISC/opentitan,e3f3234aa3772760cdf40e79a8ae4471b6b02213,hw/ip/i3c/rtl/i3c_timers.sv,aa597101bd71aee5531b656aecd18ee4b847d80104bdffe26f69b24befd4eb2f,i3c_timers,34,624,16,2,DiagCode(CouldNotOpenIncludeFile);DiagCode(UnknownDirective),1,1,1,clk_i,0,0,0,0,1,2026-08-25T21:44:32.712049+00:00
Production-oriented open RTL,OpenTitan,https://github.com/lowRISC/opentitan,e3f3234aa3772760cdf40e79a8ae4471b6b02213,hw/ip/keymgr/rtl/keymgr.sv,8e3f9cc867641678b91eef4ede013320e3fd8f0a9c1a856476038801fd227ddc,keymgr,576,7057,18,28,DiagCode(CouldNotOpenIncludeFile);DiagCode(UnknownDirective),1,1,1,clk_i,0,19,19,0,6,2026-08-25T21:44:32.712049+00:00
Production-oriented open RTL,OpenTitan,https://github.com/lowRISC/opentitan,e3f3234aa3772760cdf40e79a8ae4471b6b02213,hw/ip/keymgr/rtl/keymgr_cfg_en.sv,1bff57438ef72bc8826fbc112257ad667a809a84ea6f5e2849a64d57a1c80bf2,keymgr_cfg_en,43,403,14,1,DiagCode(CouldNotOpenIncludeFile),1,1,1,clk_i,0,0,0,0,1,2026-08-25T21:44:32.712049+00:00
Production-oriented open RTL,OpenTitan,https://github.com/lowRISC/opentitan,e3f3234aa3772760cdf40e79a8ae4471b6b02213,hw/ip/keymgr/rtl/keymgr_ctrl.sv,9ea7d8ad865f46d94bd154bb58a3e32c89e0a96a22e6f4b6f8ebb1c566ea1133,keymgr_ctrl,532,5583,23,12,DiagCode(CouldNotOpenIncludeFile);DiagCode(UnknownDirective),1,1,1,clk_i,2,7,7,0,3,2026-08-25T21:44:32.712049+00:00
Production-oriented open RTL,OpenTitan,https://github.com/lowRISC/opentitan,e3f3234aa3772760cdf40e79a8ae4471b6b02213,hw/ip/keymgr/rtl/keymgr_data_en_state.sv,b16a186b54c1ea0efcd0fb8d1fee4c1b2d30736cca6e83a7be56c01376e27788,keymgr_data_en_state,79,636,19,2,DiagCode(CouldNotOpenIncludeFile);DiagCode(UnknownDirective),1,0,0,,0,0,0,0,1,2026-08-25T21:44:32.712049+00:00
Production-oriented open RTL,OpenTitan,https://github.com/lowRISC/opentitan,e3f3234aa3772760cdf40e79a8ae4471b6b02213,hw/ip/keymgr/rtl/keymgr_err.sv,574fc9e46ea96402ddbb5d0c8b6ad127f85cd7ab8f9f94c5317a8d09867f8d49,keymgr_err,108,1396,12,1,DiagCode(CouldNotOpenIncludeFile),1,1,1,clk_i,0,0,0,0,1,2026-08-25T21:44:32.712049+00:00
Production-oriented open RTL,OpenTitan,https://github.com/lowRISC/opentitan,e3f3234aa3772760cdf40e79a8ae4471b6b02213,hw/ip/keymgr/rtl/keymgr_input_checks.sv,3b0cb8601e961bcee920f55f6459db86662dd5bade80c3d3470c8d98cf1e253d,keymgr_input_checks,91,1051,16,1,DiagCode(CouldNotOpenIncludeFile),1,0,0,,0,6,6,0,2,2026-08-25T21:44:32.712049+00:00
Production-oriented open RTL,OpenTitan,https://github.com/lowRISC/opentitan,e3f3234aa3772760cdf40e79a8ae4471b6b02213,hw/ip/keymgr/rtl/keymgr_kmac_if.sv,2bc1bb5ed6832f2951aa8f57826e03ba0dec883a9a694d4276ab92711e95c3aa,keymgr_kmac_if,263,3207,16,6,DiagCode(CouldNotOpenIncludeFile);DiagCode(UnknownDirective),1,1,1,clk_i,0,1,1,0,2,2026-08-25T21:44:32.712049+00:00
Production-oriented open RTL,OpenTitan,https://github.com/lowRISC/opentitan,e3f3234aa3772760cdf40e79a8ae4471b6b02213,hw/ip/keymgr/rtl/keymgr_op_state_ctrl.sv,7a32c42a889d192407aa4e273498c74b90dde081875a33155f78bd4f3ce2638b,keymgr_op_state_ctrl,75,621,16,2,DiagCode(CouldNotOpenIncludeFile);DiagCode(UnknownDirective),1,0,0,,0,0,0,0,1,2026-08-25T21:44:32.712049+00:00
Production-oriented open RTL,OpenTitan,https://github.com/lowRISC/opentitan,e3f3234aa3772760cdf40e79a8ae4471b6b02213,hw/ip/keymgr/rtl/keymgr_reg_top.sv,f3795f7677e1c5a3dc2a30d3bce85442f52216515d8f462614e8cd89d6cf5824,keymgr_reg_top,2495,28085,79,5,DiagCode(CouldNotOpenIncludeFile);DiagCode(UnknownDirective),1,1,1,clk_i,0,91,91,0,5,2026-08-25T21:44:32.712049+00:00
Production-oriented open RTL,OpenTitan,https://github.com/lowRISC/opentitan,e3f3234aa3772760cdf40e79a8ae4471b6b02213,hw/ip/keymgr/rtl/keymgr_reseed_ctrl.sv,22934dba5384a722802ceaa4c5a25bec6f6fcacf0af6eb8f6e08f841055bf3e5,keymgr_reseed_ctrl,76,656,14,1,DiagCode(CouldNotOpenIncludeFile),1,1,1,clk_i,0,2,2,0,5,2026-08-25T21:44:32.712049+00:00
Production-oriented open RTL,OpenTitan,https://github.com/lowRISC/opentitan,e3f3234aa3772760cdf40e79a8ae4471b6b02213,hw/ip/keymgr/rtl/keymgr_sideload_key.sv,d7c13f454c0d69bf6bad1d760d1c3781ed9031f015a8df13653ecec617642c1d,keymgr_sideload_key,42,562,20,1,DiagCode(CouldNotOpenIncludeFile),1,1,1,clk_i,0,0,0,0,1,2026-08-25T21:44:32.712049+00:00
Production-oriented open RTL,OpenTitan,https://github.com/lowRISC/opentitan,e3f3234aa3772760cdf40e79a8ae4471b6b02213,hw/ip/keymgr/rtl/keymgr_sideload_key_ctrl.sv,7ce9ecb94dada86f76144652f8b2faa63a9a13ef8200f36ffb6cbdaab77269e0,keymgr_sideload_key_ctrl,149,1649,17,3,DiagCode(CouldNotOpenIncludeFile);DiagCode(UnknownDirective),1,1,1,clk_i,0,4,4,0,3,2026-08-25T21:44:32.712049+00:00
Production-oriented open RTL,OpenTitan,https://github.com/lowRISC/opentitan,e3f3234aa3772760cdf40e79a8ae4471b6b02213,hw/ip/keymgr_dpe/rtl/keymgr_dpe.sv,daafe4233efdcea46532ccb7931f42dd6bdf68d3339c737a59bd2b19c92a9e65,keymgr_dpe,663,7768,18,33,DiagCode(CouldNotOpenIncludeFile);DiagCode(UnknownDirective),1,1,1,clk_i,1,23,22,1,6,2026-08-25T21:44:32.712049+00:00
Production-oriented open RTL,OpenTitan,https://github.com/lowRISC/opentitan,e3f3234aa3772760cdf40e79a8ae4471b6b02213,hw/ip/keymgr_dpe/rtl/keymgr_dpe_ctrl.sv,22dd60df3d2b7c308a15f52744bd118e64a790db591538548987909d032d857b,keymgr_dpe_ctrl,440,4399,17,9,DiagCode(CouldNotOpenIncludeFile);DiagCode(UnknownDirective),1,1,1,clk_i,0,5,5,0,3,2026-08-25T21:44:32.712049+00:00
Production-oriented open RTL,OpenTitan,https://github.com/lowRISC/opentitan,e3f3234aa3772760cdf40e79a8ae4471b6b02213,hw/ip/keymgr_dpe/rtl/keymgr_dpe_op_state_ctrl.sv,5dbcebb800af0bbcb1ff08bedd03ae8bbbe89d17d1114eb12d95c55e224463cb,keymgr_dpe_op_state_ctrl,81,618,18,2,DiagCode(CouldNotOpenIncludeFile);DiagCode(UnknownDirective),1,0,0,,0,0,0,0,1,2026-08-25T21:44:32.712049+00:00
Production-oriented open RTL,OpenTitan,https://github.com/lowRISC/opentitan,e3f3234aa3772760cdf40e79a8ae4471b6b02213,hw/ip/keymgr_dpe/rtl/keymgr_dpe_reg_top.sv,4dc35767e3fa9e0b9443297719f6c0200a5a563a5e75ba0b14f89be1841c5a23,keymgr_dpe_reg_top,2348,26151,70,5,DiagCode(CouldNotOpenIncludeFile);DiagCode(UnknownDirective),1,1,1,clk_i,0,88,88,0,5,2026-08-25T21:44:32.712049+00:00
Production-oriented open RTL,OpenTitan,https://github.com/lowRISC/opentitan,e3f3234aa3772760cdf40e79a8ae4471b6b02213,hw/ip/kmac/pre_dv/kmac_reduced_tb/rtl/kmac_reduced_tb.sv,a94a6ddd458da3a06cd7126774b9a2c844548fd4e29593e65483d8bc0856fefb,kmac_reduced_tb,306,3418,19,1,DiagCode(MisplacedTrailingSeparator),1,1,1,clk_i,0,1,1,0,6,2026-08-25T21:44:32.712049+00:00
Production-oriented open RTL,OpenTitan,https://github.com/lowRISC/opentitan,e3f3234aa3772760cdf40e79a8ae4471b6b02213,hw/ip/kmac/rtl/keccak_2share.sv,16b9756d1e2f89e0fae0372f21b01ce9b731ff1feac26b379a3102c423c28b66,keccak_2share,337,6546,20,6,DiagCode(CouldNotOpenIncludeFile);DiagCode(UnknownDirective),1,0,0,,0,1,1,0,2,2026-08-25T21:44:32.712049+00:00
Production-oriented open RTL,OpenTitan,https://github.com/lowRISC/opentitan,e3f3234aa3772760cdf40e79a8ae4471b6b02213,hw/ip/kmac/rtl/keccak_round.sv,d09ea5463c1f566ab21311b962f55507a1aeb8624e2dbf9f7fcdd5e0df6475e4,keccak_round,295,2749,18,8,DiagCode(CouldNotOpenIncludeFile);DiagCode(UnknownDirective),1,1,1,clk_i,0,3,3,0,3,2026-08-25T21:44:32.712049+00:00
Production-oriented open RTL,OpenTitan,https://github.com/lowRISC/opentitan,e3f3234aa3772760cdf40e79a8ae4471b6b02213,hw/ip/kmac/rtl/kmac.sv,ff7241662ff221d4dd9f2b82dec23e832652a03082c8f387224e5d17a571f815,kmac,945,10429,23,38,DiagCode(CouldNotOpenIncludeFile);DiagCode(UnknownDirective),1,1,1,clk_i,0,16,16,0,7,2026-08-25T21:44:32.712049+00:00
Production-oriented open RTL,OpenTitan,https://github.com/lowRISC/opentitan,e3f3234aa3772760cdf40e79a8ae4471b6b02213,hw/ip/kmac/rtl/kmac_app.sv,50f2e06679f72e53c8dbd48c9133500b8f14868509d4bf1be75408aa5999bbc8,kmac_app,834,9134,19,20,DiagCode(CouldNotOpenIncludeFile);DiagCode(UnknownDirective),1,1,1,clk_i,0,6,6,0,2,2026-08-25T21:44:32.712049+00:00
Production-oriented open RTL,OpenTitan,https://github.com/lowRISC/opentitan,e3f3234aa3772760cdf40e79a8ae4471b6b02213,hw/ip/kmac/rtl/kmac_core.sv,60e2e67bb904061512805d190951afc6e8419ff3d55bcbbdd31602ca9e90e8c7,kmac_core,216,2577,17,10,DiagCode(CouldNotOpenIncludeFile);DiagCode(UnknownDirective),1,1,1,clk_i,0,2,2,0,2,2026-08-25T21:44:32.712049+00:00
Production-oriented open RTL,OpenTitan,https://github.com/lowRISC/opentitan,e3f3234aa3772760cdf40e79a8ae4471b6b02213,hw/ip/kmac/rtl/kmac_entropy.sv,194b3f93ad1efd1d0dd205e4dda92f5705bf931e374d1c378fb95d6a0c3bc606,kmac_entropy,404,3966,18,7,DiagCode(CouldNotOpenIncludeFile);DiagCode(UnknownDirective),1,1,1,clk_i,0,3,3,0,3,2026-08-25T21:44:32.712049+00:00
Production-oriented open RTL,OpenTitan,https://github.com/lowRISC/opentitan,e3f3234aa3772760cdf40e79a8ae4471b6b02213,hw/ip/kmac/rtl/kmac_errchk.sv,a506ca8424852152e000be0fa3e531678ab1f93bbfb87cea699d1960f55e57f4,kmac_errchk,261,2140,16,5,DiagCode(CouldNotOpenIncludeFile);DiagCode(UnknownDirective),1,1,1,clk_i,0,0,0,0,1,2026-08-25T21:44:32.712049+00:00
Production-oriented open RTL,OpenTitan,https://github.com/lowRISC/opentitan,e3f3234aa3772760cdf40e79a8ae4471b6b02213,hw/ip/kmac/rtl/kmac_msgfifo.sv,432c135c196f590ba7cc35773f30ccf4fe8a3ecb87c8ddeb44573d03b99091a4,kmac_msgfifo,205,1959,14,5,DiagCode(CouldNotOpenIncludeFile);DiagCode(UnknownDirective),1,1,1,clk_i,0,2,2,0,4,2026-08-25T21:44:32.712049+00:00
Production-oriented open RTL,OpenTitan,https://github.com/lowRISC/opentitan,e3f3234aa3772760cdf40e79a8ae4471b6b02213,hw/ip/kmac/rtl/kmac_reduced.sv,b4609196f844236bd998802a6b5f5fa53dea0f4016e7dc341a9cafbd3913207c,kmac_reduced,198,2061,13,1,DiagCode(CouldNotOpenIncludeFile),1,0,0,,0,5,5,0,5,2026-08-25T21:44:32.712049+00:00
Production-oriented open RTL,OpenTitan,https://github.com/lowRISC/opentitan,e3f3234aa3772760cdf40e79a8ae4471b6b02213,hw/ip/kmac/rtl/kmac_reg_top.sv,ce9db6cf00abc79fc201d5ac071f3f4249f85aa29219aac5d9fffb4815ce8eef,kmac_reg_top,2456,27770,73,5,DiagCode(CouldNotOpenIncludeFile);DiagCode(UnknownDirective),1,1,1,clk_i,0,91,90,1,6,2026-08-25T21:44:32.712049+00:00
Production-oriented open RTL,OpenTitan,https://github.com/lowRISC/opentitan,e3f3234aa3772760cdf40e79a8ae4471b6b02213,hw/ip/kmac/rtl/kmac_staterd.sv,f2fe19a2bab3ae660e2899fa5bc4306a8143b37997fb3837be1633d57f2883c1,kmac_staterd,90,1010,15,1,DiagCode(CouldNotOpenIncludeFile),1,1,1,clk_i,0,2,2,0,6,2026-08-25T21:44:32.712049+00:00
Production-oriented open RTL,OpenTitan,https://github.com/lowRISC/opentitan,e3f3234aa3772760cdf40e79a8ae4471b6b02213,hw/ip/kmac/rtl/sha3.sv,b2284ba0555d01ed3ffcd4e5e55277f03978467c49610e3acdc6a32801d6a72c,sha3,287,2577,16,9,DiagCode(CouldNotOpenIncludeFile);DiagCode(UnknownDirective),1,1,1,clk_i,0,2,2,0,4,2026-08-25T21:44:32.712049+00:00
Production-oriented open RTL,OpenTitan,https://github.com/lowRISC/opentitan,e3f3234aa3772760cdf40e79a8ae4471b6b02213,hw/ip/kmac/rtl/sha3pad.sv,00c9e7146d52ec06de0e3b7f601dfdafda162900c44aec442c5e6040890aa843,sha3pad,402,4738,17,28,DiagCode(CouldNotOpenIncludeFile);DiagCode(UnknownDirective),1,1,1,clk_i,0,2,2,0,2,2026-08-25T21:44:32.712049+00:00
Production-oriented open RTL,OpenTitan,https://github.com/lowRISC/opentitan,e3f3234aa3772760cdf40e79a8ae4471b6b02213,hw/ip/lc_ctrl/rtl/lc_ctrl.sv,90c873a252861f360f2c84bcd655c5f10543ef516d91ca229b4412cba862e55e,lc_ctrl,612,6268,22,45,DiagCode(CouldNotOpenIncludeFile);DiagCode(UnknownDirective),1,1,1,clk_i,1,15,11,3,6,2026-08-25T21:44:32.712049+00:00
Production-oriented open RTL,OpenTitan,https://github.com/lowRISC/opentitan,e3f3234aa3772760cdf40e79a8ae4471b6b02213,hw/ip/lc_ctrl/rtl/lc_ctrl_dmi_reg_top.sv,5c2f70314d2ba6325ff56387099fe9e61300449830505fdedc266ff2b28de9ba,lc_ctrl_dmi_reg_top,30,242,10,1,DiagCode(CouldNotOpenIncludeFile),1,1,1,clk_i,0,1,1,0,4,2026-08-25T21:44:32.712049+00:00
Production-oriented open RTL,OpenTitan,https://github.com/lowRISC/opentitan,e3f3234aa3772760cdf40e79a8ae4471b6b02213,hw/ip/lc_ctrl/rtl/lc_ctrl_fsm.sv,310b7bfa17d326961ff0fd86fc04075a6216e80a7fc0ac461373981b2eb6f6f3,lc_ctrl_fsm,553,4976,23,16,DiagCode(CouldNotOpenIncludeFile);DiagCode(UnknownDirective),1,1,1,clk_i,0,11,11,0,4,2026-08-25T21:44:32.712049+00:00
Production-oriented open RTL,OpenTitan,https://github.com/lowRISC/opentitan,e3f3234aa3772760cdf40e79a8ae4471b6b02213,hw/ip/lc_ctrl/rtl/lc_ctrl_kmac_if.sv,04ee29652199144c6f7e1fca575e4e2dbf5213f2487cd8f0865b76c7ecef391c,lc_ctrl_kmac_if,133,1172,13,3,DiagCode(CouldNotOpenIncludeFile);DiagCode(UnknownDirective),1,2,2,clk_i;clk_kmac_i,2,2,2,0,4,2026-08-25T21:44:32.712049+00:00
Production-oriented open RTL,OpenTitan,https://github.com/lowRISC/opentitan,e3f3234aa3772760cdf40e79a8ae4471b6b02213,hw/ip/lc_ctrl/rtl/lc_ctrl_regs_reg_top.sv,2c19ff587234f630f03631434c0ea17b58572f3c75b1dbb11543b7a664a7417d,lc_ctrl_regs_reg_top,1222,13555,51,5,DiagCode(CouldNotOpenIncludeFile);DiagCode(UnknownDirective),1,1,1,clk_i,0,55,55,0,5,2026-08-25T21:44:32.712049+00:00
Production-oriented open RTL,OpenTitan,https://github.com/lowRISC/opentitan,e3f3234aa3772760cdf40e79a8ae4471b6b02213,hw/ip/lc_ctrl/rtl/lc_ctrl_signal_decode.sv,13c12396ed65b10e7cc813a01addfb0d66ff6fe9c19dd703a9a206da59a96c6b,lc_ctrl_signal_decode,269,1790,16,8,DiagCode(CouldNotOpenIncludeFile);DiagCode(UnknownDirective),1,0,0,,0,16,15,1,3,2026-08-25T21:44:32.712049+00:00
Production-oriented open RTL,OpenTitan,https://github.com/lowRISC/opentitan,e3f3234aa3772760cdf40e79a8ae4471b6b02213,hw/ip/lc_ctrl/rtl/lc_ctrl_state_decode.sv,8d4061dadbd2b4c9ceba2a20918c6f80e0d9dc1a37934b0d9b42d4bdc4c33975,lc_ctrl_state_decode,111,1411,15,0,,1,0,0,,0,1,1,0,2,2026-08-25T21:44:32.712049+00:00
Production-oriented open RTL,OpenTitan,https://github.com/lowRISC/opentitan,e3f3234aa3772760cdf40e79a8ae4471b6b02213,hw/ip/lc_ctrl/rtl/lc_ctrl_state_transition.sv,b172914c4052e51f22e57ea00fd965f19d78db36aa3bafa3c1458d36cdfbb3f7,lc_ctrl_state_transition,141,1575,18,0,,1,0,0,,0,0,0,0,1,2026-08-25T21:44:32.712049+00:00
Production-oriented open RTL,OpenTitan,https://github.com/lowRISC/opentitan,e3f3234aa3772760cdf40e79a8ae4471b6b02213,hw/ip/mbx/rtl/mbx.sv,cd53774971f8b458d289ebc0c7df5f0c7a1fba4268be7b44ed7f310fb1ac3062,mbx,279,2732,13,17,DiagCode(CouldNotOpenIncludeFile);DiagCode(UnknownDirective),1,0,0,,0,6,6,0,9,2026-08-25T21:44:32.712049+00:00
Production-oriented open RTL,OpenTitan,https://github.com/lowRISC/opentitan,e3f3234aa3772760cdf40e79a8ae4471b6b02213,hw/ip/mbx/rtl/mbx_core_reg_top.sv,dd9de5ded6a4754616bcf561154e5e3ad287c626935e1148418fd81ebeab52df,mbx_core_reg_top,862,9389,33,5,DiagCode(CouldNotOpenIncludeFile);DiagCode(UnknownDirective),1,1,1,clk_i,0,36,34,2,5,2026-08-25T21:44:32.712049+00:00
Production-oriented open RTL,OpenTitan,https://github.com/lowRISC/opentitan,e3f3234aa3772760cdf40e79a8ae4471b6b02213,hw/ip/mbx/rtl/mbx_fsm.sv,fb2c7eef013f6f99c15258638cb1e7f26fdd43761ed8a0e7402e5882f48d03b1,mbx_fsm,131,1061,20,1,DiagCode(CouldNotOpenIncludeFile),1,0,0,,0,1,0,1,1,2026-08-25T21:44:32.712049+00:00
Production-oriented open RTL,OpenTitan,https://github.com/lowRISC/opentitan,e3f3234aa3772760cdf40e79a8ae4471b6b02213,hw/ip/mbx/rtl/mbx_hostif.sv,2ae12a2d124ced7f033e32b0799d0f67b038ef6ff41ed685a9f9c8350795a783,mbx_hostif,183,2580,11,2,DiagCode(CouldNotOpenIncludeFile);DiagCode(UnknownDirective),1,0,0,,0,6,5,1,6,2026-08-25T21:44:32.712049+00:00
Production-oriented open RTL,OpenTitan,https://github.com/lowRISC/opentitan,e3f3234aa3772760cdf40e79a8ae4471b6b02213,hw/ip/mbx/rtl/mbx_imbx.sv,cb9269c9980c447808245ef9f24a3e282eb73f283bbed738348c030440999824,mbx_imbx,118,1103,10,4,DiagCode(CouldNotOpenIncludeFile);DiagCode(UnknownDirective),1,0,0,,0,4,1,3,2,2026-08-25T21:44:32.712049+00:00
Production-oriented open RTL,OpenTitan,https://github.com/lowRISC/opentitan,e3f3234aa3772760cdf40e79a8ae4471b6b02213,hw/ip/mbx/rtl/mbx_ombx.sv,3bdfea2e00b3ded5f8cb46d18bd26a4e4fa6fe6ae9a08aa69ccd5e92b6f5206b,mbx_ombx,190,1804,10,5,DiagCode(CouldNotOpenIncludeFile);DiagCode(UnknownDirective),1,0,0,,0,9,1,8,2,2026-08-25T21:44:32.712049+00:00
Production-oriented open RTL,OpenTitan,https://github.com/lowRISC/opentitan,e3f3234aa3772760cdf40e79a8ae4471b6b02213,hw/ip/mbx/rtl/mbx_soc_reg_top.sv,d3a98af5223d050b3af2ad7e88eddd9ead4cb6dd9e1ab4e6fe39f36b6f5433c3,mbx_soc_reg_top,441,4891,21,5,DiagCode(CouldNotOpenIncludeFile);DiagCode(UnknownDirective),1,1,1,clk_i,0,17,17,0,6,2026-08-25T21:44:32.712049+00:00
Production-oriented open RTL,OpenTitan,https://github.com/lowRISC/opentitan,e3f3234aa3772760cdf40e79a8ae4471b6b02213,hw/ip/mbx/rtl/mbx_sramrwarb.sv,b02ca96593aef8ba0b4212f68e6dd1d5df541e3c20e27bab13ffb1d9582e4c6a,mbx_sramrwarb,87,973,11,2,DiagCode(CouldNotOpenIncludeFile);DiagCode(UnknownDirective),1,0,0,,0,2,1,1,5,2026-08-25T21:44:32.712049+00:00
Production-oriented open RTL,OpenTitan,https://github.com/lowRISC/opentitan,e3f3234aa3772760cdf40e79a8ae4471b6b02213,hw/ip/mbx/rtl/mbx_sysif.sv,99d593b1de07351dcf23fc0c3f222f19e2cd2fcb7acd538db61e10e55eac44e6,mbx_sysif,236,2473,15,2,DiagCode(CouldNotOpenIncludeFile);DiagCode(UnknownDirective),1,0,0,,0,8,7,1,8,2026-08-25T21:44:32.712049+00:00
Production-oriented open RTL,OpenTitan,https://github.com/lowRISC/opentitan,e3f3234aa3772760cdf40e79a8ae4471b6b02213,hw/ip/otbn/pre_sca/alma/rtl/otbn_top_coco.v,1091df65f70d258d933d732c20d07868c5d66d6ade9ac4b3f17322a1251b49a9,otbn_top_coco,181,1973,14,0,,1,1,1,clk_sys,0,3,3,0,8,2026-08-25T21:44:32.712049+00:00
Production-oriented open RTL,OpenTitan,https://github.com/lowRISC/opentitan,e3f3234aa3772760cdf40e79a8ae4471b6b02213,hw/ip/otbn/pre_sca/alma/rtl/ram_1p.v,39615934d08fd45b8a9b20cd4775a2bee2412dc336159895cd6bb70f65bcefdf,ram_1p,32,354,16,0,,1,1,1,clk_i,0,0,0,0,1,2026-08-25T21:44:32.712049+00:00
Production-oriented open RTL,OpenTitan,https://github.com/lowRISC/opentitan,e3f3234aa3772760cdf40e79a8ae4471b6b02213,hw/ip/otbn/pre_sca/rtl/otbn_mask_accelerator_sca_wrapper.sv,881abf612d29a65693241b150a957138efff2c25c93e5cfac9c10116c58cbbe5,otbn_mask_accelerator_sca_wrapper,72,870,15,0,,1,1,1,clk_i,0,1,1,0,6,2026-08-25T21:44:32.712049+00:00
Production-oriented open RTL,OpenTitan,https://github.com/lowRISC/opentitan,e3f3234aa3772760cdf40e79a8ae4471b6b02213,hw/ip/otbn/pre_sca/rtl/otbn_mask_accelerator_sca_wrapper_prolead.sv,29a58635e7badcde951423a173b3dbef291569b6f913635ca20c4d89c27ed8d7,otbn_mask_accelerator_sca_wrapper_prolead,51,655,11,1,DiagCode(EndNameMismatch),1,0,0,,0,1,1,0,6,2026-08-25T21:44:32.712049+00:00
Production-oriented open RTL,OpenTitan,https://github.com/lowRISC/opentitan,e3f3234aa3772760cdf40e79a8ae4471b6b02213,hw/ip/otbn/pre_sca/rtl/otbn_sec_add_sca_wrapper.sv,6576ffaf7442406bde5a9859f452aee976eb6d57f97b72cbad045ed0b678ea9c,otbn_sec_add_sca_wrapper,34,494,11,0,,1,0,0,,0,1,1,0,4,2026-08-25T21:44:32.712049+00:00
Production-oriented open RTL,OpenTitan,https://github.com/lowRISC/opentitan,e3f3234aa3772760cdf40e79a8ae4471b6b02213,hw/ip/otbn/pre_sca/rtl/prim_hpc2_sca_wrapper.sv,f362437429d2f17dd1e8234ba4bbcad7012680c4da4ff5c16c4f8cb8916fe06c,prim_hpc2_sca_wrapper,54,543,10,0,,1,0,0,,0,3,1,2,3,2026-08-25T21:44:32.712049+00:00
Production-oriented open RTL,OpenTitan,https://github.com/lowRISC/opentitan,e3f3234aa3772760cdf40e79a8ae4471b6b02213,hw/ip/otbn/pre_sca/rtl/prim_hpc2o_sca_wrapper.sv,be1a988d7a6ed69670b4cafa364bcbf393c408866a0a0c0a9f6343c9e449cff5,prim_hpc2o_sca_wrapper,57,605,10,0,,1,0,0,,0,3,1,2,3,2026-08-25T21:44:32.712049+00:00
Production-oriented open RTL,OpenTitan,https://github.com/lowRISC/opentitan,e3f3234aa3772760cdf40e79a8ae4471b6b02213,hw/ip/otbn/pre_sca/rtl/prim_hpc3_sca_wrapper.sv,861173b611e020401e42a6da1c80dc49901895491c39fb4e3f6631ead42e8728,prim_hpc3_sca_wrapper,35,422,10,0,,1,0,0,,0,1,1,0,3,2026-08-25T21:44:32.712049+00:00
Production-oriented open RTL,OpenTitan,https://github.com/lowRISC/opentitan,e3f3234aa3772760cdf40e79a8ae4471b6b02213,hw/ip/otbn/pre_sca/rtl/prim_hpc3o_sca_wrapper.sv,5164c0934e684d1cd7521f806a25eb2b237d692abd16473cf2c26ca6b4638cb9,prim_hpc3o_sca_wrapper,38,484,10,0,,1,0,0,,0,1,1,0,3,2026-08-25T21:44:32.712049+00:00
Production-oriented open RTL,OpenTitan,https://github.com/lowRISC/opentitan,e3f3234aa3772760cdf40e79a8ae4471b6b02213,hw/ip/otbn/rtl/otbn.sv,4384c2ab37d23ef506e1119bc42b4f3d622ad18598375f0a361714eb0c28c5d6,otbn,906,10187,18,79,DiagCode(CouldNotOpenIncludeFile);DiagCode(UnknownDirective),1,1,1,clk_i,0,18,18,0,8,2026-08-25T21:44:32.712049+00:00
Production-oriented open RTL,OpenTitan,https://github.com/lowRISC/opentitan,e3f3234aa3772760cdf40e79a8ae4471b6b02213,hw/ip/otbn/rtl/otbn_alu_base.sv,69ba7711123ee129a0dd356f1f8839d11c538b05e544056d702aee693a665c08,otbn_alu_base,67,947,10,1,DiagCode(CouldNotOpenIncludeFile),1,0,0,,0,0,0,0,1,2026-08-25T21:44:32.712049+00:00
Production-oriented open RTL,OpenTitan,https://github.com/lowRISC/opentitan,e3f3234aa3772760cdf40e79a8ae4471b6b02213,hw/ip/otbn/rtl/otbn_alu_bignum.sv,e2a654cd877f3957837195602683760f6ad672d52ac0f8990c6d4f92b70f4cb0,otbn_alu_bignum,1006,12261,14,25,DiagCode(CouldNotOpenIncludeFile);DiagCode(UnknownDirective),1,1,1,clk_i,0,44,44,0,3,2026-08-25T21:44:32.712049+00:00
Production-oriented open RTL,OpenTitan,https://github.com/lowRISC/opentitan,e3f3234aa3772760cdf40e79a8ae4471b6b02213,hw/ip/otbn/rtl/otbn_controller.sv,db36fdc2696bf723945a8ffc62d5e0422a02f0a889f8d1bb37c8e0bc9e5ce06a,otbn_controller,1102,11724,21,15,DiagCode(CouldNotOpenIncludeFile);DiagCode(UnknownDirective),1,1,1,clk_i,0,15,8,7,4,2026-08-25T21:44:32.712049+00:00
Production-oriented open RTL,OpenTitan,https://github.com/lowRISC/opentitan,e3f3234aa3772760cdf40e79a8ae4471b6b02213,hw/ip/otbn/rtl/otbn_core.sv,a9c21d26f042a84eace2dfbc1e0f08960965a93ffe5f5af8c3db569247a76db6,otbn_core,991,9389,15,25,DiagCode(CouldNotOpenIncludeFile);DiagCode(UnknownDirective),1,1,1,clk_i,0,13,13,0,7,2026-08-25T21:44:32.712049+00:00
Production-oriented open RTL,OpenTitan,https://github.com/lowRISC/opentitan,e3f3234aa3772760cdf40e79a8ae4471b6b02213,hw/ip/otbn/rtl/otbn_decoder.sv,3bb985ae120c8292c3a79005cd902ccee66cc3ed24996eb076493357097f6d0f,otbn_decoder,865,8254,24,8,DiagCode(CouldNotOpenIncludeFile);DiagCode(UnknownDirective),1,0,0,,0,0,0,0,1,2026-08-25T21:44:32.712049+00:00
Production-oriented open RTL,OpenTitan,https://github.com/lowRISC/opentitan,e3f3234aa3772760cdf40e79a8ae4471b6b02213,hw/ip/otbn/rtl/otbn_instruction_fetch.sv,64a5efb248c934fd6481671687e721140a91a0a7a88487c9d0249e2e773ef70d,otbn_instruction_fetch,340,3108,19,3,DiagCode(CouldNotOpenIncludeFile);DiagCode(UnknownDirective),1,1,1,clk_i,0,13,4,9,3,2026-08-25T21:44:32.712049+00:00
Production-oriented open RTL,OpenTitan,https://github.com/lowRISC/opentitan,e3f3234aa3772760cdf40e79a8ae4471b6b02213,hw/ip/otbn/rtl/otbn_kmac_if.sv,596caba672b3d0a9f4f9356cfff2eeff24cf46c4d9830c8aea52c3d81e8b0052,otbn_kmac_if,586,6103,17,4,DiagCode(UnknownDirective),1,1,1,clk_i,0,9,9,0,2,2026-08-25T21:44:32.712049+00:00
Production-oriented open RTL,OpenTitan,https://github.com/lowRISC/opentitan,e3f3234aa3772760cdf40e79a8ae4471b6b02213,hw/ip/otbn/rtl/otbn_loop_controller.sv,58a7e88c16e3d0568d9041412bbf3fec65dbc69296402faf5e1a32de4a3990e9,otbn_loop_controller,201,2213,12,6,DiagCode(CouldNotOpenIncludeFile);DiagCode(UnknownDirective),1,0,0,,0,6,4,2,3,2026-08-25T21:44:32.712049+00:00
Production-oriented open RTL,OpenTitan,https://github.com/lowRISC/opentitan,e3f3234aa3772760cdf40e79a8ae4471b6b02213,hw/ip/otbn/rtl/otbn_lsu.sv,d4110985ff783321d3ad30f41d99b69e12a513cbb204d7b388202313c70b9af1,otbn_lsu,82,1125,13,3,DiagCode(CouldNotOpenIncludeFile);DiagCode(UnknownDirective),1,1,1,clk_i,0,0,0,0,1,2026-08-25T21:44:32.712049+00:00
Production-oriented open RTL,OpenTitan,https://github.com/lowRISC/opentitan,e3f3234aa3772760cdf40e79a8ae4471b6b02213,hw/ip/otbn/rtl/otbn_mac_bignum.sv,b9e186f8cfb1399defa03c3d24eb354842ccf4cdf16b221b277597157a5c4b17,otbn_mac_bignum,381,5202,12,5,DiagCode(CouldNotOpenIncludeFile);DiagCode(UnknownDirective),1,1,1,clk_i,0,21,21,0,2,2026-08-25T21:44:32.712049+00:00
Production-oriented open RTL,OpenTitan,https://github.com/lowRISC/opentitan,e3f3234aa3772760cdf40e79a8ae4471b6b02213,hw/ip/otbn/rtl/otbn_mac_bignum_fsm.sv,de3c9cccdfcd60a5b425723cc41c67505a93b5b4f0587b70fa5683862fa84b5d,otbn_mac_bignum_fsm,237,3085,13,1,DiagCode(UnknownDirective),1,1,1,clk_i,0,0,0,0,1,2026-08-25T21:44:32.712049+00:00
Production-oriented open RTL,OpenTitan,https://github.com/lowRISC/opentitan,e3f3234aa3772760cdf40e79a8ae4471b6b02213,hw/ip/otbn/rtl/otbn_mai.sv,3c7b56fb38dbc536b276bfabf13513bbf3dc9877e2da01c48471b2246c63c092,otbn_mai,394,4062,15,2,DiagCode(UnknownDirective),1,1,1,clk_i,0,11,11,0,6,2026-08-25T21:44:32.712049+00:00
Production-oriented open RTL,OpenTitan,https://github.com/lowRISC/opentitan,e3f3234aa3772760cdf40e79a8ae4471b6b02213,hw/ip/otbn/rtl/otbn_mask_accelerator.sv,110c0f6f98c77a117f2b16d7e700d0ed00cd4cc86ea5b8baa3b659237e35fcde,otbn_mask_accelerator,236,2088,12,2,DiagCode(CouldNotOpenIncludeFile);DiagCode(UnknownDirective),1,1,1,clk_i,0,12,7,5,5,2026-08-25T21:44:32.712049+00:00
Production-oriented open RTL,OpenTitan,https://github.com/lowRISC/opentitan,e3f3234aa3772760cdf40e79a8ae4471b6b02213,hw/ip/otbn/rtl/otbn_mod_result_selector.sv,c94c23ca4eecd29e7093759788b8f70b370afc76b1aaa113ad1bdb5944aa87b8,otbn_mod_result_selector,33,424,13,0,,1,0,0,,0,0,0,0,1,2026-08-25T21:44:32.712049+00:00
Production-oriented open RTL,OpenTitan,https://github.com/lowRISC/opentitan,e3f3234aa3772760cdf40e79a8ae4471b6b02213,hw/ip/otbn/rtl/otbn_predecode.sv,1a187375492242b8e602fa5f5056d10bfc773427baa0e764b1c1eafd57baee1a,otbn_predecode,687,7574,22,4,DiagCode(CouldNotOpenIncludeFile);DiagCode(UnknownDirective),1,0,0,,0,5,5,0,2,2026-08-25T21:44:32.712049+00:00
Production-oriented open RTL,OpenTitan,https://github.com/lowRISC/opentitan,e3f3234aa3772760cdf40e79a8ae4471b6b02213,hw/ip/otbn/rtl/otbn_reg_top.sv,b769574cf0849a1b5904372df0bc252837ddc5b011d7c57ecc80b607b43c6541,otbn_reg_top,924,10043,27,5,DiagCode(CouldNotOpenIncludeFile);DiagCode(UnknownDirective),1,1,1,clk_i,0,42,42,0,6,2026-08-25T21:44:32.712049+00:00
Production-oriented open RTL,OpenTitan,https://github.com/lowRISC/opentitan,e3f3234aa3772760cdf40e79a8ae4471b6b02213,hw/ip/otbn/rtl/otbn_rf_base.sv,846ece56dc8d33365404ef12bf7b7c207b068e1feced2f5abc08610858ec6968,otbn_rf_base,141,1354,10,3,DiagCode(CouldNotOpenIncludeFile);DiagCode(UnknownDirective),1,0,0,,0,6,6,0,3,2026-08-25T21:44:32.712049+00:00
Production-oriented open RTL,OpenTitan,https://github.com/lowRISC/opentitan,e3f3234aa3772760cdf40e79a8ae4471b6b02213,hw/ip/otbn/rtl/otbn_rf_base_ff.sv,4995039d3aeb29cdc11d33992499966b016c25f44591fd2bcb2930fe8335bcec,otbn_rf_base_ff,62,653,12,0,,1,1,1,clk_i,0,2,1,1,2,2026-08-25T21:44:32.712049+00:00
Production-oriented open RTL,OpenTitan,https://github.com/lowRISC/opentitan,e3f3234aa3772760cdf40e79a8ae4471b6b02213,hw/ip/otbn/rtl/otbn_rf_base_fpga.sv,9f36891cd9b3bbcf695e716d9afa7e45b901d0fffa9a04635240b8063517682b,otbn_rf_base_fpga,43,507,11,0,,1,1,1,clk_i,0,0,0,0,1,2026-08-25T21:44:32.712049+00:00
Production-oriented open RTL,OpenTitan,https://github.com/lowRISC/opentitan,e3f3234aa3772760cdf40e79a8ae4471b6b02213,hw/ip/otbn/rtl/otbn_rf_bignum.sv,50af344f03e0e40c4a812e60c9b26abbafe19083bfbed59ae2e0446280f9cad5,otbn_rf_bignum,116,1167,12,5,DiagCode(CouldNotOpenIncludeFile);DiagCode(UnknownDirective),1,0,0,,0,9,8,1,3,2026-08-25T21:44:32.712049+00:00
Production-oriented open RTL,OpenTitan,https://github.com/lowRISC/opentitan,e3f3234aa3772760cdf40e79a8ae4471b6b02213,hw/ip/otbn/rtl/otbn_rf_bignum_ff.sv,84422c877989fc415e465a61f739e0e03a73053c5dfc157a4a559dbdf9d9572a,otbn_rf_bignum_ff,95,1087,14,2,DiagCode(CouldNotOpenIncludeFile);DiagCode(UnknownDirective),1,1,1,clk_i,0,6,4,2,2,2026-08-25T21:44:32.712049+00:00
Production-oriented open RTL,OpenTitan,https://github.com/lowRISC/opentitan,e3f3234aa3772760cdf40e79a8ae4471b6b02213,hw/ip/otbn/rtl/otbn_rf_bignum_fpga.sv,8bc292efd5cfb22c7a0e2e923f7fb542d0ad9cc32134c58451f0b952115f9c17,otbn_rf_bignum_fpga,38,539,16,0,,1,1,1,clk_i,0,0,0,0,1,2026-08-25T21:44:32.712049+00:00
Production-oriented open RTL,OpenTitan,https://github.com/lowRISC/opentitan,e3f3234aa3772760cdf40e79a8ae4471b6b02213,hw/ip/otbn/rtl/otbn_rnd.sv,719c4ac541e665353d87b00b6cbb51c25ca66838aac05e571a9b23bd8710a950,otbn_rnd,233,2423,11,3,DiagCode(CouldNotOpenIncludeFile);DiagCode(UnknownDirective),1,1,1,clk_i,0,2,2,0,2,2026-08-25T21:44:32.712049+00:00
Production-oriented open RTL,OpenTitan,https://github.com/lowRISC/opentitan,e3f3234aa3772760cdf40e79a8ae4471b6b02213,hw/ip/otbn/rtl/otbn_scramble_ctrl.sv,787a6576a784f4163f7f3205fad6b2a15ba07fea84b3bcd45b481cca138f591b,otbn_scramble_ctrl,198,1746,12,2,DiagCode(UnknownDirective),1,1,1,clk_i,0,1,1,0,4,2026-08-25T21:44:32.712049+00:00
Production-oriented open RTL,OpenTitan,https://github.com/lowRISC/opentitan,e3f3234aa3772760cdf40e79a8ae4471b6b02213,hw/ip/otbn/rtl/otbn_sec_add.sv,88030fd6c82a8a8ca387ba95bf02fcabab89113c1ea1c91fd464e67a7e008f9b,otbn_sec_add,214,3397,20,2,DiagCode(CouldNotOpenIncludeFile);DiagCode(UnknownDirective),1,0,0,,0,13,3,10,3,2026-08-25T21:44:32.712049+00:00
Production-oriented open RTL,OpenTitan,https://github.com/lowRISC/opentitan,e3f3234aa3772760cdf40e79a8ae4471b6b02213,hw/ip/otbn/rtl/otbn_sec_add_mod.sv,640d71ad92d398af1cfb3aef7bf6175d5203d0645592b7e432fd07364fdc8a70,otbn_sec_add_mod,130,1743,12,0,,1,1,1,clk_i,0,5,4,1,4,2026-08-25T21:44:32.712049+00:00
Production-oriented open RTL,OpenTitan,https://github.com/lowRISC/opentitan,e3f3234aa3772760cdf40e79a8ae4471b6b02213,hw/ip/otbn/rtl/otbn_stack.sv,a5ddb2e127a4011b22f6381a978336ecab8c33c70165839d5cde3e61f54dd44c,otbn_stack,86,963,11,0,,1,1,1,clk_i,0,2,1,1,2,2026-08-25T21:44:32.712049+00:00
Production-oriented open RTL,OpenTitan,https://github.com/lowRISC/opentitan,e3f3234aa3772760cdf40e79a8ae4471b6b02213,hw/ip/otbn/rtl/otbn_start_stop_control.sv,2cd3680c002f4a438dcfe6395f3d7392f2fa553039c85d0689359ea099c92386,otbn_start_stop_control,347,3152,17,6,DiagCode(CouldNotOpenIncludeFile);DiagCode(UnknownDirective),1,1,1,clk_i,0,2,2,0,3,2026-08-25T21:44:32.712049+00:00
Production-oriented open RTL,OpenTitan,https://github.com/lowRISC/opentitan,e3f3234aa3772760cdf40e79a8ae4471b6b02213,hw/ip/otbn/rtl/otbn_vec_adder.sv,63a996807e61735ae393248a8a02c33bf324a9d3c12d112cadae8193ec5cd28a,otbn_vec_adder,43,645,12,1,DiagCode(UnknownDirective),1,0,0,,0,0,0,0,1,2026-08-25T21:44:32.712049+00:00
Production-oriented open RTL,OpenTitan,https://github.com/lowRISC/opentitan,e3f3234aa3772760cdf40e79a8ae4471b6b02213,hw/ip/otbn/rtl/otbn_vec_multiplier.sv,a7b74b4e140aae8db3351eee76d474c5fc9d64579eb46fbbf09d16d7bffc4195,otbn_vec_multiplier,25,556,14,1,DiagCode(CouldNotOpenIncludeFile),1,0,0,,0,0,0,0,1,2026-08-25T21:44:32.712049+00:00
Production-oriented open RTL,OpenTitan,https://github.com/lowRISC/opentitan,e3f3234aa3772760cdf40e79a8ae4471b6b02213,hw/ip/otbn/rtl/otbn_vec_shifter.sv,f00071ea7a91627dc317b45193b3c9b9138ec9eb5c7d15f09e5c0d02432ce823,otbn_vec_shifter,58,767,15,0,,1,0,0,,0,2,2,0,2,2026-08-25T21:44:32.712049+00:00
Production-oriented open RTL,OpenTitan,https://github.com/lowRISC/opentitan,e3f3234aa3772760cdf40e79a8ae4471b6b02213,hw/ip/otbn/rtl/otbn_vec_transposer.sv,3dadf90910fd94a5f969b3a3f747f60beed27c1f94aa771a8af49831fb5ee5af,otbn_vec_transposer,54,957,12,2,DiagCode(UnknownDirective),1,0,0,,0,0,0,0,1,2026-08-25T21:44:32.712049+00:00
Production-oriented open RTL,OpenTitan,https://github.com/lowRISC/opentitan,e3f3234aa3772760cdf40e79a8ae4471b6b02213,hw/ip/otp_macro/rtl/otp_macro.sv,42111ce87debd98c72e7f6fac0d841a866d8a3fb5dfb32199544e7c0e589c534,otp_macro,365,3408,18,21,DiagCode(CouldNotOpenIncludeFile);DiagCode(UnknownDirective),1,1,1,clk_i,0,4,4,0,6,2026-08-25T21:44:32.712049+00:00
Production-oriented open RTL,OpenTitan,https://github.com/lowRISC/opentitan,e3f3234aa3772760cdf40e79a8ae4471b6b02213,hw/ip/otp_macro/rtl/otp_macro_prim_reg_top.sv,a616297700dba2318c2c3cf320d04508f090874c97efcd8ca60e45d71afca317,otp_macro_prim_reg_top,1006,10783,24,5,DiagCode(CouldNotOpenIncludeFile);DiagCode(UnknownDirective),1,1,1,clk_i,0,44,44,0,5,2026-08-25T21:44:32.712049+00:00
Production-oriented open RTL,OpenTitan,https://github.com/lowRISC/opentitan,e3f3234aa3772760cdf40e79a8ae4471b6b02213,hw/ip/pattgen/rtl/pattgen.sv,e6f8193f7676a46bee1042385a10b4a0068c3bfbfba3ccfda72f72f59eefb305,pattgen,72,626,11,15,DiagCode(CouldNotOpenIncludeFile);DiagCode(UnknownDirective),1,0,0,,0,3,3,0,6,2026-08-25T21:44:32.712049+00:00
Production-oriented open RTL,OpenTitan,https://github.com/lowRISC/opentitan,e3f3234aa3772760cdf40e79a8ae4471b6b02213,hw/ip/pattgen/rtl/pattgen_chan.sv,da8994101fa4b7d6d6e1a4e639080349fc38cd6d30504ee9b0d57f7fd55d3d70,pattgen_chan,134,1496,14,0,,1,1,1,clk_i,0,0,0,0,1,2026-08-25T21:44:32.712049+00:00
Production-oriented open RTL,OpenTitan,https://github.com/lowRISC/opentitan,e3f3234aa3772760cdf40e79a8ae4471b6b02213,hw/ip/pattgen/rtl/pattgen_core.sv,d0eb93298adf98121925bd551149a86419cbefe6b57ea8f37eb1545252112675,pattgen_core,80,1106,9,0,,1,0,0,,0,4,4,0,2,2026-08-25T21:44:32.712049+00:00
Production-oriented open RTL,OpenTitan,https://github.com/lowRISC/opentitan,e3f3234aa3772760cdf40e79a8ae4471b6b02213,hw/ip/pattgen/rtl/pattgen_reg_top.sv,77f034b93c8f0183ee4dfbd1ec02fcee692bbb719701047a60b819efc4104a1c,pattgen_reg_top,710,7557,28,5,DiagCode(CouldNotOpenIncludeFile);DiagCode(UnknownDirective),1,1,1,clk_i,0,29,29,0,5,2026-08-25T21:44:32.712049+00:00
Production-oriented open RTL,OpenTitan,https://github.com/lowRISC/opentitan,e3f3234aa3772760cdf40e79a8ae4471b6b02213,hw/ip/prim/pre_dv/prim_ascon/prim_ascon_duplex_tb/rtl/prim_ascon_duplex_tb.sv,6353db93797b819b5918a0aac393f4544dc1c49e722503e3debdad093c888985,prim_ascon_duplex_tb,310,3385,17,0,,1,1,1,clk_i,0,1,1,0,4,2026-08-25T21:44:32.712049+00:00
Production-oriented open RTL,OpenTitan,https://github.com/lowRISC/opentitan,e3f3234aa3772760cdf40e79a8ae4471b6b02213,hw/ip/prim/pre_dv/prim_ascon/prim_ascon_round_tb/rtl/prim_ascon_round_tb.sv,6e6ab7f81f5084554ce9c9524edd0967422d00c7d826db2ad311fb407ff8173c,prim_ascon_round_tb,65,746,13,0,,1,1,1,clk_i,0,1,1,0,3,2026-08-25T21:44:32.712049+00:00
Production-oriented open RTL,OpenTitan,https://github.com/lowRISC/opentitan,e3f3234aa3772760cdf40e79a8ae4471b6b02213,hw/ip/prim/pre_dv/prim_sync_reqack/rtl/prim_sync_reqack_tb.sv,78eaedd4810b25907f10e786cd29f67aa82e06aae1b7e5d03e7dc1be1f6b4ea1,prim_sync_reqack_tb,143,1716,16,0,,1,4,4,clk_dst;clk_i;clk_slow;clk_src,1,1,1,0,4,2026-08-25T21:44:32.712049+00:00
Production-oriented open RTL,OpenTitan,https://github.com/lowRISC/opentitan,e3f3234aa3772760cdf40e79a8ae4471b6b02213,hw/ip/prim/pre_dv/prim_trivium/rtl/prim_trivium_tb.sv,73d2392735896d8f8149cc29768382eb5c3b786daa2a6d60091e4a6395c1e61e,prim_trivium_tb,296,3104,19,0,,1,1,1,clk_i,0,6,6,0,2,2026-08-25T21:44:32.712049+00:00
Production-oriented open RTL,OpenTitan,https://github.com/lowRISC/opentitan,e3f3234aa3772760cdf40e79a8ae4471b6b02213,hw/ip/prim/rtl/prim_alert_receiver.sv,939ef1b7c657fe26c9c44baa02fc24e9f1874caaaec22433383106561dd29f61,prim_alert_receiver,315,3990,21,0,,1,1,1,clk_i,0,4,4,0,3,2026-08-25T21:44:32.712049+00:00
Production-oriented open RTL,OpenTitan,https://github.com/lowRISC/opentitan,e3f3234aa3772760cdf40e79a8ae4471b6b02213,hw/ip/prim/rtl/prim_alert_sender.sv,288561001fd344dffb0d935cf85de264ca16e1296f1f30fdc8386659a9683b98,prim_alert_sender,323,4107,20,0,,1,1,1,clk_i,0,6,6,0,3,2026-08-25T21:44:32.712049+00:00
Production-oriented open RTL,OpenTitan,https://github.com/lowRISC/opentitan,e3f3234aa3772760cdf40e79a8ae4471b6b02213,hw/ip/prim/rtl/prim_alert_to_diff.sv,f84e19ec71add865fd2ecf4a35cf3c2d105cf31e9ee4141f0e5276ce4336a8b2,prim_alert_to_diff,37,252,7,0,,1,0,0,,0,2,2,0,4,2026-08-25T21:44:32.712049+00:00
Production-oriented open RTL,OpenTitan,https://github.com/lowRISC/opentitan,e3f3234aa3772760cdf40e79a8ae4471b6b02213,hw/ip/prim/rtl/prim_arbiter_fixed.sv,17cc878a5e7846d7c558c49da2fd45cecdd1014c389b0e50741f523ca62fe582,prim_arbiter_fixed,145,2527,19,0,,1,1,1,clk_i,0,0,0,0,1,2026-08-25T21:44:32.712049+00:00
Production-oriented open RTL,OpenTitan,https://github.com/lowRISC/opentitan,e3f3234aa3772760cdf40e79a8ae4471b6b02213,hw/ip/prim/rtl/prim_arbiter_ppc.sv,20c831d4b8b8d7d9ef87bcd24f1b6dd0c5a4db95acc8ce1feb0ac75505016e99,prim_arbiter_ppc,155,2512,25,0,,1,1,1,clk_i,0,1,1,0,2,2026-08-25T21:44:32.712049+00:00
Production-oriented open RTL,OpenTitan,https://github.com/lowRISC/opentitan,e3f3234aa3772760cdf40e79a8ae4471b6b02213,hw/ip/prim/rtl/prim_arbiter_tree.sv,cad891e0479a377896ecbcddaf6dd7d5b9aa6e5b18ba23654b61795fcf3083e1,prim_arbiter_tree,181,3264,25,0,,1,1,1,clk_i,0,0,0,0,1,2026-08-25T21:44:32.712049+00:00
Production-oriented open RTL,OpenTitan,https://github.com/lowRISC/opentitan,e3f3234aa3772760cdf40e79a8ae4471b6b02213,hw/ip/prim/rtl/prim_arbiter_tree_dup.sv,6bc08dc541b6682c2976af4c7ef5e4367f92528c604d912ddf8e2202ffa792dd,prim_arbiter_tree_dup,100,1133,15,0,,1,1,1,clk_i,0,4,2,2,2,2026-08-25T21:44:32.712049+00:00
Production-oriented open RTL,OpenTitan,https://github.com/lowRISC/opentitan,e3f3234aa3772760cdf40e79a8ae4471b6b02213,hw/ip/prim/rtl/prim_ascon_duplex.sv,b393860ca6465059f96e335dfabb7e59543cda31556a94e592f91b4b465a5927,prim_ascon_duplex,469,4562,18,1,DiagCode(UnknownDirective),1,1,1,clk_i,0,2,2,0,3,2026-08-25T21:44:32.712049+00:00
Production-oriented open RTL,OpenTitan,https://github.com/lowRISC/opentitan,e3f3234aa3772760cdf40e79a8ae4471b6b02213,hw/ip/prim/rtl/prim_ascon_round.sv,a778ef853e5689a02c46b4e5943f7da905e937df73662484aa24fd38e2f5fc13,prim_ascon_round,47,1362,11,0,,1,0,0,,0,1,1,0,2,2026-08-25T21:44:32.712049+00:00
Production-oriented open RTL,OpenTitan,https://github.com/lowRISC/opentitan,e3f3234aa3772760cdf40e79a8ae4471b6b02213,hw/ip/prim/rtl/prim_ascon_sbox.sv,c2008c23371e4d010f41e06612acb017c2d476bb7fb541a01432fd38c290bcf4,prim_ascon_sbox,26,665,12,0,,1,0,0,,0,0,0,0,1,2026-08-25T21:44:32.712049+00:00
Production-oriented open RTL,OpenTitan,https://github.com/lowRISC/opentitan,e3f3234aa3772760cdf40e79a8ae4471b6b02213,hw/ip/prim/rtl/prim_blanker.sv,14792d96db2f0ea69d14aa89bebc53c3f822d2c6e6f7ab5cfbdadae531775a00,prim_blanker,13,124,10,0,,1,0,0,,0,1,0,1,1,2026-08-25T21:44:32.712049+00:00
Production-oriented open RTL,OpenTitan,https://github.com/lowRISC/opentitan,e3f3234aa3772760cdf40e79a8ae4471b6b02213,hw/ip/prim/rtl/prim_cdc_rand_delay.sv,6b0f9f46a5559a354c9770e6eb7a4721b50b09d40d34b4efb62218c7a777829c,prim_cdc_rand_delay,12,124,10,0,,1,0,0,,1,0,0,0,1,2026-08-25T21:44:32.712049+00:00
Production-oriented open RTL,OpenTitan,https://github.com/lowRISC/opentitan,e3f3234aa3772760cdf40e79a8ae4471b6b02213,hw/ip/prim/rtl/prim_clock_gating_sync.sv,aa0783c5253ab607ea436193e520f82168bd926504f62eaaa68dd3f1c8e2edd7,prim_clock_gating_sync,23,131,6,0,,1,0,0,,2,2,1,1,2,2026-08-25T21:44:32.712049+00:00
Production-oriented open RTL,OpenTitan,https://github.com/lowRISC/opentitan,e3f3234aa3772760cdf40e79a8ae4471b6b02213,hw/ip/prim/rtl/prim_clock_meas.sv,50ccc8f117ec65aeb09906b4bc29d48cf5c02ea7370c438be580eaddea58024b,prim_clock_meas,184,1688,18,0,,1,1,1,clk_i,3,5,5,0,4,2026-08-25T21:44:32.712049+00:00
Production-oriented open RTL,OpenTitan,https://github.com/lowRISC/opentitan,e3f3234aa3772760cdf40e79a8ae4471b6b02213,hw/ip/prim/rtl/prim_clock_timeout.sv,a67b2adab3eeaa7893c4039b23371dff67245bc48a0391655449909e2c1527eb,prim_clock_timeout,47,426,15,0,,1,1,1,clk_i,0,2,1,1,3,2026-08-25T21:44:32.712049+00:00
Production-oriented open RTL,OpenTitan,https://github.com/lowRISC/opentitan,e3f3234aa3772760cdf40e79a8ae4471b6b02213,hw/ip/prim/rtl/prim_count.sv,b48580aefff674a48a674489c9b21a98d5399ca5b4c7623f3a7c907a75d8f0cb,prim_count,242,4349,28,0,,1,1,1,clk_i,0,1,0,1,1,2026-08-25T21:44:32.712049+00:00
Production-oriented open RTL,OpenTitan,https://github.com/lowRISC/opentitan,e3f3234aa3772760cdf40e79a8ae4471b6b02213,hw/ip/prim/rtl/prim_crc32.sv,3b5cda9e6b2622320f88cc2b84077e6d38e3cb5af44bc71c211a99273eb9fd9f,prim_crc32,298,4585,16,0,,1,1,1,clk_i,0,0,0,0,1,2026-08-25T21:44:32.712049+00:00
Production-oriented open RTL,OpenTitan,https://github.com/lowRISC/opentitan,e3f3234aa3772760cdf40e79a8ae4471b6b02213,hw/ip/prim/rtl/prim_diff_decode.sv,e3ed6f83329589eed061c893d8b9ad1e00e975e23e9347ed31f68b50f0822d6d,prim_diff_decode,259,3761,22,0,,1,1,1,clk_i,3,3,2,1,2,2026-08-25T21:44:32.712049+00:00
Production-oriented open RTL,OpenTitan,https://github.com/lowRISC/opentitan,e3f3234aa3772760cdf40e79a8ae4471b6b02213,hw/ip/prim/rtl/prim_diff_encode.sv,ad20569f853e3ed67df0cdc4f1f9ca843023586292d4ada17207d9f96bb649bb,prim_diff_encode,42,286,7,0,,1,0,0,,0,4,2,2,2,2026-08-25T21:44:32.712049+00:00
Production-oriented open RTL,OpenTitan,https://github.com/lowRISC/opentitan,e3f3234aa3772760cdf40e79a8ae4471b6b02213,hw/ip/prim/rtl/prim_diff_to_alert.sv,054f968e07473be95624c2478061463c1c1fe0dc77930d55787cdcf0f208b90f,prim_diff_to_alert,51,386,9,0,,1,0,0,,1,3,3,0,4,2026-08-25T21:44:32.712049+00:00
Production-oriented open RTL,OpenTitan,https://github.com/lowRISC/opentitan,e3f3234aa3772760cdf40e79a8ae4471b6b02213,hw/ip/prim/rtl/prim_dom_and_2share.sv,31d20ed656e7f79976cbd688d94123edd0c60dd816d98d979d027e981529323c,prim_dom_and_2share,83,1182,20,0,,1,1,1,clk_i,0,4,0,4,1,2026-08-25T21:44:32.712049+00:00
Production-oriented open RTL,OpenTitan,https://github.com/lowRISC/opentitan,e3f3234aa3772760cdf40e79a8ae4471b6b02213,hw/ip/prim/rtl/prim_double_lfsr.sv,437a24dacff2360c4392dd9d38650030b2122c35fbe207a4aba44b277a11fa97,prim_double_lfsr,68,800,11,0,,1,0,0,,0,3,1,2,2,2026-08-25T21:44:32.712049+00:00
Production-oriented open RTL,OpenTitan,https://github.com/lowRISC/opentitan,e3f3234aa3772760cdf40e79a8ae4471b6b02213,hw/ip/prim/rtl/prim_edge_detector.sv,a4df5485f3f07427990b672a3745a9d94581479371b98f60903bf9805907fb22,prim_edge_detector,35,362,10,0,,1,1,1,clk_i,2,1,1,0,2,2026-08-25T21:44:32.712049+00:00
Production-oriented open RTL,OpenTitan,https://github.com/lowRISC/opentitan,e3f3234aa3772760cdf40e79a8ae4471b6b02213,hw/ip/prim/rtl/prim_edn_req.sv,2ee245e6c5469224ad35a2a53cd3a83ca2a5268277e9df5d7b819b8bbaec7fd1,prim_edn_req,141,1559,14,0,,1,2,1,clk_i,1,2,2,0,4,2026-08-25T21:44:32.712049+00:00
Production-oriented open RTL,OpenTitan,https://github.com/lowRISC/opentitan,e3f3234aa3772760cdf40e79a8ae4471b6b02213,hw/ip/prim/rtl/prim_esc_receiver.sv,96ba9b0a2fd33c274e818ceb50a934dd8399a63a9d7a6222fa6f694368d9b418,prim_esc_receiver,223,2725,19,0,,1,1,1,clk_i,0,5,4,1,3,2026-08-25T21:44:32.712049+00:00
Production-oriented open RTL,OpenTitan,https://github.com/lowRISC/opentitan,e3f3234aa3772760cdf40e79a8ae4471b6b02213,hw/ip/prim/rtl/prim_esc_sender.sv,048948b089946822e8f2bc0b54ae81fb21a48e522b1c7bd97adb6894eeef8d01,prim_esc_sender,234,2982,16,0,,1,1,1,clk_i,0,3,3,0,3,2026-08-25T21:44:32.712049+00:00
Production-oriented open RTL,OpenTitan,https://github.com/lowRISC/opentitan,e3f3234aa3772760cdf40e79a8ae4471b6b02213,hw/ip/prim/rtl/prim_fifo_async.sv,0fde480a5f513a4273540e0d70c7502d0e179b759414e3020c8d4d3d349cf6c7,prim_fifo_async,207,3028,21,0,,1,2,2,clk_rd_i;clk_wr_i,2,2,2,0,2,2026-08-25T21:44:32.712049+00:00
Production-oriented open RTL,OpenTitan,https://github.com/lowRISC/opentitan,e3f3234aa3772760cdf40e79a8ae4471b6b02213,hw/ip/prim/rtl/prim_fifo_async_simple.sv,e7353e3478250d7e1371cce6e43f13cc606b8e843a068899564470ff13916052,prim_fifo_async_simple,86,753,10,0,,1,2,2,clk_rd_i;clk_wr_i,1,1,1,0,3,2026-08-25T21:44:32.712049+00:00
Production-oriented open RTL,OpenTitan,https://github.com/lowRISC/opentitan,e3f3234aa3772760cdf40e79a8ae4471b6b02213,hw/ip/prim/rtl/prim_fifo_async_sram_adapter.sv,1fb4405f2aa48894d9afe63775e14904bca8d4df8384f5f430757a8f5f290e0f,prim_fifo_async_sram_adapter,279,4155,20,0,,1,2,2,clk_rd_i;clk_wr_i,2,2,2,0,2,2026-08-25T21:44:32.712049+00:00
Production-oriented open RTL,OpenTitan,https://github.com/lowRISC/opentitan,e3f3234aa3772760cdf40e79a8ae4471b6b02213,hw/ip/prim/rtl/prim_fifo_sync.sv,2655befe56a70ee672c2f1259a82ef2beb2adf429ed0405bcf26bea7c4de3630,prim_fifo_sync,193,2384,17,0,,1,1,1,clk_i,0,2,1,1,3,2026-08-25T21:44:32.712049+00:00
Production-oriented open RTL,OpenTitan,https://github.com/lowRISC/opentitan,e3f3234aa3772760cdf40e79a8ae4471b6b02213,hw/ip/prim/rtl/prim_fifo_sync_cnt.sv,33b87939c31a6d71ccd2fe005e5a5dcaaeb343990f9425568cb8686def9f4fb7,prim_fifo_sync_cnt,110,1473,22,0,,1,1,1,clk_i,0,2,2,0,2,2026-08-25T21:44:32.712049+00:00
Production-oriented open RTL,OpenTitan,https://github.com/lowRISC/opentitan,e3f3234aa3772760cdf40e79a8ae4471b6b02213,hw/ip/prim/rtl/prim_filter.sv,a93454041ca882103395f8b1ce418591368de67b6e60edd395a8a158494c554a,prim_filter,47,425,10,0,,1,1,1,clk_i,4,1,1,0,2,2026-08-25T21:44:32.712049+00:00
Production-oriented open RTL,OpenTitan,https://github.com/lowRISC/opentitan,e3f3234aa3772760cdf40e79a8ae4471b6b02213,hw/ip/prim/rtl/prim_filter_ctr.sv,770a3ae13dc5fc389cb0ab513ab2becc9f1521ea83f55ce4eb517c77b1a7dfde,prim_filter_ctr,53,473,10,0,,1,1,1,clk_i,4,1,1,0,2,2026-08-25T21:44:32.712049+00:00
Production-oriented open RTL,OpenTitan,https://github.com/lowRISC/opentitan,e3f3234aa3772760cdf40e79a8ae4471b6b02213,hw/ip/prim/rtl/prim_flop_x.sv,516bc20fbf081d746f9f542a99c1a30ea059ac663637781750f77f0200846bcf,prim_flop_x,38,279,10,0,,1,0,0,,0,2,0,2,1,2026-08-25T21:44:32.712049+00:00
Production-oriented open RTL,OpenTitan,https://github.com/lowRISC/opentitan,e3f3234aa3772760cdf40e79a8ae4471b6b02213,hw/ip/prim/rtl/prim_gate_gen.sv,594a4771feae6fb32de390d94d523da90b3ac8ab0a9889216753365d3f3f4c9d,prim_gate_gen,58,869,17,0,,1,1,1,clk_i,0,0,0,0,1,2026-08-25T21:44:32.712049+00:00
Production-oriented open RTL,OpenTitan,https://github.com/lowRISC/opentitan,e3f3234aa3772760cdf40e79a8ae4471b6b02213,hw/ip/prim/rtl/prim_gf_mult.sv,5988b51f9bfe44a51cb70be299655d019183c83c48e507643bf3fe23b05b5bb4,prim_gf_mult,118,1701,19,0,,1,1,1,clk_i,0,0,0,0,1,2026-08-25T21:44:32.712049+00:00
Production-oriented open RTL,OpenTitan,https://github.com/lowRISC/opentitan,e3f3234aa3772760cdf40e79a8ae4471b6b02213,hw/ip/prim/rtl/prim_hpc2.sv,fdd61bd679024dd4e6804d42ffb2e35e4b20e29b47318708cbde9f3b3ab86788,prim_hpc2,170,1857,13,0,,1,1,1,clk_i,0,14,6,8,2,2026-08-25T21:44:32.712049+00:00
Production-oriented open RTL,OpenTitan,https://github.com/lowRISC/opentitan,e3f3234aa3772760cdf40e79a8ae4471b6b02213,hw/ip/prim/rtl/prim_hpc3.sv,b368fc76e7479a622ff1701d601a040c95bc8cf550a1694827371ab2ae1c9ff9,prim_hpc3,110,1186,14,0,,1,0,0,,0,10,3,7,2,2026-08-25T21:44:32.712049+00:00
Production-oriented open RTL,OpenTitan,https://github.com/lowRISC/opentitan,e3f3234aa3772760cdf40e79a8ae4471b6b02213,hw/ip/prim/rtl/prim_intr_hw.sv,2fb312f9db786982dd4c2bb656f9ba7862637b045dd704ea128a4ce6a4a1f8bc,prim_intr_hw,60,678,13,0,,1,1,1,clk_i,0,0,0,0,1,2026-08-25T21:44:32.712049+00:00
Production-oriented open RTL,OpenTitan,https://github.com/lowRISC/opentitan,e3f3234aa3772760cdf40e79a8ae4471b6b02213,hw/ip/prim/rtl/prim_keccak.sv,2aa7dd8714b01f0c0783c7b87a729517e4f6c94c8c0ac82143fc0fccd817cbfe,prim_keccak,191,3022,18,0,,1,0,0,,0,0,0,0,1,2026-08-25T21:44:32.712049+00:00
Production-oriented open RTL,OpenTitan,https://github.com/lowRISC/opentitan,e3f3234aa3772760cdf40e79a8ae4471b6b02213,hw/ip/prim/rtl/prim_lc_and_hardened.sv,dfbc4283e2e2b75da76f3ff28638d4201c050705edf1dfaf11da053e6b8bf29b,prim_lc_and_hardened,47,557,13,0,,1,1,1,clk_i,0,2,2,0,3,2026-08-25T21:44:32.712049+00:00
Production-oriented open RTL,OpenTitan,https://github.com/lowRISC/opentitan,e3f3234aa3772760cdf40e79a8ae4471b6b02213,hw/ip/prim/rtl/prim_lc_combine.sv,ade8d17d3545d85e33dde1e242901b9e9097b11685ab2e0092d71e67a4d91494,prim_lc_combine,18,261,12,0,,1,0,0,,0,0,0,0,1,2026-08-25T21:44:32.712049+00:00
Production-oriented open RTL,OpenTitan,https://github.com/lowRISC/opentitan,e3f3234aa3772760cdf40e79a8ae4471b6b02213,hw/ip/prim/rtl/prim_lc_dec.sv,1990feea62731786986fae7e8397da7d420eb7ebd4dd79c5aea64c18a8204970,prim_lc_dec,17,183,11,0,,1,0,0,,0,1,0,1,1,2026-08-25T21:44:32.712049+00:00
Production-oriented open RTL,OpenTitan,https://github.com/lowRISC/opentitan,e3f3234aa3772760cdf40e79a8ae4471b6b02213,hw/ip/prim/rtl/prim_lc_or_hardened.sv,a132bfaf28c7bf8398bebc84628665a69f0eac6e981f9df82cc95f7e84332d9f,prim_lc_or_hardened,47,557,13,0,,1,1,1,clk_i,0,2,2,0,3,2026-08-25T21:44:32.712049+00:00
Production-oriented open RTL,OpenTitan,https://github.com/lowRISC/opentitan,e3f3234aa3772760cdf40e79a8ae4471b6b02213,hw/ip/prim/rtl/prim_lc_sender.sv,7e3b1c3e02ea343bffbc6e2fca1b9f15d6834e885173a199cefc333f5449966f,prim_lc_sender,41,411,14,0,,1,1,1,clk_i,0,2,2,0,2,2026-08-25T21:44:32.712049+00:00
Production-oriented open RTL,OpenTitan,https://github.com/lowRISC/opentitan,e3f3234aa3772760cdf40e79a8ae4471b6b02213,hw/ip/prim/rtl/prim_lc_sync.sv,d6b6e2235983c86ac3e2c07528640e4940ead70c9b3ac5a08a484b5b8cf07d2c,prim_lc_sync,72,931,21,0,,1,1,1,clk_i,3,2,2,0,2,2026-08-25T21:44:32.712049+00:00
Production-oriented open RTL,OpenTitan,https://github.com/lowRISC/opentitan,e3f3234aa3772760cdf40e79a8ae4471b6b02213,hw/ip/prim/rtl/prim_leading_one_ppc.sv,5fd9c8bc227da9d599e6f7cdf7acf75214c7e0e776e0e30892be6fc9d71106c9,prim_leading_one_ppc,27,365,13,0,,1,0,0,,0,0,0,0,1,2026-08-25T21:44:32.712049+00:00
Production-oriented open RTL,OpenTitan,https://github.com/lowRISC/opentitan,e3f3234aa3772760cdf40e79a8ae4471b6b02213,hw/ip/prim/rtl/prim_lfsr.sv,c61632878728613ba0403f2d068c03a5103165663b58d8dd50892ef032dec916,prim_lfsr,482,5443,20,0,,1,1,1,clk_i,0,0,0,0,1,2026-08-25T21:44:32.712049+00:00
Production-oriented open RTL,OpenTitan,https://github.com/lowRISC/opentitan,e3f3234aa3772760cdf40e79a8ae4471b6b02213,hw/ip/prim/rtl/prim_max_tree.sv,4a53784c66d03b8ab9f9fba5c36a11391783e1809002bca8be323617e4064562,prim_max_tree,106,1944,19,0,,1,1,1,clk_i,0,0,0,0,1,2026-08-25T21:44:32.712049+00:00
Production-oriented open RTL,OpenTitan,https://github.com/lowRISC/opentitan,e3f3234aa3772760cdf40e79a8ae4471b6b02213,hw/ip/prim/rtl/prim_msb_extend.sv,64bdd05aabd4d7fa5cb2f2fb2d59f66b74455e93f37c956f00fc65fc20713df9,prim_msb_extend,21,221,13,0,,1,0,0,,0,0,0,0,1,2026-08-25T21:44:32.712049+00:00
Production-oriented open RTL,OpenTitan,https://github.com/lowRISC/opentitan,e3f3234aa3772760cdf40e79a8ae4471b6b02213,hw/ip/prim/rtl/prim_mubi12_dec.sv,7e30e02744c255717d0094fd0b3cb5d77caf4626c5704dce37ac5c86c59d5d50,prim_mubi12_dec,35,409,22,0,,1,0,0,,0,1,0,1,1,2026-08-25T21:44:32.712049+00:00
Production-oriented open RTL,OpenTitan,https://github.com/lowRISC/opentitan,e3f3234aa3772760cdf40e79a8ae4471b6b02213,hw/ip/prim/rtl/prim_mubi12_sender.sv,d57946855f6d5674f557b84976189449117f4f17014a7eca0fa716f8e990d012,prim_mubi12_sender,59,516,13,0,,1,1,1,clk_i,0,3,1,2,2,2026-08-25T21:44:32.712049+00:00
Production-oriented open RTL,OpenTitan,https://github.com/lowRISC/opentitan,e3f3234aa3772760cdf40e79a8ae4471b6b02213,hw/ip/prim/rtl/prim_mubi12_sync.sv,44a06e1eb454387e104c51621dd99e5840d4b187ea7fda74bd8b5e0a824206e1,prim_mubi12_sync,122,1502,25,0,,1,1,1,clk_i,4,5,2,3,2,2026-08-25T21:44:32.712049+00:00
Production-oriented open RTL,OpenTitan,https://github.com/lowRISC/opentitan,e3f3234aa3772760cdf40e79a8ae4471b6b02213,hw/ip/prim/rtl/prim_mubi16_dec.sv,34ae5437446015f276f09e30c515a5538af44fbe5617f73f61b464c613dccc20,prim_mubi16_dec,35,409,22,0,,1,0,0,,0,1,0,1,1,2026-08-25T21:44:32.712049+00:00
Production-oriented open RTL,OpenTitan,https://github.com/lowRISC/opentitan,e3f3234aa3772760cdf40e79a8ae4471b6b02213,hw/ip/prim/rtl/prim_mubi16_sender.sv,cafef386918aee0fcccbaa1a36bf4c11b15a0051c8f94742d926a09c834590a4,prim_mubi16_sender,59,516,13,0,,1,1,1,clk_i,0,3,1,2,2,2026-08-25T21:44:32.712049+00:00
Production-oriented open RTL,OpenTitan,https://github.com/lowRISC/opentitan,e3f3234aa3772760cdf40e79a8ae4471b6b02213,hw/ip/prim/rtl/prim_mubi16_sync.sv,27d63c260b986b0db77b90a4f26d0c165f7451f01b60bbf48f3b7601059bb913,prim_mubi16_sync,122,1502,25,0,,1,1,1,clk_i,4,5,2,3,2,2026-08-25T21:44:32.712049+00:00
Production-oriented open RTL,OpenTitan,https://github.com/lowRISC/opentitan,e3f3234aa3772760cdf40e79a8ae4471b6b02213,hw/ip/prim/rtl/prim_mubi20_dec.sv,99a296946f4547c4907840db35dc8d65e7d61d20cbd8120e6f8e3bc3abd49bd6,prim_mubi20_dec,35,409,22,0,,1,0,0,,0,1,0,1,1,2026-08-25T21:44:32.712049+00:00
Production-oriented open RTL,OpenTitan,https://github.com/lowRISC/opentitan,e3f3234aa3772760cdf40e79a8ae4471b6b02213,hw/ip/prim/rtl/prim_mubi20_sender.sv,cda878555930047822ac382e1a19e2db5a31bb2dddb8f920165bc8d515e0b7d5,prim_mubi20_sender,59,516,13,0,,1,1,1,clk_i,0,3,1,2,2,2026-08-25T21:44:32.712049+00:00
Production-oriented open RTL,OpenTitan,https://github.com/lowRISC/opentitan,e3f3234aa3772760cdf40e79a8ae4471b6b02213,hw/ip/prim/rtl/prim_mubi20_sync.sv,5c582e50e12a201d5060a85fa33e1de2298804ed3d273334b66c58240f2dd190,prim_mubi20_sync,122,1502,25,0,,1,1,1,clk_i,4,5,2,3,2,2026-08-25T21:44:32.712049+00:00
Production-oriented open RTL,OpenTitan,https://github.com/lowRISC/opentitan,e3f3234aa3772760cdf40e79a8ae4471b6b02213,hw/ip/prim/rtl/prim_mubi24_dec.sv,677c30909b141e0f9adaf579ad4681ece28892b8911a1c85d7c11ca866bb7d8d,prim_mubi24_dec,35,409,22,0,,1,0,0,,0,1,0,1,1,2026-08-25T21:44:32.712049+00:00
Production-oriented open RTL,OpenTitan,https://github.com/lowRISC/opentitan,e3f3234aa3772760cdf40e79a8ae4471b6b02213,hw/ip/prim/rtl/prim_mubi24_sender.sv,9748a85ac3dd716d09be4047718dac6e78f7a1e23a03082fb95158abcf3367de,prim_mubi24_sender,59,516,13,0,,1,1,1,clk_i,0,3,1,2,2,2026-08-25T21:44:32.712049+00:00
Production-oriented open RTL,OpenTitan,https://github.com/lowRISC/opentitan,e3f3234aa3772760cdf40e79a8ae4471b6b02213,hw/ip/prim/rtl/prim_mubi24_sync.sv,5072f6c7b6ad93ca1362fc84e986e994ca9d7e80c621fd6b14308d71ad675c19,prim_mubi24_sync,122,1502,25,0,,1,1,1,clk_i,4,5,2,3,2,2026-08-25T21:44:32.712049+00:00
Production-oriented open RTL,OpenTitan,https://github.com/lowRISC/opentitan,e3f3234aa3772760cdf40e79a8ae4471b6b02213,hw/ip/prim/rtl/prim_mubi28_dec.sv,64ae1fc075458e4cab87f8d7a665f548f78e1cbffb05b43041e48d7b941010b0,prim_mubi28_dec,35,409,22,0,,1,0,0,,0,1,0,1,1,2026-08-25T21:44:32.712049+00:00
Production-oriented open RTL,OpenTitan,https://github.com/lowRISC/opentitan,e3f3234aa3772760cdf40e79a8ae4471b6b02213,hw/ip/prim/rtl/prim_mubi28_sender.sv,0d036039d7d48b9fa614b93803167b0f1bc2dae5eb7aec2b3a6f33f39084c6ac,prim_mubi28_sender,59,516,13,0,,1,1,1,clk_i,0,3,1,2,2,2026-08-25T21:44:32.712049+00:00
Production-oriented open RTL,OpenTitan,https://github.com/lowRISC/opentitan,e3f3234aa3772760cdf40e79a8ae4471b6b02213,hw/ip/prim/rtl/prim_mubi28_sync.sv,d55a1857dda0a0de5a1fbfc0af3860e1731df8cdb030c9da0efe6e654dd7d70f,prim_mubi28_sync,122,1502,25,0,,1,1,1,clk_i,4,5,2,3,2,2026-08-25T21:44:32.712049+00:00
Production-oriented open RTL,OpenTitan,https://github.com/lowRISC/opentitan,e3f3234aa3772760cdf40e79a8ae4471b6b02213,hw/ip/prim/rtl/prim_mubi32_dec.sv,75dbc715d66adb61c72ecfa4747192317b0a036be240a9bfeedd52bde30a6932,prim_mubi32_dec,35,409,22,0,,1,0,0,,0,1,0,1,1,2026-08-25T21:44:32.712049+00:00
Production-oriented open RTL,OpenTitan,https://github.com/lowRISC/opentitan,e3f3234aa3772760cdf40e79a8ae4471b6b02213,hw/ip/prim/rtl/prim_mubi32_sender.sv,b4dae09251ff294afea4532ed5e7205dbf52d4265aa75dc90d1b003e22f7fdd6,prim_mubi32_sender,59,516,13,0,,1,1,1,clk_i,0,3,1,2,2,2026-08-25T21:44:32.712049+00:00
Production-oriented open RTL,OpenTitan,https://github.com/lowRISC/opentitan,e3f3234aa3772760cdf40e79a8ae4471b6b02213,hw/ip/prim/rtl/prim_mubi32_sync.sv,66269bfff124800e2073a423bce9922ebd0f865d39608d40803b23397e3eee5b,prim_mubi32_sync,122,1502,25,0,,1,1,1,clk_i,4,5,2,3,2,2026-08-25T21:44:32.712049+00:00
Production-oriented open RTL,OpenTitan,https://github.com/lowRISC/opentitan,e3f3234aa3772760cdf40e79a8ae4471b6b02213,hw/ip/prim/rtl/prim_mubi4_dec.sv,b33530adf41b05849d06424a40db5536dfb5ffd441752bf49af03ad3d7b5f48e,prim_mubi4_dec,35,409,22,0,,1,0,0,,0,1,0,1,1,2026-08-25T21:44:32.712049+00:00
Production-oriented open RTL,OpenTitan,https://github.com/lowRISC/opentitan,e3f3234aa3772760cdf40e79a8ae4471b6b02213,hw/ip/prim/rtl/prim_mubi4_sender.sv,2bd763ba3f489b406de68e6759650fe2ed7fd875298ac0adff71e70234993b39,prim_mubi4_sender,59,516,13,0,,1,1,1,clk_i,0,3,1,2,2,2026-08-25T21:44:32.712049+00:00
Production-oriented open RTL,OpenTitan,https://github.com/lowRISC/opentitan,e3f3234aa3772760cdf40e79a8ae4471b6b02213,hw/ip/prim/rtl/prim_mubi4_sync.sv,8d6461687bb7f022f326875e401a271f1bf6df3a7a87bf625508b334530c20df,prim_mubi4_sync,122,1502,25,0,,1,1,1,clk_i,4,5,2,3,2,2026-08-25T21:44:32.712049+00:00
Production-oriented open RTL,OpenTitan,https://github.com/lowRISC/opentitan,e3f3234aa3772760cdf40e79a8ae4471b6b02213,hw/ip/prim/rtl/prim_mubi8_dec.sv,e34268f75dd36cc0bf6cce710e1ebbd900cb253fd977a394a84eaf2f19f52956,prim_mubi8_dec,35,409,22,0,,1,0,0,,0,1,0,1,1,2026-08-25T21:44:32.712049+00:00
Production-oriented open RTL,OpenTitan,https://github.com/lowRISC/opentitan,e3f3234aa3772760cdf40e79a8ae4471b6b02213,hw/ip/prim/rtl/prim_mubi8_sender.sv,cfd926dd909081b590aade41fac9a91cb72c2493defb870cbaec45153f3aa951,prim_mubi8_sender,59,516,13,0,,1,1,1,clk_i,0,3,1,2,2,2026-08-25T21:44:32.712049+00:00
Production-oriented open RTL,OpenTitan,https://github.com/lowRISC/opentitan,e3f3234aa3772760cdf40e79a8ae4471b6b02213,hw/ip/prim/rtl/prim_mubi8_sync.sv,2f0b9d5f5c95e0338cda232d61c390136cb0e17696c4edfd842007a6a9fbcaa7,prim_mubi8_sync,122,1502,25,0,,1,1,1,clk_i,4,5,2,3,2,2026-08-25T21:44:32.712049+00:00
Production-oriented open RTL,OpenTitan,https://github.com/lowRISC/opentitan,e3f3234aa3772760cdf40e79a8ae4471b6b02213,hw/ip/prim/rtl/prim_multibit_sync.sv,d5f66230a58865d4e5610365a13aea1d52f75eac0772f13075ceb41daf2a7f64,prim_multibit_sync,58,812,19,0,,1,1,1,clk_i,4,1,1,0,2,2026-08-25T21:44:32.712049+00:00
Production-oriented open RTL,OpenTitan,https://github.com/lowRISC/opentitan,e3f3234aa3772760cdf40e79a8ae4471b6b02213,hw/ip/prim/rtl/prim_onehot_check.sv,97aefa2e7ebd26e12ea9fc691908a62315e2135bdbb127f3c3d640eeb15096ca,prim_onehot_check,122,1725,19,0,,1,1,1,clk_i,0,0,0,0,1,2026-08-25T21:44:32.712049+00:00
Production-oriented open RTL,OpenTitan,https://github.com/lowRISC/opentitan,e3f3234aa3772760cdf40e79a8ae4471b6b02213,hw/ip/prim/rtl/prim_onehot_enc.sv,e9a65c74e4478063ea00fc3d80eaff214fdbacfe07e91f13f28ceb725e5ad362,prim_onehot_enc,12,149,11,0,,1,0,0,,0,0,0,0,1,2026-08-25T21:44:32.712049+00:00
Production-oriented open RTL,OpenTitan,https://github.com/lowRISC/opentitan,e3f3234aa3772760cdf40e79a8ae4471b6b02213,hw/ip/prim/rtl/prim_onehot_mux.sv,adf35f6708fd04cf2a01138033de3f5b23674685c213bcfc39fc3819d04cfa7c,prim_onehot_mux,33,451,12,0,,1,1,1,clk_i,0,1,0,1,1,2026-08-25T21:44:32.712049+00:00
Production-oriented open RTL,OpenTitan,https://github.com/lowRISC/opentitan,e3f3234aa3772760cdf40e79a8ae4471b6b02213,hw/ip/prim/rtl/prim_packer.sv,fa4558a5e753152bdc4232b6bf83691b9ebfe134c1f5814fea46dcc9bd21941c,prim_packer,293,4107,23,0,,1,1,1,clk_i,0,1,1,0,2,2026-08-25T21:44:32.712049+00:00
Production-oriented open RTL,OpenTitan,https://github.com/lowRISC/opentitan,e3f3234aa3772760cdf40e79a8ae4471b6b02213,hw/ip/prim/rtl/prim_packer_fifo.sv,99aeb7564474111dc6662488c9f4ca6b788723e449b128d08ac54f8fc2da5cd2,prim_packer_fifo,106,1507,18,0,,1,1,1,clk_i,0,0,0,0,1,2026-08-25T21:44:32.712049+00:00
Production-oriented open RTL,OpenTitan,https://github.com/lowRISC/opentitan,e3f3234aa3772760cdf40e79a8ae4471b6b02213,hw/ip/prim/rtl/prim_present.sv,7a6ae0e88160d93b5f70460e41806ef2b7b5b5726e2aa8038cf7cfab281d890c,prim_present,105,1674,21,0,,1,0,0,,0,0,0,0,1,2026-08-25T21:44:32.712049+00:00
Production-oriented open RTL,OpenTitan,https://github.com/lowRISC/opentitan,e3f3234aa3772760cdf40e79a8ae4471b6b02213,hw/ip/prim/rtl/prim_prince.sv,e3fa14d45eebe18e6404370540648d1037887877dbde4b22fddd83c2b43d1e0d,prim_prince,179,2230,19,0,,1,1,1,clk_i,0,0,0,0,1,2026-08-25T21:44:32.712049+00:00
Production-oriented open RTL,OpenTitan,https://github.com/lowRISC/opentitan,e3f3234aa3772760cdf40e79a8ae4471b6b02213,hw/ip/prim/rtl/prim_pulse_sync.sv,1be70031ecf75195f5c4036727626d564e06584da5b510c95e3f295307e2cd6d,prim_pulse_sync,54,545,12,0,,1,2,2,clk_dst_i;clk_src_i,7,1,1,0,2,2026-08-25T21:44:32.712049+00:00
Production-oriented open RTL,OpenTitan,https://github.com/lowRISC/opentitan,e3f3234aa3772760cdf40e79a8ae4471b6b02213,hw/ip/prim/rtl/prim_racl_error_arb.sv,937d7416b3b5035466ac6e3c513823498f7f0d073811d23d553deefe6c13e9e6,prim_racl_error_arb,44,524,12,0,,1,0,0,,0,1,1,0,2,2026-08-25T21:44:32.712049+00:00
Production-oriented open RTL,OpenTitan,https://github.com/lowRISC/opentitan,e3f3234aa3772760cdf40e79a8ae4471b6b02213,hw/ip/prim/rtl/prim_ram_1p_adv.sv,061419332366621648121206740d274f1239b59c12a3fa4b9c78f5d233d1f379,prim_ram_1p_adv,341,3799,25,0,,1,1,1,clk_i,0,14,8,6,2,2026-08-25T21:44:32.712049+00:00
Production-oriented open RTL,OpenTitan,https://github.com/lowRISC/opentitan,e3f3234aa3772760cdf40e79a8ae4471b6b02213,hw/ip/prim/rtl/prim_ram_1p_scr.sv,910a41fc9f98ca205f72e70680a7c04fdb2569caeb8bafa3de7bf2561bd88fb4,prim_ram_1p_scr,379,4514,19,0,,1,1,1,clk_i,0,13,5,8,3,2026-08-25T21:44:32.712049+00:00
Production-oriented open RTL,OpenTitan,https://github.com/lowRISC/opentitan,e3f3234aa3772760cdf40e79a8ae4471b6b02213,hw/ip/prim/rtl/prim_ram_1r1w_adv.sv,fb9235297a9467f31ffc7d5111769d8f1cb277ac6bd628fc05d8835520c44a65,prim_ram_1r1w_adv,54,496,11,0,,1,0,0,,0,1,1,0,3,2026-08-25T21:44:32.712049+00:00
Production-oriented open RTL,OpenTitan,https://github.com/lowRISC/opentitan,e3f3234aa3772760cdf40e79a8ae4471b6b02213,hw/ip/prim/rtl/prim_ram_1r1w_async_adv.sv,773579fcbd9a435fe56e3220cce33ccdb3e801a4e53953df5bdc90b7c48537d9,prim_ram_1r1w_async_adv,212,2345,20,0,,1,2,2,clk_a_i;clk_b_i,0,5,4,1,2,2026-08-25T21:44:32.712049+00:00
Production-oriented open RTL,OpenTitan,https://github.com/lowRISC/opentitan,e3f3234aa3772760cdf40e79a8ae4471b6b02213,hw/ip/prim/rtl/prim_ram_2p_adv.sv,ed1477024e43be755ba7283cc35c7b61896b71bf7f94a66814f13feda06fb1e3,prim_ram_2p_adv,68,632,11,0,,1,0,0,,0,1,1,0,3,2026-08-25T21:44:32.712049+00:00
Production-oriented open RTL,OpenTitan,https://github.com/lowRISC/opentitan,e3f3234aa3772760cdf40e79a8ae4471b6b02213,hw/ip/prim/rtl/prim_ram_2p_async_adv.sv,a7715c25807655308e23d0b617e272d2b9f7538e501592c40977bdb0e0bb6991,prim_ram_2p_async_adv,307,3550,20,0,,1,2,2,clk_a_i;clk_b_i,0,9,8,1,2,2026-08-25T21:44:32.712049+00:00
Production-oriented open RTL,OpenTitan,https://github.com/lowRISC/opentitan,e3f3234aa3772760cdf40e79a8ae4471b6b02213,hw/ip/prim/rtl/prim_reg_cdc.sv,be295cb29ace82478f344b8d0fa8fd1f94fe58ebfec1826d44dd450e06027ea9,prim_reg_cdc,119,1330,13,0,,1,2,2,clk_dst_i;clk_src_i,9,2,2,0,4,2026-08-25T21:44:32.712049+00:00
Production-oriented open RTL,OpenTitan,https://github.com/lowRISC/opentitan,e3f3234aa3772760cdf40e79a8ae4471b6b02213,hw/ip/prim/rtl/prim_reg_cdc_arb.sv,a09a6f543ec1f1b8052bf953c51664912079c5a08fd7a2dc38568798d56f31ea,prim_reg_cdc_arb,148,1609,18,0,,1,1,1,clk_dst_i,4,2,2,0,3,2026-08-25T21:44:32.712049+00:00
Production-oriented open RTL,OpenTitan,https://github.com/lowRISC/opentitan,e3f3234aa3772760cdf40e79a8ae4471b6b02213,hw/ip/prim/rtl/prim_reg_we_check.sv,0f38519d831f24bb9a1afc1041f6840eb42187a958788a5256aa0c698819af4a,prim_reg_we_check,31,237,10,0,,1,0,0,,0,2,1,1,2,2026-08-25T21:44:32.712049+00:00
Production-oriented open RTL,OpenTitan,https://github.com/lowRISC/opentitan,e3f3234aa3772760cdf40e79a8ae4471b6b02213,hw/ip/prim/rtl/prim_rom_adv.sv,1a3f353b60e879c7b5de2416780358f9f35cad7c157aedc6eb36301f3d004dab,prim_rom_adv,35,328,13,0,,1,1,1,clk_i,0,1,0,1,1,2026-08-25T21:44:32.712049+00:00
Production-oriented open RTL,OpenTitan,https://github.com/lowRISC/opentitan,e3f3234aa3772760cdf40e79a8ae4471b6b02213,hw/ip/prim/rtl/prim_sdc_example.sv,0da8ccd997cc6ca77cac35e9c115e11ca72a1d3ec30f9e40f0de0ca17201ac36,prim_sdc_example,518,5878,14,0,,1,0,0,,0,55,22,33,3,2026-08-25T21:44:32.712049+00:00
Production-oriented open RTL,OpenTitan,https://github.com/lowRISC/opentitan,e3f3234aa3772760cdf40e79a8ae4471b6b02213,hw/ip/prim/rtl/prim_sec_anchor_buf.sv,073be7f3daa8a738add627e1055704cc94d82cfb8ff11f6952c644abde20c702,prim_sec_anchor_buf,13,92,10,0,,1,0,0,,0,1,0,1,1,2026-08-25T21:44:32.712049+00:00
Production-oriented open RTL,OpenTitan,https://github.com/lowRISC/opentitan,e3f3234aa3772760cdf40e79a8ae4471b6b02213,hw/ip/prim/rtl/prim_sec_anchor_const.sv,d9946bafa888e01030be1352779f2d9816c0f11c190d273801f4e524ac9c8048,prim_sec_anchor_const,13,99,10,0,,1,0,0,,0,1,0,1,1,2026-08-25T21:44:32.712049+00:00
Production-oriented open RTL,OpenTitan,https://github.com/lowRISC/opentitan,e3f3234aa3772760cdf40e79a8ae4471b6b02213,hw/ip/prim/rtl/prim_sec_anchor_flop.sv,7bb3cb240164715f3956831e35e95f1a3e7e901deae02cc1297669318986d7bf,prim_sec_anchor_flop,19,149,10,0,,1,0,0,,0,1,0,1,1,2026-08-25T21:44:32.712049+00:00
Production-oriented open RTL,OpenTitan,https://github.com/lowRISC/opentitan,e3f3234aa3772760cdf40e79a8ae4471b6b02213,hw/ip/prim/rtl/prim_secded_22_16_dec.sv,1db557bc993dab53bcdeeb31a3051b4468f61a489c88387d0e9072c7cacd860b,prim_secded_22_16_dec,33,816,10,0,,1,0,0,,0,0,0,0,1,2026-08-25T21:44:32.712049+00:00
Production-oriented open RTL,OpenTitan,https://github.com/lowRISC/opentitan,e3f3234aa3772760cdf40e79a8ae4471b6b02213,hw/ip/prim/rtl/prim_secded_22_16_enc.sv,dc9be87f59567a2a6828de6e38de9f283ac7f48c088c852665e2767cea61fd35,prim_secded_22_16_enc,14,220,9,0,,1,0,0,,0,0,0,0,1,2026-08-25T21:44:32.712049+00:00
Production-oriented open RTL,OpenTitan,https://github.com/lowRISC/opentitan,e3f3234aa3772760cdf40e79a8ae4471b6b02213,hw/ip/prim/rtl/prim_secded_28_22_dec.sv,bc719bdaaae7a7566528b346b2771b4dd907496a4f5a9b6105c0b12edd090598,prim_secded_28_22_dec,39,1014,10,0,,1,0,0,,0,0,0,0,1,2026-08-25T21:44:32.712049+00:00
Production-oriented open RTL,OpenTitan,https://github.com/lowRISC/opentitan,e3f3234aa3772760cdf40e79a8ae4471b6b02213,hw/ip/prim/rtl/prim_secded_28_22_enc.sv,7759abde1e32bd8c568831de1a139698897b873592714fd6a3926a35123fadb0,prim_secded_28_22_enc,14,220,9,0,,1,0,0,,0,0,0,0,1,2026-08-25T21:44:32.712049+00:00
Production-oriented open RTL,OpenTitan,https://github.com/lowRISC/opentitan,e3f3234aa3772760cdf40e79a8ae4471b6b02213,hw/ip/prim/rtl/prim_secded_39_32_dec.sv,13cbe5fdac6efeba3e92cbddc5c77efa68477996c616984d87f7abe438c2c61e,prim_secded_39_32_dec,50,1369,10,0,,1,0,0,,0,0,0,0,1,2026-08-25T21:44:32.712049+00:00
Production-oriented open RTL,OpenTitan,https://github.com/lowRISC/opentitan,e3f3234aa3772760cdf40e79a8ae4471b6b02213,hw/ip/prim/rtl/prim_secded_39_32_enc.sv,31b80e9aefe5cc6df99fe7134a39c417809536b29de6892e6382a9ec3374b4c7,prim_secded_39_32_enc,15,245,9,0,,1,0,0,,0,0,0,0,1,2026-08-25T21:44:32.712049+00:00
Production-oriented open RTL,OpenTitan,https://github.com/lowRISC/opentitan,e3f3234aa3772760cdf40e79a8ae4471b6b02213,hw/ip/prim/rtl/prim_secded_64_57_dec.sv,473c72849e087ef8ff113034bc0bfd5557cb058a615da6c50dc26721adc1c63a,prim_secded_64_57_dec,75,2194,10,0,,1,0,0,,0,0,0,0,1,2026-08-25T21:44:32.712049+00:00
Production-oriented open RTL,OpenTitan,https://github.com/lowRISC/opentitan,e3f3234aa3772760cdf40e79a8ae4471b6b02213,hw/ip/prim/rtl/prim_secded_64_57_enc.sv,c955ae516645355d3d095441f2025826a542360c391335e2acb500dbf5f23c31,prim_secded_64_57_enc,15,245,9,0,,1,0,0,,0,0,0,0,1,2026-08-25T21:44:32.712049+00:00
Production-oriented open RTL,OpenTitan,https://github.com/lowRISC/opentitan,e3f3234aa3772760cdf40e79a8ae4471b6b02213,hw/ip/prim/rtl/prim_secded_72_64_dec.sv,b706646195e58396cff43b5256f25a474a180ea18eb483499cb85c649f5ee532,prim_secded_72_64_dec,83,2450,10,0,,1,0,0,,0,0,0,0,1,2026-08-25T21:44:32.712049+00:00
Production-oriented open RTL,OpenTitan,https://github.com/lowRISC/opentitan,e3f3234aa3772760cdf40e79a8ae4471b6b02213,hw/ip/prim/rtl/prim_secded_72_64_enc.sv,71c2c5924cf277fd978ab40ccc5eec939f609894ddf8adb3f81144baaa774755,prim_secded_72_64_enc,16,270,9,0,,1,0,0,,0,0,0,0,1,2026-08-25T21:44:32.712049+00:00
Production-oriented open RTL,OpenTitan,https://github.com/lowRISC/opentitan,e3f3234aa3772760cdf40e79a8ae4471b6b02213,hw/ip/prim/rtl/prim_secded_hamming_22_16_dec.sv,ed611f2143cf73b7ff540807e41ba45cdc03c4c9b94c005c930ed08a4466a3b0,prim_secded_hamming_22_16_dec,33,826,10,0,,1,0,0,,0,0,0,0,1,2026-08-25T21:44:32.712049+00:00
Production-oriented open RTL,OpenTitan,https://github.com/lowRISC/opentitan,e3f3234aa3772760cdf40e79a8ae4471b6b02213,hw/ip/prim/rtl/prim_secded_hamming_22_16_enc.sv,4a6a3bdd2d466a3fbf9b2d389f0203972291f2b6b9eac089f73b0302bd7fd1a9,prim_secded_hamming_22_16_enc,14,220,9,0,,1,0,0,,0,0,0,0,1,2026-08-25T21:44:32.712049+00:00
Production-oriented open RTL,OpenTitan,https://github.com/lowRISC/opentitan,e3f3234aa3772760cdf40e79a8ae4471b6b02213,hw/ip/prim/rtl/prim_secded_hamming_39_32_dec.sv,1d01e347a42ae0e9de40c8dda1fb557f951c8db7c990ae2ba7c67e14073646af,prim_secded_hamming_39_32_dec,50,1379,10,0,,1,0,0,,0,0,0,0,1,2026-08-25T21:44:32.712049+00:00
Production-oriented open RTL,OpenTitan,https://github.com/lowRISC/opentitan,e3f3234aa3772760cdf40e79a8ae4471b6b02213,hw/ip/prim/rtl/prim_secded_hamming_39_32_enc.sv,d510dc23a3150a5f7b086cb465cfe679279489fc54678567d7889972efb76629,prim_secded_hamming_39_32_enc,15,245,9,0,,1,0,0,,0,0,0,0,1,2026-08-25T21:44:32.712049+00:00
Production-oriented open RTL,OpenTitan,https://github.com/lowRISC/opentitan,e3f3234aa3772760cdf40e79a8ae4471b6b02213,hw/ip/prim/rtl/prim_secded_hamming_72_64_dec.sv,b6af19127ac10720d328f56f790fff4eee79481321374d3b52d3b432c7fe1bb2,prim_secded_hamming_72_64_dec,83,2460,10,0,,1,0,0,,0,0,0,0,1,2026-08-25T21:44:32.712049+00:00
Production-oriented open RTL,OpenTitan,https://github.com/lowRISC/opentitan,e3f3234aa3772760cdf40e79a8ae4471b6b02213,hw/ip/prim/rtl/prim_secded_hamming_72_64_enc.sv,2f8732b489b9c00993a189348c25766c519269b7bc58a56e4b800a93b8771f02,prim_secded_hamming_72_64_enc,16,270,9,0,,1,0,0,,0,0,0,0,1,2026-08-25T21:44:32.712049+00:00
Production-oriented open RTL,OpenTitan,https://github.com/lowRISC/opentitan,e3f3234aa3772760cdf40e79a8ae4471b6b02213,hw/ip/prim/rtl/prim_secded_hamming_76_68_dec.sv,98b4a274d14b0f1877308f7fc62f0191ec48350a9376c77622ff12ce2c3f4c63,prim_secded_hamming_76_68_dec,87,2592,10,0,,1,0,0,,0,0,0,0,1,2026-08-25T21:44:32.712049+00:00
Production-oriented open RTL,OpenTitan,https://github.com/lowRISC/opentitan,e3f3234aa3772760cdf40e79a8ae4471b6b02213,hw/ip/prim/rtl/prim_secded_hamming_76_68_enc.sv,8b524f2e3ea9f481177ac729d8f38ff8bf063b2a4b467551b1a62aac9c1f0a6e,prim_secded_hamming_76_68_enc,16,270,9,0,,1,0,0,,0,0,0,0,1,2026-08-25T21:44:32.712049+00:00
Production-oriented open RTL,OpenTitan,https://github.com/lowRISC/opentitan,e3f3234aa3772760cdf40e79a8ae4471b6b02213,hw/ip/prim/rtl/prim_secded_inv_22_16_dec.sv,2620fc37a5acfde0d54f0a638d13d3150b3c08acc840ce45a9ae4a24833711ef,prim_secded_inv_22_16_dec,33,870,10,0,,1,0,0,,0,0,0,0,1,2026-08-25T21:44:32.712049+00:00
Production-oriented open RTL,OpenTitan,https://github.com/lowRISC/opentitan,e3f3234aa3772760cdf40e79a8ae4471b6b02213,hw/ip/prim/rtl/prim_secded_inv_22_16_enc.sv,b6df81ecfb12826002fa979c1beae2b8b47e8fa33bd465ad7c6e4784657e8ca9,prim_secded_inv_22_16_enc,15,230,9,0,,1,0,0,,0,0,0,0,1,2026-08-25T21:44:32.712049+00:00
Production-oriented open RTL,OpenTitan,https://github.com/lowRISC/opentitan,e3f3234aa3772760cdf40e79a8ae4471b6b02213,hw/ip/prim/rtl/prim_secded_inv_28_22_dec.sv,06c0dfdf59f2dbfffa7c73e609ae6361c94927a298f13ac6815c9543633b35a4,prim_secded_inv_28_22_dec,39,1068,10,0,,1,0,0,,0,0,0,0,1,2026-08-25T21:44:32.712049+00:00
Production-oriented open RTL,OpenTitan,https://github.com/lowRISC/opentitan,e3f3234aa3772760cdf40e79a8ae4471b6b02213,hw/ip/prim/rtl/prim_secded_inv_28_22_enc.sv,15b373e491fba6d6251c241229bd78d2766214771942e3fac0bdbe4cbff720fd,prim_secded_inv_28_22_enc,15,230,9,0,,1,0,0,,0,0,0,0,1,2026-08-25T21:44:32.712049+00:00
Production-oriented open RTL,OpenTitan,https://github.com/lowRISC/opentitan,e3f3234aa3772760cdf40e79a8ae4471b6b02213,hw/ip/prim/rtl/prim_secded_inv_39_32_dec.sv,f07f26fd2375952e4ec7cfc1641cebcea373a8030d82dd5977a76f81c430cb12,prim_secded_inv_39_32_dec,50,1432,10,0,,1,0,0,,0,0,0,0,1,2026-08-25T21:44:32.712049+00:00
Production-oriented open RTL,OpenTitan,https://github.com/lowRISC/opentitan,e3f3234aa3772760cdf40e79a8ae4471b6b02213,hw/ip/prim/rtl/prim_secded_inv_39_32_enc.sv,4588fda3fd5ebdd711c98f6900caaaaddddf1257337c5b931ca86de7fb0ef8ff,prim_secded_inv_39_32_enc,16,255,9,0,,1,0,0,,0,0,0,0,1,2026-08-25T21:44:32.712049+00:00
Production-oriented open RTL,OpenTitan,https://github.com/lowRISC/opentitan,e3f3234aa3772760cdf40e79a8ae4471b6b02213,hw/ip/prim/rtl/prim_secded_inv_64_57_dec.sv,e598eef60254ac4a0e6899f6d1e4af5ae5bbd2ac22395ac53ee925296bc8a826,prim_secded_inv_64_57_dec,75,2257,10,0,,1,0,0,,0,0,0,0,1,2026-08-25T21:44:32.712049+00:00
Production-oriented open RTL,OpenTitan,https://github.com/lowRISC/opentitan,e3f3234aa3772760cdf40e79a8ae4471b6b02213,hw/ip/prim/rtl/prim_secded_inv_64_57_enc.sv,74b3b327047b90682468614708bb4b1104b1f069c0dc3189e2b078622ac566b8,prim_secded_inv_64_57_enc,16,255,9,0,,1,0,0,,0,0,0,0,1,2026-08-25T21:44:32.712049+00:00
Production-oriented open RTL,OpenTitan,https://github.com/lowRISC/opentitan,e3f3234aa3772760cdf40e79a8ae4471b6b02213,hw/ip/prim/rtl/prim_secded_inv_72_64_dec.sv,3763fa9e291c0e33217b18cf74b7dd3830f232065a6a62ad21582d6e2bdcfd9d,prim_secded_inv_72_64_dec,83,2522,10,0,,1,0,0,,0,0,0,0,1,2026-08-25T21:44:32.712049+00:00
Production-oriented open RTL,OpenTitan,https://github.com/lowRISC/opentitan,e3f3234aa3772760cdf40e79a8ae4471b6b02213,hw/ip/prim/rtl/prim_secded_inv_72_64_enc.sv,d7c176fffecdf629db3c2e3958a4ca603e99a995b4aaeab9a2f73ad55e0e2d51,prim_secded_inv_72_64_enc,17,280,9,0,,1,0,0,,0,0,0,0,1,2026-08-25T21:44:32.712049+00:00
Production-oriented open RTL,OpenTitan,https://github.com/lowRISC/opentitan,e3f3234aa3772760cdf40e79a8ae4471b6b02213,hw/ip/prim/rtl/prim_secded_inv_hamming_22_16_dec.sv,4fedd80e34009d4e54881ef2358ca3a7fd971acaa8f1621b1832aea6d0aaac3c,prim_secded_inv_hamming_22_16_dec,33,880,10,0,,1,0,0,,0,0,0,0,1,2026-08-25T21:44:32.712049+00:00
Production-oriented open RTL,OpenTitan,https://github.com/lowRISC/opentitan,e3f3234aa3772760cdf40e79a8ae4471b6b02213,hw/ip/prim/rtl/prim_secded_inv_hamming_22_16_enc.sv,74fc5522c24f1f3505a2dc7f3c34adaac07fdb54dce055268a4e2b3df3d6f416,prim_secded_inv_hamming_22_16_enc,15,230,9,0,,1,0,0,,0,0,0,0,1,2026-08-25T21:44:32.712049+00:00
Production-oriented open RTL,OpenTitan,https://github.com/lowRISC/opentitan,e3f3234aa3772760cdf40e79a8ae4471b6b02213,hw/ip/prim/rtl/prim_secded_inv_hamming_39_32_dec.sv,975eda8d8623f617f9d4e89b948c44e2d657b000596cdeeb9ed62910f6d1e8f7,prim_secded_inv_hamming_39_32_dec,50,1442,10,0,,1,0,0,,0,0,0,0,1,2026-08-25T21:44:32.712049+00:00
Production-oriented open RTL,OpenTitan,https://github.com/lowRISC/opentitan,e3f3234aa3772760cdf40e79a8ae4471b6b02213,hw/ip/prim/rtl/prim_secded_inv_hamming_39_32_enc.sv,b63ddfd743b51476dea494af1665433747ce021e0933d6e1e6b7a1b2ca5f9d3a,prim_secded_inv_hamming_39_32_enc,16,255,9,0,,1,0,0,,0,0,0,0,1,2026-08-25T21:44:32.712049+00:00
Production-oriented open RTL,OpenTitan,https://github.com/lowRISC/opentitan,e3f3234aa3772760cdf40e79a8ae4471b6b02213,hw/ip/prim/rtl/prim_secded_inv_hamming_72_64_dec.sv,ee22ebd7c918a537c883ce42c27ad2ab75125e35c6184c5e2dc2b1bd9fd0fb79,prim_secded_inv_hamming_72_64_dec,83,2532,10,0,,1,0,0,,0,0,0,0,1,2026-08-25T21:44:32.712049+00:00
Production-oriented open RTL,OpenTitan,https://github.com/lowRISC/opentitan,e3f3234aa3772760cdf40e79a8ae4471b6b02213,hw/ip/prim/rtl/prim_secded_inv_hamming_72_64_enc.sv,773f02fda14b0c20a41ddae143292b6b422b4b946da5476ea5a61ee97e1fd127,prim_secded_inv_hamming_72_64_enc,17,280,9,0,,1,0,0,,0,0,0,0,1,2026-08-25T21:44:32.712049+00:00
Production-oriented open RTL,OpenTitan,https://github.com/lowRISC/opentitan,e3f3234aa3772760cdf40e79a8ae4471b6b02213,hw/ip/prim/rtl/prim_secded_inv_hamming_76_68_dec.sv,925fd53e9b06cd4d770f355cd72491bac8fbd21e038b596d778de26f10bc5de5,prim_secded_inv_hamming_76_68_dec,87,2664,10,0,,1,0,0,,0,0,0,0,1,2026-08-25T21:44:32.712049+00:00
Production-oriented open RTL,OpenTitan,https://github.com/lowRISC/opentitan,e3f3234aa3772760cdf40e79a8ae4471b6b02213,hw/ip/prim/rtl/prim_secded_inv_hamming_76_68_enc.sv,d7e15dc949ee0f935e012bb1d666cf1e329b016979e73b5a71f168971e261a82,prim_secded_inv_hamming_76_68_enc,17,280,9,0,,1,0,0,,0,0,0,0,1,2026-08-25T21:44:32.712049+00:00
Production-oriented open RTL,OpenTitan,https://github.com/lowRISC/opentitan,e3f3234aa3772760cdf40e79a8ae4471b6b02213,hw/ip/prim/rtl/prim_sha2.sv,5744e5abb931036f17cecc20de34358d5fe297e955da7eb29089ac55d65cae50,prim_sha2,421,5650,28,0,,1,1,1,clk_i,0,1,1,0,2,2026-08-25T21:44:32.712049+00:00
Production-oriented open RTL,OpenTitan,https://github.com/lowRISC/opentitan,e3f3234aa3772760cdf40e79a8ae4471b6b02213,hw/ip/prim/rtl/prim_sha2_32.sv,1d850f8f9b6b9415b56b4411bc95c096eea5c7d8daf6202e5276a87233071507,prim_sha2_32,222,2477,21,0,,1,1,1,clk_i,0,2,2,0,3,2026-08-25T21:44:32.712049+00:00
Production-oriented open RTL,OpenTitan,https://github.com/lowRISC/opentitan,e3f3234aa3772760cdf40e79a8ae4471b6b02213,hw/ip/prim/rtl/prim_sha2_pad.sv,bb915fa003913af6b570a724896c8f877d1640cb32fdbc673a13360a07dbeaa7,prim_sha2_pad,267,2805,18,0,,1,1,1,clk_i,0,0,0,0,1,2026-08-25T21:44:32.712049+00:00
Production-oriented open RTL,OpenTitan,https://github.com/lowRISC/opentitan,e3f3234aa3772760cdf40e79a8ae4471b6b02213,hw/ip/prim/rtl/prim_slicer.sv,c1e76c9b9d4f740c8de2f52cce3c982e660070b5cbbaa028ed30739ccf13f91c,prim_slicer,21,264,13,0,,1,0,0,,0,0,0,0,1,2026-08-25T21:44:32.712049+00:00
Production-oriented open RTL,OpenTitan,https://github.com/lowRISC/opentitan,e3f3234aa3772760cdf40e79a8ae4471b6b02213,hw/ip/prim/rtl/prim_sparse_fsm_flop.sv,7c9fdf97523bb5eac16f0d219668811a790c2b5bc591660340e75b1cf429d11f,prim_sparse_fsm_flop,41,438,13,0,,1,0,0,,0,1,0,1,1,2026-08-25T21:44:32.712049+00:00
Production-oriented open RTL,OpenTitan,https://github.com/lowRISC/opentitan,e3f3234aa3772760cdf40e79a8ae4471b6b02213,hw/ip/prim/rtl/prim_sram_arbiter.sv,d0e07972d5c241a8c77cd8cdb87ddf68d55ee9453bca7d102505ee359adfb2a1,prim_sram_arbiter,127,1403,18,0,,1,0,0,,0,3,3,0,4,2026-08-25T21:44:32.712049+00:00
Production-oriented open RTL,OpenTitan,https://github.com/lowRISC/opentitan,e3f3234aa3772760cdf40e79a8ae4471b6b02213,hw/ip/prim/rtl/prim_subreg.sv,25fb080996e7a9f1a8db6b827d57926850324e254c2758a921f4d67d13445992,prim_subreg,49,462,10,0,,1,1,1,clk_i,0,1,1,0,2,2026-08-25T21:44:32.712049+00:00
Production-oriented open RTL,OpenTitan,https://github.com/lowRISC/opentitan,e3f3234aa3772760cdf40e79a8ae4471b6b02213,hw/ip/prim/rtl/prim_subreg_arb.sv,16530c91931e97b25e33334bfc5942fd254324189115f942585f26f56d8ae758,prim_subreg_arb,143,2406,35,0,,1,0,0,,0,0,0,0,1,2026-08-25T21:44:32.712049+00:00
Production-oriented open RTL,OpenTitan,https://github.com/lowRISC/opentitan,e3f3234aa3772760cdf40e79a8ae4471b6b02213,hw/ip/prim/rtl/prim_subreg_ext.sv,dc22ea14c164661970db2a76060fc54cbbe1d432534eaadce0caa8a3a2935ce5,prim_subreg_ext,19,210,10,0,,1,0,0,,0,0,0,0,1,2026-08-25T21:44:32.712049+00:00
Production-oriented open RTL,OpenTitan,https://github.com/lowRISC/opentitan,e3f3234aa3772760cdf40e79a8ae4471b6b02213,hw/ip/prim/rtl/prim_subreg_shadow.sv,efd0c987744545f7696f7b8c9061bd65eb015e7a1190f7187cfa8c6d3ca0bb04,prim_subreg_shadow,174,1772,15,0,,1,1,1,clk_i,0,5,5,0,3,2026-08-25T21:44:32.712049+00:00
Production-oriented open RTL,OpenTitan,https://github.com/lowRISC/opentitan,e3f3234aa3772760cdf40e79a8ae4471b6b02213,hw/ip/prim/rtl/prim_subst_perm.sv,6cae23ff8a3c6d1dc775c2a55280f532cef98a9a6c787a2d717c50b5854ee3a6,prim_subst_perm,49,799,20,0,,1,0,0,,0,0,0,0,1,2026-08-25T21:44:32.712049+00:00
Production-oriented open RTL,OpenTitan,https://github.com/lowRISC/opentitan,e3f3234aa3772760cdf40e79a8ae4471b6b02213,hw/ip/prim/rtl/prim_sum_tree.sv,d16835741dd2c365736f096073daae89a40567a33072ffbf7eefa045a02b7924,prim_sum_tree,97,1662,19,0,,1,1,1,clk_i,0,0,0,0,1,2026-08-25T21:44:32.712049+00:00
Production-oriented open RTL,OpenTitan,https://github.com/lowRISC/opentitan,e3f3234aa3772760cdf40e79a8ae4471b6b02213,hw/ip/prim/rtl/prim_sync_reqack.sv,30329c6e3c7e389c4e85d91846f485ef8810c0ef8a72d71cc37f3cac81bc89a3,prim_sync_reqack,240,1992,15,0,,1,2,2,clk_dst_i;clk_src_i,5,4,4,0,2,2026-08-25T21:44:32.712049+00:00
Production-oriented open RTL,OpenTitan,https://github.com/lowRISC/opentitan,e3f3234aa3772760cdf40e79a8ae4471b6b02213,hw/ip/prim/rtl/prim_sync_reqack_data.sv,d1bb023c1ac5f89b63f61b573180add5f16c00db3c4c1ed0854e2408708ed867,prim_sync_reqack_data,99,1165,19,0,,1,2,2,clk_dst_i;clk_src_i,2,1,1,0,3,2026-08-25T21:44:32.712049+00:00
Production-oriented open RTL,OpenTitan,https://github.com/lowRISC/opentitan,e3f3234aa3772760cdf40e79a8ae4471b6b02213,hw/ip/prim/rtl/prim_sync_slow_fast.sv,77f243af15e393d6cfabd8102c5211b92f52deec51167d53abb1a3f44a0269cd,prim_sync_slow_fast,34,328,10,0,,1,1,1,clk_fast_i,3,1,1,0,2,2026-08-25T21:44:32.712049+00:00
Production-oriented open RTL,OpenTitan,https://github.com/lowRISC/opentitan,e3f3234aa3772760cdf40e79a8ae4471b6b02213,hw/ip/prim/rtl/prim_trivium.sv,0c5c19005965e8a85fb95eade81b54278c0ab8e1debccf41197bb1eb96841b8e,prim_trivium,173,2102,17,0,,1,1,1,clk_i,0,0,0,0,1,2026-08-25T21:44:32.712049+00:00
Production-oriented open RTL,OpenTitan,https://github.com/lowRISC/opentitan,e3f3234aa3772760cdf40e79a8ae4471b6b02213,hw/ip/prim/rtl/prim_xoshiro256pp.sv,004dd06ba3bf3effea26037a413dade3c66d2c23c72f79d2f16280a8bf09fe20,prim_xoshiro256pp,58,965,13,0,,1,1,1,clk_i,0,0,0,0,1,2026-08-25T21:44:32.712049+00:00
Production-oriented open RTL,OpenTitan,https://github.com/lowRISC/opentitan,e3f3234aa3772760cdf40e79a8ae4471b6b02213,hw/ip/prim_asap7/rtl/prim_and2.sv,db3c76b87006d139a46a4cac36aaac8278ec20949798f2a4a3cf104b3af7aa2c,prim_and2,15,170,11,0,,1,0,0,,0,1,0,0,1,2026-08-25T21:44:32.712049+00:00
Production-oriented open RTL,OpenTitan,https://github.com/lowRISC/opentitan,e3f3234aa3772760cdf40e79a8ae4471b6b02213,hw/ip/prim_asap7/rtl/prim_buf.sv,e4fccd0d4f6a7006fd17559fee51f9ac424780c95abfefd414be724c4f75f81b,prim_buf,13,132,11,0,,1,0,0,,0,1,0,0,1,2026-08-25T21:44:32.712049+00:00
Production-oriented open RTL,OpenTitan,https://github.com/lowRISC/opentitan,e3f3234aa3772760cdf40e79a8ae4471b6b02213,hw/ip/prim_asap7/rtl/prim_clock_buf.sv,2c335bd2061d7c9d93f463502df9ec533ed4c954e13504652b0c9b0b39faef70,prim_clock_buf,12,80,6,0,,1,0,0,,0,1,0,0,1,2026-08-25T21:44:32.712049+00:00
Production-oriented open RTL,OpenTitan,https://github.com/lowRISC/opentitan,e3f3234aa3772760cdf40e79a8ae4471b6b02213,hw/ip/prim_asap7/rtl/prim_clock_gating.sv,9c45943d1be6ccca27bdaee8c9ddcfea8facc372122f2beedaec0a289c830191,prim_clock_gating,16,116,6,0,,1,0,0,,1,1,0,0,1,2026-08-25T21:44:32.712049+00:00
Production-oriented open RTL,OpenTitan,https://github.com/lowRISC/opentitan,e3f3234aa3772760cdf40e79a8ae4471b6b02213,hw/ip/prim_asap7/rtl/prim_clock_inv.sv,ff36bbf4a81de994fd44f725de3ab0789b4c801eb0c120ba806aa193de296cde,prim_clock_inv,14,103,7,2,DiagCode(CouldNotOpenIncludeFile);DiagCode(UnknownDirective),1,0,0,,0,1,0,0,1,2026-08-25T21:44:32.712049+00:00
Production-oriented open RTL,OpenTitan,https://github.com/lowRISC/opentitan,e3f3234aa3772760cdf40e79a8ae4471b6b02213,hw/ip/prim_asap7/rtl/prim_clock_mux2.sv,069c59b33126a672feab5a2dc8033de838e7c798aa2c3146237cf319beec85dd,prim_clock_mux2,16,118,7,3,DiagCode(CouldNotOpenIncludeFile);DiagCode(UnknownDirective),1,0,0,,0,1,0,0,1,2026-08-25T21:44:32.712049+00:00
Production-oriented open RTL,OpenTitan,https://github.com/lowRISC/opentitan,e3f3234aa3772760cdf40e79a8ae4471b6b02213,hw/ip/prim_asap7/rtl/prim_const.sv,f71101fa2b48e5781cd8bfee6c7e869e6de57ce9d97388eefde1e492ad3d550c,prim_const,18,168,14,0,,1,0,0,,0,2,0,0,1,2026-08-25T21:44:32.712049+00:00
Production-oriented open RTL,OpenTitan,https://github.com/lowRISC/opentitan,e3f3234aa3772760cdf40e79a8ae4471b6b02213,hw/ip/prim_asap7/rtl/prim_const_sec.sv,be1839dd3813f564fac40d9a39a8cf90681b99e0d11bd9f9cf886728eefa11b5,prim_const_sec,18,168,14,0,,1,0,0,,0,2,0,0,1,2026-08-25T21:44:32.712049+00:00
Production-oriented open RTL,OpenTitan,https://github.com/lowRISC/opentitan,e3f3234aa3772760cdf40e79a8ae4471b6b02213,hw/ip/prim_asap7/rtl/prim_flop.sv,c4128e57742f9e2d9e8345c833935e1683ea8b4e51636bedd2765efff520881b,prim_flop,31,351,14,1,DiagCode(CouldNotOpenIncludeFile),1,0,0,,0,2,0,0,1,2026-08-25T21:44:32.712049+00:00
Production-oriented open RTL,OpenTitan,https://github.com/lowRISC/opentitan,e3f3234aa3772760cdf40e79a8ae4471b6b02213,hw/ip/prim_asap7/rtl/prim_flop_en.sv,09e2887ad1e10293be5f3e1b47beb9e977d3c3936c5d1a05b25d921aa479e43c,prim_flop_en,44,472,14,1,DiagCode(CouldNotOpenIncludeFile),1,0,0,,0,3,0,0,1,2026-08-25T21:44:32.712049+00:00
Production-oriented open RTL,OpenTitan,https://github.com/lowRISC/opentitan,e3f3234aa3772760cdf40e79a8ae4471b6b02213,hw/ip/prim_asap7/rtl/prim_flop_no_rst.sv,fb5da7720044d0be588adc45965e92205d35be4bc555d4344b7df6ed7cd77455,prim_flop_no_rst,17,193,11,1,DiagCode(CouldNotOpenIncludeFile),1,0,0,,0,1,0,0,1,2026-08-25T21:44:32.712049+00:00
Production-oriented open RTL,OpenTitan,https://github.com/lowRISC/opentitan,e3f3234aa3772760cdf40e79a8ae4471b6b02213,hw/ip/prim_asap7/rtl/prim_inv.sv,645db83a93f2069bb22676d3a30db8b66502f935ad48ff2940b23bc66ce8ad8a,prim_inv,13,132,11,0,,1,0,0,,0,1,0,0,1,2026-08-25T21:44:32.712049+00:00
Production-oriented open RTL,OpenTitan,https://github.com/lowRISC/opentitan,e3f3234aa3772760cdf40e79a8ae4471b6b02213,hw/ip/prim_asap7/rtl/prim_xnor2.sv,3f9e7d80dd39750a09a08825df6104f97b35f705e076dcc20c9c967814d404ee,prim_xnor2,15,170,11,1,DiagCode(CouldNotOpenIncludeFile),1,0,0,,0,1,0,0,1,2026-08-25T21:44:32.712049+00:00
Production-oriented open RTL,OpenTitan,https://github.com/lowRISC/opentitan,e3f3234aa3772760cdf40e79a8ae4471b6b02213,hw/ip/prim_asap7/rtl/prim_xor2.sv,039db2c34ee00532300437e791296661b9b87d4f84e0872cd6d87e2f1c6e6240,prim_xor2,15,170,11,1,DiagCode(CouldNotOpenIncludeFile),1,0,0,,0,1,0,0,1,2026-08-25T21:44:32.712049+00:00
Production-oriented open RTL,OpenTitan,https://github.com/lowRISC/opentitan,e3f3234aa3772760cdf40e79a8ae4471b6b02213,hw/ip/prim_generic/rtl/prim_and2.sv,54d10f2ad40702c020a3074f0d11bd99073e5e6f3bd6cc6d8417b7f159d8a730,prim_and2,9,101,10,1,DiagCode(CouldNotOpenIncludeFile),1,0,0,,0,0,0,0,1,2026-08-25T21:44:32.712049+00:00
Production-oriented open RTL,OpenTitan,https://github.com/lowRISC/opentitan,e3f3234aa3772760cdf40e79a8ae4471b6b02213,hw/ip/prim_generic/rtl/prim_buf.sv,9b00bd8ac203169268262ac9337076781fa962b19beed36f28dde54e360aaaf5,prim_buf,10,108,10,1,DiagCode(CouldNotOpenIncludeFile),1,0,0,,0,0,0,0,1,2026-08-25T21:44:32.712049+00:00
Production-oriented open RTL,OpenTitan,https://github.com/lowRISC/opentitan,e3f3234aa3772760cdf40e79a8ae4471b6b02213,hw/ip/prim_generic/rtl/prim_clock_buf.sv,e986f0bcd51fc81b6cb575f5f00383fde4f45b4ed0c46a822e52631a03dbd893,prim_clock_buf,11,81,6,1,DiagCode(CouldNotOpenIncludeFile),1,0,0,,0,0,0,0,1,2026-08-25T21:44:32.712049+00:00
Production-oriented open RTL,OpenTitan,https://github.com/lowRISC/opentitan,e3f3234aa3772760cdf40e79a8ae4471b6b02213,hw/ip/prim_generic/rtl/prim_clock_div.sv,3d2ef35a6e0b2215cbc78b24979c27d916e6757a27d738f86b74c88bbc018f31,prim_clock_div,89,777,15,2,DiagCode(CouldNotOpenIncludeFile);DiagCode(UnknownDirective),1,1,1,clk_i,0,5,0,5,1,2026-08-25T21:44:32.712049+00:00
Production-oriented open RTL,OpenTitan,https://github.com/lowRISC/opentitan,e3f3234aa3772760cdf40e79a8ae4471b6b02213,hw/ip/prim_generic/rtl/prim_clock_gating.sv,b2474320674e645d423f32ba1ce60b25509042d40c2de8fe28dcb7760a8fa882,prim_clock_gating,17,118,8,0,,1,0,0,,1,0,0,0,1,2026-08-25T21:44:32.712049+00:00
Production-oriented open RTL,OpenTitan,https://github.com/lowRISC/opentitan,e3f3234aa3772760cdf40e79a8ae4471b6b02213,hw/ip/prim_generic/rtl/prim_clock_inv.sv,c1988aec07ae5e38f42465be35500f84e17eb056cb2ae62808b57ec1e8f9be18,prim_clock_inv,23,170,9,0,,1,0,0,,0,1,0,1,1,2026-08-25T21:44:32.712049+00:00
Production-oriented open RTL,OpenTitan,https://github.com/lowRISC/opentitan,e3f3234aa3772760cdf40e79a8ae4471b6b02213,hw/ip/prim_generic/rtl/prim_clock_mux2.sv,d0010a7d97322a118a3675fec879bdf59179ea6a1036ab6d0001feeada732f72,prim_clock_mux2,10,88,7,3,DiagCode(CouldNotOpenIncludeFile);DiagCode(UnknownDirective),1,0,0,,0,0,0,0,1,2026-08-25T21:44:32.712049+00:00
Production-oriented open RTL,OpenTitan,https://github.com/lowRISC/opentitan,e3f3234aa3772760cdf40e79a8ae4471b6b02213,hw/ip/prim_generic/rtl/prim_const.sv,25879d5afbd1317665e299bdb586c4cfb37056f69e0f515628880ec7356cec02,prim_const,14,156,11,0,,1,0,0,,0,0,0,0,1,2026-08-25T21:44:32.712049+00:00
Production-oriented open RTL,OpenTitan,https://github.com/lowRISC/opentitan,e3f3234aa3772760cdf40e79a8ae4471b6b02213,hw/ip/prim_generic/rtl/prim_const_sec.sv,569933bbcfb741dd2201cdbc25eb1e1c585f96d2de00039e0fdaf873bd73aa8e,prim_const_sec,14,156,11,0,,1,0,0,,0,0,0,0,1,2026-08-25T21:44:32.712049+00:00
Production-oriented open RTL,OpenTitan,https://github.com/lowRISC/opentitan,e3f3234aa3772760cdf40e79a8ae4471b6b02213,hw/ip/prim_generic/rtl/prim_flash.sv,88228b9c56a1d10d6f2c4daf9918c4de21ebebb78bb4434908527b86fba8986d,prim_flash,115,1257,12,1,DiagCode(UnknownDirective),1,0,0,,0,2,2,0,6,2026-08-25T21:44:32.712049+00:00
Production-oriented open RTL,OpenTitan,https://github.com/lowRISC/opentitan,e3f3234aa3772760cdf40e79a8ae4471b6b02213,hw/ip/prim_generic/rtl/prim_flop.sv,6645d657b107b024f9211d3a0134890d1e20146f68ba1772bf62575f7b4e5549,prim_flop,17,162,10,1,DiagCode(CouldNotOpenIncludeFile),1,1,1,clk_i,0,0,0,0,1,2026-08-25T21:44:32.712049+00:00
Production-oriented open RTL,OpenTitan,https://github.com/lowRISC/opentitan,e3f3234aa3772760cdf40e79a8ae4471b6b02213,hw/ip/prim_generic/rtl/prim_flop_2sync.sv,5780aef67607c161eb8a4b3326757af5b416eb5337aef0afc457fdebf2891c53,prim_flop_2sync,34,288,10,0,,1,0,0,,3,2,0,2,1,2026-08-25T21:44:32.712049+00:00
Production-oriented open RTL,OpenTitan,https://github.com/lowRISC/opentitan,e3f3234aa3772760cdf40e79a8ae4471b6b02213,hw/ip/prim_generic/rtl/prim_flop_en.sv,68854581eaa23a57f00c4b49ee0ce972147ffca9f2800da2859d1fe38cc5b476,prim_flop_en,30,262,10,1,DiagCode(CouldNotOpenIncludeFile),1,1,1,clk_i,0,1,1,0,2,2026-08-25T21:44:32.712049+00:00
Production-oriented open RTL,OpenTitan,https://github.com/lowRISC/opentitan,e3f3234aa3772760cdf40e79a8ae4471b6b02213,hw/ip/prim_generic/rtl/prim_flop_no_rst.sv,a9bed993f2c26d634359b5b0f8fe9f6e965a78c2a0c4f3c07ca6851ca4b17545,prim_flop_no_rst,11,97,10,1,DiagCode(CouldNotOpenIncludeFile),1,1,1,clk_i,0,0,0,0,1,2026-08-25T21:44:32.712049+00:00
Production-oriented open RTL,OpenTitan,https://github.com/lowRISC/opentitan,e3f3234aa3772760cdf40e79a8ae4471b6b02213,hw/ip/prim_generic/rtl/prim_generic_flash_bank.sv,fa8389052820d78d9e84fcd1e475fe0f189fe26420e6c5a74d58ef47a1464597,prim_generic_flash_bank,360,3612,16,0,,1,1,1,clk_i,0,3,1,2,4,2026-08-25T21:44:32.712049+00:00
Production-oriented open RTL,OpenTitan,https://github.com/lowRISC/opentitan,e3f3234aa3772760cdf40e79a8ae4471b6b02213,hw/ip/prim_generic/rtl/prim_inv.sv,cdb07816ac0349a54a2d20cdae5f09cada657fdd472a761bac31c27e1762399b,prim_inv,8,77,10,1,DiagCode(CouldNotOpenIncludeFile),1,0,0,,0,0,0,0,1,2026-08-25T21:44:32.712049+00:00
Production-oriented open RTL,OpenTitan,https://github.com/lowRISC/opentitan,e3f3234aa3772760cdf40e79a8ae4471b6b02213,hw/ip/prim_generic/rtl/prim_pad_attr.sv,9a38ebec3c38ec34dc9d326fdf48b06f9633b3c0616796115b17c9a1293d8de0,prim_pad_attr,38,342,13,1,DiagCode(CouldNotOpenIncludeFile),1,0,0,,0,1,0,0,1,2026-08-25T21:44:32.712049+00:00
Production-oriented open RTL,OpenTitan,https://github.com/lowRISC/opentitan,e3f3234aa3772760cdf40e79a8ae4471b6b02213,hw/ip/prim_generic/rtl/prim_pad_wrapper.sv,857849b2b56246e5f661ed81ee9257f1d83342f021991d49950d98e2b901279d,prim_pad_wrapper,67,771,17,2,DiagCode(CouldNotOpenIncludeFile);DiagCode(UnknownDirective),1,0,0,,0,1,0,0,1,2026-08-25T21:44:32.712049+00:00
Production-oriented open RTL,OpenTitan,https://github.com/lowRISC/opentitan,e3f3234aa3772760cdf40e79a8ae4471b6b02213,hw/ip/prim_generic/rtl/prim_ram_1p.sv,929616b4857236e6337a53adea525793b78ca642e2a7240461c6bf5078f9be63,prim_ram_1p,37,447,14,4,DiagCode(CouldNotOpenIncludeFile);DiagCode(UnknownDirective),1,1,1,clk_i,0,0,0,0,1,2026-08-25T21:44:32.712049+00:00
Production-oriented open RTL,OpenTitan,https://github.com/lowRISC/opentitan,e3f3234aa3772760cdf40e79a8ae4471b6b02213,hw/ip/prim_generic/rtl/prim_ram_1r1w.sv,8d62009a4fa12a7c78985446ee57cc46e2cd717ae17a87265451ee697adee25c,prim_ram_1r1w,41,498,11,3,DiagCode(CouldNotOpenIncludeFile);DiagCode(UnknownDirective),1,2,2,clk_a_i;clk_b_i,0,0,0,0,1,2026-08-25T21:44:32.712049+00:00
Production-oriented open RTL,OpenTitan,https://github.com/lowRISC/opentitan,e3f3234aa3772760cdf40e79a8ae4471b6b02213,hw/ip/prim_generic/rtl/prim_ram_2p.sv,01dd37e138ec496406c54907ab73face412ef14355bc19e5f471ef97dddf482e,prim_ram_2p,58,723,14,6,DiagCode(CouldNotOpenIncludeFile);DiagCode(UnknownDirective),1,2,2,clk_a_i;clk_b_i,0,0,0,0,1,2026-08-25T21:44:32.712049+00:00
Production-oriented open RTL,OpenTitan,https://github.com/lowRISC/opentitan,e3f3234aa3772760cdf40e79a8ae4471b6b02213,hw/ip/prim_generic/rtl/prim_rom.sv,355698d36380e1fcdc1a43a5ce52c574cb70d9b6db20d4324cd1cf9fdff55d5f,prim_rom,32,318,11,3,DiagCode(CouldNotOpenIncludeFile);DiagCode(UnknownDirective),1,1,1,clk_i,0,0,0,0,1,2026-08-25T21:44:32.712049+00:00
Production-oriented open RTL,OpenTitan,https://github.com/lowRISC/opentitan,e3f3234aa3772760cdf40e79a8ae4471b6b02213,hw/ip/prim_generic/rtl/prim_rst_sync.sv,5ea59afe93b02ba71f08f955704e46dd36c2266238f34430fc5bdd8bd5a46931,prim_rst_sync,43,353,14,0,,1,0,0,,3,2,1,1,2,2026-08-25T21:44:32.712049+00:00
Production-oriented open RTL,OpenTitan,https://github.com/lowRISC/opentitan,e3f3234aa3772760cdf40e79a8ae4471b6b02213,hw/ip/prim_generic/rtl/prim_usb_diff_rx.sv,10b5a865b7f073ac828ebff639838d1a0d3486d4dbc874a4e9aba83ba830126a,prim_usb_diff_rx,28,295,10,1,DiagCode(CouldNotOpenIncludeFile),1,0,0,,0,1,0,1,1,2026-08-25T21:44:32.712049+00:00
Production-oriented open RTL,OpenTitan,https://github.com/lowRISC/opentitan,e3f3234aa3772760cdf40e79a8ae4471b6b02213,hw/ip/prim_generic/rtl/prim_xnor2.sv,ebdd3179c32a81303227775e3e6ef0afdf8959efebf7a6892d122d4bc6a776c7,prim_xnor2,9,106,10,1,DiagCode(CouldNotOpenIncludeFile),1,0,0,,0,0,0,0,1,2026-08-25T21:44:32.712049+00:00
Production-oriented open RTL,OpenTitan,https://github.com/lowRISC/opentitan,e3f3234aa3772760cdf40e79a8ae4471b6b02213,hw/ip/prim_generic/rtl/prim_xor2.sv,0151c9a85fdf79122a235bd5091a3034f96ad8efbe46d0880599ed02ecf4a66f,prim_xor2,9,101,10,1,DiagCode(CouldNotOpenIncludeFile),1,0,0,,0,0,0,0,1,2026-08-25T21:44:32.712049+00:00
Production-oriented open RTL,OpenTitan,https://github.com/lowRISC/opentitan,e3f3234aa3772760cdf40e79a8ae4471b6b02213,hw/ip/prim_xilinx/rtl/prim_and2.sv,58b709b55c0e53434905e9cd5dd10632cbde256a32edecafe2482b14dde0f836,prim_and2,10,112,10,1,DiagCode(CouldNotOpenIncludeFile),1,0,0,,0,0,0,0,1,2026-08-25T21:44:32.712049+00:00
Production-oriented open RTL,OpenTitan,https://github.com/lowRISC/opentitan,e3f3234aa3772760cdf40e79a8ae4471b6b02213,hw/ip/prim_xilinx/rtl/prim_buf.sv,bed1d649efbdf479fe4cd8cdeff8131367d719ed204875f4a46db70ba6668ad5,prim_buf,9,86,10,0,,1,0,0,,0,0,0,0,1,2026-08-25T21:44:32.712049+00:00
Production-oriented open RTL,OpenTitan,https://github.com/lowRISC/opentitan,e3f3234aa3772760cdf40e79a8ae4471b6b02213,hw/ip/prim_xilinx/rtl/prim_clock_buf.sv,9d0331f75525be068a6eeef0f034ef14aacdeb547eaf0f78d5f3a8d5ae4b6404,prim_clock_buf,23,156,12,0,,1,0,0,,0,2,0,0,1,2026-08-25T21:44:32.712049+00:00
Production-oriented open RTL,OpenTitan,https://github.com/lowRISC/opentitan,e3f3234aa3772760cdf40e79a8ae4471b6b02213,hw/ip/prim_xilinx/rtl/prim_clock_gating.sv,eb3561a174e569f77a0fb9f2cd921544524bd694bc77959e6fe45f339ea7566a,prim_clock_gating,29,211,13,0,,1,0,0,,0,2,0,0,1,2026-08-25T21:44:32.712049+00:00
Production-oriented open RTL,OpenTitan,https://github.com/lowRISC/opentitan,e3f3234aa3772760cdf40e79a8ae4471b6b02213,hw/ip/prim_xilinx/rtl/prim_clock_mux2.sv,cc61491d0675f2a05a7c17ba9d755f4d29c2a115390270ffece5fd735850fd39,prim_clock_mux2,19,147,9,3,DiagCode(CouldNotOpenIncludeFile);DiagCode(UnknownDirective),1,0,0,,0,1,0,0,1,2026-08-25T21:44:32.712049+00:00
Production-oriented open RTL,OpenTitan,https://github.com/lowRISC/opentitan,e3f3234aa3772760cdf40e79a8ae4471b6b02213,hw/ip/prim_xilinx/rtl/prim_flop.sv,5d0938f09b2e90968e632e1067deb33ba08c312a0aef8ee8b2c116cfb3541714,prim_flop,18,173,10,1,DiagCode(CouldNotOpenIncludeFile),1,1,1,clk_i,0,0,0,0,1,2026-08-25T21:44:32.712049+00:00
Production-oriented open RTL,OpenTitan,https://github.com/lowRISC/opentitan,e3f3234aa3772760cdf40e79a8ae4471b6b02213,hw/ip/prim_xilinx/rtl/prim_flop_en.sv,0a4b69b2b8dff2d1628389e6cfc817ea4670406f4ae2cd87fda03fbb09df625c,prim_flop_en,20,200,10,1,DiagCode(CouldNotOpenIncludeFile),1,1,1,clk_i,0,0,0,0,1,2026-08-25T21:44:32.712049+00:00
Production-oriented open RTL,OpenTitan,https://github.com/lowRISC/opentitan,e3f3234aa3772760cdf40e79a8ae4471b6b02213,hw/ip/prim_xilinx/rtl/prim_inv.sv,37798f9b3f668a9bef871e1fbf07748693e0668b590a32d5045e2b473b1ecef6,prim_inv,9,88,10,0,,1,0,0,,0,0,0,0,1,2026-08-25T21:44:32.712049+00:00
Production-oriented open RTL,OpenTitan,https://github.com/lowRISC/opentitan,e3f3234aa3772760cdf40e79a8ae4471b6b02213,hw/ip/prim_xilinx/rtl/prim_pad_attr.sv,e65613ecedd1e64bcf83cadc6926b5d38791d8dde19182cbcf3821bbf0bd5b22,prim_pad_attr,32,258,12,1,DiagCode(CouldNotOpenIncludeFile),1,0,0,,0,1,0,0,1,2026-08-25T21:44:32.712049+00:00
Production-oriented open RTL,OpenTitan,https://github.com/lowRISC/opentitan,e3f3234aa3772760cdf40e79a8ae4471b6b02213,hw/ip/prim_xilinx/rtl/prim_pad_wrapper.sv,86dd14144cbd5311cb5ca677e774c0a1dc950a931ec3ed514c93b57a1ffb0a25,prim_pad_wrapper,76,678,12,2,DiagCode(CouldNotOpenIncludeFile);DiagCode(UnknownDirective),1,0,0,,0,4,0,0,1,2026-08-25T21:44:32.712049+00:00
Production-oriented open RTL,OpenTitan,https://github.com/lowRISC/opentitan,e3f3234aa3772760cdf40e79a8ae4471b6b02213,hw/ip/prim_xilinx/rtl/prim_ram_1p.sv,a96418fa4dcd40c5b15f1b2ec98d26fca5ee1bda047a12d338942bde44c13095,prim_ram_1p,63,777,18,3,DiagCode(CouldNotOpenIncludeFile);DiagCode(UnknownDirective),1,2,2,bkdr_req.clk;clk_i,0,0,0,0,1,2026-08-25T21:44:32.712049+00:00
Production-oriented open RTL,OpenTitan,https://github.com/lowRISC/opentitan,e3f3234aa3772760cdf40e79a8ae4471b6b02213,hw/ip/prim_xilinx/rtl/prim_ram_1r1w.sv,539194f28348454aa42fd354af5dbbde5a8ebd82de86addaa87b72a914f07ea0,prim_ram_1r1w,46,570,16,3,DiagCode(CouldNotOpenIncludeFile);DiagCode(UnknownDirective),1,2,2,clk_a_i;clk_b_i,0,0,0,0,1,2026-08-25T21:44:32.712049+00:00
Production-oriented open RTL,OpenTitan,https://github.com/lowRISC/opentitan,e3f3234aa3772760cdf40e79a8ae4471b6b02213,hw/ip/prim_xilinx/rtl/prim_ram_2p.sv,255fc9c38f50781c049b2e3eca349e4641c5659c50f20356be8f2219c17101ea,prim_ram_2p,64,814,18,4,DiagCode(CouldNotOpenIncludeFile);DiagCode(UnknownDirective),1,2,2,clk_a_i;clk_b_i,0,0,0,0,1,2026-08-25T21:44:32.712049+00:00
Production-oriented open RTL,OpenTitan,https://github.com/lowRISC/opentitan,e3f3234aa3772760cdf40e79a8ae4471b6b02213,hw/ip/prim_xilinx/rtl/prim_rom.sv,fad497d65b7dcdd6886e9b95659cd8678c7e44f6273ec633e2c6c052cebc53e8,prim_rom,53,576,14,3,DiagCode(CouldNotOpenIncludeFile);DiagCode(UnknownDirective),1,2,2,bkdr_req.clk;clk_i,0,0,0,0,1,2026-08-25T21:44:32.712049+00:00
Production-oriented open RTL,OpenTitan,https://github.com/lowRISC/opentitan,e3f3234aa3772760cdf40e79a8ae4471b6b02213,hw/ip/prim_xilinx/rtl/prim_xnor2.sv,064de8167a4177e821252f22802e997532b5576947e07d7b3021e472cb67925e,prim_xnor2,10,117,10,1,DiagCode(CouldNotOpenIncludeFile),1,0,0,,0,0,0,0,1,2026-08-25T21:44:32.712049+00:00
Production-oriented open RTL,OpenTitan,https://github.com/lowRISC/opentitan,e3f3234aa3772760cdf40e79a8ae4471b6b02213,hw/ip/prim_xilinx/rtl/prim_xor2.sv,ed71e68abece2d980e207261839a09e434465ae205cd5f208ec7241868b87ceb,prim_xor2,10,112,10,1,DiagCode(CouldNotOpenIncludeFile),1,0,0,,0,0,0,0,1,2026-08-25T21:44:32.712049+00:00
Production-oriented open RTL,OpenTitan,https://github.com/lowRISC/opentitan,e3f3234aa3772760cdf40e79a8ae4471b6b02213,hw/ip/prim_xilinx_ultrascale/rtl/prim_clock_buf.sv,a196e620ae3aeb23bb6d730d4e5eca2d4d5c131f782c93beb655a82986b3e433,prim_clock_buf,16,109,9,0,,1,0,0,,0,1,0,0,1,2026-08-25T21:44:32.712049+00:00
Production-oriented open RTL,OpenTitan,https://github.com/lowRISC/opentitan,e3f3234aa3772760cdf40e79a8ae4471b6b02213,hw/ip/prim_xilinx_ultrascale/rtl/prim_clock_div.sv,73f0181263356c91af42e226440168ea4403201cba51e3459d656caedc1a0b3e,prim_clock_div,96,872,15,2,DiagCode(CouldNotOpenIncludeFile);DiagCode(UnknownDirective),1,1,1,clk_i,0,5,0,2,1,2026-08-25T21:44:32.712049+00:00
Production-oriented open RTL,OpenTitan,https://github.com/lowRISC/opentitan,e3f3234aa3772760cdf40e79a8ae4471b6b02213,hw/ip/prim_xilinx_ultrascale/rtl/prim_clock_gating.sv,73e8334d838d2e02a9d64139c80bffae62ed40df7e701d68bfd853fdbff20b25,prim_clock_gating,21,150,10,0,,1,0,0,,0,1,0,0,1,2026-08-25T21:44:32.712049+00:00
Production-oriented open RTL,OpenTitan,https://github.com/lowRISC/opentitan,e3f3234aa3772760cdf40e79a8ae4471b6b02213,hw/ip/prim_xilinx_ultrascale/rtl/prim_clock_inv.sv,ab756f825d899923ad2bcc2c645f3c7ae9e160b5f29a8809d38005c2f853af68,prim_clock_inv,43,345,12,0,,1,0,0,,0,2,0,0,1,2026-08-25T21:44:32.712049+00:00
Production-oriented open RTL,OpenTitan,https://github.com/lowRISC/opentitan,e3f3234aa3772760cdf40e79a8ae4471b6b02213,hw/ip/prim_xilinx_ultrascale/rtl/prim_inv.sv,ea6be0c69a7b8df8c274dc14a4dbb22ab90651b229624d372ac057cc3de49ed0,prim_inv,9,88,10,1,DiagCode(CouldNotOpenIncludeFile),1,0,0,,0,0,0,0,1,2026-08-25T21:44:32.712049+00:00
Production-oriented open RTL,OpenTitan,https://github.com/lowRISC/opentitan,e3f3234aa3772760cdf40e79a8ae4471b6b02213,hw/ip/prim_xilinx_ultrascale/rtl/prim_pad_wrapper.sv,1036652b505b771a4d69a36426a705aa0c43fee70ef9c990ecf0d64db91e5c17,prim_pad_wrapper,78,672,13,2,DiagCode(CouldNotOpenIncludeFile);DiagCode(UnknownDirective),1,0,0,,0,4,0,0,1,2026-08-25T21:44:32.712049+00:00
Production-oriented open RTL,OpenTitan,https://github.com/lowRISC/opentitan,e3f3234aa3772760cdf40e79a8ae4471b6b02213,hw/ip/prim_xilinx_ultrascale/rtl/prim_xor2.sv,ed71e68abece2d980e207261839a09e434465ae205cd5f208ec7241868b87ceb,prim_xor2,10,112,10,1,DiagCode(CouldNotOpenIncludeFile),1,0,0,,0,0,0,0,1,2026-08-25T21:44:32.712049+00:00
Production-oriented open RTL,OpenTitan,https://github.com/lowRISC/opentitan,e3f3234aa3772760cdf40e79a8ae4471b6b02213,hw/ip/rom_ctrl/rtl/rom_ctrl.sv,46f2db57b8850669d30baf5e1245933a22e6a6149e4321e8fb1fa74eb80f0e43,rom_ctrl,340,3599,13,32,DiagCode(CouldNotOpenIncludeFile);DiagCode(UnknownDirective),1,0,0,,0,9,8,1,6,2026-08-25T21:44:32.712049+00:00
Production-oriented open RTL,OpenTitan,https://github.com/lowRISC/opentitan,e3f3234aa3772760cdf40e79a8ae4471b6b02213,hw/ip/rom_ctrl/rtl/rom_ctrl_compare.sv,d395bbf0f3f09cfb5fb1800cadee8b14329507bca48a1bbc9516fe39fbeb9d39,rom_ctrl_compare,94,969,11,3,DiagCode(CouldNotOpenIncludeFile);DiagCode(UnknownDirective),1,1,1,clk_i,0,2,2,0,3,2026-08-25T21:44:32.712049+00:00
Production-oriented open RTL,OpenTitan,https://github.com/lowRISC/opentitan,e3f3234aa3772760cdf40e79a8ae4471b6b02213,hw/ip/rom_ctrl/rtl/rom_ctrl_counter.sv,eda660151a8a9049cde62c5ea4660b35ccfa5d06e8be31106ae803b63383f862,rom_ctrl_counter,61,696,15,3,DiagCode(CouldNotOpenIncludeFile);DiagCode(UnknownDirective),1,1,1,clk_i,0,0,0,0,1,2026-08-25T21:44:32.712049+00:00
Production-oriented open RTL,OpenTitan,https://github.com/lowRISC/opentitan,e3f3234aa3772760cdf40e79a8ae4471b6b02213,hw/ip/rom_ctrl/rtl/rom_ctrl_fsm.sv,bc1790a1e75a5d422a89e27b149c46b27b849bdc833851b7b34d19cfadf78243,rom_ctrl_fsm,170,1798,15,6,DiagCode(CouldNotOpenIncludeFile);DiagCode(UnknownDirective),1,1,1,clk_i,0,2,2,0,4,2026-08-25T21:44:32.712049+00:00
Production-oriented open RTL,OpenTitan,https://github.com/lowRISC/opentitan,e3f3234aa3772760cdf40e79a8ae4471b6b02213,hw/ip/rom_ctrl/rtl/rom_ctrl_mux.sv,bf36005a96bd4846d9849a7853b55a963e67b2608293f9bf3a41432d689949be,rom_ctrl_mux,69,860,11,0,,1,1,1,clk_i,0,2,0,2,1,2026-08-25T21:44:32.712049+00:00
Production-oriented open RTL,OpenTitan,https://github.com/lowRISC/opentitan,e3f3234aa3772760cdf40e79a8ae4471b6b02213,hw/ip/rom_ctrl/rtl/rom_ctrl_regs_reg_top.sv,b86dd4395759f50489b068f3f33675f8afd7669b631c3e71aad7f54d8e20cc6c,rom_ctrl_regs_reg_top,561,6617,34,5,DiagCode(CouldNotOpenIncludeFile);DiagCode(UnknownDirective),1,1,1,clk_i,0,23,23,0,5,2026-08-25T21:44:32.712049+00:00
Production-oriented open RTL,OpenTitan,https://github.com/lowRISC/opentitan,e3f3234aa3772760cdf40e79a8ae4471b6b02213,hw/ip/rom_ctrl/rtl/rom_ctrl_rom_reg_top.sv,f0231b55d56094f5c728e9b9239778da3984919ebe0d9fb1b91365c3e51795e0,rom_ctrl_rom_reg_top,20,151,7,1,DiagCode(CouldNotOpenIncludeFile),1,0,0,,0,1,1,0,4,2026-08-25T21:44:32.712049+00:00
Production-oriented open RTL,OpenTitan,https://github.com/lowRISC/opentitan,e3f3234aa3772760cdf40e79a8ae4471b6b02213,hw/ip/rom_ctrl/rtl/rom_ctrl_scrambled_rom.sv,7118ecf2bfcf7201a10048fd56bff4cf33d0e802b75cffbf9856d64d9bad60ab,rom_ctrl_scrambled_rom,120,1424,14,4,DiagCode(CouldNotOpenIncludeFile);DiagCode(UnknownDirective),1,0,0,,0,4,4,0,2,2026-08-25T21:44:32.712049+00:00
Production-oriented open RTL,OpenTitan,https://github.com/lowRISC/opentitan,e3f3234aa3772760cdf40e79a8ae4471b6b02213,hw/ip/rram_ctrl/rtl/rram_ctrl.sv,def2e22c9b658cc1c43c622113902cd6b12e2b99d9701b7259405074ce181982,rram_ctrl,985,11374,15,34,DiagCode(CouldNotOpenIncludeFile);DiagCode(UnknownDirective),1,1,1,clk_i,0,25,25,0,7,2026-08-25T21:44:32.712049+00:00
Production-oriented open RTL,OpenTitan,https://github.com/lowRISC/opentitan,e3f3234aa3772760cdf40e79a8ae4471b6b02213,hw/ip/rram_ctrl/rtl/rram_ctrl_arb.sv,3ba58d499b699fa8592dd0107829f6fa2b39f77577e75a3b6630fcbf48f9fec4,rram_ctrl_arb,293,2731,20,2,DiagCode(CouldNotOpenIncludeFile);DiagCode(UnknownDirective),1,1,1,clk_i,0,0,0,0,1,2026-08-25T21:44:32.712049+00:00
Production-oriented open RTL,OpenTitan,https://github.com/lowRISC/opentitan,e3f3234aa3772760cdf40e79a8ae4471b6b02213,hw/ip/rram_ctrl/rtl/rram_ctrl_core_reg_top.sv,4b0cc79e24fda7b3d3a114c47e3eb9195cf2dfc7b4957d5286435c100d8193e8,rram_ctrl_core_reg_top,5148,56591,87,5,DiagCode(CouldNotOpenIncludeFile);DiagCode(UnknownDirective),1,1,1,clk_i,0,224,224,0,6,2026-08-25T21:44:32.712049+00:00
Production-oriented open RTL,OpenTitan,https://github.com/lowRISC/opentitan,e3f3234aa3772760cdf40e79a8ae4471b6b02213,hw/ip/rram_ctrl/rtl/rram_ctrl_lcmgr.sv,b98381c340659693326907d9206d97a34ef2e19803c92fc56b9b6b3ae424e658,rram_ctrl_lcmgr,670,6478,18,3,DiagCode(UnknownDirective),1,1,1,clk_i,0,13,12,1,3,2026-08-25T21:44:32.712049+00:00
Production-oriented open RTL,OpenTitan,https://github.com/lowRISC/opentitan,e3f3234aa3772760cdf40e79a8ae4471b6b02213,hw/ip/rram_ctrl/rtl/rram_ctrl_mp.sv,19b6503a9a28b56b75327aaaaec6b168badae4103393d271ce9ecfac6a93f29c,rram_ctrl_mp,264,3163,16,3,DiagCode(CouldNotOpenIncludeFile);DiagCode(UnknownDirective),1,1,1,clk_i,0,6,6,0,4,2026-08-25T21:44:32.712049+00:00
Production-oriented open RTL,OpenTitan,https://github.com/lowRISC/opentitan,e3f3234aa3772760cdf40e79a8ae4471b6b02213,hw/ip/rram_ctrl/rtl/rram_ctrl_mp_region_sel.sv,3c6b2839bd84ccef932d5d2aa0b649969f77597233d6b18de6bb66137e3775b1,rram_ctrl_mp_region_sel,31,407,19,1,DiagCode(CouldNotOpenIncludeFile),1,0,0,,0,0,0,0,1,2026-08-25T21:44:32.712049+00:00
Production-oriented open RTL,OpenTitan,https://github.com/lowRISC/opentitan,e3f3234aa3772760cdf40e79a8ae4471b6b02213,hw/ip/rram_ctrl/rtl/rram_ctrl_otp.sv,6c03d5d8a9eb2bde359fbd11bda1d949c241a196f0196749801119da05596bfb,rram_ctrl_otp,505,5039,24,7,DiagCode(CouldNotOpenIncludeFile);DiagCode(UnknownDirective),1,1,1,clk_i,0,5,5,0,3,2026-08-25T21:44:32.712049+00:00
Production-oriented open RTL,OpenTitan,https://github.com/lowRISC/opentitan,e3f3234aa3772760cdf40e79a8ae4471b6b02213,hw/ip/rram_ctrl/rtl/rram_ctrl_rd.sv,896bd9cdaf5d49a078b752afae6e6e6e64baf828cb68a80749039ccec87508c9,rram_ctrl_rd,128,1352,17,1,DiagCode(UnknownDirective),1,1,1,clk_i,0,2,2,0,3,2026-08-25T21:44:32.712049+00:00
Production-oriented open RTL,OpenTitan,https://github.com/lowRISC/opentitan,e3f3234aa3772760cdf40e79a8ae4471b6b02213,hw/ip/rram_ctrl/rtl/rram_ctrl_region_cfg.sv,a0be9a828895aed8365bdb6361c15dd917d65315071034ff1d833e8f92832782,rram_ctrl_region_cfg,115,1958,17,0,,1,0,0,,1,4,4,0,3,2026-08-25T21:44:32.712049+00:00
Production-oriented open RTL,OpenTitan,https://github.com/lowRISC/opentitan,e3f3234aa3772760cdf40e79a8ae4471b6b02213,hw/ip/rram_ctrl/rtl/rram_ctrl_wr.sv,95781863f41327009b18971a54c29262bfc12d2f251530968af2b3c289329a85,rram_ctrl_wr,112,1110,21,1,DiagCode(UnknownDirective),1,1,1,clk_i,0,1,1,0,2,2026-08-25T21:44:32.712049+00:00
Production-oriented open RTL,OpenTitan,https://github.com/lowRISC/opentitan,e3f3234aa3772760cdf40e79a8ae4471b6b02213,hw/ip/rram_ctrl/rtl/rram_phy.sv,3dd61fef793159880779e0c007cda2d35f04cecd9158372685e22a6f465895f2,rram_phy,339,3482,12,0,,1,1,1,clk_i,0,8,7,1,5,2026-08-25T21:44:32.712049+00:00
Production-oriented open RTL,OpenTitan,https://github.com/lowRISC/opentitan,e3f3234aa3772760cdf40e79a8ae4471b6b02213,hw/ip/rram_ctrl/rtl/rram_phy_rd.sv,ab630da8e5cecfa5f10cc9243c56671aae0207f8d2d30e133b0fc42060cf3ff4,rram_phy_rd,439,5752,17,3,DiagCode(UnknownDirective),1,1,1,clk_i,0,13,12,1,4,2026-08-25T21:44:32.712049+00:00
Production-oriented open RTL,OpenTitan,https://github.com/lowRISC/opentitan,e3f3234aa3772760cdf40e79a8ae4471b6b02213,hw/ip/rram_ctrl/rtl/rram_phy_rd_buf_dep.sv,c6b2c859d88fd07cac25965e27aedb7db55d455eedde90a0b482d854bfe3935e,rram_phy_rd_buf_dep,62,783,14,2,DiagCode(UnknownDirective),1,1,1,clk_i,0,0,0,0,1,2026-08-25T21:44:32.712049+00:00
Production-oriented open RTL,OpenTitan,https://github.com/lowRISC/opentitan,e3f3234aa3772760cdf40e79a8ae4471b6b02213,hw/ip/rram_ctrl/rtl/rram_phy_rd_buffer.sv,8d82766edd7fbf7f6c643a7e21317d94de6649de4910f3c1a48ea45ec4fe4f60,rram_phy_rd_buffer,76,805,17,4,DiagCode(UnknownDirective),1,1,1,clk_i,0,0,0,0,1,2026-08-25T21:44:32.712049+00:00
Production-oriented open RTL,OpenTitan,https://github.com/lowRISC/opentitan,e3f3234aa3772760cdf40e79a8ae4471b6b02213,hw/ip/rram_ctrl/rtl/rram_phy_wr.sv,76ed199ecea4b64f23d37650c4045d8e89a873b8116ba0022cbf874564e55e7d,rram_phy_wr,216,2067,20,1,DiagCode(UnknownDirective),1,1,1,clk_i,0,2,2,0,3,2026-08-25T21:44:32.712049+00:00
Production-oriented open RTL,OpenTitan,https://github.com/lowRISC/opentitan,e3f3234aa3772760cdf40e79a8ae4471b6b02213,hw/ip/rram_ctrl/rtl/rram_scramble.sv,5b064cf6a87d0a75a31524efaf6ac60b45ad0edaa8274b331f20f8adb3aad13c,rram_scramble,190,2182,18,0,,1,1,1,clk_i,0,4,4,0,3,2026-08-25T21:44:32.712049+00:00
Production-oriented open RTL,OpenTitan,https://github.com/lowRISC/opentitan,e3f3234aa3772760cdf40e79a8ae4471b6b02213,hw/ip/rram_macro/rtl/rram_macro.sv,c79e10aec28800cdf796762a7a3fa8d19fe18e472a336324bf3ffefe82f1451d,rram_macro,342,3452,23,5,DiagCode(UnknownDirective),1,1,1,clk_i,0,5,3,2,6,2026-08-25T21:44:32.712049+00:00
Production-oriented open RTL,OpenTitan,https://github.com/lowRISC/opentitan,e3f3234aa3772760cdf40e79a8ae4471b6b02213,hw/ip/rram_macro/rtl/rram_macro_prim_reg_top.sv,02b15a07e0220a6b7a971c6de48cf63a762dcef16812f75becc1ab4e64efcf6e,rram_macro_prim_reg_top,361,3699,19,5,DiagCode(CouldNotOpenIncludeFile);DiagCode(UnknownDirective),1,1,1,clk_i,0,15,15,0,5,2026-08-25T21:44:32.712049+00:00
Production-oriented open RTL,OpenTitan,https://github.com/lowRISC/opentitan,e3f3234aa3772760cdf40e79a8ae4471b6b02213,hw/ip/rv_core_ibex/rtl/rv_core_ibex_cheriot_switch.sv,ba90b425d747784748b1f22248c4d4125ec0c83e7debba615a98a3e08a15b6b8,rv_core_ibex_cheriot_switch,58,454,19,4,DiagCode(CouldNotOpenIncludeFile);DiagCode(UnknownDirective),1,0,0,,0,0,0,0,1,2026-08-25T21:44:32.712049+00:00
Production-oriented open RTL,OpenTitan,https://github.com/lowRISC/opentitan,e3f3234aa3772760cdf40e79a8ae4471b6b02213,hw/ip/rv_dm/rtl/rv_dm.sv,9244a7a36f8afed67c7315a9d5559926cd733da23dce26f068a9d7011f132df3,rv_dm,524,5129,18,22,DiagCode(CouldNotOpenIncludeFile);DiagCode(UnknownDirective),1,1,1,clk_i,2,21,17,2,7,2026-08-25T21:44:32.712049+00:00
Production-oriented open RTL,OpenTitan,https://github.com/lowRISC/opentitan,e3f3234aa3772760cdf40e79a8ae4471b6b02213,hw/ip/rv_dm/rtl/rv_dm_dbg_reg_top.sv,431bf1bfeec4f822e416390df370e4e520a6fb708ba86aa48dbf586b77d5d396,rv_dm_dbg_reg_top,30,242,10,1,DiagCode(CouldNotOpenIncludeFile),1,1,1,clk_i,0,1,1,0,4,2026-08-25T21:44:32.712049+00:00
Production-oriented open RTL,OpenTitan,https://github.com/lowRISC/opentitan,e3f3234aa3772760cdf40e79a8ae4471b6b02213,hw/ip/rv_dm/rtl/rv_dm_dmi_gate.sv,efe75d467cb85eb1b67e23bbaf0cbc5f1154e7fca57e9268901c171c98dc91a4,rv_dm_dmi_gate,165,1392,16,6,DiagCode(CouldNotOpenIncludeFile);DiagCode(UnknownDirective),1,1,1,clk_i,1,10,10,0,6,2026-08-25T21:44:32.712049+00:00
Production-oriented open RTL,OpenTitan,https://github.com/lowRISC/opentitan,e3f3234aa3772760cdf40e79a8ae4471b6b02213,hw/ip/rv_dm/rtl/rv_dm_mem_reg_top.sv,d31ede37ce7ea43db555ed140098419d7c553b22eef7af42b30e354e7c92503d,rv_dm_mem_reg_top,6906,80260,297,5,DiagCode(CouldNotOpenIncludeFile);DiagCode(UnknownDirective),1,1,1,clk_i,0,286,286,0,6,2026-08-25T21:44:32.712049+00:00
Production-oriented open RTL,OpenTitan,https://github.com/lowRISC/opentitan,e3f3234aa3772760cdf40e79a8ae4471b6b02213,hw/ip/rv_dm/rtl/rv_dm_regs_reg_top.sv,3295022007c2b98ecb107aaeb8d5b2ec7bd44caf443fa2da7ad01c8d9b8603e3,rv_dm_regs_reg_top,245,2605,21,5,DiagCode(CouldNotOpenIncludeFile);DiagCode(UnknownDirective),1,1,1,clk_i,0,8,8,0,5,2026-08-25T21:44:32.712049+00:00
Production-oriented open RTL,OpenTitan,https://github.com/lowRISC/opentitan,e3f3234aa3772760cdf40e79a8ae4471b6b02213,hw/ip/rv_timer/rtl/rv_timer.sv,24b5d04b0528290b3d36a1b6050b13c1d9769a8f01306450e4c4de6a2ad78404,rv_timer,120,1779,12,7,DiagCode(CouldNotOpenIncludeFile);DiagCode(UnknownDirective),1,0,0,,0,4,4,0,6,2026-08-25T21:44:32.712049+00:00
Production-oriented open RTL,OpenTitan,https://github.com/lowRISC/opentitan,e3f3234aa3772760cdf40e79a8ae4471b6b02213,hw/ip/rv_timer/rtl/rv_timer_reg_top.sv,dfcbbd581540a93f1002ecb103c623272bf3b4e8307c9218ab03f8d033842687,rv_timer_reg_top,484,5427,26,5,DiagCode(CouldNotOpenIncludeFile);DiagCode(UnknownDirective),1,1,1,clk_i,0,18,16,2,5,2026-08-25T21:44:32.712049+00:00
Production-oriented open RTL,OpenTitan,https://github.com/lowRISC/opentitan,e3f3234aa3772760cdf40e79a8ae4471b6b02213,hw/ip/rv_timer/rtl/timer_core.sv,9ebebe1c5517edbba276c25e7594a43ae11588a5627c0e070fe6b927c6944644,timer_core,32,409,14,0,,1,1,1,clk_i,0,0,0,0,1,2026-08-25T21:44:32.712049+00:00
Production-oriented open RTL,OpenTitan,https://github.com/lowRISC/opentitan,e3f3234aa3772760cdf40e79a8ae4471b6b02213,hw/ip/soc_dbg_ctrl/rtl/soc_dbg_ctrl.sv,76d432adfbcce01627e1a260a7170b9a801361a0e8e6ce3926d5e5f35768492c,soc_dbg_ctrl,259,3089,19,12,DiagCode(CouldNotOpenIncludeFile);DiagCode(UnknownDirective),1,1,1,clk_i,1,5,5,0,6,2026-08-25T21:44:32.712049+00:00
Production-oriented open RTL,OpenTitan,https://github.com/lowRISC/opentitan,e3f3234aa3772760cdf40e79a8ae4471b6b02213,hw/ip/soc_dbg_ctrl/rtl/soc_dbg_ctrl_core_reg_top.sv,a591c471a6dac470cd3ffb4e0fcbd8f1f299e8f65327221a1eeffbfdaf9608ab,soc_dbg_ctrl_core_reg_top,450,4646,23,5,DiagCode(CouldNotOpenIncludeFile);DiagCode(UnknownDirective),1,1,1,clk_i,0,17,17,0,5,2026-08-25T21:44:32.712049+00:00
Production-oriented open RTL,OpenTitan,https://github.com/lowRISC/opentitan,e3f3234aa3772760cdf40e79a8ae4471b6b02213,hw/ip/soc_dbg_ctrl/rtl/soc_dbg_ctrl_decode.sv,ea38de3e9e71bb2798511424f8c102b30dafa610ef0b70578cd69009c2d818e8,soc_dbg_ctrl_decode,83,781,10,0,,1,0,0,,2,5,3,2,3,2026-08-25T21:44:32.712049+00:00
Production-oriented open RTL,OpenTitan,https://github.com/lowRISC/opentitan,e3f3234aa3772760cdf40e79a8ae4471b6b02213,hw/ip/soc_dbg_ctrl/rtl/soc_dbg_ctrl_jtag_reg_top.sv,1c7cdfb32f7d0b663d1e6e69a9b0f89e88ea2b39359f6914d492779debed9bfd,soc_dbg_ctrl_jtag_reg_top,433,4185,22,5,DiagCode(CouldNotOpenIncludeFile);DiagCode(UnknownDirective),1,1,1,clk_i,0,22,22,0,5,2026-08-25T21:44:32.712049+00:00
Production-oriented open RTL,OpenTitan,https://github.com/lowRISC/opentitan,e3f3234aa3772760cdf40e79a8ae4471b6b02213,hw/ip/spi_device/rtl/spi_cmdparse.sv,00989c767a737116d76df336d5485521c27207042f19873c413f5484ab22c847,spi_cmdparse,268,2589,18,5,DiagCode(CouldNotOpenIncludeFile);DiagCode(UnknownDirective),1,1,1,clk_i,0,0,0,0,1,2026-08-25T21:44:32.712049+00:00
Production-oriented open RTL,OpenTitan,https://github.com/lowRISC/opentitan,e3f3234aa3772760cdf40e79a8ae4471b6b02213,hw/ip/spi_device/rtl/spi_device.sv,8bf996a6e06e1d958b69e9491f0c0b54a0545f546275cdaa6f51ea3538561358,spi_device,1405,16006,18,20,DiagCode(CouldNotOpenIncludeFile);DiagCode(UnknownDirective),1,2,2,clk_i;clk_spi_out_buf,6,54,33,21,9,2026-08-25T21:44:32.712049+00:00
Production-oriented open RTL,OpenTitan,https://github.com/lowRISC/opentitan,e3f3234aa3772760cdf40e79a8ae4471b6b02213,hw/ip/spi_device/rtl/spi_device_reg_top.sv,b71d8e46571b5fee66fa1e68750a86dd5bd584c4aa981802e67871b2a95221de,spi_device_reg_top,14610,148100,89,5,DiagCode(CouldNotOpenIncludeFile);DiagCode(UnknownDirective),1,1,1,clk_i,0,674,674,0,6,2026-08-25T21:44:32.712049+00:00
Production-oriented open RTL,OpenTitan,https://github.com/lowRISC/opentitan,e3f3234aa3772760cdf40e79a8ae4471b6b02213,hw/ip/spi_device/rtl/spi_p2s.sv,c0b271c72759edfce65dd6f86d4b2182d631fe8dcfdaec40b5676bbaf977eac2,spi_p2s,107,1288,15,3,DiagCode(CouldNotOpenIncludeFile);DiagCode(UnknownDirective),1,1,1,clk_i,0,0,0,0,1,2026-08-25T21:44:32.712049+00:00
Production-oriented open RTL,OpenTitan,https://github.com/lowRISC/opentitan,e3f3234aa3772760cdf40e79a8ae4471b6b02213,hw/ip/spi_device/rtl/spi_passthrough.sv,b23c7437bc24f12afa2ff8c7b18f308fe69dd797e3e43c78381e87167970c3e0,spi_passthrough,451,4637,23,3,DiagCode(CouldNotOpenIncludeFile);DiagCode(UnknownDirective),1,2,2,clk_i;clk_out_i,0,6,0,6,1,2026-08-25T21:44:32.712049+00:00
Production-oriented open RTL,OpenTitan,https://github.com/lowRISC/opentitan,e3f3234aa3772760cdf40e79a8ae4471b6b02213,hw/ip/spi_device/rtl/spi_readcmd.sv,b3f78ca41911f281b5a527dd4ec3fdfa5651da6aa1ffb7fbc44f4835ad58224a,spi_readcmd,361,3389,17,4,DiagCode(CouldNotOpenIncludeFile);DiagCode(UnknownDirective),1,2,2,clk_i;clk_out_i,1,3,3,0,5,2026-08-25T21:44:32.712049+00:00
Production-oriented open RTL,OpenTitan,https://github.com/lowRISC/opentitan,e3f3234aa3772760cdf40e79a8ae4471b6b02213,hw/ip/spi_device/rtl/spi_s2p.sv,502263ce64398b5e1754c6001899b91419978650f42e5a4838a44e3de1559bd7,spi_s2p,64,769,16,2,DiagCode(CouldNotOpenIncludeFile);DiagCode(UnknownDirective),1,1,1,clk_i,0,0,0,0,1,2026-08-25T21:44:32.712049+00:00
Production-oriented open RTL,OpenTitan,https://github.com/lowRISC/opentitan,e3f3234aa3772760cdf40e79a8ae4471b6b02213,hw/ip/spi_device/rtl/spi_tpm.sv,ed9c229b8f3b59b493c0ca9b03aa4abdf932568d0d288061c0218eda9d6dcafa,spi_tpm,914,9193,19,18,DiagCode(CouldNotOpenIncludeFile);DiagCode(UnknownDirective),1,3,3,clk_in_i;clk_out_i;sys_clk_i,3,10,10,0,5,2026-08-25T21:44:32.712049+00:00
Production-oriented open RTL,OpenTitan,https://github.com/lowRISC/opentitan,e3f3234aa3772760cdf40e79a8ae4471b6b02213,hw/ip/spi_device/rtl/spid_addr_4b.sv,12813c482c77d02263f1f6b38529cb8e3e2042dbb2cc921e80db9ade3f09a77e,spid_addr_4b,88,719,12,1,DiagCode(CouldNotOpenIncludeFile),1,2,2,spi_clk_i;sys_clk_i,2,2,2,0,4,2026-08-25T21:44:32.712049+00:00
Production-oriented open RTL,OpenTitan,https://github.com/lowRISC/opentitan,e3f3234aa3772760cdf40e79a8ae4471b6b02213,hw/ip/spi_device/rtl/spid_csb_sync.sv,3795144077036d3f12c73cbaf268b429e9241081ae6f0525b785cf606409ef4a,spid_csb_sync,42,320,12,0,,1,3,1,clk_i,2,1,1,0,2,2026-08-25T21:44:32.712049+00:00
Production-oriented open RTL,OpenTitan,https://github.com/lowRISC/opentitan,e3f3234aa3772760cdf40e79a8ae4471b6b02213,hw/ip/spi_device/rtl/spid_dpram.sv,189f5a2b000b43900479b6cf4e2d5654af7eaeb79e28951e24b61964d7ee39aa,spid_dpram,182,1824,13,0,,1,1,1,clk_spi_i,0,3,3,0,3,2026-08-25T21:44:32.712049+00:00
Production-oriented open RTL,OpenTitan,https://github.com/lowRISC/opentitan,e3f3234aa3772760cdf40e79a8ae4471b6b02213,hw/ip/spi_device/rtl/spid_fifo2sram_adapter.sv,73774466d0aa3acb0231f495f1730b24d031ae8cc4e3cf0b64546fc4b358798b,spid_fifo2sram_adapter,67,901,20,3,DiagCode(CouldNotOpenIncludeFile);DiagCode(UnknownDirective),1,1,1,clk_i,0,0,0,0,1,2026-08-25T21:44:32.712049+00:00
Production-oriented open RTL,OpenTitan,https://github.com/lowRISC/opentitan,e3f3234aa3772760cdf40e79a8ae4471b6b02213,hw/ip/spi_device/rtl/spid_jedec.sv,8d20be53244135504a4bffb24303f35d5a5973d5626b0f9367f51545cb496179,spid_jedec,112,1095,18,2,DiagCode(CouldNotOpenIncludeFile);DiagCode(UnknownDirective),1,2,2,clk_i;clk_out_i,0,0,0,0,1,2026-08-25T21:44:32.712049+00:00
Production-oriented open RTL,OpenTitan,https://github.com/lowRISC/opentitan,e3f3234aa3772760cdf40e79a8ae4471b6b02213,hw/ip/spi_device/rtl/spid_readbuffer.sv,9238631fbd144324f3e79e836c5f1946cb15074500cde928cf35cb4fb2c4848f,spid_readbuffer,126,1188,15,2,DiagCode(CouldNotOpenIncludeFile);DiagCode(UnknownDirective),1,2,2,clk_i;sys_clk_i,1,1,1,0,3,2026-08-25T21:44:32.712049+00:00
Production-oriented open RTL,OpenTitan,https://github.com/lowRISC/opentitan,e3f3234aa3772760cdf40e79a8ae4471b6b02213,hw/ip/spi_device/rtl/spid_readsram.sv,6721efade767de7be6ec0d0dcabaa04f7a254aba109d2d0b07ffd536df79235f,spid_readsram,189,1919,16,7,DiagCode(CouldNotOpenIncludeFile);DiagCode(UnknownDirective),1,1,1,clk_i,0,2,2,0,4,2026-08-25T21:44:32.712049+00:00
Production-oriented open RTL,OpenTitan,https://github.com/lowRISC/opentitan,e3f3234aa3772760cdf40e79a8ae4471b6b02213,hw/ip/spi_device/rtl/spid_status.sv,803c3d1a3829962668d15544c7727914027a4ab8779cae97f81b199aa6eb7610,spid_status,221,2110,19,2,DiagCode(CouldNotOpenIncludeFile);DiagCode(UnknownDirective),1,3,3,clk_i;clk_out_i;sys_clk_i,0,4,1,3,3,2026-08-25T21:44:32.712049+00:00
Production-oriented open RTL,OpenTitan,https://github.com/lowRISC/opentitan,e3f3234aa3772760cdf40e79a8ae4471b6b02213,hw/ip/spi_device/rtl/spid_upload.sv,f0fdb79993438bc4c30862efb1d63e2da480d9c2ac9416600752d346bbf39c5a,spid_upload,452,4993,17,6,DiagCode(CouldNotOpenIncludeFile);DiagCode(UnknownDirective),1,2,2,clk_i;sys_clk_i,1,6,6,0,5,2026-08-25T21:44:32.712049+00:00
Production-oriented open RTL,OpenTitan,https://github.com/lowRISC/opentitan,e3f3234aa3772760cdf40e79a8ae4471b6b02213,hw/ip/spi_host/rtl/spi_host.sv,cf138a8b69249c303cc704a89a3391b021b639b80c5a4788be9bcd910e8e77ac,spi_host,508,5952,15,17,DiagCode(CouldNotOpenIncludeFile);DiagCode(UnknownDirective),1,1,1,clk_i,0,9,9,0,10,2026-08-25T21:44:32.712049+00:00
Production-oriented open RTL,OpenTitan,https://github.com/lowRISC/opentitan,e3f3234aa3772760cdf40e79a8ae4471b6b02213,hw/ip/spi_host/rtl/spi_host_byte_merge.sv,68b2c02faa5893399cfa5c48151c67a1d251da1bfe553d2c09674dce8ecf2431,spi_host_byte_merge,51,442,9,0,,1,1,1,clk_i,0,1,1,0,2,2026-08-25T21:44:32.712049+00:00
Production-oriented open RTL,OpenTitan,https://github.com/lowRISC/opentitan,e3f3234aa3772760cdf40e79a8ae4471b6b02213,hw/ip/spi_host/rtl/spi_host_byte_select.sv,8fe85d2fb05aaa0abbc7742c3e136ab5e7af9143ddfdb902beaf67f6f3121b97,spi_host_byte_select,42,428,10,0,,1,0,0,,0,1,1,0,2,2026-08-25T21:44:32.712049+00:00
Production-oriented open RTL,OpenTitan,https://github.com/lowRISC/opentitan,e3f3234aa3772760cdf40e79a8ae4471b6b02213,hw/ip/spi_host/rtl/spi_host_command_queue.sv,c91fd4aad8cd2bade7dd4e4010aeaa6fe4ad7b0a4fbf6b46f8b0e2d9690281ea,spi_host_command_queue,44,471,11,0,,1,0,0,,0,1,1,0,4,2026-08-25T21:44:32.712049+00:00
Production-oriented open RTL,OpenTitan,https://github.com/lowRISC/opentitan,e3f3234aa3772760cdf40e79a8ae4471b6b02213,hw/ip/spi_host/rtl/spi_host_core.sv,dc89b9b63ba31a219eef38999e77ae01b8e361007ef1eaf99306d5e50c72cd7b,spi_host_core,127,1062,11,0,,1,0,0,,0,4,4,0,3,2026-08-25T21:44:32.712049+00:00
Production-oriented open RTL,OpenTitan,https://github.com/lowRISC/opentitan,e3f3234aa3772760cdf40e79a8ae4471b6b02213,hw/ip/spi_host/rtl/spi_host_data_fifos.sv,9dacf4e1bcb48c85aefc5e858a146974e88ee1a04599e1792bd456dfc9cb6860,spi_host_data_fifos,99,1107,11,2,DiagCode(CouldNotOpenIncludeFile);DiagCode(UnknownDirective),1,0,0,,0,2,2,0,4,2026-08-25T21:44:32.712049+00:00
Production-oriented open RTL,OpenTitan,https://github.com/lowRISC/opentitan,e3f3234aa3772760cdf40e79a8ae4471b6b02213,hw/ip/spi_host/rtl/spi_host_fsm.sv,5324b93183a0475c5e955b76a7b1e9c1c9739e810a70d213491c5657837ee47c,spi_host_fsm,466,4911,17,3,DiagCode(UnknownDirective),1,1,1,clk_i,0,1,0,1,1,2026-08-25T21:44:32.712049+00:00
Production-oriented open RTL,OpenTitan,https://github.com/lowRISC/opentitan,e3f3234aa3772760cdf40e79a8ae4471b6b02213,hw/ip/spi_host/rtl/spi_host_reg_top.sv,474daa89a97598d5c0c3c69614ee6569cd48795b4ba4d7572c66c894a66b571b,spi_host_reg_top,1387,14524,28,5,DiagCode(CouldNotOpenIncludeFile);DiagCode(UnknownDirective),1,1,1,clk_i,0,61,61,0,6,2026-08-25T21:44:32.712049+00:00
Production-oriented open RTL,OpenTitan,https://github.com/lowRISC/opentitan,e3f3234aa3772760cdf40e79a8ae4471b6b02213,hw/ip/spi_host/rtl/spi_host_shift_register.sv,8521227fb238f1962e34d671ffc274b5d43d7c4b5582549c00d6093fe5b0d2ce,spi_host_shift_register,78,983,10,2,DiagCode(CouldNotOpenIncludeFile);DiagCode(UnknownDirective),1,1,1,clk_i,0,0,0,0,1,2026-08-25T21:44:32.712049+00:00
Production-oriented open RTL,OpenTitan,https://github.com/lowRISC/opentitan,e3f3234aa3772760cdf40e79a8ae4471b6b02213,hw/ip/spi_host/rtl/spi_host_window.sv,1fdac5f75e14237f5d49edc9fc7d1cc0f9bb4b7bf101891ac8510d5caea40dd2,spi_host_window,103,991,12,2,DiagCode(CouldNotOpenIncludeFile);DiagCode(UnknownDirective),1,0,0,,0,2,2,0,9,2026-08-25T21:44:32.712049+00:00
Production-oriented open RTL,OpenTitan,https://github.com/lowRISC/opentitan,e3f3234aa3772760cdf40e79a8ae4471b6b02213,hw/ip/sram_ctrl/rtl/sram_ctrl.sv,ecdbbb49d6a37bca38550f037d41d62dcc7ad37dec8208ff45a9f0c9bee54fa4,sram_ctrl,487,5168,18,21,DiagCode(CouldNotOpenIncludeFile);DiagCode(UnknownDirective),1,1,1,clk_i,0,19,16,3,9,2026-08-25T21:44:32.712049+00:00
Production-oriented open RTL,OpenTitan,https://github.com/lowRISC/opentitan,e3f3234aa3772760cdf40e79a8ae4471b6b02213,hw/ip/sram_ctrl/rtl/sram_ctrl_ram_reg_top.sv,e263bf37a47bb1b9a0a648209a2ebc8d34267b8b137422de022ec96a11f1bb80,sram_ctrl_ram_reg_top,30,262,9,1,DiagCode(CouldNotOpenIncludeFile),1,0,0,,0,1,1,0,4,2026-08-25T21:44:32.712049+00:00
Production-oriented open RTL,OpenTitan,https://github.com/lowRISC/opentitan,e3f3234aa3772760cdf40e79a8ae4471b6b02213,hw/ip/sram_ctrl/rtl/sram_ctrl_regs_reg_top.sv,cc6728cdfb67a8f132cb40cddef1c645c80ccdaee746c451a19ca4301224bed8,sram_ctrl_regs_reg_top,579,6235,25,5,DiagCode(CouldNotOpenIncludeFile);DiagCode(UnknownDirective),1,1,1,clk_i,0,23,22,1,5,2026-08-25T21:44:32.712049+00:00
Production-oriented open RTL,OpenTitan,https://github.com/lowRISC/opentitan,e3f3234aa3772760cdf40e79a8ae4471b6b02213,hw/ip/sysrst_ctrl/rtl/sysrst_ctrl.sv,3af8a1fed5b2fa14177f66b984a2a0ac5098dec5c9a0e2686fe873540255237c,sysrst_ctrl,254,2526,11,24,DiagCode(CouldNotOpenIncludeFile);DiagCode(UnknownDirective),1,0,0,,1,9,9,0,6,2026-08-25T21:44:32.712049+00:00
Production-oriented open RTL,OpenTitan,https://github.com/lowRISC/opentitan,e3f3234aa3772760cdf40e79a8ae4471b6b02213,hw/ip/sysrst_ctrl/rtl/sysrst_ctrl_autoblock.sv,6373e2a9db60ae7a0f0165cffe444a8f11fd161c3173a28bc0c5bd8de937c81d,sysrst_ctrl_autoblock,42,388,10,0,,1,0,0,,0,1,1,0,2,2026-08-25T21:44:32.712049+00:00
Production-oriented open RTL,OpenTitan,https://github.com/lowRISC/opentitan,e3f3234aa3772760cdf40e79a8ae4471b6b02213,hw/ip/sysrst_ctrl/rtl/sysrst_ctrl_combo.sv,07569a3034da540024e83687a16a8a7da6bd577c8b63b98d657c358566e5a133,sysrst_ctrl_combo,114,1237,13,0,,1,0,0,,0,3,3,0,2,2026-08-25T21:44:32.712049+00:00
Production-oriented open RTL,OpenTitan,https://github.com/lowRISC/opentitan,e3f3234aa3772760cdf40e79a8ae4471b6b02213,hw/ip/sysrst_ctrl/rtl/sysrst_ctrl_comboact.sv,a2ce7c9f4c3bd500b5007d1600ac0493da9c03e997057ea7163799ed2cc2d342,sysrst_ctrl_comboact,56,566,9,0,,1,1,1,clk_i,0,0,0,0,1,2026-08-25T21:44:32.712049+00:00
Production-oriented open RTL,OpenTitan,https://github.com/lowRISC/opentitan,e3f3234aa3772760cdf40e79a8ae4471b6b02213,hw/ip/sysrst_ctrl/rtl/sysrst_ctrl_detect.sv,18918b5c827bc5f2c5a7873c906c0445ae89778449c333f0fd9e974b6beb83d0,sysrst_ctrl_detect,135,1237,15,22,DiagCode(CouldNotOpenIncludeFile);DiagCode(UnknownDirective),1,1,1,clk_i,0,0,0,0,1,2026-08-25T21:44:32.712049+00:00
Production-oriented open RTL,OpenTitan,https://github.com/lowRISC/opentitan,e3f3234aa3772760cdf40e79a8ae4471b6b02213,hw/ip/sysrst_ctrl/rtl/sysrst_ctrl_intr.sv,d00a699a8d49bba1b7ef5512a5b825063e07a990d6486def3442f609bad246d7,sysrst_ctrl_intr,148,1653,13,0,,1,2,2,clk_aon_i;clk_i,0,2,2,0,3,2026-08-25T21:44:32.712049+00:00
Production-oriented open RTL,OpenTitan,https://github.com/lowRISC/opentitan,e3f3234aa3772760cdf40e79a8ae4471b6b02213,hw/ip/sysrst_ctrl/rtl/sysrst_ctrl_keyintr.sv,8b5a2ce8ca2b0cad5698b398244cbfb05b3cb330b928daa73fac043bd5f211ef,sysrst_ctrl_keyintr,79,667,11,0,,1,0,0,,0,2,2,0,2,2026-08-25T21:44:32.712049+00:00
Production-oriented open RTL,OpenTitan,https://github.com/lowRISC/opentitan,e3f3234aa3772760cdf40e79a8ae4471b6b02213,hw/ip/sysrst_ctrl/rtl/sysrst_ctrl_pin.sv,0c716010567b95036ec1a13ed71ca8bd93c27991a63e9865b081be2e0bf8fb7b,sysrst_ctrl_pin,132,1194,15,0,,1,0,0,,1,1,1,0,2,2026-08-25T21:44:32.712049+00:00
Production-oriented open RTL,OpenTitan,https://github.com/lowRISC/opentitan,e3f3234aa3772760cdf40e79a8ae4471b6b02213,hw/ip/sysrst_ctrl/rtl/sysrst_ctrl_reg_top.sv,ba565a3ce52f71cdd965ddf9831c3f7016535b70017731e300562847c4108d83,sysrst_ctrl_reg_top,5099,50588,59,5,DiagCode(CouldNotOpenIncludeFile);DiagCode(UnknownDirective),1,1,1,clk_i,68,207,207,0,5,2026-08-25T21:44:32.712049+00:00
Production-oriented open RTL,OpenTitan,https://github.com/lowRISC/opentitan,e3f3234aa3772760cdf40e79a8ae4471b6b02213,hw/ip/sysrst_ctrl/rtl/sysrst_ctrl_ulp.sv,f9459db71293ae5536d7d9a4705c75e13acc2cf3647a42177476d8977b4768a1,sysrst_ctrl_ulp,71,529,7,0,,1,0,0,,0,3,3,0,2,2026-08-25T21:44:32.712049+00:00
Production-oriented open RTL,OpenTitan,https://github.com/lowRISC/opentitan,e3f3234aa3772760cdf40e79a8ae4471b6b02213,hw/ip/tlul/rtl/sram2tlul.sv,a0a64882c84f665d34a6ff6eb227c2e885b65857ac5a764fc51b2ba10c5997f1,sram2tlul,34,514,11,3,DiagCode(CouldNotOpenIncludeFile);DiagCode(UnknownDirective),1,0,0,,0,0,0,0,1,2026-08-25T21:44:32.712049+00:00
Production-oriented open RTL,OpenTitan,https://github.com/lowRISC/opentitan,e3f3234aa3772760cdf40e79a8ae4471b6b02213,hw/ip/tlul/rtl/tlul_adapter_dmi.sv,6abd28ffbd7da0be85654ca627da06085a19566e18b6918174d683dd2d6493c3,tlul_adapter_dmi,123,1366,14,2,DiagCode(CouldNotOpenIncludeFile);DiagCode(UnknownDirective),1,1,1,clk_i,0,3,3,0,4,2026-08-25T21:44:32.712049+00:00
Production-oriented open RTL,OpenTitan,https://github.com/lowRISC/opentitan,e3f3234aa3772760cdf40e79a8ae4471b6b02213,hw/ip/tlul/rtl/tlul_adapter_host.sv,cf6da0f1482e3e6804c53dca044a9cf538d24e722183ee000d3442b28b88eafe,tlul_adapter_host,105,1236,16,1,DiagCode(CouldNotOpenIncludeFile),1,1,1,clk_i,0,2,2,0,4,2026-08-25T21:44:32.712049+00:00
Production-oriented open RTL,OpenTitan,https://github.com/lowRISC/opentitan,e3f3234aa3772760cdf40e79a8ae4471b6b02213,hw/ip/tlul/rtl/tlul_adapter_racl.sv,fde13265646c27d04d5fe573a06e88278d199af4ab5f8326c9dd5fba5bbe27cf,tlul_adapter_racl,77,976,12,3,DiagCode(CouldNotOpenIncludeFile);DiagCode(UnknownDirective),1,0,0,,0,2,2,0,7,2026-08-25T21:44:32.712049+00:00
Production-oriented open RTL,OpenTitan,https://github.com/lowRISC/opentitan,e3f3234aa3772760cdf40e79a8ae4471b6b02213,hw/ip/tlul/rtl/tlul_adapter_reg.sv,6993b14697bc826c619793697ffaea382d4bba3775c23af3add25ad3914ef531,tlul_adapter_reg,163,1699,19,3,DiagCode(CouldNotOpenIncludeFile);DiagCode(UnknownDirective),1,1,1,clk_i,0,3,3,0,4,2026-08-25T21:44:32.712049+00:00
Production-oriented open RTL,OpenTitan,https://github.com/lowRISC/opentitan,e3f3234aa3772760cdf40e79a8ae4471b6b02213,hw/ip/tlul/rtl/tlul_adapter_reg_racl.sv,235245b729148c6f4fd6446dc3128b08f1d9a754ce36418da49671083e06c596,tlul_adapter_reg_racl,100,1052,13,2,DiagCode(CouldNotOpenIncludeFile);DiagCode(UnknownDirective),1,0,0,,0,3,3,0,7,2026-08-25T21:44:32.712049+00:00
Production-oriented open RTL,OpenTitan,https://github.com/lowRISC/opentitan,e3f3234aa3772760cdf40e79a8ae4471b6b02213,hw/ip/tlul/rtl/tlul_adapter_shim.sv,606598718cc9a73b1535c28dad10778a014c089adcdf8f97eecde51edc0c464d,tlul_adapter_vh,103,1205,12,5,DiagCode(CouldNotOpenIncludeFile);DiagCode(UnknownDirective),1,1,1,clk_i,0,2,2,0,4,2026-08-25T21:44:32.712049+00:00
Production-oriented open RTL,OpenTitan,https://github.com/lowRISC/opentitan,e3f3234aa3772760cdf40e79a8ae4471b6b02213,hw/ip/tlul/rtl/tlul_adapter_sram.sv,20158de115ab66224b497e087cdcbf3b596f5c284c5af889d94e74934bf6ae57,tlul_adapter_sram,449,5209,18,16,DiagCode(CouldNotOpenIncludeFile);DiagCode(UnknownDirective),1,1,1,clk_i,0,9,9,0,5,2026-08-25T21:44:32.712049+00:00
Production-oriented open RTL,OpenTitan,https://github.com/lowRISC/opentitan,e3f3234aa3772760cdf40e79a8ae4471b6b02213,hw/ip/tlul/rtl/tlul_adapter_sram_racl.sv,6683721c2f10af2a0333ed6f7899c81c588b10ca3ea3611f8f54681c087e52d0,tlul_adapter_sram_racl,110,970,11,2,DiagCode(CouldNotOpenIncludeFile);DiagCode(UnknownDirective),1,0,0,,0,2,2,0,8,2026-08-25T21:44:32.712049+00:00
Production-oriented open RTL,OpenTitan,https://github.com/lowRISC/opentitan,e3f3234aa3772760cdf40e79a8ae4471b6b02213,hw/ip/tlul/rtl/tlul_adapter_vh.sv,606598718cc9a73b1535c28dad10778a014c089adcdf8f97eecde51edc0c464d,tlul_adapter_vh,103,1205,12,5,DiagCode(CouldNotOpenIncludeFile);DiagCode(UnknownDirective),1,1,1,clk_i,0,2,2,0,4,2026-08-25T21:44:32.712049+00:00
Production-oriented open RTL,OpenTitan,https://github.com/lowRISC/opentitan,e3f3234aa3772760cdf40e79a8ae4471b6b02213,hw/ip/tlul/rtl/tlul_assert.sv,68cfe1aab7d2848fd3b2b702adc35e61ba4d2138e92c305873338e5967af18ce,tlul_assert,316,4166,41,75,DiagCode(CouldNotOpenIncludeFile);DiagCode(ExpectedStatement);DiagCode(IgnoredMacroPaste);DiagCode(UnknownDirective),1,1,1,clk_i,0,0,0,0,1,2026-08-25T21:44:32.712049+00:00
Production-oriented open RTL,OpenTitan,https://github.com/lowRISC/opentitan,e3f3234aa3772760cdf40e79a8ae4471b6b02213,hw/ip/tlul/rtl/tlul_assert_multiple.sv,950aa3f0a4595688e56e047371c6b477e975c5d40cd117d019d2fbe7603cdd15,tlul_assert_multiple,20,175,11,0,,1,0,0,,0,1,1,0,2,2026-08-25T21:44:32.712049+00:00
Production-oriented open RTL,OpenTitan,https://github.com/lowRISC/opentitan,e3f3234aa3772760cdf40e79a8ae4471b6b02213,hw/ip/tlul/rtl/tlul_cmd_intg_chk.sv,1b56b9fca7e0b8643110622f6e9d5e6d8bb263bec923a5836748ba3b6f7f76ad,tlul_cmd_intg_chk,22,239,10,2,DiagCode(CouldNotOpenIncludeFile);DiagCode(UnknownDirective),1,0,0,,0,2,2,0,3,2026-08-25T21:44:32.712049+00:00
Production-oriented open RTL,OpenTitan,https://github.com/lowRISC/opentitan,e3f3234aa3772760cdf40e79a8ae4471b6b02213,hw/ip/tlul/rtl/tlul_cmd_intg_gen.sv,1b212e8f085ccc89d16b38e4731762165c11bad51cc275c356bd08f097e42518,tlul_cmd_intg_gen,36,398,10,2,DiagCode(CouldNotOpenIncludeFile);DiagCode(UnknownDirective),1,0,0,,0,2,2,0,2,2026-08-25T21:44:32.712049+00:00
Production-oriented open RTL,OpenTitan,https://github.com/lowRISC/opentitan,e3f3234aa3772760cdf40e79a8ae4471b6b02213,hw/ip/tlul/rtl/tlul_data_integ_dec.sv,0df25d94c03bef617e6ef309375c2d40cbc27719a0696fb1119ca53c3a68d2cb,tlul_data_integ_dec,13,118,11,1,DiagCode(CouldNotOpenIncludeFile),1,0,0,,0,1,1,0,2,2026-08-25T21:44:32.712049+00:00
Production-oriented open RTL,OpenTitan,https://github.com/lowRISC/opentitan,e3f3234aa3772760cdf40e79a8ae4471b6b02213,hw/ip/tlul/rtl/tlul_data_integ_enc.sv,28567bc5483eddcf20b51890bc82497f32728b6a46b134a43c01f7180a14c7a9,tlul_data_integ_enc,9,87,11,1,DiagCode(CouldNotOpenIncludeFile),1,0,0,,0,1,1,0,2,2026-08-25T21:44:32.712049+00:00
Production-oriented open RTL,OpenTitan,https://github.com/lowRISC/opentitan,e3f3234aa3772760cdf40e79a8ae4471b6b02213,hw/ip/tlul/rtl/tlul_err.sv,850cefc36e1a5c6f78161b8bf04786dc72138336a48edaf5ca92242690294462,tlul_err,65,911,18,2,DiagCode(CouldNotOpenIncludeFile);DiagCode(UnknownDirective),1,0,0,,0,0,0,0,1,2026-08-25T21:44:32.712049+00:00
Production-oriented open RTL,OpenTitan,https://github.com/lowRISC/opentitan,e3f3234aa3772760cdf40e79a8ae4471b6b02213,hw/ip/tlul/rtl/tlul_err_resp.sv,5cff3d6a33502f36fb059cb6cf626cb154633afe0dc621bddd1c40e98544372a,tlul_err_resp,58,656,15,0,,1,1,1,clk_i,0,1,1,0,4,2026-08-25T21:44:32.712049+00:00
Production-oriented open RTL,OpenTitan,https://github.com/lowRISC/opentitan,e3f3234aa3772760cdf40e79a8ae4471b6b02213,hw/ip/tlul/rtl/tlul_fifo_async.sv,fa4c988cef0b604595159409213662022c5f6df42adf431d6c2341f8c0eda539,tlul_fifo_async,80,727,12,1,DiagCode(CouldNotOpenIncludeFile),1,0,0,,0,2,2,0,3,2026-08-25T21:44:32.712049+00:00
Production-oriented open RTL,OpenTitan,https://github.com/lowRISC/opentitan,e3f3234aa3772760cdf40e79a8ae4471b6b02213,hw/ip/tlul/rtl/tlul_fifo_sync.sv,a3895f40bbbe0247cab57b22d52cf122b6e500a9e73d31a326cc89c8ccf4fafe,tlul_fifo_sync,155,1546,14,0,,1,0,0,,0,6,4,2,4,2026-08-25T21:44:32.712049+00:00
Production-oriented open RTL,OpenTitan,https://github.com/lowRISC/opentitan,e3f3234aa3772760cdf40e79a8ae4471b6b02213,hw/ip/tlul/rtl/tlul_jtag_dtm.sv,23b2b22b9fe377e9143d109282be22668290fc2f0d44823d1c4397a66e6387d8,tlul_jtag_dtm,114,1058,13,0,,1,1,1,clk_i,0,5,2,2,5,2026-08-25T21:44:32.712049+00:00
Production-oriented open RTL,OpenTitan,https://github.com/lowRISC/opentitan,e3f3234aa3772760cdf40e79a8ae4471b6b02213,hw/ip/tlul/rtl/tlul_lc_gate.sv,4c81fa79c868562d29637a2e1ea99ffa6500a520fadff5714eeb7124ab11594b,tlul_lc_gate,152,1389,18,4,DiagCode(CouldNotOpenIncludeFile);DiagCode(UnknownDirective),1,1,1,clk_i,0,4,4,0,5,2026-08-25T21:44:32.712049+00:00
Production-oriented open RTL,OpenTitan,https://github.com/lowRISC/opentitan,e3f3234aa3772760cdf40e79a8ae4471b6b02213,hw/ip/tlul/rtl/tlul_request_loopback.sv,97b2cc40944872c08760c5fce72ddfdeefcee1f5ca7d8cd158f2471d1e17af47,tlul_request_loopback,91,887,13,0,,1,0,0,,0,6,2,4,6,2026-08-25T21:44:32.712049+00:00
Production-oriented open RTL,OpenTitan,https://github.com/lowRISC/opentitan,e3f3234aa3772760cdf40e79a8ae4471b6b02213,hw/ip/tlul/rtl/tlul_rsp_intg_chk.sv,2159ecd5b1c89222c8dd6b7e807ed5e05d2e052fa5c4b7feb5747180f39064b6,tlul_rsp_intg_chk,28,279,12,2,DiagCode(CouldNotOpenIncludeFile);DiagCode(UnknownDirective),1,0,0,,0,2,2,0,3,2026-08-25T21:44:32.712049+00:00
Production-oriented open RTL,OpenTitan,https://github.com/lowRISC/opentitan,e3f3234aa3772760cdf40e79a8ae4471b6b02213,hw/ip/tlul/rtl/tlul_rsp_intg_gen.sv,673bce2f23ef8e60f95f96f14bb3a71de6e88d788e12f0b3e89bc7125ed7e145,tlul_rsp_intg_gen,45,471,11,5,DiagCode(CouldNotOpenIncludeFile);DiagCode(UnknownDirective),1,0,0,,0,2,2,0,3,2026-08-25T21:44:32.712049+00:00
Production-oriented open RTL,OpenTitan,https://github.com/lowRISC/opentitan,e3f3234aa3772760cdf40e79a8ae4471b6b02213,hw/ip/tlul/rtl/tlul_socket_1n.sv,be19c91722dab2b5b6645281c16a59a2fbbbfbeca2518b12cacf3a07ab9aa2bf,tlul_socket_1n,161,2291,14,3,DiagCode(CouldNotOpenIncludeFile);DiagCode(UnknownDirective),1,1,1,clk_i,0,3,3,0,5,2026-08-25T21:44:32.712049+00:00
Production-oriented open RTL,OpenTitan,https://github.com/lowRISC/opentitan,e3f3234aa3772760cdf40e79a8ae4471b6b02213,hw/ip/tlul/rtl/tlul_socket_m1.sv,02baf63c35dc271f17b6afa9baee5dcad632b656eaf4dbf1235df388a1832b75,tlul_socket_m1,168,2012,14,5,DiagCode(CouldNotOpenIncludeFile);DiagCode(UnknownDirective),1,0,0,,0,4,4,0,5,2026-08-25T21:44:32.712049+00:00
Production-oriented open RTL,OpenTitan,https://github.com/lowRISC/opentitan,e3f3234aa3772760cdf40e79a8ae4471b6b02213,hw/ip/tlul/rtl/tlul_sram_byte.sv,651fe04f529b9a49fcf190e620bfa53bd1594d8b1a9c707b6396baeb2839cc7a,tlul_sram_byte,584,5564,22,10,DiagCode(CouldNotOpenIncludeFile);DiagCode(UnknownDirective),1,1,1,clk_i,0,13,7,6,4,2026-08-25T21:44:32.712049+00:00
Production-oriented open RTL,OpenTitan,https://github.com/lowRISC/opentitan,e3f3234aa3772760cdf40e79a8ae4471b6b02213,hw/ip/uart/rtl/uart.sv,b2ea9b88abb25f8a7cdbe317dfc91e6b2b456647781d2bdc33ef384c526412a5,uart,89,742,11,16,DiagCode(CouldNotOpenIncludeFile);DiagCode(UnknownDirective),1,0,0,,0,3,3,0,6,2026-08-25T21:44:32.712049+00:00
Production-oriented open RTL,OpenTitan,https://github.com/lowRISC/opentitan,e3f3234aa3772760cdf40e79a8ae4471b6b02213,hw/ip/uart/rtl/uart_core.sv,4df7acad038cdb06f81e4b7681ddf3b0bc091eb38dae63c385812f980c47d0be,uart_core,401,5058,17,3,DiagCode(CouldNotOpenIncludeFile);DiagCode(UnknownDirective),1,1,1,clk_i,1,14,14,0,4,2026-08-25T21:44:32.712049+00:00
Production-oriented open RTL,OpenTitan,https://github.com/lowRISC/opentitan,e3f3234aa3772760cdf40e79a8ae4471b6b02213,hw/ip/uart/rtl/uart_reg_top.sv,8c40c957fbd7c1155f58d2c7696340b7ea6b82c2b0626ec684463f991538ae27,uart_reg_top,1352,14188,29,5,DiagCode(CouldNotOpenIncludeFile);DiagCode(UnknownDirective),1,1,1,clk_i,0,63,61,2,5,2026-08-25T21:44:32.712049+00:00
Production-oriented open RTL,OpenTitan,https://github.com/lowRISC/opentitan,e3f3234aa3772760cdf40e79a8ae4471b6b02213,hw/ip/uart/rtl/uart_rx.sv,08a72a3f045562eee419f42fe2abb4f68f3282b90bb0a6e268872fd39748782b,uart_rx,82,888,20,0,,1,1,1,clk_i,0,0,0,0,1,2026-08-25T21:44:32.712049+00:00
Production-oriented open RTL,OpenTitan,https://github.com/lowRISC/opentitan,e3f3234aa3772760cdf40e79a8ae4471b6b02213,hw/ip/uart/rtl/uart_tx.sv,1cd4f59b8a58bb8e99c2a24081aae093f6528ac1887abb7cb5f31b911f949241,uart_tx,60,640,16,0,,1,1,1,clk_i,0,0,0,0,1,2026-08-25T21:44:32.712049+00:00
Production-oriented open RTL,OpenTitan,https://github.com/lowRISC/opentitan,e3f3234aa3772760cdf40e79a8ae4471b6b02213,hw/ip/usbdev/rtl/usb_fs_nb_in_pe.sv,b66680f0b56d213c3efc995ae350e10876b641cacb1b1f126f1cb305145ae235,usb_fs_nb_in_pe,280,2820,18,2,DiagCode(CouldNotOpenIncludeFile);DiagCode(UnknownDirective),1,1,1,clk_48mhz_i,1,0,0,0,1,2026-08-25T21:44:32.712049+00:00
Production-oriented open RTL,OpenTitan,https://github.com/lowRISC/opentitan,e3f3234aa3772760cdf40e79a8ae4471b6b02213,hw/ip/usbdev/rtl/usb_fs_nb_out_pe.sv,2bebb84552a20af43bc6b370b8cdc3f552cd88d6aaf04bc3bf6a741af329da5a,usb_fs_nb_out_pe,294,2966,18,2,DiagCode(CouldNotOpenIncludeFile);DiagCode(UnknownDirective),1,1,1,clk_48mhz_i,0,0,0,0,1,2026-08-25T21:44:32.712049+00:00
Production-oriented open RTL,OpenTitan,https://github.com/lowRISC/opentitan,e3f3234aa3772760cdf40e79a8ae4471b6b02213,hw/ip/usbdev/rtl/usb_fs_nb_pe.sv,164e4dd6338d58c63a1c1f06428b90df0aaabf926fb3d115bc6dd7590da3c794,usb_fs_nb_pe,241,2569,11,6,DiagCode(CouldNotOpenIncludeFile);DiagCode(UnknownDirective),1,0,0,,0,5,5,0,2,2026-08-25T21:44:32.712049+00:00
Production-oriented open RTL,OpenTitan,https://github.com/lowRISC/opentitan,e3f3234aa3772760cdf40e79a8ae4471b6b02213,hw/ip/usbdev/rtl/usb_fs_rx.sv,14bcf9efe05d322b1a65aea52cbe7a086a422a15b7052f8bdc1a14578b97c8de,usb_fs_rx,389,4172,15,0,,1,1,1,clk_i,0,0,0,0,1,2026-08-25T21:44:32.712049+00:00
Production-oriented open RTL,OpenTitan,https://github.com/lowRISC/opentitan,e3f3234aa3772760cdf40e79a8ae4471b6b02213,hw/ip/usbdev/rtl/usb_fs_tx.sv,569160b4c6f3fc3e4e27d07b0687a93f4ecaab2a6f23ad6773b12f83129dafcc,usb_fs_tx,380,3296,18,2,DiagCode(UnknownDirective),1,1,1,clk_i,0,7,0,7,1,2026-08-25T21:44:32.712049+00:00
Production-oriented open RTL,OpenTitan,https://github.com/lowRISC/opentitan,e3f3234aa3772760cdf40e79a8ae4471b6b02213,hw/ip/usbdev/rtl/usb_fs_tx_mux.sv,d8e0bd593d7e27e0c0aa620587cf0866660480fe7454832f576f93ea0b377b96,usb_fs_tx_mux,11,117,9,0,,1,0,0,,0,0,0,0,1,2026-08-25T21:44:32.712049+00:00
Production-oriented open RTL,OpenTitan,https://github.com/lowRISC/opentitan,e3f3234aa3772760cdf40e79a8ae4471b6b02213,hw/ip/usbdev/rtl/usbdev.sv,54f492ea2e887934edd2a78e0c132b346b9af4d72a540281e90ab3bbc7e18212,usbdev,1083,13864,18,36,DiagCode(CouldNotOpenIncludeFile);DiagCode(UnknownDirective),1,1,1,clk_i,0,33,33,0,7,2026-08-25T21:44:32.712049+00:00
Production-oriented open RTL,OpenTitan,https://github.com/lowRISC/opentitan,e3f3234aa3772760cdf40e79a8ae4471b6b02213,hw/ip/usbdev/rtl/usbdev_aon_wake.sv,8679fa383a953f1278ee1ca15e8446aaa879436d8e181785a58c63c144653ca0,usbdev_aon_wake,136,1158,10,2,DiagCode(CouldNotOpenIncludeFile);DiagCode(UnknownDirective),1,1,1,clk_aon_i,3,4,4,0,3,2026-08-25T21:44:32.712049+00:00
Production-oriented open RTL,OpenTitan,https://github.com/lowRISC/opentitan,e3f3234aa3772760cdf40e79a8ae4471b6b02213,hw/ip/usbdev/rtl/usbdev_counter.sv,0bb5bad9061e030129ff4d902abea2fc077da00f569af9e7deb816dd9975bd03,usbdev_counter,56,722,17,0,,1,1,1,clk_i,0,0,0,0,1,2026-08-25T21:44:32.712049+00:00
Production-oriented open RTL,OpenTitan,https://github.com/lowRISC/opentitan,e3f3234aa3772760cdf40e79a8ae4471b6b02213,hw/ip/usbdev/rtl/usbdev_iomux.sv,e7411c66862d55ead380e28040d2bde6185011fc6956d41fbae01933850e64ec,usbdev_iomux,107,938,9,0,,1,0,0,,2,6,1,5,2,2026-08-25T21:44:32.712049+00:00
Production-oriented open RTL,OpenTitan,https://github.com/lowRISC/opentitan,e3f3234aa3772760cdf40e79a8ae4471b6b02213,hw/ip/usbdev/rtl/usbdev_linkstate.sv,d1ae1aaff695fdf6d1778c44ae9e894cc54b53396d609ff74d93774bb5653bd3,usbdev_linkstate,269,2169,17,4,DiagCode(CouldNotOpenIncludeFile);DiagCode(UnknownDirective),1,1,1,clk_48mhz_i,2,2,2,0,3,2026-08-25T21:44:32.712049+00:00
Production-oriented open RTL,OpenTitan,https://github.com/lowRISC/opentitan,e3f3234aa3772760cdf40e79a8ae4471b6b02213,hw/ip/usbdev/rtl/usbdev_reg_top.sv,874b2b3bd5c1ec6b5c980b70987aa34793dde1fd988dc3c71f20323166b6d107,usbdev_reg_top,6626,69135,59,5,DiagCode(CouldNotOpenIncludeFile);DiagCode(UnknownDirective),1,1,1,clk_i,4,312,310,2,6,2026-08-25T21:44:32.712049+00:00
Production-oriented open RTL,OpenTitan,https://github.com/lowRISC/opentitan,e3f3234aa3772760cdf40e79a8ae4471b6b02213,hw/ip/usbdev/rtl/usbdev_usbif.sv,4cfce946b79079fe57ae9a59c9f9f6855a182fc5d8289d2a92910f2e11dca9d2,usbdev_usbif,360,4161,15,7,DiagCode(CouldNotOpenIncludeFile);DiagCode(UnknownDirective),1,1,1,clk_48mhz_i,0,2,2,0,4,2026-08-25T21:44:32.712049+00:00
Production-oriented open RTL,OpenTitan,https://github.com/lowRISC/opentitan,e3f3234aa3772760cdf40e79a8ae4471b6b02213,hw/ip_templates/clkmgr/rtl/clkmgr_byp.sv,7e3b038773aafadad7d5d9b4b7df306577965e8fc9ed730e36ecc9b941a02779,clkmgr_byp,129,973,15,0,,1,0,0,,0,9,8,1,3,2026-08-25T21:44:32.712049+00:00
Production-oriented open RTL,OpenTitan,https://github.com/lowRISC/opentitan,e3f3234aa3772760cdf40e79a8ae4471b6b02213,hw/ip_templates/clkmgr/rtl/clkmgr_clk_status.sv,195ee68fcbe2e2a8d3c0978e8efbaa4431b9e68e1a1373714d6c3af0eaee6885,clkmgr_clk_status,40,397,12,0,,1,1,1,clk_i,1,1,1,0,2,2026-08-25T21:44:32.712049+00:00
Production-oriented open RTL,OpenTitan,https://github.com/lowRISC/opentitan,e3f3234aa3772760cdf40e79a8ae4471b6b02213,hw/ip_templates/clkmgr/rtl/clkmgr_meas_chk.sv,71827c02963a1a0e00c5b96ce2a5ea2726121cbcd6dc0731a069bd28ad123868,clkmgr_meas_chk,98,797,12,0,,1,1,1,clk_src_i,1,4,4,0,5,2026-08-25T21:44:32.712049+00:00
Production-oriented open RTL,OpenTitan,https://github.com/lowRISC/opentitan,e3f3234aa3772760cdf40e79a8ae4471b6b02213,hw/ip_templates/clkmgr/rtl/clkmgr_root_ctrl.sv,620926dfca7d610b2563aa661d83f5e239d2dda18bd14ebac75b7f81db3b5087,clkmgr_root_ctrl,30,185,11,0,,1,0,0,,0,2,2,0,3,2026-08-25T21:44:32.712049+00:00
Production-oriented open RTL,OpenTitan,https://github.com/lowRISC/opentitan,e3f3234aa3772760cdf40e79a8ae4471b6b02213,hw/ip_templates/clkmgr/rtl/clkmgr_trans.sv,6e2b62b3580664b40c25a01dab09b17817bed8ac93da3d3db4de3c9cdafdfb43,clkmgr_trans,131,1114,15,0,,1,1,1,clk_i,4,9,7,2,3,2026-08-25T21:44:32.712049+00:00
Production-oriented open RTL,OpenTitan,https://github.com/lowRISC/opentitan,e3f3234aa3772760cdf40e79a8ae4471b6b02213,hw/ip_templates/flash_ctrl/rtl/flash_ctrl_arb.sv,91c7835f5e584e0d386bbd633446f1f3212a003750e6f22d3d472a1af73c988d,flash_ctrl_arb,161,1351,14,2,DiagCode(CouldNotOpenIncludeFile);DiagCode(UnknownDirective),1,0,0,,0,0,0,0,1,2026-08-25T21:44:32.712049+00:00
Production-oriented open RTL,OpenTitan,https://github.com/lowRISC/opentitan,e3f3234aa3772760cdf40e79a8ae4471b6b02213,hw/ip_templates/flash_ctrl/rtl/flash_ctrl_erase.sv,ac63ff6c0e9f01be8a9c4e159b64f3b8b8d527dd4ff435b2f3fa2fff92b1b2dd,flash_ctrl_erase,37,539,12,0,,1,0,0,,0,0,0,0,1,2026-08-25T21:44:32.712049+00:00
Production-oriented open RTL,OpenTitan,https://github.com/lowRISC/opentitan,e3f3234aa3772760cdf40e79a8ae4471b6b02213,hw/ip_templates/flash_ctrl/rtl/flash_ctrl_info_cfg.sv,b831b369c2404c6b5821709bd5ae7f8ed11c1d5a2b9fbccbf353f971d033ecb2,flash_ctrl_info_cfg,88,964,21,2,DiagCode(CouldNotOpenIncludeFile);DiagCode(UnknownDirective),1,0,0,,0,2,2,0,3,2026-08-25T21:44:32.712049+00:00
Production-oriented open RTL,OpenTitan,https://github.com/lowRISC/opentitan,e3f3234aa3772760cdf40e79a8ae4471b6b02213,hw/ip_templates/flash_ctrl/rtl/flash_ctrl_lcmgr.sv,9bac741069fdab961ffe82f20074912585f7c0028d871d9d7bc9b4fb9bcf7aab,flash_ctrl_lcmgr,652,6466,18,3,DiagCode(UnknownDirective),1,1,1,clk_i,1,12,11,1,3,2026-08-25T21:44:32.712049+00:00
Production-oriented open RTL,OpenTitan,https://github.com/lowRISC/opentitan,e3f3234aa3772760cdf40e79a8ae4471b6b02213,hw/ip_templates/flash_ctrl/rtl/flash_ctrl_prog.sv,6ec61e51b07a6342730854b4590773358cbc1300a3e832c4ed1ae4ba2fe7aced,flash_ctrl_prog,138,1412,21,0,,1,1,1,clk_i,0,1,1,0,2,2026-08-25T21:44:32.712049+00:00
Production-oriented open RTL,OpenTitan,https://github.com/lowRISC/opentitan,e3f3234aa3772760cdf40e79a8ae4471b6b02213,hw/ip_templates/flash_ctrl/rtl/flash_ctrl_rd.sv,c9ad5812de8b679503cdb6676433a8cbb519cc2aadcd55bd560f99185d065499,flash_ctrl_rd,126,1192,17,0,,1,1,1,clk_i,0,2,2,0,3,2026-08-25T21:44:32.712049+00:00
Production-oriented open RTL,OpenTitan,https://github.com/lowRISC/opentitan,e3f3234aa3772760cdf40e79a8ae4471b6b02213,hw/ip_templates/flash_ctrl/rtl/flash_mp.sv,4672ba7985b5f7573daec58614ceae15e4442a786df780171166ff62dc1cd2af,flash_mp,224,2714,18,11,DiagCode(CouldNotOpenIncludeFile);DiagCode(UnknownDirective),1,1,1,clk_i,0,2,0,2,1,2026-08-25T21:44:32.712049+00:00
Production-oriented open RTL,OpenTitan,https://github.com/lowRISC/opentitan,e3f3234aa3772760cdf40e79a8ae4471b6b02213,hw/ip_templates/flash_ctrl/rtl/flash_mp_data_region_sel.sv,f75b885cf3c8063f0aa5e3b6c78dc0d9556fb49b8a4b29065e72ec517451b4e9,flash_mp_data_region_sel,36,523,19,1,DiagCode(CouldNotOpenIncludeFile),1,0,0,,0,0,0,0,1,2026-08-25T21:44:32.712049+00:00
Production-oriented open RTL,OpenTitan,https://github.com/lowRISC/opentitan,e3f3234aa3772760cdf40e79a8ae4471b6b02213,hw/ip_templates/flash_ctrl/rtl/flash_phy.sv,548b9bce6f50cb6298da3cd58466a2ccb5b829f639cae7bbd4c9bc0b73f89f2d,flash_phy,297,3803,15,0,,1,0,0,,0,8,5,3,7,2026-08-25T21:44:32.712049+00:00
Production-oriented open RTL,OpenTitan,https://github.com/lowRISC/opentitan,e3f3234aa3772760cdf40e79a8ae4471b6b02213,hw/ip_templates/flash_ctrl/rtl/flash_phy_core.sv,2acbc639edd90cee300d7b38aa794285ae7717cce6d769b164ec76c33a27ea30,flash_phy_core,396,3931,17,8,DiagCode(UnknownDirective),1,1,1,clk_i,0,6,3,3,3,2026-08-25T21:44:32.712049+00:00
Production-oriented open RTL,OpenTitan,https://github.com/lowRISC/opentitan,e3f3234aa3772760cdf40e79a8ae4471b6b02213,hw/ip_templates/flash_ctrl/rtl/flash_phy_erase.sv,a7d6307b43e039b772a7caabc578f3829413423ab9b1a77c906ff7a068066434,flash_phy_erase,62,455,12,0,,1,1,1,clk_i,0,0,0,0,1,2026-08-25T21:44:32.712049+00:00
Production-oriented open RTL,OpenTitan,https://github.com/lowRISC/opentitan,e3f3234aa3772760cdf40e79a8ae4471b6b02213,hw/ip_templates/flash_ctrl/rtl/flash_phy_prog.sv,f9f8e3c4268ba9ad728c2995e4f9c5661af7fd7cc821e838f29050f86627cb44,flash_phy_prog,217,2131,19,4,DiagCode(UnknownDirective),1,1,1,clk_i,0,3,3,0,3,2026-08-25T21:44:32.712049+00:00
Production-oriented open RTL,OpenTitan,https://github.com/lowRISC/opentitan,e3f3234aa3772760cdf40e79a8ae4471b6b02213,hw/ip_templates/flash_ctrl/rtl/flash_phy_rd.sv,adfd90917ffbf1b1ea8e7b2be3ed963cf598f948fc205e7b8c1d111d0469f6e3,flash_phy_rd,468,5547,15,11,DiagCode(UnknownDirective),1,1,1,clk_i,0,15,11,4,4,2026-08-25T21:44:32.712049+00:00
Production-oriented open RTL,OpenTitan,https://github.com/lowRISC/opentitan,e3f3234aa3772760cdf40e79a8ae4471b6b02213,hw/ip_templates/flash_ctrl/rtl/flash_phy_rd_buf_dep.sv,274c96ec45564ef8396c930e535d1a4b8e52f661fa47b687d0f7eef727805309,flash_phy_rd_buf_dep,61,801,14,3,DiagCode(UnknownDirective),1,1,1,clk_i,0,0,0,0,1,2026-08-25T21:44:32.712049+00:00
Production-oriented open RTL,OpenTitan,https://github.com/lowRISC/opentitan,e3f3234aa3772760cdf40e79a8ae4471b6b02213,hw/ip_templates/flash_ctrl/rtl/flash_phy_rd_buffers.sv,29e5b00e04af126a93691ddfac67690a5827087a2e1fe487af1f3747cf6be1d5,flash_phy_rd_buffers,41,486,17,2,DiagCode(UnknownDirective),1,1,1,clk_i,0,0,0,0,1,2026-08-25T21:44:32.712049+00:00
Production-oriented open RTL,OpenTitan,https://github.com/lowRISC/opentitan,e3f3234aa3772760cdf40e79a8ae4471b6b02213,hw/ip_templates/flash_ctrl/rtl/flash_phy_scramble.sv,51a105e4789253bcfa0a8543874ce731b7edd92aa327c072a57ae1b7e54881f3,flash_phy_scramble,169,1942,16,0,,1,1,1,clk_i,0,4,4,0,3,2026-08-25T21:44:32.712049+00:00
Production-oriented open RTL,OpenTitan,https://github.com/lowRISC/opentitan,e3f3234aa3772760cdf40e79a8ae4471b6b02213,hw/ip_templates/otp_ctrl/rtl/otp_ctrl_dai.sv,37e5f918dd4f0f273207c4223627dcbee1bbfb54fd737c64c044c4eb1c31eff7,otp_ctrl_dai,649,7218,24,24,DiagCode(CouldNotOpenIncludeFile);DiagCode(UnknownDirective),1,1,1,clk_i,0,4,3,1,2,2026-08-25T21:44:32.712049+00:00
Production-oriented open RTL,OpenTitan,https://github.com/lowRISC/opentitan,e3f3234aa3772760cdf40e79a8ae4471b6b02213,hw/ip_templates/otp_ctrl/rtl/otp_ctrl_ecc_reg.sv,8b0387b99f875f777078fbca74ee9c757913dcc0ffda99e5a968772abedd908e,otp_ctrl_ecc_reg,69,798,16,7,DiagCode(CouldNotOpenIncludeFile);DiagCode(UnknownDirective),1,1,1,clk_i,0,2,2,0,2,2026-08-25T21:44:32.712049+00:00
Production-oriented open RTL,OpenTitan,https://github.com/lowRISC/opentitan,e3f3234aa3772760cdf40e79a8ae4471b6b02213,hw/ip_templates/otp_ctrl/rtl/otp_ctrl_lci.sv,64a44a9b3d1d12ac0adc865fd8c72693bc378d0394e3f866fd6be00836220775,otp_ctrl_lci,152,1449,14,12,DiagCode(CouldNotOpenIncludeFile);DiagCode(UnknownDirective),1,1,1,clk_i,0,1,1,0,2,2026-08-25T21:44:32.712049+00:00
Production-oriented open RTL,OpenTitan,https://github.com/lowRISC/opentitan,e3f3234aa3772760cdf40e79a8ae4471b6b02213,hw/ip_templates/otp_ctrl/rtl/otp_ctrl_lfsr_timer.sv,d9fbe2c06bfec70c9e8e5ac7dedf1dc015bdd84a5d212dc04964a6eaf36de471,otp_ctrl_lfsr_timer,229,2425,15,8,DiagCode(CouldNotOpenIncludeFile);DiagCode(UnknownDirective),1,1,1,clk_i,0,3,3,0,3,2026-08-25T21:44:32.712049+00:00
Production-oriented open RTL,OpenTitan,https://github.com/lowRISC/opentitan,e3f3234aa3772760cdf40e79a8ae4471b6b02213,hw/ip_templates/otp_ctrl/rtl/otp_ctrl_part_buf.sv,a2152195a075cba7e661e7930475ad9605119b59771dc5c305537951abfad353,otp_ctrl_part_buf,610,5762,22,39,DiagCode(CouldNotOpenIncludeFile);DiagCode(UnknownDirective),1,1,1,clk_i,0,12,9,3,3,2026-08-25T21:44:32.712049+00:00
Production-oriented open RTL,OpenTitan,https://github.com/lowRISC/opentitan,e3f3234aa3772760cdf40e79a8ae4471b6b02213,hw/ip_templates/otp_ctrl/rtl/otp_ctrl_part_unbuf.sv,ce3030fb04a3b702ff20d0f0a3e43ff098c6a4496cc2942c16dc9ff81c31eb7f,otp_ctrl_part_unbuf,432,4206,22,30,DiagCode(CouldNotOpenIncludeFile);DiagCode(UnknownDirective),1,1,1,clk_i,0,11,8,3,3,2026-08-25T21:44:32.712049+00:00
Production-oriented open RTL,OpenTitan,https://github.com/lowRISC/opentitan,e3f3234aa3772760cdf40e79a8ae4471b6b02213,hw/ip_templates/otp_ctrl/rtl/otp_ctrl_scrmbl.sv,6ebcd124a44b3bbca1d3394755624e00754c88414176167d79c67ee431c81582,otp_ctrl_scrmbl,318,3234,18,10,DiagCode(CouldNotOpenIncludeFile);DiagCode(UnknownDirective),1,1,1,clk_i,0,6,6,0,2,2026-08-25T21:44:32.712049+00:00
Production-oriented open RTL,OpenTitan,https://github.com/lowRISC/opentitan,e3f3234aa3772760cdf40e79a8ae4471b6b02213,hw/ip_templates/otp_ctrl/rtl/otp_ctrl_token_const.sv,e868eaa4c0a75614724634b4e484d42096b9ef2c941b5eeec2e298edd3a4f52e,otp_ctrl_token_const,37,608,14,0,,1,0,0,,0,1,1,0,2,2026-08-25T21:44:32.712049+00:00
Production-oriented open RTL,OpenTitan,https://github.com/lowRISC/opentitan,e3f3234aa3772760cdf40e79a8ae4471b6b02213,hw/ip_templates/pinmux/rtl/pinmux_jtag_breakout.sv,850047d09d152044a86d6e86d819c059097b16f60e2d4a1f31332d2a3195d83a,pinmux_jtag_breakout,17,163,7,0,,1,0,0,,0,0,0,0,1,2026-08-25T21:44:32.712049+00:00
Production-oriented open RTL,OpenTitan,https://github.com/lowRISC/opentitan,e3f3234aa3772760cdf40e79a8ae4471b6b02213,hw/ip_templates/pinmux/rtl/pinmux_jtag_buf.sv,0a90d858ed05e4ca86544166cc26a56cb1dd5371debfc199ec910fbcd09139a8,pinmux_jtag_buf,39,356,7,0,,1,0,0,,0,7,0,7,1,2026-08-25T21:44:32.712049+00:00
Production-oriented open RTL,OpenTitan,https://github.com/lowRISC/opentitan,e3f3234aa3772760cdf40e79a8ae4471b6b02213,hw/ip_templates/pinmux/rtl/pinmux_wkup.sv,a72af55c7ab42a1ac4e80fead7e08257175f7212c28c6cc0fb245338965e5ab6,pinmux_wkup,68,536,11,0,,1,1,1,clk_i,2,1,1,0,3,2026-08-25T21:44:32.712049+00:00
Production-oriented open RTL,OpenTitan,https://github.com/lowRISC/opentitan,e3f3234aa3772760cdf40e79a8ae4471b6b02213,hw/ip_templates/pwrmgr/rtl/pwrmgr_cdc_pulse.sv,4e9e24dbf18cb686391a0b18f2d21ea3734b052510c1472dd91b58c441e2c040,pwrmgr_cdc_pulse,65,526,14,1,DiagCode(CouldNotOpenIncludeFile),1,2,2,clk_i;clk_slow_i,2,2,2,0,2,2026-08-25T21:44:32.712049+00:00
Production-oriented open RTL,OpenTitan,https://github.com/lowRISC/opentitan,e3f3234aa3772760cdf40e79a8ae4471b6b02213,hw/ip_templates/pwrmgr/rtl/pwrmgr_wake_info.sv,361e88f75a117c9c6e93a8b9894fbc9f17080e6c884fe2dffe18887678151eae,pwrmgr_wake_info,47,562,16,1,DiagCode(CouldNotOpenIncludeFile),1,1,1,clk_i,0,0,0,0,1,2026-08-25T21:44:32.712049+00:00
Production-oriented open RTL,OpenTitan,https://github.com/lowRISC/opentitan,e3f3234aa3772760cdf40e79a8ae4471b6b02213,hw/ip_templates/rstmgr/rtl/rstmgr_cnsty_chk.sv,41163d88ac730675a8c31c81c16574016441882713a0dadf1c90787ce8ac26e9,rstmgr_cnsty_chk,177,1415,15,2,DiagCode(CouldNotOpenIncludeFile);DiagCode(UnknownDirective),1,1,1,clk_i,3,3,3,0,3,2026-08-25T21:44:32.712049+00:00
Production-oriented open RTL,OpenTitan,https://github.com/lowRISC/opentitan,e3f3234aa3772760cdf40e79a8ae4471b6b02213,hw/ip_templates/rstmgr/rtl/rstmgr_crash_info.sv,f6caa86ced9d29d9779d34a1c70acb4adec67bc3ef9b62a5bc23754d173b21f1,rstmgr_crash_info,39,527,12,3,DiagCode(CouldNotOpenIncludeFile);DiagCode(UnknownDirective),1,1,1,clk_i,0,0,0,0,1,2026-08-25T21:44:32.712049+00:00
Production-oriented open RTL,OpenTitan,https://github.com/lowRISC/opentitan,e3f3234aa3772760cdf40e79a8ae4471b6b02213,hw/ip_templates/rstmgr/rtl/rstmgr_ctrl.sv,c777f7da6bf91fd2fb90f7f9ec7b65211b4be97bcb3a567f727b7cdde247862d,rstmgr_ctrl,53,518,13,1,DiagCode(CouldNotOpenIncludeFile),1,0,0,,2,4,2,2,2,2026-08-25T21:44:32.712049+00:00
Production-oriented open RTL,OpenTitan,https://github.com/lowRISC/opentitan,e3f3234aa3772760cdf40e79a8ae4471b6b02213,hw/ip_templates/rstmgr/rtl/rstmgr_leaf_rst.sv,2a3d957f5d22eaeaa88014f821f139e3c2a98107065c8f116d972402bd8d1e8c,rstmgr_leaf_rst,105,817,16,1,DiagCode(CouldNotOpenIncludeFile),1,1,1,clk_i,2,6,4,2,3,2026-08-25T21:44:32.712049+00:00
Production-oriented open RTL,OpenTitan,https://github.com/lowRISC/opentitan,e3f3234aa3772760cdf40e79a8ae4471b6b02213,hw/ip_templates/rstmgr/rtl/rstmgr_por.sv,0e5b3ac69e697c6c7bfb6463ca68b3fd94b990cb20c93230ceb17c91ec10972b,rstmgr_por,81,744,14,0,,1,1,1,clk_i,1,5,1,4,2,2026-08-25T21:44:32.712049+00:00
Production-oriented open RTL,OpenTitan,https://github.com/lowRISC/opentitan,e3f3234aa3772760cdf40e79a8ae4471b6b02213,hw/top_darjeeling/ip/ast/rtl/aon_clk.sv,4605034d197fe40ca019a8b34935aed888fc1c15cb472938dba99f92de016784,aon_clk,37,292,6,0,,1,0,0,,1,3,1,2,2,2026-08-25T21:44:32.712049+00:00
Production-oriented open RTL,OpenTitan,https://github.com/lowRISC/opentitan,e3f3234aa3772760cdf40e79a8ae4471b6b02213,hw/top_darjeeling/ip/ast/rtl/aon_osc.sv,a438b2ed7eb9631b6976c3e32fa6de61f96fc04925a280d3db35d8d56033f827,aon_osc,51,508,16,0,,1,1,1,clk,0,1,0,1,1,2026-08-25T21:44:32.712049+00:00
Production-oriented open RTL,OpenTitan,https://github.com/lowRISC/opentitan,e3f3234aa3772760cdf40e79a8ae4471b6b02213,hw/top_darjeeling/ip/ast/rtl/ast.sv,66208b7621189580e0e8a89d5228f77aeaeb37e6da8624df7fc801f7510f936a,ast,546,6072,11,28,DiagCode(CouldNotOpenIncludeFile);DiagCode(UnknownDirective),1,1,1,clk_ast_tlul_i,3,35,4,31,3,2026-08-25T21:44:32.712049+00:00
Production-oriented open RTL,OpenTitan,https://github.com/lowRISC/opentitan,e3f3234aa3772760cdf40e79a8ae4471b6b02213,hw/top_darjeeling/ip/ast/rtl/ast_alert.sv,1e8a86b3c1b789fc6f117a31aa9862e90aa273e1c266ea69ee941c2672eabcca,ast_alert,47,505,12,0,,1,1,1,clk_i,0,0,0,0,1,2026-08-25T21:44:32.712049+00:00
Production-oriented open RTL,OpenTitan,https://github.com/lowRISC/opentitan,e3f3234aa3772760cdf40e79a8ae4471b6b02213,hw/top_darjeeling/ip/ast/rtl/ast_dft.sv,e0eea9fa4b34348c85d17f0037d13815350ad6a4c0ddd30e6a3d7e062fc688fb,ast_dft,17,186,11,1,DiagCode(CouldNotOpenIncludeFile),1,0,0,,0,0,0,0,1,2026-08-25T21:44:32.712049+00:00
Production-oriented open RTL,OpenTitan,https://github.com/lowRISC/opentitan,e3f3234aa3772760cdf40e79a8ae4471b6b02213,hw/top_darjeeling/ip/ast/rtl/ast_entropy.sv,289cddfd078237e4428d95ae08f672610d6e9fbcb2f576c920988e88b89b1c14,ast_entropy,87,748,15,0,,1,1,1,clk_ast_es_i,0,1,0,1,1,2026-08-25T21:44:32.712049+00:00
Production-oriented open RTL,OpenTitan,https://github.com/lowRISC/opentitan,e3f3234aa3772760cdf40e79a8ae4471b6b02213,hw/top_darjeeling/ip/ast/rtl/ast_pulse_sync.sv,fe6cc5d75eaa0e1ced45eb4ab6c6d74850be9445f99f62ac6410453bbbbf3f42,ast_pulse_sync,81,682,11,3,DiagCode(CouldNotOpenIncludeFile);DiagCode(UnknownDirective),1,2,2,clk_dst_i;clk_src_i,7,4,4,0,2,2026-08-25T21:44:32.712049+00:00
Production-oriented open RTL,OpenTitan,https://github.com/lowRISC/opentitan,e3f3234aa3772760cdf40e79a8ae4471b6b02213,hw/top_darjeeling/ip/ast/rtl/ast_reg_top.sv,06fe54b1de7e3baac378a6bfdfffc7d70c0cbb062d5dc2a694315e38e01d6f77,ast_reg_top,1102,12862,52,5,DiagCode(CouldNotOpenIncludeFile);DiagCode(UnknownDirective),1,1,1,clk_i,0,40,40,0,5,2026-08-25T21:44:32.712049+00:00
Production-oriented open RTL,OpenTitan,https://github.com/lowRISC/opentitan,e3f3234aa3772760cdf40e79a8ae4471b6b02213,hw/top_darjeeling/ip/ast/rtl/dev_entropy.sv,dce1bd7b8428d45c5d64fd0f783e741358569d4fe5823f07f63ee568dc2f3fc4,dev_entropy,176,1783,13,0,,1,2,2,clk_dev_i;clk_i,5,7,7,0,3,2026-08-25T21:44:32.712049+00:00
Production-oriented open RTL,OpenTitan,https://github.com/lowRISC/opentitan,e3f3234aa3772760cdf40e79a8ae4471b6b02213,hw/top_darjeeling/ip/ast/rtl/gfr_clk_mux2.sv,65f35c71c7babf639e0be93e0fe4b9d4033aa15db9b6d724c40be7b2bd19de7c,gfr_clk_mux2,77,706,12,0,,1,2,2,clk_ext_i;clk_osc_i,0,2,0,2,1,2026-08-25T21:44:32.712049+00:00
Production-oriented open RTL,OpenTitan,https://github.com/lowRISC/opentitan,e3f3234aa3772760cdf40e79a8ae4471b6b02213,hw/top_darjeeling/ip/ast/rtl/io_clk.sv,2291613b85fa1e3b20101cf825606ef22cad1a8e0fc39d8f7d8531c85554bbd9,io_clk,37,292,6,0,,1,0,0,,1,3,1,2,2,2026-08-25T21:44:32.712049+00:00
Production-oriented open RTL,OpenTitan,https://github.com/lowRISC/opentitan,e3f3234aa3772760cdf40e79a8ae4471b6b02213,hw/top_darjeeling/ip/ast/rtl/io_osc.sv,4d5604be9b1971922650f6f48b4667da535c2d3d31664f51d71e82398ff64cb5,io_osc,50,440,16,0,,1,1,1,clk,0,1,0,1,1,2026-08-25T21:44:32.712049+00:00
Production-oriented open RTL,OpenTitan,https://github.com/lowRISC/opentitan,e3f3234aa3772760cdf40e79a8ae4471b6b02213,hw/top_darjeeling/ip/ast/rtl/rglts_pdm_3p3v.sv,7ea9a123d83bec6ca91b9ac51536a8b718f5ce239a9e925d4bc2ceaaa5223e94,rglts_pdm_3p3v,258,2623,17,3,DiagCode(CouldNotOpenIncludeFile);DiagCode(UnknownDirective),1,2,2,clk_src_aon_h_i;clk_src_aon_h_n,0,0,0,0,1,2026-08-25T21:44:32.712049+00:00
Production-oriented open RTL,OpenTitan,https://github.com/lowRISC/opentitan,e3f3234aa3772760cdf40e79a8ae4471b6b02213,hw/top_darjeeling/ip/ast/rtl/rng.sv,41982c6c3682a633fdd2ac35bebbab1094175403629f376990c0c6cb76d5e183,rng,110,1218,14,5,DiagCode(CouldNotOpenIncludeFile);DiagCode(UnknownDirective),1,2,2,clk_ast_rng_i;clk_i,0,2,1,1,2,2026-08-25T21:44:32.712049+00:00
Production-oriented open RTL,OpenTitan,https://github.com/lowRISC/opentitan,e3f3234aa3772760cdf40e79a8ae4471b6b02213,hw/top_darjeeling/ip/ast/rtl/sys_clk.sv,815ef8fa8148e430f5fbcd2ff12b86951b916c4ee90ab93368fdb7139f828b7f,sys_clk,39,310,6,0,,1,0,0,,1,3,1,2,2,2026-08-25T21:44:32.712049+00:00
Production-oriented open RTL,OpenTitan,https://github.com/lowRISC/opentitan,e3f3234aa3772760cdf40e79a8ae4471b6b02213,hw/top_darjeeling/ip/ast/rtl/sys_osc.sv,f4fb2f00b8756435804193e9be76995c8204659d33e53318ea431ecbbca01565,sys_osc,73,782,23,0,,1,1,1,clk,0,1,0,1,1,2026-08-25T21:44:32.712049+00:00
Production-oriented open RTL,OpenTitan,https://github.com/lowRISC/opentitan,e3f3234aa3772760cdf40e79a8ae4471b6b02213,hw/top_darjeeling/ip/ast/rtl/vcaon_pgd.sv,a8b36ea8a1624342f93e1e8f09731b70327e8f8ec06f6390c3e8d27e182780bc,vcaon_pgd,20,186,16,0,,1,0,0,,0,0,0,0,1,2026-08-25T21:44:32.712049+00:00
Production-oriented open RTL,OpenTitan,https://github.com/lowRISC/opentitan,e3f3234aa3772760cdf40e79a8ae4471b6b02213,hw/top_darjeeling/ip/ast/rtl/vcc_pgd.sv,e7177170aa28cec80d2199f9fe673dcf9c8a3a874eea96513a1db10fa90160f2,vcc_pgd,22,189,12,0,,1,0,0,,0,0,0,0,1,2026-08-25T21:44:32.712049+00:00
Production-oriented open RTL,OpenTitan,https://github.com/lowRISC/opentitan,e3f3234aa3772760cdf40e79a8ae4471b6b02213,hw/top_darjeeling/ip/ast/rtl/vcmain_pgd.sv,3a90c5cee41267f3238ab4aee272a025664801925fd5fd5f3a4b738fc36190fa,vcmain_pgd,20,186,16,0,,1,0,0,,0,0,0,0,1,2026-08-25T21:44:32.712049+00:00
Production-oriented open RTL,OpenTitan,https://github.com/lowRISC/opentitan,e3f3234aa3772760cdf40e79a8ae4471b6b02213,hw/top_darjeeling/ip/ast/rtl/vio_pgd.sv,e5ba3ab083bc3ea620a9835468064b28ec98d23554918cc9a928308b29a5797f,vio_pgd,22,189,12,0,,1,0,0,,0,0,0,0,1,2026-08-25T21:44:32.712049+00:00
Production-oriented open RTL,OpenTitan,https://github.com/lowRISC/opentitan,e3f3234aa3772760cdf40e79a8ae4471b6b02213,hw/top_darjeeling/ip/soc_proxy/rtl/bat.sv,298cc5bc7800c086aa2919adabd5eed5ca41f6402399d7ead08802626aca590d,bat,34,404,10,0,,1,0,0,,0,1,1,0,3,2026-08-25T21:44:32.712049+00:00
Production-oriented open RTL,OpenTitan,https://github.com/lowRISC/opentitan,e3f3234aa3772760cdf40e79a8ae4471b6b02213,hw/top_darjeeling/ip/soc_proxy/rtl/soc_proxy.sv,a854d8fbd54caa8083255ecd2af03705bb34e91b6ce0bd7fec2342ea4befd300,soc_proxy,157,1501,11,6,DiagCode(CouldNotOpenIncludeFile);DiagCode(UnknownDirective),1,0,0,,4,9,9,0,6,2026-08-25T21:44:32.712049+00:00
Production-oriented open RTL,OpenTitan,https://github.com/lowRISC/opentitan,e3f3234aa3772760cdf40e79a8ae4471b6b02213,hw/top_darjeeling/ip/soc_proxy/rtl/soc_proxy_core_reg_top.sv,165bc717b9f1b46e1aa25d41b91c2e5eb74f6e99759fc6108cf25d916c143eab,soc_proxy_core_reg_top,141,1371,18,5,DiagCode(CouldNotOpenIncludeFile);DiagCode(UnknownDirective),1,1,1,clk_i,0,5,5,0,5,2026-08-25T21:44:32.712049+00:00
Production-oriented open RTL,OpenTitan,https://github.com/lowRISC/opentitan,e3f3234aa3772760cdf40e79a8ae4471b6b02213,hw/top_darjeeling/ip/soc_proxy/rtl/soc_proxy_ctn_reg_top.sv,1f268db0bbaea4d6075a6f36ee8bd3e9672e1977ea30b5b902c4d1e44a489e5c,soc_proxy_ctn_reg_top,20,151,7,1,DiagCode(CouldNotOpenIncludeFile),1,0,0,,0,1,1,0,4,2026-08-25T21:44:32.712049+00:00
Production-oriented open RTL,OpenTitan,https://github.com/lowRISC/opentitan,e3f3234aa3772760cdf40e79a8ae4471b6b02213,hw/top_darjeeling/ip/xbar_dbg/rtl/autogen/xbar_dbg.sv,a2d83d19b35d48a3742c0072caebc84f6c4d37214e0b22a13f828a0ebe0e1dfa,xbar_dbg,106,1027,17,0,,1,0,0,,0,3,3,0,6,2026-08-25T21:44:32.712049+00:00
Production-oriented open RTL,OpenTitan,https://github.com/lowRISC/opentitan,e3f3234aa3772760cdf40e79a8ae4471b6b02213,hw/top_darjeeling/ip/xbar_main/rtl/autogen/xbar_main.sv,500ef372cf996cf32bef2e5fa6ab23fc6b8964d0899296b7f4834ca8a50b47bc,xbar_main,1665,18800,79,0,,1,0,0,,0,50,50,0,6,2026-08-25T21:44:32.712049+00:00
Production-oriented open RTL,OpenTitan,https://github.com/lowRISC/opentitan,e3f3234aa3772760cdf40e79a8ae4471b6b02213,hw/top_darjeeling/ip/xbar_mbx/rtl/autogen/xbar_mbx.sv,9a39d2340b61504222bc27441428b17f5d2fc0dff9840448814250ceff189e53,xbar_mbx,115,1400,31,0,,1,0,0,,0,1,1,0,6,2026-08-25T21:44:32.712049+00:00
Production-oriented open RTL,OpenTitan,https://github.com/lowRISC/opentitan,e3f3234aa3772760cdf40e79a8ae4471b6b02213,hw/top_darjeeling/ip/xbar_peri/rtl/autogen/xbar_peri.sv,a8b754bae148317f987f2bd2720561ebd219f0fdc7ed8168c28a4b4dbbe71d14,xbar_peri,171,2192,47,0,,1,0,0,,0,1,1,0,6,2026-08-25T21:44:32.712049+00:00
Production-oriented open RTL,OpenTitan,https://github.com/lowRISC/opentitan,e3f3234aa3772760cdf40e79a8ae4471b6b02213,hw/top_darjeeling/ip_autogen/ac_range_check/rtl/ac_range_check.sv,4576bbe4ef77b475fd52d30980d8f84f34943f01a347080881ae9b62d025b1b9,ac_range_check,260,3952,19,12,DiagCode(CouldNotOpenIncludeFile);DiagCode(UnknownDirective),1,0,0,,0,9,7,2,7,2026-08-25T21:44:32.712049+00:00
Production-oriented open RTL,OpenTitan,https://github.com/lowRISC/opentitan,e3f3234aa3772760cdf40e79a8ae4471b6b02213,hw/top_darjeeling/ip_autogen/ac_range_check/rtl/ac_range_check_reg_top.sv,4cfaa79ea04aa8e37260c4db5d386cd079c80591ca5bc84b4b74e4e66c4ccbe8,ac_range_check_reg_top,9668,108591,184,5,DiagCode(CouldNotOpenIncludeFile);DiagCode(UnknownDirective),1,1,1,clk_i,0,348,348,0,5,2026-08-25T21:44:32.712049+00:00
Production-oriented open RTL,OpenTitan,https://github.com/lowRISC/opentitan,e3f3234aa3772760cdf40e79a8ae4471b6b02213,hw/top_darjeeling/ip_autogen/alert_handler/rtl/alert_handler.sv,4e59d692605d308d9d98df25a38bcdf5748cbec30782e6261ac98ae49d5911f6,alert_handler,195,2265,12,24,DiagCode(CouldNotOpenIncludeFile);DiagCode(UnknownDirective),1,0,0,,0,9,3,6,5,2026-08-25T21:44:32.712049+00:00
Production-oriented open RTL,OpenTitan,https://github.com/lowRISC/opentitan,e3f3234aa3772760cdf40e79a8ae4471b6b02213,hw/top_darjeeling/ip_autogen/alert_handler/rtl/alert_handler_accu.sv,61bae66ece5a167f277d8433070bdba2dd10aac6c3b3440c2c0d222eec20fe94,alert_handler_accu,33,317,10,4,DiagCode(CouldNotOpenIncludeFile);DiagCode(UnknownDirective),1,0,0,,0,1,1,0,2,2026-08-25T21:44:32.712049+00:00
Production-oriented open RTL,OpenTitan,https://github.com/lowRISC/opentitan,e3f3234aa3772760cdf40e79a8ae4471b6b02213,hw/top_darjeeling/ip_autogen/alert_handler/rtl/alert_handler_class.sv,fea38fd3988d1cac7896cc00a81de96838730d4858a8c845b09bb9299aab8dd7,alert_handler_class,30,549,13,0,,1,0,0,,0,0,0,0,1,2026-08-25T21:44:32.712049+00:00
Production-oriented open RTL,OpenTitan,https://github.com/lowRISC/opentitan,e3f3234aa3772760cdf40e79a8ae4471b6b02213,hw/top_darjeeling/ip_autogen/alert_handler/rtl/alert_handler_esc_timer.sv,5f14ff6296bd8f11740653243711b05de9fc3d9f7023a4c1fb05ebb8a1fbaa1b,alert_handler_esc_timer,187,1876,14,17,DiagCode(CouldNotOpenIncludeFile);DiagCode(UnknownDirective),1,0,0,,0,1,1,0,2,2026-08-25T21:44:32.712049+00:00
Production-oriented open RTL,OpenTitan,https://github.com/lowRISC/opentitan,e3f3234aa3772760cdf40e79a8ae4471b6b02213,hw/top_darjeeling/ip_autogen/alert_handler/rtl/alert_handler_lpg_ctrl.sv,37602afdb8445ef292b91a582b7cc0f9e39a557f4fabdca5947885b356d3e1a9,alert_handler_lpg_ctrl,57,616,15,1,DiagCode(CouldNotOpenIncludeFile),1,0,0,,0,3,3,0,3,2026-08-25T21:44:32.712049+00:00
Production-oriented open RTL,OpenTitan,https://github.com/lowRISC/opentitan,e3f3234aa3772760cdf40e79a8ae4471b6b02213,hw/top_darjeeling/ip_autogen/alert_handler/rtl/alert_handler_ping_timer.sv,600eb1567e6acc567d17ae278eb1562befdb7ad8903b637101d76a57e5d43cf5,alert_handler_ping_timer,224,2380,14,8,DiagCode(CouldNotOpenIncludeFile);DiagCode(UnknownDirective),1,1,1,clk_i,0,5,3,2,3,2026-08-25T21:44:32.712049+00:00
Production-oriented open RTL,OpenTitan,https://github.com/lowRISC/opentitan,e3f3234aa3772760cdf40e79a8ae4471b6b02213,hw/top_darjeeling/ip_autogen/alert_handler/rtl/alert_handler_reg_top.sv,bb37e2c868c55f0151bfe04ae3719f38b9599b27d6f09d08d046cded59313416,alert_handler_reg_top,15195,165988,414,5,DiagCode(CouldNotOpenIncludeFile);DiagCode(UnknownDirective),1,1,1,clk_i,0,451,447,4,5,2026-08-25T21:44:32.712049+00:00
Production-oriented open RTL,OpenTitan,https://github.com/lowRISC/opentitan,e3f3234aa3772760cdf40e79a8ae4471b6b02213,hw/top_darjeeling/ip_autogen/alert_handler/rtl/alert_handler_reg_wrap.sv,942569bb87415b5d9fbb8e75fd9be49766e4528cc1f2ac68e7e5204524dfbd63,alert_handler_reg_wrap,238,3538,14,0,,1,1,1,clk_i,0,5,4,1,2,2026-08-25T21:44:32.712049+00:00
Production-oriented open RTL,OpenTitan,https://github.com/lowRISC/opentitan,e3f3234aa3772760cdf40e79a8ae4471b6b02213,hw/top_darjeeling/ip_autogen/clkmgr/rtl/clkmgr.sv,83a37db05a6af4daceb0ac66e66261e8526a82cd134cbeeadf973ab3362247dd,clkmgr,410,4283,15,13,DiagCode(CouldNotOpenIncludeFile);DiagCode(UnknownDirective),1,0,0,,1,30,10,20,4,2026-08-25T21:44:32.712049+00:00
Production-oriented open RTL,OpenTitan,https://github.com/lowRISC/opentitan,e3f3234aa3772760cdf40e79a8ae4471b6b02213,hw/top_darjeeling/ip_autogen/clkmgr/rtl/clkmgr_byp.sv,7e3b038773aafadad7d5d9b4b7df306577965e8fc9ed730e36ecc9b941a02779,clkmgr_byp,129,973,15,0,,1,0,0,,0,9,8,1,3,2026-08-25T21:44:32.712049+00:00
Production-oriented open RTL,OpenTitan,https://github.com/lowRISC/opentitan,e3f3234aa3772760cdf40e79a8ae4471b6b02213,hw/top_darjeeling/ip_autogen/clkmgr/rtl/clkmgr_clk_status.sv,195ee68fcbe2e2a8d3c0978e8efbaa4431b9e68e1a1373714d6c3af0eaee6885,clkmgr_clk_status,40,397,12,0,,1,1,1,clk_i,1,1,1,0,2,2026-08-25T21:44:32.712049+00:00
Production-oriented open RTL,OpenTitan,https://github.com/lowRISC/opentitan,e3f3234aa3772760cdf40e79a8ae4471b6b02213,hw/top_darjeeling/ip_autogen/clkmgr/rtl/clkmgr_meas_chk.sv,71827c02963a1a0e00c5b96ce2a5ea2726121cbcd6dc0731a069bd28ad123868,clkmgr_meas_chk,98,797,12,0,,1,1,1,clk_src_i,1,4,4,0,5,2026-08-25T21:44:32.712049+00:00
Production-oriented open RTL,OpenTitan,https://github.com/lowRISC/opentitan,e3f3234aa3772760cdf40e79a8ae4471b6b02213,hw/top_darjeeling/ip_autogen/clkmgr/rtl/clkmgr_reg_top.sv,c05f3654116783206e2effe14e85fef19800bd8e5f7cee42468d991dfde68182,clkmgr_reg_top,1132,11045,29,5,DiagCode(CouldNotOpenIncludeFile);DiagCode(UnknownDirective),1,1,1,clk_i,16,48,44,4,5,2026-08-25T21:44:32.712049+00:00
Production-oriented open RTL,OpenTitan,https://github.com/lowRISC/opentitan,e3f3234aa3772760cdf40e79a8ae4471b6b02213,hw/top_darjeeling/ip_autogen/clkmgr/rtl/clkmgr_root_ctrl.sv,620926dfca7d610b2563aa661d83f5e239d2dda18bd14ebac75b7f81db3b5087,clkmgr_root_ctrl,30,185,11,0,,1,0,0,,0,2,2,0,3,2026-08-25T21:44:32.712049+00:00
Production-oriented open RTL,OpenTitan,https://github.com/lowRISC/opentitan,e3f3234aa3772760cdf40e79a8ae4471b6b02213,hw/top_darjeeling/ip_autogen/clkmgr/rtl/clkmgr_trans.sv,6e2b62b3580664b40c25a01dab09b17817bed8ac93da3d3db4de3c9cdafdfb43,clkmgr_trans,131,1114,15,0,,1,1,1,clk_i,4,9,7,2,3,2026-08-25T21:44:32.712049+00:00
Production-oriented open RTL,OpenTitan,https://github.com/lowRISC/opentitan,e3f3234aa3772760cdf40e79a8ae4471b6b02213,hw/top_darjeeling/ip_autogen/gpio/rtl/gpio.sv,24bb09c786580ed133bc0a1f72f76310870faf715ca1db9ee799ac6fe4ab730b,gpio,293,4346,22,7,DiagCode(CouldNotOpenIncludeFile);DiagCode(UnknownDirective),1,1,1,clk_i,1,4,3,1,4,2026-08-25T21:44:32.712049+00:00
Production-oriented open RTL,OpenTitan,https://github.com/lowRISC/opentitan,e3f3234aa3772760cdf40e79a8ae4471b6b02213,hw/top_darjeeling/ip_autogen/gpio/rtl/gpio_reg_top.sv,1c77e7c5b840aa59b8495be8a47ddec4d5935d6692e739c4ad7222b0bdf6c60c,gpio_reg_top,1853,22254,50,5,DiagCode(CouldNotOpenIncludeFile);DiagCode(UnknownDirective),1,1,1,clk_i,0,75,75,0,5,2026-08-25T21:44:32.712049+00:00
Production-oriented open RTL,OpenTitan,https://github.com/lowRISC/opentitan,e3f3234aa3772760cdf40e79a8ae4471b6b02213,hw/top_darjeeling/ip_autogen/otp_ctrl/rtl/otp_ctrl.sv,f7e7ef7aba8c25365e21f4c04539afabcc9dad1d0ff326b8f31511750c933968,otp_ctrl,1111,12788,24,61,DiagCode(CouldNotOpenIncludeFile);DiagCode(UnknownDirective),1,1,1,clk_i,1,36,25,10,6,2026-08-25T21:44:32.712049+00:00
Production-oriented open RTL,OpenTitan,https://github.com/lowRISC/opentitan,e3f3234aa3772760cdf40e79a8ae4471b6b02213,hw/top_darjeeling/ip_autogen/otp_ctrl/rtl/otp_ctrl_core_reg_top.sv,d977722735a24ff2db64606e28a958846bbdfa6c9f0ee58fb19d87910a03d3c8,otp_ctrl_core_reg_top,3133,34148,112,5,DiagCode(CouldNotOpenIncludeFile);DiagCode(UnknownDirective),1,1,1,clk_i,0,142,142,0,6,2026-08-25T21:44:32.712049+00:00
Production-oriented open RTL,OpenTitan,https://github.com/lowRISC/opentitan,e3f3234aa3772760cdf40e79a8ae4471b6b02213,hw/top_darjeeling/ip_autogen/otp_ctrl/rtl/otp_ctrl_dai.sv,37e5f918dd4f0f273207c4223627dcbee1bbfb54fd737c64c044c4eb1c31eff7,otp_ctrl_dai,649,7218,24,24,DiagCode(CouldNotOpenIncludeFile);DiagCode(UnknownDirective),1,1,1,clk_i,0,4,3,1,2,2026-08-25T21:44:32.712049+00:00
Production-oriented open RTL,OpenTitan,https://github.com/lowRISC/opentitan,e3f3234aa3772760cdf40e79a8ae4471b6b02213,hw/top_darjeeling/ip_autogen/otp_ctrl/rtl/otp_ctrl_ecc_reg.sv,8b0387b99f875f777078fbca74ee9c757913dcc0ffda99e5a968772abedd908e,otp_ctrl_ecc_reg,69,798,16,7,DiagCode(CouldNotOpenIncludeFile);DiagCode(UnknownDirective),1,1,1,clk_i,0,2,2,0,2,2026-08-25T21:44:32.712049+00:00
Production-oriented open RTL,OpenTitan,https://github.com/lowRISC/opentitan,e3f3234aa3772760cdf40e79a8ae4471b6b02213,hw/top_darjeeling/ip_autogen/otp_ctrl/rtl/otp_ctrl_kdi.sv,5f76c94047afe197c6ba4d40aaf0ccc278d966212aeedc2d45fb9f8084604f68,otp_ctrl_kdi,341,3182,19,19,DiagCode(CouldNotOpenIncludeFile);DiagCode(UnknownDirective),1,1,1,clk_i,0,5,5,0,2,2026-08-25T21:44:32.712049+00:00
Production-oriented open RTL,OpenTitan,https://github.com/lowRISC/opentitan,e3f3234aa3772760cdf40e79a8ae4471b6b02213,hw/top_darjeeling/ip_autogen/otp_ctrl/rtl/otp_ctrl_lci.sv,64a44a9b3d1d12ac0adc865fd8c72693bc378d0394e3f866fd6be00836220775,otp_ctrl_lci,152,1449,14,12,DiagCode(CouldNotOpenIncludeFile);DiagCode(UnknownDirective),1,1,1,clk_i,0,1,1,0,2,2026-08-25T21:44:32.712049+00:00
Production-oriented open RTL,OpenTitan,https://github.com/lowRISC/opentitan,e3f3234aa3772760cdf40e79a8ae4471b6b02213,hw/top_darjeeling/ip_autogen/otp_ctrl/rtl/otp_ctrl_lfsr_timer.sv,d9fbe2c06bfec70c9e8e5ac7dedf1dc015bdd84a5d212dc04964a6eaf36de471,otp_ctrl_lfsr_timer,229,2425,15,8,DiagCode(CouldNotOpenIncludeFile);DiagCode(UnknownDirective),1,1,1,clk_i,0,3,3,0,3,2026-08-25T21:44:32.712049+00:00
Production-oriented open RTL,OpenTitan,https://github.com/lowRISC/opentitan,e3f3234aa3772760cdf40e79a8ae4471b6b02213,hw/top_darjeeling/ip_autogen/otp_ctrl/rtl/otp_ctrl_part_buf.sv,a2152195a075cba7e661e7930475ad9605119b59771dc5c305537951abfad353,otp_ctrl_part_buf,610,5762,22,39,DiagCode(CouldNotOpenIncludeFile);DiagCode(UnknownDirective),1,1,1,clk_i,0,12,9,3,3,2026-08-25T21:44:32.712049+00:00
Production-oriented open RTL,OpenTitan,https://github.com/lowRISC/opentitan,e3f3234aa3772760cdf40e79a8ae4471b6b02213,hw/top_darjeeling/ip_autogen/otp_ctrl/rtl/otp_ctrl_part_unbuf.sv,ce3030fb04a3b702ff20d0f0a3e43ff098c6a4496cc2942c16dc9ff81c31eb7f,otp_ctrl_part_unbuf,432,4206,22,30,DiagCode(CouldNotOpenIncludeFile);DiagCode(UnknownDirective),1,1,1,clk_i,0,11,8,3,3,2026-08-25T21:44:32.712049+00:00
Production-oriented open RTL,OpenTitan,https://github.com/lowRISC/opentitan,e3f3234aa3772760cdf40e79a8ae4471b6b02213,hw/top_darjeeling/ip_autogen/otp_ctrl/rtl/otp_ctrl_scrmbl.sv,6ebcd124a44b3bbca1d3394755624e00754c88414176167d79c67ee431c81582,otp_ctrl_scrmbl,318,3234,18,10,DiagCode(CouldNotOpenIncludeFile);DiagCode(UnknownDirective),1,1,1,clk_i,0,6,6,0,2,2026-08-25T21:44:32.712049+00:00
Production-oriented open RTL,OpenTitan,https://github.com/lowRISC/opentitan,e3f3234aa3772760cdf40e79a8ae4471b6b02213,hw/top_darjeeling/ip_autogen/otp_ctrl/rtl/otp_ctrl_token_const.sv,e868eaa4c0a75614724634b4e484d42096b9ef2c941b5eeec2e298edd3a4f52e,otp_ctrl_token_const,37,608,14,0,,1,0,0,,0,1,1,0,2,2026-08-25T21:44:32.712049+00:00
Production-oriented open RTL,OpenTitan,https://github.com/lowRISC/opentitan,e3f3234aa3772760cdf40e79a8ae4471b6b02213,hw/top_darjeeling/ip_autogen/pinmux/rtl/pinmux.sv,effe2f9326532f6b49d60a1e900a1470c7268a3f1fe357b0b90044901e9c1618,pinmux,317,5871,19,12,DiagCode(CouldNotOpenIncludeFile);DiagCode(UnknownDirective),1,1,1,clk_i,0,5,1,4,4,2026-08-25T21:44:32.712049+00:00
Production-oriented open RTL,OpenTitan,https://github.com/lowRISC/opentitan,e3f3234aa3772760cdf40e79a8ae4471b6b02213,hw/top_darjeeling/ip_autogen/pinmux/rtl/pinmux_jtag_breakout.sv,850047d09d152044a86d6e86d819c059097b16f60e2d4a1f31332d2a3195d83a,pinmux_jtag_breakout,17,163,7,0,,1,0,0,,0,0,0,0,1,2026-08-25T21:44:32.712049+00:00
Production-oriented open RTL,OpenTitan,https://github.com/lowRISC/opentitan,e3f3234aa3772760cdf40e79a8ae4471b6b02213,hw/top_darjeeling/ip_autogen/pinmux/rtl/pinmux_jtag_buf.sv,0a90d858ed05e4ca86544166cc26a56cb1dd5371debfc199ec910fbcd09139a8,pinmux_jtag_buf,39,356,7,0,,1,0,0,,0,7,0,7,1,2026-08-25T21:44:32.712049+00:00
Production-oriented open RTL,OpenTitan,https://github.com/lowRISC/opentitan,e3f3234aa3772760cdf40e79a8ae4471b6b02213,hw/top_darjeeling/ip_autogen/pinmux/rtl/pinmux_reg_top.sv,8aa9467b058f36bad1cebb646f778ccd0a01fab86c38b95fa7f01d16e3bc443a,pinmux_reg_top,31871,367836,519,5,DiagCode(CouldNotOpenIncludeFile);DiagCode(UnknownDirective),1,1,1,clk_i,50,1401,1401,0,5,2026-08-25T21:44:32.712049+00:00
Production-oriented open RTL,OpenTitan,https://github.com/lowRISC/opentitan,e3f3234aa3772760cdf40e79a8ae4471b6b02213,hw/top_darjeeling/ip_autogen/pinmux/rtl/pinmux_strap_sampling.sv,424bd10dc1ce8e0a2e466360aade0d277f90ebe6d4823077feeb5394dd4144bc,pinmux_strap_sampling,315,3363,17,20,DiagCode(UnknownDirective),1,1,1,clk_i,0,14,9,5,4,2026-08-25T21:44:32.712049+00:00
Production-oriented open RTL,OpenTitan,https://github.com/lowRISC/opentitan,e3f3234aa3772760cdf40e79a8ae4471b6b02213,hw/top_darjeeling/ip_autogen/pinmux/rtl/pinmux_wkup.sv,a72af55c7ab42a1ac4e80fead7e08257175f7212c28c6cc0fb245338965e5ab6,pinmux_wkup,68,536,11,0,,1,1,1,clk_i,2,1,1,0,3,2026-08-25T21:44:32.712049+00:00
Production-oriented open RTL,OpenTitan,https://github.com/lowRISC/opentitan,e3f3234aa3772760cdf40e79a8ae4471b6b02213,hw/top_darjeeling/ip_autogen/pwrmgr/rtl/pwrmgr.sv,32a9453688bbef0c1fce4bbad955a303557b6765d62431f2d0be117574fc12ed,pwrmgr,436,4611,16,18,DiagCode(CouldNotOpenIncludeFile);DiagCode(UnknownDirective),1,2,2,clk_i;clk_lc,5,16,8,8,4,2026-08-25T21:44:32.712049+00:00
Production-oriented open RTL,OpenTitan,https://github.com/lowRISC/opentitan,e3f3234aa3772760cdf40e79a8ae4471b6b02213,hw/top_darjeeling/ip_autogen/pwrmgr/rtl/pwrmgr_cdc.sv,36de6bb6b50f3284e9b98eea65c3b80a9e861bc0f912eb3374e2f4b1d226ee23,pwrmgr_cdc,233,1875,12,1,DiagCode(CouldNotOpenIncludeFile),1,2,2,clk_i;clk_slow_i,18,16,16,0,3,2026-08-25T21:44:32.712049+00:00
Production-oriented open RTL,OpenTitan,https://github.com/lowRISC/opentitan,e3f3234aa3772760cdf40e79a8ae4471b6b02213,hw/top_darjeeling/ip_autogen/pwrmgr/rtl/pwrmgr_cdc_pulse.sv,4e9e24dbf18cb686391a0b18f2d21ea3734b052510c1472dd91b58c441e2c040,pwrmgr_cdc_pulse,65,526,14,1,DiagCode(CouldNotOpenIncludeFile),1,2,2,clk_i;clk_slow_i,2,2,2,0,2,2026-08-25T21:44:32.712049+00:00
Production-oriented open RTL,OpenTitan,https://github.com/lowRISC/opentitan,e3f3234aa3772760cdf40e79a8ae4471b6b02213,hw/top_darjeeling/ip_autogen/pwrmgr/rtl/pwrmgr_fsm.sv,01c5c2fe606e8ba4b65b53265ae386681a2959dcad00a02678ebbf56c4108c1a,pwrmgr_fsm,367,3273,18,3,DiagCode(CouldNotOpenIncludeFile);DiagCode(UnknownDirective),1,1,1,clk_i,2,5,3,2,3,2026-08-25T21:44:32.712049+00:00
Production-oriented open RTL,OpenTitan,https://github.com/lowRISC/opentitan,e3f3234aa3772760cdf40e79a8ae4471b6b02213,hw/top_darjeeling/ip_autogen/pwrmgr/rtl/pwrmgr_reg_top.sv,f707f6bb68ee1021c8c75e0eb7269f06a07dc6446e0fcebb66b3aa58e64cb9ae,pwrmgr_reg_top,838,8862,33,5,DiagCode(CouldNotOpenIncludeFile);DiagCode(UnknownDirective),1,1,1,clk_lc_i,0,35,34,1,5,2026-08-25T21:44:32.712049+00:00
Production-oriented open RTL,OpenTitan,https://github.com/lowRISC/opentitan,e3f3234aa3772760cdf40e79a8ae4471b6b02213,hw/top_darjeeling/ip_autogen/pwrmgr/rtl/pwrmgr_slow_fsm.sv,6e6d9daffb5da00a87f2820bd61fecd83207f98ec13832b7b0d75d60ddf8baab,pwrmgr_slow_fsm,214,1713,13,3,DiagCode(CouldNotOpenIncludeFile);DiagCode(UnknownDirective),1,1,1,clk_i,1,1,1,0,2,2026-08-25T21:44:32.712049+00:00
Production-oriented open RTL,OpenTitan,https://github.com/lowRISC/opentitan,e3f3234aa3772760cdf40e79a8ae4471b6b02213,hw/top_darjeeling/ip_autogen/pwrmgr/rtl/pwrmgr_wake_info.sv,361e88f75a117c9c6e93a8b9894fbc9f17080e6c884fe2dffe18887678151eae,pwrmgr_wake_info,47,562,16,1,DiagCode(CouldNotOpenIncludeFile),1,1,1,clk_i,0,0,0,0,1,2026-08-25T21:44:32.712049+00:00
Production-oriented open RTL,OpenTitan,https://github.com/lowRISC/opentitan,e3f3234aa3772760cdf40e79a8ae4471b6b02213,hw/top_darjeeling/ip_autogen/racl_ctrl/rtl/racl_ctrl.sv,46a9a21634efc3121ffbdd5bd87d7e943aea8624c61b53a04ec65fe2b9e820f1,racl_ctrl,137,1846,11,7,DiagCode(CouldNotOpenIncludeFile);DiagCode(UnknownDirective),1,0,0,,0,4,4,0,6,2026-08-25T21:44:32.712049+00:00
Production-oriented open RTL,OpenTitan,https://github.com/lowRISC/opentitan,e3f3234aa3772760cdf40e79a8ae4471b6b02213,hw/top_darjeeling/ip_autogen/racl_ctrl/rtl/racl_ctrl_reg_top.sv,4cd0cab6f7d236626692a3587ada77c44b4eadd3202d544f8ccdfd92e3870b49,racl_ctrl_reg_top,649,6853,25,5,DiagCode(CouldNotOpenIncludeFile);DiagCode(UnknownDirective),1,1,1,clk_i,0,23,22,1,5,2026-08-25T21:44:32.712049+00:00
Production-oriented open RTL,OpenTitan,https://github.com/lowRISC/opentitan,e3f3234aa3772760cdf40e79a8ae4471b6b02213,hw/top_darjeeling/ip_autogen/rstmgr/rtl/rstmgr.sv,8098e8ddff6f427474538a2e8a02e0ef6262e4ea75674423d4642a66fa130640,rstmgr,554,6327,19,20,DiagCode(CouldNotOpenIncludeFile);DiagCode(UnknownDirective),1,0,0,,1,30,6,24,4,2026-08-25T21:44:32.712049+00:00
Production-oriented open RTL,OpenTitan,https://github.com/lowRISC/opentitan,e3f3234aa3772760cdf40e79a8ae4471b6b02213,hw/top_darjeeling/ip_autogen/rstmgr/rtl/rstmgr_cnsty_chk.sv,41163d88ac730675a8c31c81c16574016441882713a0dadf1c90787ce8ac26e9,rstmgr_cnsty_chk,177,1415,15,2,DiagCode(CouldNotOpenIncludeFile);DiagCode(UnknownDirective),1,1,1,clk_i,3,3,3,0,3,2026-08-25T21:44:32.712049+00:00
Production-oriented open RTL,OpenTitan,https://github.com/lowRISC/opentitan,e3f3234aa3772760cdf40e79a8ae4471b6b02213,hw/top_darjeeling/ip_autogen/rstmgr/rtl/rstmgr_crash_info.sv,f6caa86ced9d29d9779d34a1c70acb4adec67bc3ef9b62a5bc23754d173b21f1,rstmgr_crash_info,39,527,12,3,DiagCode(CouldNotOpenIncludeFile);DiagCode(UnknownDirective),1,1,1,clk_i,0,0,0,0,1,2026-08-25T21:44:32.712049+00:00
Production-oriented open RTL,OpenTitan,https://github.com/lowRISC/opentitan,e3f3234aa3772760cdf40e79a8ae4471b6b02213,hw/top_darjeeling/ip_autogen/rstmgr/rtl/rstmgr_ctrl.sv,c777f7da6bf91fd2fb90f7f9ec7b65211b4be97bcb3a567f727b7cdde247862d,rstmgr_ctrl,53,518,13,1,DiagCode(CouldNotOpenIncludeFile),1,0,0,,2,4,2,2,2,2026-08-25T21:44:32.712049+00:00
Production-oriented open RTL,OpenTitan,https://github.com/lowRISC/opentitan,e3f3234aa3772760cdf40e79a8ae4471b6b02213,hw/top_darjeeling/ip_autogen/rstmgr/rtl/rstmgr_leaf_rst.sv,2a3d957f5d22eaeaa88014f821f139e3c2a98107065c8f116d972402bd8d1e8c,rstmgr_leaf_rst,105,817,16,1,DiagCode(CouldNotOpenIncludeFile),1,1,1,clk_i,2,6,4,2,3,2026-08-25T21:44:32.712049+00:00
Production-oriented open RTL,OpenTitan,https://github.com/lowRISC/opentitan,e3f3234aa3772760cdf40e79a8ae4471b6b02213,hw/top_darjeeling/ip_autogen/rstmgr/rtl/rstmgr_por.sv,0e5b3ac69e697c6c7bfb6463ca68b3fd94b990cb20c93230ceb17c91ec10972b,rstmgr_por,81,744,14,0,,1,1,1,clk_i,1,5,1,4,2,2026-08-25T21:44:32.712049+00:00
Production-oriented open RTL,OpenTitan,https://github.com/lowRISC/opentitan,e3f3234aa3772760cdf40e79a8ae4471b6b02213,hw/top_darjeeling/ip_autogen/rstmgr/rtl/rstmgr_reg_top.sv,fddc366d99106f28500303bd8f8579a20aeea4170bb9dad1d257595707126c2a,rstmgr_reg_top,754,8115,34,5,DiagCode(CouldNotOpenIncludeFile);DiagCode(UnknownDirective),1,1,1,clk_i,0,30,30,0,5,2026-08-25T21:44:32.712049+00:00
Production-oriented open RTL,OpenTitan,https://github.com/lowRISC/opentitan,e3f3234aa3772760cdf40e79a8ae4471b6b02213,hw/top_darjeeling/ip_autogen/rv_core_ibex/rtl/rv_core_ibex.sv,21ffb4b09d312102eccd0f0737c9aba876cac714b5fc015206ffb5b47862659a,rv_core_ibex,996,10449,19,9,DiagCode(CouldNotOpenIncludeFile);DiagCode(UnknownDirective),1,1,1,clk_i,3,31,20,11,7,2026-08-25T21:44:32.712049+00:00
Production-oriented open RTL,OpenTitan,https://github.com/lowRISC/opentitan,e3f3234aa3772760cdf40e79a8ae4471b6b02213,hw/top_darjeeling/ip_autogen/rv_core_ibex/rtl/rv_core_ibex_addr_trans.sv,d4798bd5df0c64bd663614ff218f807ae76d08e624904671d59d422249b86bf1,rv_core_ibex_addr_trans,55,725,14,0,,1,0,0,,0,1,1,0,2,2026-08-25T21:44:32.712049+00:00
Production-oriented open RTL,OpenTitan,https://github.com/lowRISC/opentitan,e3f3234aa3772760cdf40e79a8ae4471b6b02213,hw/top_darjeeling/ip_autogen/rv_core_ibex/rtl/rv_core_ibex_cfg_reg_top.sv,15fada298541100374abf9938e03d1711117ea4d1c9b9f7b109b4aa97b44f151,rv_core_ibex_cfg_reg_top,10460,116504,283,5,DiagCode(CouldNotOpenIncludeFile);DiagCode(UnknownDirective),1,1,1,clk_i,0,473,281,192,6,2026-08-25T21:44:32.712049+00:00
Production-oriented open RTL,OpenTitan,https://github.com/lowRISC/opentitan,e3f3234aa3772760cdf40e79a8ae4471b6b02213,hw/top_darjeeling/ip_autogen/rv_core_ibex/rtl/rv_core_ibex_peri.sv,15fd3d21a69020125ead08c8ee7580895e3cabeac6add682f9d6b82129eda06b,rv_core_ibex_peri,85,1265,11,2,DiagCode(CouldNotOpenIncludeFile);DiagCode(UnknownDirective),1,0,0,,0,2,1,0,4,2026-08-25T21:44:32.712049+00:00
Production-oriented open RTL,OpenTitan,https://github.com/lowRISC/opentitan,e3f3234aa3772760cdf40e79a8ae4471b6b02213,hw/top_darjeeling/ip_autogen/rv_plic/rtl/rv_plic.sv,3530376e6b954893a98be5ecd1be814d30846bea6ef4fbf3807c7bcb6dfa8530,rv_plic,259,5481,14,9,DiagCode(CouldNotOpenIncludeFile);DiagCode(UnknownDirective),1,0,0,,1,5,2,3,4,2026-08-25T21:44:32.712049+00:00
Production-oriented open RTL,OpenTitan,https://github.com/lowRISC/opentitan,e3f3234aa3772760cdf40e79a8ae4471b6b02213,hw/top_darjeeling/ip_autogen/rv_plic/rtl/rv_plic_gateway.sv,d8fbb17008d3bc402a3c4c7d7c4c5fec4e98e1a80dd4212ff7b6c94c1c3ef4c8,rv_plic_gateway,34,442,16,2,DiagCode(UnknownDirective),1,1,1,clk_i,0,0,0,0,1,2026-08-25T21:44:32.712049+00:00
Production-oriented open RTL,OpenTitan,https://github.com/lowRISC/opentitan,e3f3234aa3772760cdf40e79a8ae4471b6b02213,hw/top_darjeeling/ip_autogen/rv_plic/rtl/rv_plic_reg_top.sv,e4d5df2123533ebbd247d71e396eb88674855690847f789f4b3e6655f091614a,rv_plic_reg_top,9256,99419,162,5,DiagCode(CouldNotOpenIncludeFile);DiagCode(UnknownDirective),1,1,1,clk_i,0,404,404,0,5,2026-08-25T21:44:32.712049+00:00
Production-oriented open RTL,OpenTitan,https://github.com/lowRISC/opentitan,e3f3234aa3772760cdf40e79a8ae4471b6b02213,hw/top_darjeeling/ip_autogen/rv_plic/rtl/rv_plic_target.sv,b180ac08ba475d0e15ca52d050b80bca6fd3ff2bde7736a16532c9157b746335,rv_plic_target,46,533,12,1,DiagCode(CouldNotOpenIncludeFile),1,1,1,clk_i,0,1,1,0,2,2026-08-25T21:44:32.712049+00:00
Production-oriented open RTL,OpenTitan,https://github.com/lowRISC/opentitan,e3f3234aa3772760cdf40e79a8ae4471b6b02213,hw/top_darjeeling/rtl/autogen/chip_darjeeling_asic.sv,cb3eabe961026c940af5e0e3bdf25ccc4250928d0df8efa3b0e2d613e20c9093,chip_darjeeling_asic,1596,12042,12,0,,1,0,0,,0,8,6,2,13,2026-08-25T21:44:32.712049+00:00
Production-oriented open RTL,OpenTitan,https://github.com/lowRISC/opentitan,e3f3234aa3772760cdf40e79a8ae4471b6b02213,hw/top_darjeeling/rtl/autogen/chip_darjeeling_verilator.sv,d10e2a17f2cded0919f20130fb425b567bb2d996f0af7e9187d8668cc245b4a4,chip_darjeeling_verilator,670,6051,12,0,,1,1,1,clk_aon,0,9,6,3,13,2026-08-25T21:44:32.712049+00:00
Production-oriented open RTL,OpenTitan,https://github.com/lowRISC/opentitan,e3f3234aa3772760cdf40e79a8ae4471b6b02213,hw/top_darjeeling/rtl/autogen/darjeeling_pd_aon.sv,c40e20bd1e23b2dfa9efbaa1dfb5af257a272fa9cc720a83bfff5dd91d06ef44,darjeeling_pd_aon,323,3825,11,2,DiagCode(CouldNotOpenIncludeFile);DiagCode(UnknownDirective),1,0,0,,0,6,3,3,10,2026-08-25T21:44:32.712049+00:00
Production-oriented open RTL,OpenTitan,https://github.com/lowRISC/opentitan,e3f3234aa3772760cdf40e79a8ae4471b6b02213,hw/top_darjeeling/rtl/autogen/darjeeling_pd_main.sv,e287356d6568a7864400087d3bf6171d23d0bab51f29482f59e42a4df83ea178,darjeeling_pd_main,2585,30853,12,1,DiagCode(CouldNotOpenIncludeFile),1,0,0,,0,45,37,8,11,2026-08-25T21:44:32.712049+00:00
Production-oriented open RTL,OpenTitan,https://github.com/lowRISC/opentitan,e3f3234aa3772760cdf40e79a8ae4471b6b02213,hw/top_darjeeling/rtl/autogen/top_darjeeling.sv,d280b19254043dcb92a4e4f4d074324d5e7476ad559f5cbebe15a792b8bb214f,top_darjeeling,641,6260,12,0,,1,0,0,,0,2,2,0,12,2026-08-25T21:44:32.712049+00:00
Production-oriented open RTL,OpenTitan,https://github.com/lowRISC/opentitan,e3f3234aa3772760cdf40e79a8ae4471b6b02213,hw/top_darjeeling/rtl/padring.sv,e9bbedd8f41eb8bf676c91a8acb0ea984b8201e6a100737c637c1703ea342c30,padring,83,1193,14,1,DiagCode(CouldNotOpenIncludeFile),1,0,0,,0,4,1,3,2,2026-08-25T21:44:32.712049+00:00
Production-oriented open RTL,OpenTitan,https://github.com/lowRISC/opentitan,e3f3234aa3772760cdf40e79a8ae4471b6b02213,hw/top_darjeeling/rtl/padring_verilator.sv,4f2f86c317c099755ba614b62363dfbfb0495441c491d9ad12e3716609d21248,padring_verilator,43,535,12,0,,1,0,0,,0,0,0,0,1,2026-08-25T21:44:32.712049+00:00
Production-oriented open RTL,OpenTitan,https://github.com/lowRISC/opentitan,e3f3234aa3772760cdf40e79a8ae4471b6b02213,hw/top_darjeeling/rtl/physical_pads.sv,1167136ed2043919ef427b49d4021a268722405fcd689ddbce83b3e7c3124b15,physical_pads,9,63,10,1,DiagCode(CouldNotOpenIncludeFile),1,0,0,,0,0,0,0,1,2026-08-25T21:44:32.712049+00:00
Production-oriented open RTL,OpenTitan,https://github.com/lowRISC/opentitan,e3f3234aa3772760cdf40e79a8ae4471b6b02213,hw/top_earlgrey/ip/ast/rtl/adc.sv,696f31711cabcfd1250e570cd21d8f73a78a9fde78046e528539fe28e220f713,adc,70,873,26,3,DiagCode(UnknownDirective),1,1,1,clk_adc_i,0,1,0,1,1,2026-08-25T21:44:32.712049+00:00
Production-oriented open RTL,OpenTitan,https://github.com/lowRISC/opentitan,e3f3234aa3772760cdf40e79a8ae4471b6b02213,hw/top_earlgrey/ip/ast/rtl/adc_ana.sv,03e605636c45001cd8d5bbd7cf298c16d25211f2140e881f719c910fada77aeb,adc_ana,15,236,14,0,,1,0,0,,0,0,0,0,1,2026-08-25T21:44:32.712049+00:00
Production-oriented open RTL,OpenTitan,https://github.com/lowRISC/opentitan,e3f3234aa3772760cdf40e79a8ae4471b6b02213,hw/top_earlgrey/ip/ast/rtl/aon_clk.sv,dde6c009ddbab3f4dead851fb3dd400ad3442ccdb0a0568c830b915c466694e7,aon_clk,37,292,6,0,,1,0,0,,1,3,1,2,2,2026-08-25T21:44:32.712049+00:00
Production-oriented open RTL,OpenTitan,https://github.com/lowRISC/opentitan,e3f3234aa3772760cdf40e79a8ae4471b6b02213,hw/top_earlgrey/ip/ast/rtl/aon_osc.sv,89197b23c7a1b051203374b3b6888b7d8b7c176640052a411d3e350ef38820a4,aon_osc,53,601,17,0,,1,1,1,clk,0,1,0,1,1,2026-08-25T21:44:32.712049+00:00
Production-oriented open RTL,OpenTitan,https://github.com/lowRISC/opentitan,e3f3234aa3772760cdf40e79a8ae4471b6b02213,hw/top_earlgrey/ip/ast/rtl/ast.sv,5bf51481d84d97469f2f5e9894a0ef39521d1ff72346f1a5dd3dbbc60fcc2156,ast,224,2622,11,2,DiagCode(CouldNotOpenIncludeFile);DiagCode(UnknownDirective),1,0,0,,0,2,0,2,1,2026-08-25T21:44:32.712049+00:00
Production-oriented open RTL,OpenTitan,https://github.com/lowRISC/opentitan,e3f3234aa3772760cdf40e79a8ae4471b6b02213,hw/top_earlgrey/ip/ast/rtl/ast_alert.sv,acd9f339c56b665bf2cc39de8bd6ef5624c5ea63c5ae64ced79f2c2cbdcd04ee,ast_alert,41,451,12,0,,1,1,1,clk_i,0,0,0,0,1,2026-08-25T21:44:32.712049+00:00
Production-oriented open RTL,OpenTitan,https://github.com/lowRISC/opentitan,e3f3234aa3772760cdf40e79a8ae4471b6b02213,hw/top_earlgrey/ip/ast/rtl/ast_aon.sv,f78afd81a6da71d0330979bc451679bf3c4a1c609806e935d238316d3d31ebe0,ast_aon,440,5091,13,26,DiagCode(CouldNotOpenIncludeFile);DiagCode(UnknownDirective),1,1,1,clk_ast_tlul_i,2,25,2,23,2,2026-08-25T21:44:32.712049+00:00
Production-oriented open RTL,OpenTitan,https://github.com/lowRISC/opentitan,e3f3234aa3772760cdf40e79a8ae4471b6b02213,hw/top_earlgrey/ip/ast/rtl/ast_clks_byp_aon.sv,1eb75d0e1d5f192b4b17f29b31627b4ea7b6441f64314cfe4600d666587ebe4a,ast_clks_byp_aon,47,406,7,1,DiagCode(CouldNotOpenIncludeFile),1,0,0,,0,3,0,3,1,2026-08-25T21:44:32.712049+00:00
Production-oriented open RTL,OpenTitan,https://github.com/lowRISC/opentitan,e3f3234aa3772760cdf40e79a8ae4471b6b02213,hw/top_earlgrey/ip/ast/rtl/ast_clks_byp_main.sv,ff609728e779d6291affe92ac052940d66be211fc40345833cf71db36c869829,ast_clks_byp_main,609,5179,13,1,DiagCode(CouldNotOpenIncludeFile),1,2,2,clk_aon;clk_ast_ext_scn,16,57,27,30,3,2026-08-25T21:44:32.712049+00:00
Production-oriented open RTL,OpenTitan,https://github.com/lowRISC/opentitan,e3f3234aa3772760cdf40e79a8ae4471b6b02213,hw/top_earlgrey/ip/ast/rtl/ast_dft.sv,72ebf53f6e75a94426fe3c2911bb9b10096953a6270737227d2ffecfd2c17764,ast_dft,17,186,11,1,DiagCode(CouldNotOpenIncludeFile),1,0,0,,0,0,0,0,1,2026-08-25T21:44:32.712049+00:00
Production-oriented open RTL,OpenTitan,https://github.com/lowRISC/opentitan,e3f3234aa3772760cdf40e79a8ae4471b6b02213,hw/top_earlgrey/ip/ast/rtl/ast_entropy.sv,b6523ceefdb1fcfa0731b3b9d82c9f2b822e3e9cb5cce5d37adf93819d67eabb,ast_entropy,84,711,15,0,,1,1,1,clk_ast_es_i,0,1,0,1,1,2026-08-25T21:44:32.712049+00:00
Production-oriented open RTL,OpenTitan,https://github.com/lowRISC/opentitan,e3f3234aa3772760cdf40e79a8ae4471b6b02213,hw/top_earlgrey/ip/ast/rtl/ast_main.sv,a35cbbd854ddc96750bc4e02148c429b6f3115a914c2ea5c0865371ee4acc5cf,ast_main,291,2930,15,18,DiagCode(CouldNotOpenIncludeFile);DiagCode(UnknownDirective),1,1,1,clk_ast_tlul_i,1,13,2,11,3,2026-08-25T21:44:32.712049+00:00
Production-oriented open RTL,OpenTitan,https://github.com/lowRISC/opentitan,e3f3234aa3772760cdf40e79a8ae4471b6b02213,hw/top_earlgrey/ip/ast/rtl/ast_pulse_sync.sv,fe6cc5d75eaa0e1ced45eb4ab6c6d74850be9445f99f62ac6410453bbbbf3f42,ast_pulse_sync,81,682,11,3,DiagCode(CouldNotOpenIncludeFile);DiagCode(UnknownDirective),1,2,2,clk_dst_i;clk_src_i,7,4,4,0,2,2026-08-25T21:44:32.712049+00:00
Production-oriented open RTL,OpenTitan,https://github.com/lowRISC/opentitan,e3f3234aa3772760cdf40e79a8ae4471b6b02213,hw/top_earlgrey/ip/ast/rtl/ast_reg_top.sv,0e4c56d023c65de914e75d02b1f4c750da23ad7266cb31112536f1ef2e14c1c0,ast_reg_top,1746,20567,75,5,DiagCode(CouldNotOpenIncludeFile);DiagCode(UnknownDirective),1,1,1,clk_i,0,63,63,0,5,2026-08-25T21:44:32.712049+00:00
Production-oriented open RTL,OpenTitan,https://github.com/lowRISC/opentitan,e3f3234aa3772760cdf40e79a8ae4471b6b02213,hw/top_earlgrey/ip/ast/rtl/dev_entropy.sv,7241575ca8abe4c8ec3506aca62f12146fbea871166be44d75aaa208b8b89a6b,dev_entropy,176,1783,13,0,,1,2,2,clk_dev_i;clk_i,5,7,7,0,3,2026-08-25T21:44:32.712049+00:00
Production-oriented open RTL,OpenTitan,https://github.com/lowRISC/opentitan,e3f3234aa3772760cdf40e79a8ae4471b6b02213,hw/top_earlgrey/ip/ast/rtl/gfr_clk_mux2.sv,65f35c71c7babf639e0be93e0fe4b9d4033aa15db9b6d724c40be7b2bd19de7c,gfr_clk_mux2,77,706,12,0,,1,2,2,clk_ext_i;clk_osc_i,0,2,0,2,1,2026-08-25T21:44:32.712049+00:00
Production-oriented open RTL,OpenTitan,https://github.com/lowRISC/opentitan,e3f3234aa3772760cdf40e79a8ae4471b6b02213,hw/top_earlgrey/ip/ast/rtl/io_clk.sv,2559eed182bc1a14bcc7534f883c55bf793ed9963782b335042b21b1b8fb47ca,io_clk,37,292,6,0,,1,0,0,,1,3,1,2,2,2026-08-25T21:44:32.712049+00:00
Production-oriented open RTL,OpenTitan,https://github.com/lowRISC/opentitan,e3f3234aa3772760cdf40e79a8ae4471b6b02213,hw/top_earlgrey/ip/ast/rtl/io_osc.sv,bb17330adf9ac75bd5f552cf6c1a866aecc0e26c78d0835ecf39a80daf77d58f,io_osc,51,520,16,0,,1,1,1,clk,0,1,0,1,1,2026-08-25T21:44:32.712049+00:00
Production-oriented open RTL,OpenTitan,https://github.com/lowRISC/opentitan,e3f3234aa3772760cdf40e79a8ae4471b6b02213,hw/top_earlgrey/ip/ast/rtl/rglts_pdm_3p3v.sv,048537693e9da9d37feda4097161bca1b7f085af33a0ed44e0cacb81c7ab8ed9,rglts_pdm_3p3v,275,2794,17,3,DiagCode(CouldNotOpenIncludeFile);DiagCode(UnknownDirective),1,2,2,clk_src_aon_h_i;clk_src_aon_h_n,0,0,0,0,1,2026-08-25T21:44:32.712049+00:00
Production-oriented open RTL,OpenTitan,https://github.com/lowRISC/opentitan,e3f3234aa3772760cdf40e79a8ae4471b6b02213,hw/top_earlgrey/ip/ast/rtl/rng.sv,d10296b05944082bdaf597c54b3e3a97de4547137393f45c5ab7744247a204a8,rng,104,1160,14,5,DiagCode(CouldNotOpenIncludeFile);DiagCode(UnknownDirective),1,2,2,clk_ast_rng_i;clk_i,0,2,1,1,2,2026-08-25T21:44:32.712049+00:00
Production-oriented open RTL,OpenTitan,https://github.com/lowRISC/opentitan,e3f3234aa3772760cdf40e79a8ae4471b6b02213,hw/top_earlgrey/ip/ast/rtl/sys_clk.sv,20b521cb2061d98cf95686f95beeab2e76774489dd0c48e8cde05a59b08fab4c,sys_clk,39,310,6,0,,1,0,0,,1,3,1,2,2,2026-08-25T21:44:32.712049+00:00
Production-oriented open RTL,OpenTitan,https://github.com/lowRISC/opentitan,e3f3234aa3772760cdf40e79a8ae4471b6b02213,hw/top_earlgrey/ip/ast/rtl/sys_osc.sv,73ea44d19af2ccb8506b7aa7ef4f983db9d506c9f316abe86642e37a5165332d,sys_osc,74,882,23,0,,1,1,1,clk,0,1,0,1,1,2026-08-25T21:44:32.712049+00:00
Production-oriented open RTL,OpenTitan,https://github.com/lowRISC/opentitan,e3f3234aa3772760cdf40e79a8ae4471b6b02213,hw/top_earlgrey/ip/ast/rtl/usb_clk.sv,eff89705f4c88907b138734054d6a63d66d5096f1ee409eea6afe220ebfc342d,usb_clk,89,739,6,0,,1,0,0,,4,7,4,3,2,2026-08-25T21:44:32.712049+00:00
Production-oriented open RTL,OpenTitan,https://github.com/lowRISC/opentitan,e3f3234aa3772760cdf40e79a8ae4471b6b02213,hw/top_earlgrey/ip/ast/rtl/usb_osc.sv,74d99a1c7b26d409b9db8dd518cfcab972113d75c7c46a9cd22039d0504943f2,usb_osc,87,1084,16,0,,1,2,2,clk;usb_clk_o,0,1,0,1,1,2026-08-25T21:44:32.712049+00:00
Production-oriented open RTL,OpenTitan,https://github.com/lowRISC/opentitan,e3f3234aa3772760cdf40e79a8ae4471b6b02213,hw/top_earlgrey/ip/ast/rtl/vcaon_pgd.sv,a8b36ea8a1624342f93e1e8f09731b70327e8f8ec06f6390c3e8d27e182780bc,vcaon_pgd,20,186,16,0,,1,0,0,,0,0,0,0,1,2026-08-25T21:44:32.712049+00:00
Production-oriented open RTL,OpenTitan,https://github.com/lowRISC/opentitan,e3f3234aa3772760cdf40e79a8ae4471b6b02213,hw/top_earlgrey/ip/ast/rtl/vcc_pgd.sv,e7177170aa28cec80d2199f9fe673dcf9c8a3a874eea96513a1db10fa90160f2,vcc_pgd,22,189,12,0,,1,0,0,,0,0,0,0,1,2026-08-25T21:44:32.712049+00:00
Production-oriented open RTL,OpenTitan,https://github.com/lowRISC/opentitan,e3f3234aa3772760cdf40e79a8ae4471b6b02213,hw/top_earlgrey/ip/ast/rtl/vcmain_pgd.sv,eac96d856c44a3455f966e825291ff0815ec92d1c2acc54c90da12bb63513a09,vcmain_pgd,20,186,16,0,,1,0,0,,0,0,0,0,1,2026-08-25T21:44:32.712049+00:00
Production-oriented open RTL,OpenTitan,https://github.com/lowRISC/opentitan,e3f3234aa3772760cdf40e79a8ae4471b6b02213,hw/top_earlgrey/ip/ast/rtl/vio_pgd.sv,ac9fa30a0a9ed5fb7e1aa87b86b2b07fbde8edfbcab85c88a141e73c988766ff,vio_pgd,22,189,12,0,,1,0,0,,0,0,0,0,1,2026-08-25T21:44:32.712049+00:00
Production-oriented open RTL,OpenTitan,https://github.com/lowRISC/opentitan,e3f3234aa3772760cdf40e79a8ae4471b6b02213,hw/top_earlgrey/ip/sensor_ctrl/rtl/sensor_ctrl.sv,b473653c531332c983a2d900c8bbc866683172801332ceb88ea9a2d3f1740efd,sensor_ctrl,265,3284,19,3,DiagCode(CouldNotOpenIncludeFile);DiagCode(UnknownDirective),1,2,2,clk_aon_i;clk_i,3,12,12,0,6,2026-08-25T21:44:32.712049+00:00
Production-oriented open RTL,OpenTitan,https://github.com/lowRISC/opentitan,e3f3234aa3772760cdf40e79a8ae4471b6b02213,hw/top_earlgrey/ip/sensor_ctrl/rtl/sensor_ctrl_reg_top.sv,421d12d70f4292364cd53d01cb5665d212b8f61d99c1a656d6da1ee928dbe8c7,sensor_ctrl_reg_top,2027,22011,45,5,DiagCode(CouldNotOpenIncludeFile);DiagCode(UnknownDirective),1,1,1,clk_i,0,87,87,0,5,2026-08-25T21:44:32.712049+00:00
Production-oriented open RTL,OpenTitan,https://github.com/lowRISC/opentitan,e3f3234aa3772760cdf40e79a8ae4471b6b02213,hw/top_earlgrey/ip/xbar_main/rtl/autogen/xbar_main.sv,802d71d23372817479a3cdb018c58fc5e08ce34283aa901f1ec5257665237e15,xbar_main,1139,12903,67,0,,1,0,0,,0,36,36,0,6,2026-08-25T21:44:32.712049+00:00
Production-oriented open RTL,OpenTitan,https://github.com/lowRISC/opentitan,e3f3234aa3772760cdf40e79a8ae4471b6b02213,hw/top_earlgrey/ip/xbar_peri/rtl/autogen/xbar_peri.sv,17e06fa4a950595103fbad8e1829de91e9c592dcec75add18a206ef14d83ac6e,xbar_peri,206,2687,57,0,,1,0,0,,0,1,1,0,6,2026-08-25T21:44:32.712049+00:00
Production-oriented open RTL,OpenTitan,https://github.com/lowRISC/opentitan,e3f3234aa3772760cdf40e79a8ae4471b6b02213,hw/top_earlgrey/ip_autogen/alert_handler/rtl/alert_handler.sv,4e59d692605d308d9d98df25a38bcdf5748cbec30782e6261ac98ae49d5911f6,alert_handler,195,2265,12,24,DiagCode(CouldNotOpenIncludeFile);DiagCode(UnknownDirective),1,0,0,,0,9,3,6,5,2026-08-25T21:44:32.712049+00:00
Production-oriented open RTL,OpenTitan,https://github.com/lowRISC/opentitan,e3f3234aa3772760cdf40e79a8ae4471b6b02213,hw/top_earlgrey/ip_autogen/alert_handler/rtl/alert_handler_accu.sv,61bae66ece5a167f277d8433070bdba2dd10aac6c3b3440c2c0d222eec20fe94,alert_handler_accu,33,317,10,4,DiagCode(CouldNotOpenIncludeFile);DiagCode(UnknownDirective),1,0,0,,0,1,1,0,2,2026-08-25T21:44:32.712049+00:00
Production-oriented open RTL,OpenTitan,https://github.com/lowRISC/opentitan,e3f3234aa3772760cdf40e79a8ae4471b6b02213,hw/top_earlgrey/ip_autogen/alert_handler/rtl/alert_handler_class.sv,fea38fd3988d1cac7896cc00a81de96838730d4858a8c845b09bb9299aab8dd7,alert_handler_class,30,549,13,0,,1,0,0,,0,0,0,0,1,2026-08-25T21:44:32.712049+00:00
Production-oriented open RTL,OpenTitan,https://github.com/lowRISC/opentitan,e3f3234aa3772760cdf40e79a8ae4471b6b02213,hw/top_earlgrey/ip_autogen/alert_handler/rtl/alert_handler_esc_timer.sv,5f14ff6296bd8f11740653243711b05de9fc3d9f7023a4c1fb05ebb8a1fbaa1b,alert_handler_esc_timer,187,1876,14,17,DiagCode(CouldNotOpenIncludeFile);DiagCode(UnknownDirective),1,0,0,,0,1,1,0,2,2026-08-25T21:44:32.712049+00:00
Production-oriented open RTL,OpenTitan,https://github.com/lowRISC/opentitan,e3f3234aa3772760cdf40e79a8ae4471b6b02213,hw/top_earlgrey/ip_autogen/alert_handler/rtl/alert_handler_lpg_ctrl.sv,37602afdb8445ef292b91a582b7cc0f9e39a557f4fabdca5947885b356d3e1a9,alert_handler_lpg_ctrl,57,616,15,1,DiagCode(CouldNotOpenIncludeFile),1,0,0,,0,3,3,0,3,2026-08-25T21:44:32.712049+00:00
Production-oriented open RTL,OpenTitan,https://github.com/lowRISC/opentitan,e3f3234aa3772760cdf40e79a8ae4471b6b02213,hw/top_earlgrey/ip_autogen/alert_handler/rtl/alert_handler_ping_timer.sv,600eb1567e6acc567d17ae278eb1562befdb7ad8903b637101d76a57e5d43cf5,alert_handler_ping_timer,224,2380,14,8,DiagCode(CouldNotOpenIncludeFile);DiagCode(UnknownDirective),1,1,1,clk_i,0,5,3,2,3,2026-08-25T21:44:32.712049+00:00
Production-oriented open RTL,OpenTitan,https://github.com/lowRISC/opentitan,e3f3234aa3772760cdf40e79a8ae4471b6b02213,hw/top_earlgrey/ip_autogen/alert_handler/rtl/alert_handler_reg_top.sv,c0d86699a0b35e05cb95dcd6fa3e3cde06ee54adfc0ceec7a24d5346597c0d7b,alert_handler_reg_top,13677,149048,370,5,DiagCode(CouldNotOpenIncludeFile);DiagCode(UnknownDirective),1,1,1,clk_i,0,407,403,4,5,2026-08-25T21:44:32.712049+00:00
Production-oriented open RTL,OpenTitan,https://github.com/lowRISC/opentitan,e3f3234aa3772760cdf40e79a8ae4471b6b02213,hw/top_earlgrey/ip_autogen/alert_handler/rtl/alert_handler_reg_wrap.sv,942569bb87415b5d9fbb8e75fd9be49766e4528cc1f2ac68e7e5204524dfbd63,alert_handler_reg_wrap,238,3538,14,0,,1,1,1,clk_i,0,5,4,1,2,2026-08-25T21:44:32.712049+00:00
Production-oriented open RTL,OpenTitan,https://github.com/lowRISC/opentitan,e3f3234aa3772760cdf40e79a8ae4471b6b02213,hw/top_earlgrey/ip_autogen/clkmgr/rtl/clkmgr.sv,61f5c707c724c21147c2ddc6df354edbbc6ff3ddab31f3beba56909b4b45a1c5,clkmgr,798,8073,16,16,DiagCode(CouldNotOpenIncludeFile);DiagCode(UnknownDirective),1,0,0,,4,63,25,38,4,2026-08-25T21:44:32.712049+00:00
Production-oriented open RTL,OpenTitan,https://github.com/lowRISC/opentitan,e3f3234aa3772760cdf40e79a8ae4471b6b02213,hw/top_earlgrey/ip_autogen/clkmgr/rtl/clkmgr_byp.sv,7e3b038773aafadad7d5d9b4b7df306577965e8fc9ed730e36ecc9b941a02779,clkmgr_byp,129,973,15,0,,1,0,0,,0,9,8,1,3,2026-08-25T21:44:32.712049+00:00
Production-oriented open RTL,OpenTitan,https://github.com/lowRISC/opentitan,e3f3234aa3772760cdf40e79a8ae4471b6b02213,hw/top_earlgrey/ip_autogen/clkmgr/rtl/clkmgr_clk_status.sv,195ee68fcbe2e2a8d3c0978e8efbaa4431b9e68e1a1373714d6c3af0eaee6885,clkmgr_clk_status,40,397,12,0,,1,1,1,clk_i,1,1,1,0,2,2026-08-25T21:44:32.712049+00:00
Production-oriented open RTL,OpenTitan,https://github.com/lowRISC/opentitan,e3f3234aa3772760cdf40e79a8ae4471b6b02213,hw/top_earlgrey/ip_autogen/clkmgr/rtl/clkmgr_meas_chk.sv,71827c02963a1a0e00c5b96ce2a5ea2726121cbcd6dc0731a069bd28ad123868,clkmgr_meas_chk,98,797,12,0,,1,1,1,clk_src_i,1,4,4,0,5,2026-08-25T21:44:32.712049+00:00
Production-oriented open RTL,OpenTitan,https://github.com/lowRISC/opentitan,e3f3234aa3772760cdf40e79a8ae4471b6b02213,hw/top_earlgrey/ip_autogen/clkmgr/rtl/clkmgr_reg_top.sv,8a10b5c8fb74bfc696d09b0fad04262e4a61ba08a9317ebe9a7bd5ca0572b7f5,clkmgr_reg_top,2156,20790,38,5,DiagCode(CouldNotOpenIncludeFile);DiagCode(UnknownDirective),1,1,1,clk_i,40,94,84,10,5,2026-08-25T21:44:32.712049+00:00
Production-oriented open RTL,OpenTitan,https://github.com/lowRISC/opentitan,e3f3234aa3772760cdf40e79a8ae4471b6b02213,hw/top_earlgrey/ip_autogen/clkmgr/rtl/clkmgr_root_ctrl.sv,620926dfca7d610b2563aa661d83f5e239d2dda18bd14ebac75b7f81db3b5087,clkmgr_root_ctrl,30,185,11,0,,1,0,0,,0,2,2,0,3,2026-08-25T21:44:32.712049+00:00
Production-oriented open RTL,OpenTitan,https://github.com/lowRISC/opentitan,e3f3234aa3772760cdf40e79a8ae4471b6b02213,hw/top_earlgrey/ip_autogen/clkmgr/rtl/clkmgr_trans.sv,6e2b62b3580664b40c25a01dab09b17817bed8ac93da3d3db4de3c9cdafdfb43,clkmgr_trans,131,1114,15,0,,1,1,1,clk_i,4,9,7,2,3,2026-08-25T21:44:32.712049+00:00
Production-oriented open RTL,OpenTitan,https://github.com/lowRISC/opentitan,e3f3234aa3772760cdf40e79a8ae4471b6b02213,hw/top_earlgrey/ip_autogen/gpio/rtl/gpio.sv,14539279738748ab142248552aa978883ea08d063ba3690a03a1ed6d9c5990b9,gpio,178,2509,21,7,DiagCode(CouldNotOpenIncludeFile);DiagCode(UnknownDirective),1,1,1,clk_i,1,4,3,1,4,2026-08-25T21:44:32.712049+00:00
Production-oriented open RTL,OpenTitan,https://github.com/lowRISC/opentitan,e3f3234aa3772760cdf40e79a8ae4471b6b02213,hw/top_earlgrey/ip_autogen/gpio/rtl/gpio_reg_top.sv,1da28b2ed10ca9a6620688ab37573aed21a0b7bba913718e5b809c3aaa660672,gpio_reg_top,733,8694,34,5,DiagCode(CouldNotOpenIncludeFile);DiagCode(UnknownDirective),1,1,1,clk_i,0,27,27,0,5,2026-08-25T21:44:32.712049+00:00
Production-oriented open RTL,OpenTitan,https://github.com/lowRISC/opentitan,e3f3234aa3772760cdf40e79a8ae4471b6b02213,hw/top_earlgrey/ip_autogen/otp_ctrl/rtl/otp_ctrl.sv,d17ef16beb9a6e8c71a7ecca221de650ec47886705ffaaa947801ac3e678fa4f,otp_ctrl,1110,12652,24,67,DiagCode(CouldNotOpenIncludeFile);DiagCode(UnknownDirective),1,1,1,clk_i,1,36,25,10,6,2026-08-25T21:44:32.712049+00:00
Production-oriented open RTL,OpenTitan,https://github.com/lowRISC/opentitan,e3f3234aa3772760cdf40e79a8ae4471b6b02213,hw/top_earlgrey/ip_autogen/otp_ctrl/rtl/otp_ctrl_core_reg_top.sv,3e1ac1ebede69b95e1d0a07083b4811a1092eff904709791b255e224c8f70ab5,otp_ctrl_core_reg_top,2022,21971,73,5,DiagCode(CouldNotOpenIncludeFile);DiagCode(UnknownDirective),1,1,1,clk_i,0,92,92,0,6,2026-08-25T21:44:32.712049+00:00
Production-oriented open RTL,OpenTitan,https://github.com/lowRISC/opentitan,e3f3234aa3772760cdf40e79a8ae4471b6b02213,hw/top_earlgrey/ip_autogen/otp_ctrl/rtl/otp_ctrl_dai.sv,37e5f918dd4f0f273207c4223627dcbee1bbfb54fd737c64c044c4eb1c31eff7,otp_ctrl_dai,649,7218,24,24,DiagCode(CouldNotOpenIncludeFile);DiagCode(UnknownDirective),1,1,1,clk_i,0,4,3,1,2,2026-08-25T21:44:32.712049+00:00
Production-oriented open RTL,OpenTitan,https://github.com/lowRISC/opentitan,e3f3234aa3772760cdf40e79a8ae4471b6b02213,hw/top_earlgrey/ip_autogen/otp_ctrl/rtl/otp_ctrl_ecc_reg.sv,8b0387b99f875f777078fbca74ee9c757913dcc0ffda99e5a968772abedd908e,otp_ctrl_ecc_reg,69,798,16,7,DiagCode(CouldNotOpenIncludeFile);DiagCode(UnknownDirective),1,1,1,clk_i,0,2,2,0,2,2026-08-25T21:44:32.712049+00:00
Production-oriented open RTL,OpenTitan,https://github.com/lowRISC/opentitan,e3f3234aa3772760cdf40e79a8ae4471b6b02213,hw/top_earlgrey/ip_autogen/otp_ctrl/rtl/otp_ctrl_kdi.sv,e9a53d274d036cf97083cbef47b6cfbd657079def58e8a6c169002e31c1735bd,otp_ctrl_kdi,380,3645,19,22,DiagCode(CouldNotOpenIncludeFile);DiagCode(UnknownDirective),1,1,1,clk_i,0,7,7,0,2,2026-08-25T21:44:32.712049+00:00
Production-oriented open RTL,OpenTitan,https://github.com/lowRISC/opentitan,e3f3234aa3772760cdf40e79a8ae4471b6b02213,hw/top_earlgrey/ip_autogen/otp_ctrl/rtl/otp_ctrl_lci.sv,64a44a9b3d1d12ac0adc865fd8c72693bc378d0394e3f866fd6be00836220775,otp_ctrl_lci,152,1449,14,12,DiagCode(CouldNotOpenIncludeFile);DiagCode(UnknownDirective),1,1,1,clk_i,0,1,1,0,2,2026-08-25T21:44:32.712049+00:00
Production-oriented open RTL,OpenTitan,https://github.com/lowRISC/opentitan,e3f3234aa3772760cdf40e79a8ae4471b6b02213,hw/top_earlgrey/ip_autogen/otp_ctrl/rtl/otp_ctrl_lfsr_timer.sv,d9fbe2c06bfec70c9e8e5ac7dedf1dc015bdd84a5d212dc04964a6eaf36de471,otp_ctrl_lfsr_timer,229,2425,15,8,DiagCode(CouldNotOpenIncludeFile);DiagCode(UnknownDirective),1,1,1,clk_i,0,3,3,0,3,2026-08-25T21:44:32.712049+00:00
Production-oriented open RTL,OpenTitan,https://github.com/lowRISC/opentitan,e3f3234aa3772760cdf40e79a8ae4471b6b02213,hw/top_earlgrey/ip_autogen/otp_ctrl/rtl/otp_ctrl_part_buf.sv,a2152195a075cba7e661e7930475ad9605119b59771dc5c305537951abfad353,otp_ctrl_part_buf,610,5762,22,39,DiagCode(CouldNotOpenIncludeFile);DiagCode(UnknownDirective),1,1,1,clk_i,0,12,9,3,3,2026-08-25T21:44:32.712049+00:00
Production-oriented open RTL,OpenTitan,https://github.com/lowRISC/opentitan,e3f3234aa3772760cdf40e79a8ae4471b6b02213,hw/top_earlgrey/ip_autogen/otp_ctrl/rtl/otp_ctrl_part_unbuf.sv,ce3030fb04a3b702ff20d0f0a3e43ff098c6a4496cc2942c16dc9ff81c31eb7f,otp_ctrl_part_unbuf,432,4206,22,30,DiagCode(CouldNotOpenIncludeFile);DiagCode(UnknownDirective),1,1,1,clk_i,0,11,8,3,3,2026-08-25T21:44:32.712049+00:00
Production-oriented open RTL,OpenTitan,https://github.com/lowRISC/opentitan,e3f3234aa3772760cdf40e79a8ae4471b6b02213,hw/top_earlgrey/ip_autogen/otp_ctrl/rtl/otp_ctrl_scrmbl.sv,6ebcd124a44b3bbca1d3394755624e00754c88414176167d79c67ee431c81582,otp_ctrl_scrmbl,318,3234,18,10,DiagCode(CouldNotOpenIncludeFile);DiagCode(UnknownDirective),1,1,1,clk_i,0,6,6,0,2,2026-08-25T21:44:32.712049+00:00
Production-oriented open RTL,OpenTitan,https://github.com/lowRISC/opentitan,e3f3234aa3772760cdf40e79a8ae4471b6b02213,hw/top_earlgrey/ip_autogen/otp_ctrl/rtl/otp_ctrl_token_const.sv,e868eaa4c0a75614724634b4e484d42096b9ef2c941b5eeec2e298edd3a4f52e,otp_ctrl_token_const,37,608,14,0,,1,0,0,,0,1,1,0,2,2026-08-25T21:44:32.712049+00:00
Production-oriented open RTL,OpenTitan,https://github.com/lowRISC/opentitan,e3f3234aa3772760cdf40e79a8ae4471b6b02213,hw/top_earlgrey/ip_autogen/pinmux/rtl/pinmux.sv,a615bbee9201e4d4a60257cfac5ebfe1bf184c42d9fcd9a337d1fb466ade639e,pinmux,419,6739,19,27,DiagCode(CouldNotOpenIncludeFile);DiagCode(UnknownDirective),1,1,1,clk_i,1,8,3,5,4,2026-08-25T21:44:32.712049+00:00
Production-oriented open RTL,OpenTitan,https://github.com/lowRISC/opentitan,e3f3234aa3772760cdf40e79a8ae4471b6b02213,hw/top_earlgrey/ip_autogen/pinmux/rtl/pinmux_jtag_breakout.sv,850047d09d152044a86d6e86d819c059097b16f60e2d4a1f31332d2a3195d83a,pinmux_jtag_breakout,17,163,7,0,,1,0,0,,0,0,0,0,1,2026-08-25T21:44:32.712049+00:00
Production-oriented open RTL,OpenTitan,https://github.com/lowRISC/opentitan,e3f3234aa3772760cdf40e79a8ae4471b6b02213,hw/top_earlgrey/ip_autogen/pinmux/rtl/pinmux_jtag_buf.sv,0a90d858ed05e4ca86544166cc26a56cb1dd5371debfc199ec910fbcd09139a8,pinmux_jtag_buf,39,356,7,0,,1,0,0,,0,7,0,7,1,2026-08-25T21:44:32.712049+00:00
Production-oriented open RTL,OpenTitan,https://github.com/lowRISC/opentitan,e3f3234aa3772760cdf40e79a8ae4471b6b02213,hw/top_earlgrey/ip_autogen/pinmux/rtl/pinmux_reg_top.sv,c88a95cb9e4aa063d7de045467dbfc51dfac1ae937c308ce3e2718a59e954a2c,pinmux_reg_top,29686,340528,584,5,DiagCode(CouldNotOpenIncludeFile);DiagCode(UnknownDirective),1,1,1,clk_i,50,1247,1247,0,5,2026-08-25T21:44:32.712049+00:00
Production-oriented open RTL,OpenTitan,https://github.com/lowRISC/opentitan,e3f3234aa3772760cdf40e79a8ae4471b6b02213,hw/top_earlgrey/ip_autogen/pinmux/rtl/pinmux_strap_sampling.sv,40106e3496edeb95338285dd366bbc1a35359f82a80522b701a974f250b5e3b0,pinmux_strap_sampling,315,3363,17,20,DiagCode(UnknownDirective),1,1,1,clk_i,0,14,9,5,4,2026-08-25T21:44:32.712049+00:00
Production-oriented open RTL,OpenTitan,https://github.com/lowRISC/opentitan,e3f3234aa3772760cdf40e79a8ae4471b6b02213,hw/top_earlgrey/ip_autogen/pinmux/rtl/pinmux_wkup.sv,a72af55c7ab42a1ac4e80fead7e08257175f7212c28c6cc0fb245338965e5ab6,pinmux_wkup,68,536,11,0,,1,1,1,clk_i,2,1,1,0,3,2026-08-25T21:44:32.712049+00:00
Production-oriented open RTL,OpenTitan,https://github.com/lowRISC/opentitan,e3f3234aa3772760cdf40e79a8ae4471b6b02213,hw/top_earlgrey/ip_autogen/pwrmgr/rtl/pwrmgr.sv,538fc3f8d86b9f896dc6e1709942273cb0bf4a5dc84ed2a8c0fd87b9804e1658,pwrmgr,442,4644,16,18,DiagCode(CouldNotOpenIncludeFile);DiagCode(UnknownDirective),1,2,2,clk_i;clk_lc,5,16,8,8,4,2026-08-25T21:44:32.712049+00:00
Production-oriented open RTL,OpenTitan,https://github.com/lowRISC/opentitan,e3f3234aa3772760cdf40e79a8ae4471b6b02213,hw/top_earlgrey/ip_autogen/pwrmgr/rtl/pwrmgr_cdc.sv,6714e2de8ca288b686e193e168d57d65829bc34d5e78fa342f442b0d71cdf1bc,pwrmgr_cdc,261,2077,12,1,DiagCode(CouldNotOpenIncludeFile),1,2,2,clk_i;clk_slow_i,20,18,18,0,3,2026-08-25T21:44:32.712049+00:00
Production-oriented open RTL,OpenTitan,https://github.com/lowRISC/opentitan,e3f3234aa3772760cdf40e79a8ae4471b6b02213,hw/top_earlgrey/ip_autogen/pwrmgr/rtl/pwrmgr_cdc_pulse.sv,4e9e24dbf18cb686391a0b18f2d21ea3734b052510c1472dd91b58c441e2c040,pwrmgr_cdc_pulse,65,526,14,1,DiagCode(CouldNotOpenIncludeFile),1,2,2,clk_i;clk_slow_i,2,2,2,0,2,2026-08-25T21:44:32.712049+00:00
Production-oriented open RTL,OpenTitan,https://github.com/lowRISC/opentitan,e3f3234aa3772760cdf40e79a8ae4471b6b02213,hw/top_earlgrey/ip_autogen/pwrmgr/rtl/pwrmgr_fsm.sv,f387f64f84d6833a30b99b61377f35b982d0566d524fd23abd2f183773580038,pwrmgr_fsm,357,3176,18,3,DiagCode(CouldNotOpenIncludeFile);DiagCode(UnknownDirective),1,1,1,clk_i,2,6,3,3,3,2026-08-25T21:44:32.712049+00:00
Production-oriented open RTL,OpenTitan,https://github.com/lowRISC/opentitan,e3f3234aa3772760cdf40e79a8ae4471b6b02213,hw/top_earlgrey/ip_autogen/pwrmgr/rtl/pwrmgr_reg_top.sv,893d120fcabe1d783f86d2a7d6a84458f228af532b30df66d28053990c68f891,pwrmgr_reg_top,1000,10417,33,5,DiagCode(CouldNotOpenIncludeFile);DiagCode(UnknownDirective),1,1,1,clk_lc_i,0,43,42,1,5,2026-08-25T21:44:32.712049+00:00
Production-oriented open RTL,OpenTitan,https://github.com/lowRISC/opentitan,e3f3234aa3772760cdf40e79a8ae4471b6b02213,hw/top_earlgrey/ip_autogen/pwrmgr/rtl/pwrmgr_slow_fsm.sv,6df6341c7e96ef3751f77b8e0b979e5aba3116aef485b20d6fe1b86af74acebb,pwrmgr_slow_fsm,236,1921,13,3,DiagCode(CouldNotOpenIncludeFile);DiagCode(UnknownDirective),1,1,1,clk_i,1,2,1,1,2,2026-08-25T21:44:32.712049+00:00
Production-oriented open RTL,OpenTitan,https://github.com/lowRISC/opentitan,e3f3234aa3772760cdf40e79a8ae4471b6b02213,hw/top_earlgrey/ip_autogen/pwrmgr/rtl/pwrmgr_wake_info.sv,361e88f75a117c9c6e93a8b9894fbc9f17080e6c884fe2dffe18887678151eae,pwrmgr_wake_info,47,562,16,1,DiagCode(CouldNotOpenIncludeFile),1,1,1,clk_i,0,0,0,0,1,2026-08-25T21:44:32.712049+00:00
Production-oriented open RTL,OpenTitan,https://github.com/lowRISC/opentitan,e3f3234aa3772760cdf40e79a8ae4471b6b02213,hw/top_earlgrey/ip_autogen/rstmgr/rtl/rstmgr.sv,0c6c4447cb884a0c7d13ac23626092f661b38765e8183c1965579fac0f0c093a,rstmgr,902,10281,19,35,DiagCode(CouldNotOpenIncludeFile);DiagCode(UnknownDirective),1,0,0,,1,45,6,39,4,2026-08-25T21:44:32.712049+00:00
Production-oriented open RTL,OpenTitan,https://github.com/lowRISC/opentitan,e3f3234aa3772760cdf40e79a8ae4471b6b02213,hw/top_earlgrey/ip_autogen/rstmgr/rtl/rstmgr_cnsty_chk.sv,41163d88ac730675a8c31c81c16574016441882713a0dadf1c90787ce8ac26e9,rstmgr_cnsty_chk,177,1415,15,2,DiagCode(CouldNotOpenIncludeFile);DiagCode(UnknownDirective),1,1,1,clk_i,3,3,3,0,3,2026-08-25T21:44:32.712049+00:00
Production-oriented open RTL,OpenTitan,https://github.com/lowRISC/opentitan,e3f3234aa3772760cdf40e79a8ae4471b6b02213,hw/top_earlgrey/ip_autogen/rstmgr/rtl/rstmgr_crash_info.sv,f6caa86ced9d29d9779d34a1c70acb4adec67bc3ef9b62a5bc23754d173b21f1,rstmgr_crash_info,39,527,12,3,DiagCode(CouldNotOpenIncludeFile);DiagCode(UnknownDirective),1,1,1,clk_i,0,0,0,0,1,2026-08-25T21:44:32.712049+00:00
Production-oriented open RTL,OpenTitan,https://github.com/lowRISC/opentitan,e3f3234aa3772760cdf40e79a8ae4471b6b02213,hw/top_earlgrey/ip_autogen/rstmgr/rtl/rstmgr_ctrl.sv,c777f7da6bf91fd2fb90f7f9ec7b65211b4be97bcb3a567f727b7cdde247862d,rstmgr_ctrl,53,518,13,1,DiagCode(CouldNotOpenIncludeFile),1,0,0,,2,4,2,2,2,2026-08-25T21:44:32.712049+00:00
Production-oriented open RTL,OpenTitan,https://github.com/lowRISC/opentitan,e3f3234aa3772760cdf40e79a8ae4471b6b02213,hw/top_earlgrey/ip_autogen/rstmgr/rtl/rstmgr_leaf_rst.sv,2a3d957f5d22eaeaa88014f821f139e3c2a98107065c8f116d972402bd8d1e8c,rstmgr_leaf_rst,105,817,16,1,DiagCode(CouldNotOpenIncludeFile),1,1,1,clk_i,2,6,4,2,3,2026-08-25T21:44:32.712049+00:00
Production-oriented open RTL,OpenTitan,https://github.com/lowRISC/opentitan,e3f3234aa3772760cdf40e79a8ae4471b6b02213,hw/top_earlgrey/ip_autogen/rstmgr/rtl/rstmgr_por.sv,0e5b3ac69e697c6c7bfb6463ca68b3fd94b990cb20c93230ceb17c91ec10972b,rstmgr_por,81,744,14,0,,1,1,1,clk_i,1,5,1,4,2,2026-08-25T21:44:32.712049+00:00
Production-oriented open RTL,OpenTitan,https://github.com/lowRISC/opentitan,e3f3234aa3772760cdf40e79a8ae4471b6b02213,hw/top_earlgrey/ip_autogen/rstmgr/rtl/rstmgr_reg_top.sv,fe4740b97aece5d41c0a53e87674a3d6c108edc34bda65e422fe1c75eb0634a6,rstmgr_reg_top,1044,11270,44,5,DiagCode(CouldNotOpenIncludeFile);DiagCode(UnknownDirective),1,1,1,clk_i,0,40,40,0,5,2026-08-25T21:44:32.712049+00:00
Production-oriented open RTL,OpenTitan,https://github.com/lowRISC/opentitan,e3f3234aa3772760cdf40e79a8ae4471b6b02213,hw/top_earlgrey/ip_autogen/rv_core_ibex/rtl/rv_core_ibex.sv,34975a13608613f7cafc5bcab0ce7aaeae884aefd468e1e04188d6f0c63b07d7,rv_core_ibex,1078,11279,19,9,DiagCode(CouldNotOpenIncludeFile);DiagCode(UnknownDirective),1,1,1,clk_i,3,34,23,11,7,2026-08-25T21:44:32.712049+00:00
Production-oriented open RTL,OpenTitan,https://github.com/lowRISC/opentitan,e3f3234aa3772760cdf40e79a8ae4471b6b02213,hw/top_earlgrey/ip_autogen/rv_core_ibex/rtl/rv_core_ibex_addr_trans.sv,d4798bd5df0c64bd663614ff218f807ae76d08e624904671d59d422249b86bf1,rv_core_ibex_addr_trans,55,725,14,0,,1,0,0,,0,1,1,0,2,2026-08-25T21:44:32.712049+00:00
Production-oriented open RTL,OpenTitan,https://github.com/lowRISC/opentitan,e3f3234aa3772760cdf40e79a8ae4471b6b02213,hw/top_earlgrey/ip_autogen/rv_core_ibex/rtl/rv_core_ibex_cfg_reg_top.sv,a6a351206595025fba33df8d93365f9ec3bc269d63ca50a4e8ea0c2fe5fea6c2,rv_core_ibex_cfg_reg_top,1275,13968,45,5,DiagCode(CouldNotOpenIncludeFile);DiagCode(UnknownDirective),1,1,1,clk_i,0,55,43,12,6,2026-08-25T21:44:32.712049+00:00
Production-oriented open RTL,OpenTitan,https://github.com/lowRISC/opentitan,e3f3234aa3772760cdf40e79a8ae4471b6b02213,hw/top_earlgrey/ip_autogen/rv_core_ibex/rtl/rv_core_ibex_peri.sv,15fd3d21a69020125ead08c8ee7580895e3cabeac6add682f9d6b82129eda06b,rv_core_ibex_peri,85,1265,11,2,DiagCode(CouldNotOpenIncludeFile);DiagCode(UnknownDirective),1,0,0,,0,2,1,0,4,2026-08-25T21:44:32.712049+00:00
Production-oriented open RTL,OpenTitan,https://github.com/lowRISC/opentitan,e3f3234aa3772760cdf40e79a8ae4471b6b02213,hw/top_earlgrey/ip_autogen/rv_plic/rtl/rv_plic.sv,3677c75e93f99fb8b8a2480e4fe90dbe51143bed4e17dcf39ae382516816fd9e,rv_plic,311,6989,14,9,DiagCode(CouldNotOpenIncludeFile);DiagCode(UnknownDirective),1,0,0,,1,5,2,3,4,2026-08-25T21:44:32.712049+00:00
Production-oriented open RTL,OpenTitan,https://github.com/lowRISC/opentitan,e3f3234aa3772760cdf40e79a8ae4471b6b02213,hw/top_earlgrey/ip_autogen/rv_plic/rtl/rv_plic_gateway.sv,d8fbb17008d3bc402a3c4c7d7c4c5fec4e98e1a80dd4212ff7b6c94c1c3ef4c8,rv_plic_gateway,34,442,16,2,DiagCode(UnknownDirective),1,1,1,clk_i,0,0,0,0,1,2026-08-25T21:44:32.712049+00:00
Production-oriented open RTL,OpenTitan,https://github.com/lowRISC/opentitan,e3f3234aa3772760cdf40e79a8ae4471b6b02213,hw/top_earlgrey/ip_autogen/rv_plic/rtl/rv_plic_reg_top.sv,526a60ec6428771eef8535d32bf764932841eec7db6c2dd3b307daae2902f983,rv_plic_reg_top,12804,137478,216,5,DiagCode(CouldNotOpenIncludeFile);DiagCode(UnknownDirective),1,1,1,clk_i,0,560,560,0,5,2026-08-25T21:44:32.712049+00:00
Production-oriented open RTL,OpenTitan,https://github.com/lowRISC/opentitan,e3f3234aa3772760cdf40e79a8ae4471b6b02213,hw/top_earlgrey/ip_autogen/rv_plic/rtl/rv_plic_target.sv,b180ac08ba475d0e15ca52d050b80bca6fd3ff2bde7736a16532c9157b746335,rv_plic_target,46,533,12,1,DiagCode(CouldNotOpenIncludeFile),1,1,1,clk_i,0,1,1,0,2,2026-08-25T21:44:32.712049+00:00
Production-oriented open RTL,OpenTitan,https://github.com/lowRISC/opentitan,e3f3234aa3772760cdf40e79a8ae4471b6b02213,hw/top_earlgrey/rtl/autogen/chip_earlgrey_asic.sv,e738cc3524def1b0b8ea301ed2ae7879772cfa40b7f8eaebe0d1e8256e976de6,chip_earlgrey_asic,1085,8343,11,6,DiagCode(ExpectedExpression);DiagCode(UnknownDirective),1,0,0,,0,4,2,2,13,2026-08-25T21:44:32.712049+00:00
Production-oriented open RTL,OpenTitan,https://github.com/lowRISC/opentitan,e3f3234aa3772760cdf40e79a8ae4471b6b02213,hw/top_earlgrey/rtl/autogen/chip_earlgrey_cw340.sv,913483beca5a4df2531f696b3454f506a764875da1bd233fcaaea12dc43aca31,chip_earlgrey_cw340,1062,8741,11,5,DiagCode(CouldNotOpenIncludeFile);DiagCode(UnknownDirective),1,0,0,,1,7,4,3,13,2026-08-25T21:44:32.712049+00:00
Production-oriented open RTL,OpenTitan,https://github.com/lowRISC/opentitan,e3f3234aa3772760cdf40e79a8ae4471b6b02213,hw/top_earlgrey/rtl/autogen/chip_earlgrey_verilator.sv,9b373477d76299070ef5b2e46a263c6f5e0b28d699a3acbb33b61ab0e00100cb,chip_earlgrey_verilator,542,5067,11,0,,1,1,1,clk_aon,0,4,1,3,13,2026-08-25T21:44:32.712049+00:00
Production-oriented open RTL,OpenTitan,https://github.com/lowRISC/opentitan,e3f3234aa3772760cdf40e79a8ae4471b6b02213,hw/top_earlgrey/rtl/autogen/earlgrey_pd_aon.sv,79ca9eac2dfd5a803df080c53ae155cb978d51ac8faf4b130faa269515d67552,earlgrey_pd_aon,417,4898,11,2,DiagCode(CouldNotOpenIncludeFile);DiagCode(UnknownDirective),1,0,0,,0,8,5,3,10,2026-08-25T21:44:32.712049+00:00
Production-oriented open RTL,OpenTitan,https://github.com/lowRISC/opentitan,e3f3234aa3772760cdf40e79a8ae4471b6b02213,hw/top_earlgrey/rtl/autogen/earlgrey_pd_main.sv,f0cc57de4921dc6564f76d0676272dbcfdbecd4694f3d5536baacdb608150992,earlgrey_pd_main,2698,32072,12,1,DiagCode(CouldNotOpenIncludeFile),1,0,0,,0,39,30,9,11,2026-08-25T21:44:32.712049+00:00
Production-oriented open RTL,OpenTitan,https://github.com/lowRISC/opentitan,e3f3234aa3772760cdf40e79a8ae4471b6b02213,hw/top_earlgrey/rtl/autogen/top_earlgrey.sv,2430c1045f79ebb041db1b979900a832db481cdfdc652d58f52aa510f0e3f683,top_earlgrey,650,6642,12,0,,1,0,0,,0,2,2,0,12,2026-08-25T21:44:32.712049+00:00
Production-oriented open RTL,OpenTitan,https://github.com/lowRISC/opentitan,e3f3234aa3772760cdf40e79a8ae4471b6b02213,hw/top_earlgrey/rtl/clkgen_xil7series.sv,4681d9c64dffccb2ac7010a1a37ec19aaedcd64eba0a24fad1d6ba016b6d16e9,clkgen_xil7series,101,790,8,0,,1,0,0,,0,5,0,0,1,2026-08-25T21:44:32.712049+00:00
Production-oriented open RTL,OpenTitan,https://github.com/lowRISC/opentitan,e3f3234aa3772760cdf40e79a8ae4471b6b02213,hw/top_earlgrey/rtl/clkgen_xil_ultrascale.sv,6213e03b803cba612614990d3051927893542d143c572a683b66a6f66717944c,clkgen_xil_ultrascale,113,880,8,0,,1,0,0,,0,6,0,0,1,2026-08-25T21:44:32.712049+00:00
Production-oriented open RTL,OpenTitan,https://github.com/lowRISC/opentitan,e3f3234aa3772760cdf40e79a8ae4471b6b02213,hw/top_earlgrey/rtl/padring.sv,f4b0a259493f94fca80dd1a50fcdc9ec777a33922eec64b4f46340455818662e,padring,230,2765,20,1,DiagCode(CouldNotOpenIncludeFile),1,0,0,,0,20,1,19,2,2026-08-25T21:44:32.712049+00:00
Production-oriented open RTL,OpenTitan,https://github.com/lowRISC/opentitan,e3f3234aa3772760cdf40e79a8ae4471b6b02213,hw/top_earlgrey/rtl/padring_verilator.sv,2b8a46d6cc66f2b79b09f800d5ed82aeba5f643208d46afecd14da0f0bdaa3f7,padring_verilator,140,2405,12,0,,1,0,0,,0,0,0,0,1,2026-08-25T21:44:32.712049+00:00
Production-oriented open RTL,OpenTitan,https://github.com/lowRISC/opentitan,e3f3234aa3772760cdf40e79a8ae4471b6b02213,hw/top_earlgrey/rtl/physical_pads.sv,1167136ed2043919ef427b49d4021a268722405fcd689ddbce83b3e7c3124b15,physical_pads,9,63,10,1,DiagCode(CouldNotOpenIncludeFile),1,0,0,,0,0,0,0,1,2026-08-25T21:44:32.712049+00:00
Production-oriented open RTL,OpenTitan,https://github.com/lowRISC/opentitan,e3f3234aa3772760cdf40e79a8ae4471b6b02213,hw/top_earlgrey/rtl/usr_access_xil7series.sv,b0fd4fc09098b79c011ef6ccfc7d228c11aeff71ee8e7f032bde5563c15fcc2f,usr_access_xil7series,9,55,9,0,,1,0,0,,0,1,0,0,1,2026-08-25T21:44:32.712049+00:00
Production-oriented open RTL,OpenTitan,https://github.com/lowRISC/opentitan,e3f3234aa3772760cdf40e79a8ae4471b6b02213,hw/top_englishbreakfast/ip/ast/rtl/adc.sv,696f31711cabcfd1250e570cd21d8f73a78a9fde78046e528539fe28e220f713,adc,70,873,26,3,DiagCode(UnknownDirective),1,1,1,clk_adc_i,0,1,0,1,1,2026-08-25T21:44:32.712049+00:00
Production-oriented open RTL,OpenTitan,https://github.com/lowRISC/opentitan,e3f3234aa3772760cdf40e79a8ae4471b6b02213,hw/top_englishbreakfast/ip/ast/rtl/adc_ana.sv,03e605636c45001cd8d5bbd7cf298c16d25211f2140e881f719c910fada77aeb,adc_ana,15,236,14,0,,1,0,0,,0,0,0,0,1,2026-08-25T21:44:32.712049+00:00
Production-oriented open RTL,OpenTitan,https://github.com/lowRISC/opentitan,e3f3234aa3772760cdf40e79a8ae4471b6b02213,hw/top_englishbreakfast/ip/ast/rtl/aon_clk.sv,dde6c009ddbab3f4dead851fb3dd400ad3442ccdb0a0568c830b915c466694e7,aon_clk,37,292,6,0,,1,0,0,,1,3,1,2,2,2026-08-25T21:44:32.712049+00:00
Production-oriented open RTL,OpenTitan,https://github.com/lowRISC/opentitan,e3f3234aa3772760cdf40e79a8ae4471b6b02213,hw/top_englishbreakfast/ip/ast/rtl/aon_osc.sv,89197b23c7a1b051203374b3b6888b7d8b7c176640052a411d3e350ef38820a4,aon_osc,53,601,17,0,,1,1,1,clk,0,1,0,1,1,2026-08-25T21:44:32.712049+00:00
Production-oriented open RTL,OpenTitan,https://github.com/lowRISC/opentitan,e3f3234aa3772760cdf40e79a8ae4471b6b02213,hw/top_englishbreakfast/ip/ast/rtl/ast.sv,5bf51481d84d97469f2f5e9894a0ef39521d1ff72346f1a5dd3dbbc60fcc2156,ast,224,2622,11,2,DiagCode(CouldNotOpenIncludeFile);DiagCode(UnknownDirective),1,0,0,,0,2,0,2,1,2026-08-25T21:44:32.712049+00:00
Production-oriented open RTL,OpenTitan,https://github.com/lowRISC/opentitan,e3f3234aa3772760cdf40e79a8ae4471b6b02213,hw/top_englishbreakfast/ip/ast/rtl/ast_alert.sv,acd9f339c56b665bf2cc39de8bd6ef5624c5ea63c5ae64ced79f2c2cbdcd04ee,ast_alert,41,451,12,0,,1,1,1,clk_i,0,0,0,0,1,2026-08-25T21:44:32.712049+00:00
Production-oriented open RTL,OpenTitan,https://github.com/lowRISC/opentitan,e3f3234aa3772760cdf40e79a8ae4471b6b02213,hw/top_englishbreakfast/ip/ast/rtl/ast_aon.sv,f78afd81a6da71d0330979bc451679bf3c4a1c609806e935d238316d3d31ebe0,ast_aon,440,5091,13,26,DiagCode(CouldNotOpenIncludeFile);DiagCode(UnknownDirective),1,1,1,clk_ast_tlul_i,2,25,2,23,2,2026-08-25T21:44:32.712049+00:00
Production-oriented open RTL,OpenTitan,https://github.com/lowRISC/opentitan,e3f3234aa3772760cdf40e79a8ae4471b6b02213,hw/top_englishbreakfast/ip/ast/rtl/ast_clks_byp_aon.sv,1eb75d0e1d5f192b4b17f29b31627b4ea7b6441f64314cfe4600d666587ebe4a,ast_clks_byp_aon,47,406,7,1,DiagCode(CouldNotOpenIncludeFile),1,0,0,,0,3,0,3,1,2026-08-25T21:44:32.712049+00:00
Production-oriented open RTL,OpenTitan,https://github.com/lowRISC/opentitan,e3f3234aa3772760cdf40e79a8ae4471b6b02213,hw/top_englishbreakfast/ip/ast/rtl/ast_clks_byp_main.sv,ff609728e779d6291affe92ac052940d66be211fc40345833cf71db36c869829,ast_clks_byp_main,609,5179,13,1,DiagCode(CouldNotOpenIncludeFile),1,2,2,clk_aon;clk_ast_ext_scn,16,57,27,30,3,2026-08-25T21:44:32.712049+00:00
Production-oriented open RTL,OpenTitan,https://github.com/lowRISC/opentitan,e3f3234aa3772760cdf40e79a8ae4471b6b02213,hw/top_englishbreakfast/ip/ast/rtl/ast_dft.sv,72ebf53f6e75a94426fe3c2911bb9b10096953a6270737227d2ffecfd2c17764,ast_dft,17,186,11,1,DiagCode(CouldNotOpenIncludeFile),1,0,0,,0,0,0,0,1,2026-08-25T21:44:32.712049+00:00
Production-oriented open RTL,OpenTitan,https://github.com/lowRISC/opentitan,e3f3234aa3772760cdf40e79a8ae4471b6b02213,hw/top_englishbreakfast/ip/ast/rtl/ast_entropy.sv,b6523ceefdb1fcfa0731b3b9d82c9f2b822e3e9cb5cce5d37adf93819d67eabb,ast_entropy,84,711,15,0,,1,1,1,clk_ast_es_i,0,1,0,1,1,2026-08-25T21:44:32.712049+00:00
Production-oriented open RTL,OpenTitan,https://github.com/lowRISC/opentitan,e3f3234aa3772760cdf40e79a8ae4471b6b02213,hw/top_englishbreakfast/ip/ast/rtl/ast_main.sv,a35cbbd854ddc96750bc4e02148c429b6f3115a914c2ea5c0865371ee4acc5cf,ast_main,291,2930,15,18,DiagCode(CouldNotOpenIncludeFile);DiagCode(UnknownDirective),1,1,1,clk_ast_tlul_i,1,13,2,11,3,2026-08-25T21:44:32.712049+00:00
Production-oriented open RTL,OpenTitan,https://github.com/lowRISC/opentitan,e3f3234aa3772760cdf40e79a8ae4471b6b02213,hw/top_englishbreakfast/ip/ast/rtl/ast_pulse_sync.sv,fe6cc5d75eaa0e1ced45eb4ab6c6d74850be9445f99f62ac6410453bbbbf3f42,ast_pulse_sync,81,682,11,3,DiagCode(CouldNotOpenIncludeFile);DiagCode(UnknownDirective),1,2,2,clk_dst_i;clk_src_i,7,4,4,0,2,2026-08-25T21:44:32.712049+00:00
Production-oriented open RTL,OpenTitan,https://github.com/lowRISC/opentitan,e3f3234aa3772760cdf40e79a8ae4471b6b02213,hw/top_englishbreakfast/ip/ast/rtl/ast_reg_top.sv,0e4c56d023c65de914e75d02b1f4c750da23ad7266cb31112536f1ef2e14c1c0,ast_reg_top,1746,20567,75,5,DiagCode(CouldNotOpenIncludeFile);DiagCode(UnknownDirective),1,1,1,clk_i,0,63,63,0,5,2026-08-25T21:44:32.712049+00:00
Production-oriented open RTL,OpenTitan,https://github.com/lowRISC/opentitan,e3f3234aa3772760cdf40e79a8ae4471b6b02213,hw/top_englishbreakfast/ip/ast/rtl/dev_entropy.sv,7241575ca8abe4c8ec3506aca62f12146fbea871166be44d75aaa208b8b89a6b,dev_entropy,176,1783,13,0,,1,2,2,clk_dev_i;clk_i,5,7,7,0,3,2026-08-25T21:44:32.712049+00:00
Production-oriented open RTL,OpenTitan,https://github.com/lowRISC/opentitan,e3f3234aa3772760cdf40e79a8ae4471b6b02213,hw/top_englishbreakfast/ip/ast/rtl/gfr_clk_mux2.sv,65f35c71c7babf639e0be93e0fe4b9d4033aa15db9b6d724c40be7b2bd19de7c,gfr_clk_mux2,77,706,12,0,,1,2,2,clk_ext_i;clk_osc_i,0,2,0,2,1,2026-08-25T21:44:32.712049+00:00
Production-oriented open RTL,OpenTitan,https://github.com/lowRISC/opentitan,e3f3234aa3772760cdf40e79a8ae4471b6b02213,hw/top_englishbreakfast/ip/ast/rtl/io_clk.sv,2559eed182bc1a14bcc7534f883c55bf793ed9963782b335042b21b1b8fb47ca,io_clk,37,292,6,0,,1,0,0,,1,3,1,2,2,2026-08-25T21:44:32.712049+00:00
Production-oriented open RTL,OpenTitan,https://github.com/lowRISC/opentitan,e3f3234aa3772760cdf40e79a8ae4471b6b02213,hw/top_englishbreakfast/ip/ast/rtl/io_osc.sv,bb17330adf9ac75bd5f552cf6c1a866aecc0e26c78d0835ecf39a80daf77d58f,io_osc,51,520,16,0,,1,1,1,clk,0,1,0,1,1,2026-08-25T21:44:32.712049+00:00
Production-oriented open RTL,OpenTitan,https://github.com/lowRISC/opentitan,e3f3234aa3772760cdf40e79a8ae4471b6b02213,hw/top_englishbreakfast/ip/ast/rtl/rglts_pdm_3p3v.sv,048537693e9da9d37feda4097161bca1b7f085af33a0ed44e0cacb81c7ab8ed9,rglts_pdm_3p3v,275,2794,17,3,DiagCode(CouldNotOpenIncludeFile);DiagCode(UnknownDirective),1,2,2,clk_src_aon_h_i;clk_src_aon_h_n,0,0,0,0,1,2026-08-25T21:44:32.712049+00:00
Production-oriented open RTL,OpenTitan,https://github.com/lowRISC/opentitan,e3f3234aa3772760cdf40e79a8ae4471b6b02213,hw/top_englishbreakfast/ip/ast/rtl/rng.sv,d10296b05944082bdaf597c54b3e3a97de4547137393f45c5ab7744247a204a8,rng,104,1160,14,5,DiagCode(CouldNotOpenIncludeFile);DiagCode(UnknownDirective),1,2,2,clk_ast_rng_i;clk_i,0,2,1,1,2,2026-08-25T21:44:32.712049+00:00
Production-oriented open RTL,OpenTitan,https://github.com/lowRISC/opentitan,e3f3234aa3772760cdf40e79a8ae4471b6b02213,hw/top_englishbreakfast/ip/ast/rtl/sys_clk.sv,20b521cb2061d98cf95686f95beeab2e76774489dd0c48e8cde05a59b08fab4c,sys_clk,39,310,6,0,,1,0,0,,1,3,1,2,2,2026-08-25T21:44:32.712049+00:00
Production-oriented open RTL,OpenTitan,https://github.com/lowRISC/opentitan,e3f3234aa3772760cdf40e79a8ae4471b6b02213,hw/top_englishbreakfast/ip/ast/rtl/sys_osc.sv,73ea44d19af2ccb8506b7aa7ef4f983db9d506c9f316abe86642e37a5165332d,sys_osc,74,882,23,0,,1,1,1,clk,0,1,0,1,1,2026-08-25T21:44:32.712049+00:00
Production-oriented open RTL,OpenTitan,https://github.com/lowRISC/opentitan,e3f3234aa3772760cdf40e79a8ae4471b6b02213,hw/top_englishbreakfast/ip/ast/rtl/usb_clk.sv,eff89705f4c88907b138734054d6a63d66d5096f1ee409eea6afe220ebfc342d,usb_clk,89,739,6,0,,1,0,0,,4,7,4,3,2,2026-08-25T21:44:32.712049+00:00
Production-oriented open RTL,OpenTitan,https://github.com/lowRISC/opentitan,e3f3234aa3772760cdf40e79a8ae4471b6b02213,hw/top_englishbreakfast/ip/ast/rtl/usb_osc.sv,74d99a1c7b26d409b9db8dd518cfcab972113d75c7c46a9cd22039d0504943f2,usb_osc,87,1084,16,0,,1,2,2,clk;usb_clk_o,0,1,0,1,1,2026-08-25T21:44:32.712049+00:00
Production-oriented open RTL,OpenTitan,https://github.com/lowRISC/opentitan,e3f3234aa3772760cdf40e79a8ae4471b6b02213,hw/top_englishbreakfast/ip/ast/rtl/vcaon_pgd.sv,a8b36ea8a1624342f93e1e8f09731b70327e8f8ec06f6390c3e8d27e182780bc,vcaon_pgd,20,186,16,0,,1,0,0,,0,0,0,0,1,2026-08-25T21:44:32.712049+00:00
Production-oriented open RTL,OpenTitan,https://github.com/lowRISC/opentitan,e3f3234aa3772760cdf40e79a8ae4471b6b02213,hw/top_englishbreakfast/ip/ast/rtl/vcc_pgd.sv,e7177170aa28cec80d2199f9fe673dcf9c8a3a874eea96513a1db10fa90160f2,vcc_pgd,22,189,12,0,,1,0,0,,0,0,0,0,1,2026-08-25T21:44:32.712049+00:00
Production-oriented open RTL,OpenTitan,https://github.com/lowRISC/opentitan,e3f3234aa3772760cdf40e79a8ae4471b6b02213,hw/top_englishbreakfast/ip/ast/rtl/vcmain_pgd.sv,eac96d856c44a3455f966e825291ff0815ec92d1c2acc54c90da12bb63513a09,vcmain_pgd,20,186,16,0,,1,0,0,,0,0,0,0,1,2026-08-25T21:44:32.712049+00:00
Production-oriented open RTL,OpenTitan,https://github.com/lowRISC/opentitan,e3f3234aa3772760cdf40e79a8ae4471b6b02213,hw/top_englishbreakfast/ip/ast/rtl/vio_pgd.sv,ac9fa30a0a9ed5fb7e1aa87b86b2b07fbde8edfbcab85c88a141e73c988766ff,vio_pgd,22,189,12,0,,1,0,0,,0,0,0,0,1,2026-08-25T21:44:32.712049+00:00
Production-oriented open RTL,OpenTitan,https://github.com/lowRISC/opentitan,e3f3234aa3772760cdf40e79a8ae4471b6b02213,hw/top_englishbreakfast/ip/xbar_main/rtl/autogen/xbar_main.sv,b1a04514df0604d61b10492b6999943f58941545363c2a9e3c5f6502a460472e,xbar_main,239,2636,31,0,,1,0,0,,0,6,6,0,6,2026-08-25T21:44:32.712049+00:00
Production-oriented open RTL,OpenTitan,https://github.com/lowRISC/opentitan,e3f3234aa3772760cdf40e79a8ae4471b6b02213,hw/top_englishbreakfast/ip/xbar_peri/rtl/autogen/xbar_peri.sv,b34b7c66332093d8b427365f3535f1fe9d02b7b1e92da23d2884b7c6a0937f80,xbar_peri,164,1835,33,0,,1,0,0,,0,3,3,0,6,2026-08-25T21:44:32.712049+00:00
Production-oriented open RTL,OpenTitan,https://github.com/lowRISC/opentitan,e3f3234aa3772760cdf40e79a8ae4471b6b02213,hw/top_englishbreakfast/ip_autogen/clkmgr/rtl/clkmgr.sv,49cff7873ea59a17f5ddf41a03c4cf26a4609fe28ea1ba67f59a67e1c1f58fbb,clkmgr,708,6970,15,13,DiagCode(CouldNotOpenIncludeFile);DiagCode(UnknownDirective),1,0,0,,4,58,24,34,4,2026-08-25T21:44:32.712049+00:00
Production-oriented open RTL,OpenTitan,https://github.com/lowRISC/opentitan,e3f3234aa3772760cdf40e79a8ae4471b6b02213,hw/top_englishbreakfast/ip_autogen/clkmgr/rtl/clkmgr_byp.sv,7e3b038773aafadad7d5d9b4b7df306577965e8fc9ed730e36ecc9b941a02779,clkmgr_byp,129,973,15,0,,1,0,0,,0,9,8,1,3,2026-08-25T21:44:32.712049+00:00
Production-oriented open RTL,OpenTitan,https://github.com/lowRISC/opentitan,e3f3234aa3772760cdf40e79a8ae4471b6b02213,hw/top_englishbreakfast/ip_autogen/clkmgr/rtl/clkmgr_clk_status.sv,195ee68fcbe2e2a8d3c0978e8efbaa4431b9e68e1a1373714d6c3af0eaee6885,clkmgr_clk_status,40,397,12,0,,1,1,1,clk_i,1,1,1,0,2,2026-08-25T21:44:32.712049+00:00
Production-oriented open RTL,OpenTitan,https://github.com/lowRISC/opentitan,e3f3234aa3772760cdf40e79a8ae4471b6b02213,hw/top_englishbreakfast/ip_autogen/clkmgr/rtl/clkmgr_meas_chk.sv,71827c02963a1a0e00c5b96ce2a5ea2726121cbcd6dc0731a069bd28ad123868,clkmgr_meas_chk,98,797,12,0,,1,1,1,clk_src_i,1,4,4,0,5,2026-08-25T21:44:32.712049+00:00
Production-oriented open RTL,OpenTitan,https://github.com/lowRISC/opentitan,e3f3234aa3772760cdf40e79a8ae4471b6b02213,hw/top_englishbreakfast/ip_autogen/clkmgr/rtl/clkmgr_reg_top.sv,12688fd6daf94c182056d39b4129699a03d007c4dd0e9fbfb7e04f6d8cfb217c,clkmgr_reg_top,1749,16962,36,5,DiagCode(CouldNotOpenIncludeFile);DiagCode(UnknownDirective),1,1,1,clk_i,32,75,67,8,5,2026-08-25T21:44:32.712049+00:00
Production-oriented open RTL,OpenTitan,https://github.com/lowRISC/opentitan,e3f3234aa3772760cdf40e79a8ae4471b6b02213,hw/top_englishbreakfast/ip_autogen/clkmgr/rtl/clkmgr_root_ctrl.sv,620926dfca7d610b2563aa661d83f5e239d2dda18bd14ebac75b7f81db3b5087,clkmgr_root_ctrl,30,185,11,0,,1,0,0,,0,2,2,0,3,2026-08-25T21:44:32.712049+00:00
Production-oriented open RTL,OpenTitan,https://github.com/lowRISC/opentitan,e3f3234aa3772760cdf40e79a8ae4471b6b02213,hw/top_englishbreakfast/ip_autogen/clkmgr/rtl/clkmgr_trans.sv,6e2b62b3580664b40c25a01dab09b17817bed8ac93da3d3db4de3c9cdafdfb43,clkmgr_trans,131,1114,15,0,,1,1,1,clk_i,4,9,7,2,3,2026-08-25T21:44:32.712049+00:00
Production-oriented open RTL,OpenTitan,https://github.com/lowRISC/opentitan,e3f3234aa3772760cdf40e79a8ae4471b6b02213,hw/top_englishbreakfast/ip_autogen/flash_ctrl/rtl/flash_ctrl.sv,cfcfcbec89790064c0f0bc68bec5985d564f92666b03a7cf1d32b44dc4b2154b,flash_ctrl,1012,11958,15,44,DiagCode(CouldNotOpenIncludeFile);DiagCode(UnknownDirective),1,1,1,clk_i,0,29,21,8,7,2026-08-25T21:44:32.712049+00:00
Production-oriented open RTL,OpenTitan,https://github.com/lowRISC/opentitan,e3f3234aa3772760cdf40e79a8ae4471b6b02213,hw/top_englishbreakfast/ip_autogen/flash_ctrl/rtl/flash_ctrl_arb.sv,91c7835f5e584e0d386bbd633446f1f3212a003750e6f22d3d472a1af73c988d,flash_ctrl_arb,161,1351,14,2,DiagCode(CouldNotOpenIncludeFile);DiagCode(UnknownDirective),1,0,0,,0,0,0,0,1,2026-08-25T21:44:32.712049+00:00
Production-oriented open RTL,OpenTitan,https://github.com/lowRISC/opentitan,e3f3234aa3772760cdf40e79a8ae4471b6b02213,hw/top_englishbreakfast/ip_autogen/flash_ctrl/rtl/flash_ctrl_core_reg_top.sv,2475eb0518b283c8e41d72b42ad64a88803344ec8397d5bde4061c8190d8560a,flash_ctrl_core_reg_top,9103,99836,124,5,DiagCode(CouldNotOpenIncludeFile);DiagCode(UnknownDirective),1,1,1,clk_i,0,396,396,0,6,2026-08-25T21:44:32.712049+00:00
Production-oriented open RTL,OpenTitan,https://github.com/lowRISC/opentitan,e3f3234aa3772760cdf40e79a8ae4471b6b02213,hw/top_englishbreakfast/ip_autogen/flash_ctrl/rtl/flash_ctrl_erase.sv,ac63ff6c0e9f01be8a9c4e159b64f3b8b8d527dd4ff435b2f3fa2fff92b1b2dd,flash_ctrl_erase,37,539,12,0,,1,0,0,,0,0,0,0,1,2026-08-25T21:44:32.712049+00:00
Production-oriented open RTL,OpenTitan,https://github.com/lowRISC/opentitan,e3f3234aa3772760cdf40e79a8ae4471b6b02213,hw/top_englishbreakfast/ip_autogen/flash_ctrl/rtl/flash_ctrl_info_cfg.sv,b831b369c2404c6b5821709bd5ae7f8ed11c1d5a2b9fbccbf353f971d033ecb2,flash_ctrl_info_cfg,88,964,21,2,DiagCode(CouldNotOpenIncludeFile);DiagCode(UnknownDirective),1,0,0,,0,2,2,0,3,2026-08-25T21:44:32.712049+00:00
Production-oriented open RTL,OpenTitan,https://github.com/lowRISC/opentitan,e3f3234aa3772760cdf40e79a8ae4471b6b02213,hw/top_englishbreakfast/ip_autogen/flash_ctrl/rtl/flash_ctrl_lcmgr.sv,9bac741069fdab961ffe82f20074912585f7c0028d871d9d7bc9b4fb9bcf7aab,flash_ctrl_lcmgr,652,6466,18,3,DiagCode(UnknownDirective),1,1,1,clk_i,1,12,11,1,3,2026-08-25T21:44:32.712049+00:00
Production-oriented open RTL,OpenTitan,https://github.com/lowRISC/opentitan,e3f3234aa3772760cdf40e79a8ae4471b6b02213,hw/top_englishbreakfast/ip_autogen/flash_ctrl/rtl/flash_ctrl_prim_reg_top.sv,e16a56bd2771622ee7aec595d8161a27660dc3b0b261a6910d9f9cab3d4bc66a,flash_ctrl_prim_reg_top,1569,16941,37,5,DiagCode(CouldNotOpenIncludeFile);DiagCode(UnknownDirective),1,1,1,clk_i,0,65,65,0,5,2026-08-25T21:44:32.712049+00:00
Production-oriented open RTL,OpenTitan,https://github.com/lowRISC/opentitan,e3f3234aa3772760cdf40e79a8ae4471b6b02213,hw/top_englishbreakfast/ip_autogen/flash_ctrl/rtl/flash_ctrl_prog.sv,6ec61e51b07a6342730854b4590773358cbc1300a3e832c4ed1ae4ba2fe7aced,flash_ctrl_prog,138,1412,21,0,,1,1,1,clk_i,0,1,1,0,2,2026-08-25T21:44:32.712049+00:00
Production-oriented open RTL,OpenTitan,https://github.com/lowRISC/opentitan,e3f3234aa3772760cdf40e79a8ae4471b6b02213,hw/top_englishbreakfast/ip_autogen/flash_ctrl/rtl/flash_ctrl_rd.sv,c9ad5812de8b679503cdb6676433a8cbb519cc2aadcd55bd560f99185d065499,flash_ctrl_rd,126,1192,17,0,,1,1,1,clk_i,0,2,2,0,3,2026-08-25T21:44:32.712049+00:00
Production-oriented open RTL,OpenTitan,https://github.com/lowRISC/opentitan,e3f3234aa3772760cdf40e79a8ae4471b6b02213,hw/top_englishbreakfast/ip_autogen/flash_ctrl/rtl/flash_ctrl_region_cfg.sv,e563e349aa0f863d1db20daa4df1b34e68658b4b9a921b8a66a168b2ef44d4d2,flash_ctrl_region_cfg,125,2359,16,0,,1,0,0,,1,5,4,1,3,2026-08-25T21:44:32.712049+00:00
Production-oriented open RTL,OpenTitan,https://github.com/lowRISC/opentitan,e3f3234aa3772760cdf40e79a8ae4471b6b02213,hw/top_englishbreakfast/ip_autogen/flash_ctrl/rtl/flash_mp.sv,4672ba7985b5f7573daec58614ceae15e4442a786df780171166ff62dc1cd2af,flash_mp,224,2714,18,11,DiagCode(CouldNotOpenIncludeFile);DiagCode(UnknownDirective),1,1,1,clk_i,0,2,0,2,1,2026-08-25T21:44:32.712049+00:00
Production-oriented open RTL,OpenTitan,https://github.com/lowRISC/opentitan,e3f3234aa3772760cdf40e79a8ae4471b6b02213,hw/top_englishbreakfast/ip_autogen/flash_ctrl/rtl/flash_mp_data_region_sel.sv,f75b885cf3c8063f0aa5e3b6c78dc0d9556fb49b8a4b29065e72ec517451b4e9,flash_mp_data_region_sel,36,523,19,1,DiagCode(CouldNotOpenIncludeFile),1,0,0,,0,0,0,0,1,2026-08-25T21:44:32.712049+00:00
Production-oriented open RTL,OpenTitan,https://github.com/lowRISC/opentitan,e3f3234aa3772760cdf40e79a8ae4471b6b02213,hw/top_englishbreakfast/ip_autogen/flash_ctrl/rtl/flash_phy.sv,548b9bce6f50cb6298da3cd58466a2ccb5b829f639cae7bbd4c9bc0b73f89f2d,flash_phy,297,3803,15,0,,1,0,0,,0,8,5,3,7,2026-08-25T21:44:32.712049+00:00
Production-oriented open RTL,OpenTitan,https://github.com/lowRISC/opentitan,e3f3234aa3772760cdf40e79a8ae4471b6b02213,hw/top_englishbreakfast/ip_autogen/flash_ctrl/rtl/flash_phy_core.sv,2acbc639edd90cee300d7b38aa794285ae7717cce6d769b164ec76c33a27ea30,flash_phy_core,396,3931,17,8,DiagCode(UnknownDirective),1,1,1,clk_i,0,6,3,3,3,2026-08-25T21:44:32.712049+00:00
Production-oriented open RTL,OpenTitan,https://github.com/lowRISC/opentitan,e3f3234aa3772760cdf40e79a8ae4471b6b02213,hw/top_englishbreakfast/ip_autogen/flash_ctrl/rtl/flash_phy_erase.sv,a7d6307b43e039b772a7caabc578f3829413423ab9b1a77c906ff7a068066434,flash_phy_erase,62,455,12,0,,1,1,1,clk_i,0,0,0,0,1,2026-08-25T21:44:32.712049+00:00
Production-oriented open RTL,OpenTitan,https://github.com/lowRISC/opentitan,e3f3234aa3772760cdf40e79a8ae4471b6b02213,hw/top_englishbreakfast/ip_autogen/flash_ctrl/rtl/flash_phy_prog.sv,f9f8e3c4268ba9ad728c2995e4f9c5661af7fd7cc821e838f29050f86627cb44,flash_phy_prog,217,2131,19,4,DiagCode(UnknownDirective),1,1,1,clk_i,0,3,3,0,3,2026-08-25T21:44:32.712049+00:00
Production-oriented open RTL,OpenTitan,https://github.com/lowRISC/opentitan,e3f3234aa3772760cdf40e79a8ae4471b6b02213,hw/top_englishbreakfast/ip_autogen/flash_ctrl/rtl/flash_phy_rd.sv,adfd90917ffbf1b1ea8e7b2be3ed963cf598f948fc205e7b8c1d111d0469f6e3,flash_phy_rd,468,5547,15,11,DiagCode(UnknownDirective),1,1,1,clk_i,0,15,11,4,4,2026-08-25T21:44:32.712049+00:00
Production-oriented open RTL,OpenTitan,https://github.com/lowRISC/opentitan,e3f3234aa3772760cdf40e79a8ae4471b6b02213,hw/top_englishbreakfast/ip_autogen/flash_ctrl/rtl/flash_phy_rd_buf_dep.sv,274c96ec45564ef8396c930e535d1a4b8e52f661fa47b687d0f7eef727805309,flash_phy_rd_buf_dep,61,801,14,3,DiagCode(UnknownDirective),1,1,1,clk_i,0,0,0,0,1,2026-08-25T21:44:32.712049+00:00
Production-oriented open RTL,OpenTitan,https://github.com/lowRISC/opentitan,e3f3234aa3772760cdf40e79a8ae4471b6b02213,hw/top_englishbreakfast/ip_autogen/flash_ctrl/rtl/flash_phy_rd_buffers.sv,29e5b00e04af126a93691ddfac67690a5827087a2e1fe487af1f3747cf6be1d5,flash_phy_rd_buffers,41,486,17,2,DiagCode(UnknownDirective),1,1,1,clk_i,0,0,0,0,1,2026-08-25T21:44:32.712049+00:00
Production-oriented open RTL,OpenTitan,https://github.com/lowRISC/opentitan,e3f3234aa3772760cdf40e79a8ae4471b6b02213,hw/top_englishbreakfast/ip_autogen/flash_ctrl/rtl/flash_phy_scramble.sv,51a105e4789253bcfa0a8543874ce731b7edd92aa327c072a57ae1b7e54881f3,flash_phy_scramble,169,1942,16,0,,1,1,1,clk_i,0,4,4,0,3,2026-08-25T21:44:32.712049+00:00
Production-oriented open RTL,OpenTitan,https://github.com/lowRISC/opentitan,e3f3234aa3772760cdf40e79a8ae4471b6b02213,hw/top_englishbreakfast/ip_autogen/gpio/rtl/gpio.sv,14539279738748ab142248552aa978883ea08d063ba3690a03a1ed6d9c5990b9,gpio,178,2509,21,7,DiagCode(CouldNotOpenIncludeFile);DiagCode(UnknownDirective),1,1,1,clk_i,1,4,3,1,4,2026-08-25T21:44:32.712049+00:00
Production-oriented open RTL,OpenTitan,https://github.com/lowRISC/opentitan,e3f3234aa3772760cdf40e79a8ae4471b6b02213,hw/top_englishbreakfast/ip_autogen/gpio/rtl/gpio_reg_top.sv,1da28b2ed10ca9a6620688ab37573aed21a0b7bba913718e5b809c3aaa660672,gpio_reg_top,733,8694,34,5,DiagCode(CouldNotOpenIncludeFile);DiagCode(UnknownDirective),1,1,1,clk_i,0,27,27,0,5,2026-08-25T21:44:32.712049+00:00
Production-oriented open RTL,OpenTitan,https://github.com/lowRISC/opentitan,e3f3234aa3772760cdf40e79a8ae4471b6b02213,hw/top_englishbreakfast/ip_autogen/pinmux/rtl/pinmux.sv,a615bbee9201e4d4a60257cfac5ebfe1bf184c42d9fcd9a337d1fb466ade639e,pinmux,419,6739,19,27,DiagCode(CouldNotOpenIncludeFile);DiagCode(UnknownDirective),1,1,1,clk_i,1,8,3,5,4,2026-08-25T21:44:32.712049+00:00
Production-oriented open RTL,OpenTitan,https://github.com/lowRISC/opentitan,e3f3234aa3772760cdf40e79a8ae4471b6b02213,hw/top_englishbreakfast/ip_autogen/pinmux/rtl/pinmux_jtag_breakout.sv,850047d09d152044a86d6e86d819c059097b16f60e2d4a1f31332d2a3195d83a,pinmux_jtag_breakout,17,163,7,0,,1,0,0,,0,0,0,0,1,2026-08-25T21:44:32.712049+00:00
Production-oriented open RTL,OpenTitan,https://github.com/lowRISC/opentitan,e3f3234aa3772760cdf40e79a8ae4471b6b02213,hw/top_englishbreakfast/ip_autogen/pinmux/rtl/pinmux_jtag_buf.sv,0a90d858ed05e4ca86544166cc26a56cb1dd5371debfc199ec910fbcd09139a8,pinmux_jtag_buf,39,356,7,0,,1,0,0,,0,7,0,7,1,2026-08-25T21:44:32.712049+00:00
Production-oriented open RTL,OpenTitan,https://github.com/lowRISC/opentitan,e3f3234aa3772760cdf40e79a8ae4471b6b02213,hw/top_englishbreakfast/ip_autogen/pinmux/rtl/pinmux_reg_top.sv,3b9327de1d6066192f9469131df77f202fd281d1d2da57395014c3b571238d12,pinmux_reg_top,27922,320317,536,5,DiagCode(CouldNotOpenIncludeFile);DiagCode(UnknownDirective),1,1,1,clk_i,50,1179,1179,0,5,2026-08-25T21:44:32.712049+00:00
Production-oriented open RTL,OpenTitan,https://github.com/lowRISC/opentitan,e3f3234aa3772760cdf40e79a8ae4471b6b02213,hw/top_englishbreakfast/ip_autogen/pinmux/rtl/pinmux_strap_sampling.sv,40106e3496edeb95338285dd366bbc1a35359f82a80522b701a974f250b5e3b0,pinmux_strap_sampling,315,3363,17,20,DiagCode(UnknownDirective),1,1,1,clk_i,0,14,9,5,4,2026-08-25T21:44:32.712049+00:00
Production-oriented open RTL,OpenTitan,https://github.com/lowRISC/opentitan,e3f3234aa3772760cdf40e79a8ae4471b6b02213,hw/top_englishbreakfast/ip_autogen/pinmux/rtl/pinmux_wkup.sv,a72af55c7ab42a1ac4e80fead7e08257175f7212c28c6cc0fb245338965e5ab6,pinmux_wkup,68,536,11,0,,1,1,1,clk_i,2,1,1,0,3,2026-08-25T21:44:32.712049+00:00
Production-oriented open RTL,OpenTitan,https://github.com/lowRISC/opentitan,e3f3234aa3772760cdf40e79a8ae4471b6b02213,hw/top_englishbreakfast/ip_autogen/pwrmgr/rtl/pwrmgr.sv,538fc3f8d86b9f896dc6e1709942273cb0bf4a5dc84ed2a8c0fd87b9804e1658,pwrmgr,442,4644,16,18,DiagCode(CouldNotOpenIncludeFile);DiagCode(UnknownDirective),1,2,2,clk_i;clk_lc,5,16,8,8,4,2026-08-25T21:44:32.712049+00:00
Production-oriented open RTL,OpenTitan,https://github.com/lowRISC/opentitan,e3f3234aa3772760cdf40e79a8ae4471b6b02213,hw/top_englishbreakfast/ip_autogen/pwrmgr/rtl/pwrmgr_cdc.sv,e423372cabe1fa2ae68d63b8861045a1ef0f1b2a5840a9d27af31f85701f97f9,pwrmgr_cdc,261,2077,12,1,DiagCode(CouldNotOpenIncludeFile),1,2,2,clk_i;clk_slow_i,20,18,18,0,3,2026-08-25T21:44:32.712049+00:00
Production-oriented open RTL,OpenTitan,https://github.com/lowRISC/opentitan,e3f3234aa3772760cdf40e79a8ae4471b6b02213,hw/top_englishbreakfast/ip_autogen/pwrmgr/rtl/pwrmgr_cdc_pulse.sv,4e9e24dbf18cb686391a0b18f2d21ea3734b052510c1472dd91b58c441e2c040,pwrmgr_cdc_pulse,65,526,14,1,DiagCode(CouldNotOpenIncludeFile),1,2,2,clk_i;clk_slow_i,2,2,2,0,2,2026-08-25T21:44:32.712049+00:00
Production-oriented open RTL,OpenTitan,https://github.com/lowRISC/opentitan,e3f3234aa3772760cdf40e79a8ae4471b6b02213,hw/top_englishbreakfast/ip_autogen/pwrmgr/rtl/pwrmgr_fsm.sv,f387f64f84d6833a30b99b61377f35b982d0566d524fd23abd2f183773580038,pwrmgr_fsm,357,3176,18,3,DiagCode(CouldNotOpenIncludeFile);DiagCode(UnknownDirective),1,1,1,clk_i,2,6,3,3,3,2026-08-25T21:44:32.712049+00:00
Production-oriented open RTL,OpenTitan,https://github.com/lowRISC/opentitan,e3f3234aa3772760cdf40e79a8ae4471b6b02213,hw/top_englishbreakfast/ip_autogen/pwrmgr/rtl/pwrmgr_reg_top.sv,ad2332d5826f5600022cd2ac1292200d4a02378962a1ea0404b88e524d2d6749,pwrmgr_reg_top,840,8867,33,5,DiagCode(CouldNotOpenIncludeFile);DiagCode(UnknownDirective),1,1,1,clk_lc_i,0,35,34,1,5,2026-08-25T21:44:32.712049+00:00
Production-oriented open RTL,OpenTitan,https://github.com/lowRISC/opentitan,e3f3234aa3772760cdf40e79a8ae4471b6b02213,hw/top_englishbreakfast/ip_autogen/pwrmgr/rtl/pwrmgr_slow_fsm.sv,6df6341c7e96ef3751f77b8e0b979e5aba3116aef485b20d6fe1b86af74acebb,pwrmgr_slow_fsm,236,1921,13,3,DiagCode(CouldNotOpenIncludeFile);DiagCode(UnknownDirective),1,1,1,clk_i,1,2,1,1,2,2026-08-25T21:44:32.712049+00:00
Production-oriented open RTL,OpenTitan,https://github.com/lowRISC/opentitan,e3f3234aa3772760cdf40e79a8ae4471b6b02213,hw/top_englishbreakfast/ip_autogen/pwrmgr/rtl/pwrmgr_wake_info.sv,361e88f75a117c9c6e93a8b9894fbc9f17080e6c884fe2dffe18887678151eae,pwrmgr_wake_info,47,562,16,1,DiagCode(CouldNotOpenIncludeFile),1,1,1,clk_i,0,0,0,0,1,2026-08-25T21:44:32.712049+00:00
Production-oriented open RTL,OpenTitan,https://github.com/lowRISC/opentitan,e3f3234aa3772760cdf40e79a8ae4471b6b02213,hw/top_englishbreakfast/ip_autogen/rstmgr/rtl/rstmgr.sv,5026b5830872273f252dad91adab86b1b607175d84f9a0f1f6c3f3fce6bac409,rstmgr,667,7689,19,26,DiagCode(CouldNotOpenIncludeFile);DiagCode(UnknownDirective),1,0,0,,1,34,6,28,4,2026-08-25T21:44:32.712049+00:00
Production-oriented open RTL,OpenTitan,https://github.com/lowRISC/opentitan,e3f3234aa3772760cdf40e79a8ae4471b6b02213,hw/top_englishbreakfast/ip_autogen/rstmgr/rtl/rstmgr_cnsty_chk.sv,41163d88ac730675a8c31c81c16574016441882713a0dadf1c90787ce8ac26e9,rstmgr_cnsty_chk,177,1415,15,2,DiagCode(CouldNotOpenIncludeFile);DiagCode(UnknownDirective),1,1,1,clk_i,3,3,3,0,3,2026-08-25T21:44:32.712049+00:00
Production-oriented open RTL,OpenTitan,https://github.com/lowRISC/opentitan,e3f3234aa3772760cdf40e79a8ae4471b6b02213,hw/top_englishbreakfast/ip_autogen/rstmgr/rtl/rstmgr_crash_info.sv,f6caa86ced9d29d9779d34a1c70acb4adec67bc3ef9b62a5bc23754d173b21f1,rstmgr_crash_info,39,527,12,3,DiagCode(CouldNotOpenIncludeFile);DiagCode(UnknownDirective),1,1,1,clk_i,0,0,0,0,1,2026-08-25T21:44:32.712049+00:00
Production-oriented open RTL,OpenTitan,https://github.com/lowRISC/opentitan,e3f3234aa3772760cdf40e79a8ae4471b6b02213,hw/top_englishbreakfast/ip_autogen/rstmgr/rtl/rstmgr_ctrl.sv,c777f7da6bf91fd2fb90f7f9ec7b65211b4be97bcb3a567f727b7cdde247862d,rstmgr_ctrl,53,518,13,1,DiagCode(CouldNotOpenIncludeFile),1,0,0,,2,4,2,2,2,2026-08-25T21:44:32.712049+00:00
Production-oriented open RTL,OpenTitan,https://github.com/lowRISC/opentitan,e3f3234aa3772760cdf40e79a8ae4471b6b02213,hw/top_englishbreakfast/ip_autogen/rstmgr/rtl/rstmgr_leaf_rst.sv,2a3d957f5d22eaeaa88014f821f139e3c2a98107065c8f116d972402bd8d1e8c,rstmgr_leaf_rst,105,817,16,1,DiagCode(CouldNotOpenIncludeFile),1,1,1,clk_i,2,6,4,2,3,2026-08-25T21:44:32.712049+00:00
Production-oriented open RTL,OpenTitan,https://github.com/lowRISC/opentitan,e3f3234aa3772760cdf40e79a8ae4471b6b02213,hw/top_englishbreakfast/ip_autogen/rstmgr/rtl/rstmgr_por.sv,0e5b3ac69e697c6c7bfb6463ca68b3fd94b990cb20c93230ceb17c91ec10972b,rstmgr_por,81,744,14,0,,1,1,1,clk_i,1,5,1,4,2,2026-08-25T21:44:32.712049+00:00
Production-oriented open RTL,OpenTitan,https://github.com/lowRISC/opentitan,e3f3234aa3772760cdf40e79a8ae4471b6b02213,hw/top_englishbreakfast/ip_autogen/rstmgr/rtl/rstmgr_reg_top.sv,1f29c1f0f6bd8eb3ac1ac5df6a8502981ec04b6defa02fa70a736265fb34daab,rstmgr_reg_top,754,8115,34,5,DiagCode(CouldNotOpenIncludeFile);DiagCode(UnknownDirective),1,1,1,clk_i,0,30,30,0,5,2026-08-25T21:44:32.712049+00:00
Production-oriented open RTL,OpenTitan,https://github.com/lowRISC/opentitan,e3f3234aa3772760cdf40e79a8ae4471b6b02213,hw/top_englishbreakfast/ip_autogen/rv_core_ibex/rtl/rv_core_ibex.sv,21ffb4b09d312102eccd0f0737c9aba876cac714b5fc015206ffb5b47862659a,rv_core_ibex,996,10449,19,9,DiagCode(CouldNotOpenIncludeFile);DiagCode(UnknownDirective),1,1,1,clk_i,3,31,20,11,7,2026-08-25T21:44:32.712049+00:00
Production-oriented open RTL,OpenTitan,https://github.com/lowRISC/opentitan,e3f3234aa3772760cdf40e79a8ae4471b6b02213,hw/top_englishbreakfast/ip_autogen/rv_core_ibex/rtl/rv_core_ibex_addr_trans.sv,d4798bd5df0c64bd663614ff218f807ae76d08e624904671d59d422249b86bf1,rv_core_ibex_addr_trans,55,725,14,0,,1,0,0,,0,1,1,0,2,2026-08-25T21:44:32.712049+00:00
Production-oriented open RTL,OpenTitan,https://github.com/lowRISC/opentitan,e3f3234aa3772760cdf40e79a8ae4471b6b02213,hw/top_englishbreakfast/ip_autogen/rv_core_ibex/rtl/rv_core_ibex_cfg_reg_top.sv,41f5e5534845c2bd920471f6f3ba5a89896724e0c3020afc52b23800c2ad2282,rv_core_ibex_cfg_reg_top,1220,13304,43,5,DiagCode(CouldNotOpenIncludeFile);DiagCode(UnknownDirective),1,1,1,clk_i,0,53,41,12,6,2026-08-25T21:44:32.712049+00:00
Production-oriented open RTL,OpenTitan,https://github.com/lowRISC/opentitan,e3f3234aa3772760cdf40e79a8ae4471b6b02213,hw/top_englishbreakfast/ip_autogen/rv_core_ibex/rtl/rv_core_ibex_peri.sv,15fd3d21a69020125ead08c8ee7580895e3cabeac6add682f9d6b82129eda06b,rv_core_ibex_peri,85,1265,11,2,DiagCode(CouldNotOpenIncludeFile);DiagCode(UnknownDirective),1,0,0,,0,2,1,0,4,2026-08-25T21:44:32.712049+00:00
Production-oriented open RTL,OpenTitan,https://github.com/lowRISC/opentitan,e3f3234aa3772760cdf40e79a8ae4471b6b02213,hw/top_englishbreakfast/ip_autogen/rv_plic/rtl/rv_plic.sv,9308a861ee429fffc8b7a744ddd99902bb824247d777eb2fc1040db53a75c522,rv_plic,215,4205,14,9,DiagCode(CouldNotOpenIncludeFile);DiagCode(UnknownDirective),1,0,0,,1,5,2,3,4,2026-08-25T21:44:32.712049+00:00
Production-oriented open RTL,OpenTitan,https://github.com/lowRISC/opentitan,e3f3234aa3772760cdf40e79a8ae4471b6b02213,hw/top_englishbreakfast/ip_autogen/rv_plic/rtl/rv_plic_gateway.sv,d8fbb17008d3bc402a3c4c7d7c4c5fec4e98e1a80dd4212ff7b6c94c1c3ef4c8,rv_plic_gateway,34,442,16,2,DiagCode(UnknownDirective),1,1,1,clk_i,0,0,0,0,1,2026-08-25T21:44:32.712049+00:00
Production-oriented open RTL,OpenTitan,https://github.com/lowRISC/opentitan,e3f3234aa3772760cdf40e79a8ae4471b6b02213,hw/top_englishbreakfast/ip_autogen/rv_plic/rtl/rv_plic_reg_top.sv,2f731a7fc7aaf6be62f250e6716e09a821928e569d6b6bee684e4d0d4dd8837e,rv_plic_reg_top,6240,66981,114,5,DiagCode(CouldNotOpenIncludeFile);DiagCode(UnknownDirective),1,1,1,clk_i,0,272,272,0,5,2026-08-25T21:44:32.712049+00:00
Production-oriented open RTL,OpenTitan,https://github.com/lowRISC/opentitan,e3f3234aa3772760cdf40e79a8ae4471b6b02213,hw/top_englishbreakfast/ip_autogen/rv_plic/rtl/rv_plic_target.sv,b180ac08ba475d0e15ca52d050b80bca6fd3ff2bde7736a16532c9157b746335,rv_plic_target,46,533,12,1,DiagCode(CouldNotOpenIncludeFile),1,1,1,clk_i,0,1,1,0,2,2026-08-25T21:44:32.712049+00:00
Production-oriented open RTL,OpenTitan,https://github.com/lowRISC/opentitan,e3f3234aa3772760cdf40e79a8ae4471b6b02213,hw/top_englishbreakfast/rtl/autogen/chip_englishbreakfast_cw305.sv,903fe89ed7eb43024a59285b5e9b7d9571ce0dfc4ef5025b951ad9d147aaf166,chip_englishbreakfast_cw305,803,7235,11,0,,1,0,0,,1,6,2,4,13,2026-08-25T21:44:32.712049+00:00
Production-oriented open RTL,OpenTitan,https://github.com/lowRISC/opentitan,e3f3234aa3772760cdf40e79a8ae4471b6b02213,hw/top_englishbreakfast/rtl/autogen/chip_englishbreakfast_verilator.sv,7060e8b6381714d4e12aaf4aad18502957ebb4db38776da6a89f3717662f805e,chip_englishbreakfast_verilator,435,3778,11,0,,1,1,1,clk_aon,0,4,1,3,13,2026-08-25T21:44:32.712049+00:00
Production-oriented open RTL,OpenTitan,https://github.com/lowRISC/opentitan,e3f3234aa3772760cdf40e79a8ae4471b6b02213,hw/top_englishbreakfast/rtl/autogen/englishbreakfast_pd_aon.sv,450ff3aeb05af3456fc4300d739ad52e0f4538940c64d82260861ff5e8dbb12d,englishbreakfast_pd_aon,243,3302,12,2,DiagCode(CouldNotOpenIncludeFile);DiagCode(UnknownDirective),1,0,0,,0,4,1,3,7,2026-08-25T21:44:32.712049+00:00
Production-oriented open RTL,OpenTitan,https://github.com/lowRISC/opentitan,e3f3234aa3772760cdf40e79a8ae4471b6b02213,hw/top_englishbreakfast/rtl/autogen/englishbreakfast_pd_main.sv,4405e603303611235d92cf6d68df49244ef2cb7d49e41fa00353a191e721722a,englishbreakfast_pd_main,1173,14614,12,1,DiagCode(CouldNotOpenIncludeFile),1,0,0,,0,17,10,7,11,2026-08-25T21:44:32.712049+00:00
Production-oriented open RTL,OpenTitan,https://github.com/lowRISC/opentitan,e3f3234aa3772760cdf40e79a8ae4471b6b02213,hw/top_englishbreakfast/rtl/autogen/top_englishbreakfast.sv,05d20f50f0ed039a0e507efccf16f5ede13979274a89c46c670ec7c9347e79db,top_englishbreakfast,296,2914,12,0,,1,0,0,,0,2,2,0,12,2026-08-25T21:44:32.712049+00:00
Production-oriented open RTL,OpenTitan,https://github.com/lowRISC/opentitan,e3f3234aa3772760cdf40e79a8ae4471b6b02213,hw/top_englishbreakfast/rtl/clkgen_xil7series.sv,efa65e5bbd437b74b7df2a403787199196a48598344e3e132056cf09ff0b694c,clkgen_xil7series,101,790,8,0,,1,0,0,,0,5,0,0,1,2026-08-25T21:44:32.712049+00:00
Production-oriented open RTL,OpenTitan,https://github.com/lowRISC/opentitan,e3f3234aa3772760cdf40e79a8ae4471b6b02213,hw/top_englishbreakfast/rtl/padring_verilator.sv,2e08e2f576134426ded260c367cc886bf801ac2cd2f9842fd3bac4bb30390092,padring_verilator,79,975,12,0,,1,0,0,,0,0,0,0,1,2026-08-25T21:44:32.712049+00:00
Production-oriented open RTL,OpenTitan,https://github.com/lowRISC/opentitan,e3f3234aa3772760cdf40e79a8ae4471b6b02213,hw/top_englishbreakfast/rtl/usr_access_xil7series.sv,b0fd4fc09098b79c011ef6ccfc7d228c11aeff71ee8e7f032bde5563c15fcc2f,usr_access_xil7series,9,55,9,0,,1,0,0,,0,1,0,0,1,2026-08-25T21:44:32.712049+00:00
Production-oriented open RTL,OpenTitan,https://github.com/lowRISC/opentitan,e3f3234aa3772760cdf40e79a8ae4471b6b02213,hw/vendor/lowrisc_ibex/rtl/ibex_alu.sv,06ce1c3ce30807f715478cf9e3bc279cac1c1cc2fb95d289516169fadcf7b7dc,ibex_alu,810,12431,24,0,,1,0,0,,0,0,0,0,1,2026-08-25T21:44:32.712049+00:00
Production-oriented open RTL,OpenTitan,https://github.com/lowRISC/opentitan,e3f3234aa3772760cdf40e79a8ae4471b6b02213,hw/vendor/lowrisc_ibex/rtl/ibex_branch_predict.sv,78d4120eac2606e34b9338581eac55e3ba3b48c718799a46a887ac9efab2240e,ibex_branch_predict,46,925,11,2,DiagCode(CouldNotOpenIncludeFile);DiagCode(UnknownDirective),1,0,0,,0,0,0,0,1,2026-08-25T21:44:32.712049+00:00
Production-oriented open RTL,OpenTitan,https://github.com/lowRISC/opentitan,e3f3234aa3772760cdf40e79a8ae4471b6b02213,hw/vendor/lowrisc_ibex/rtl/ibex_cheriot_ex.sv,9784c9376f8343cf8d435fe4b7ee9eeda02b15df6a5bc1dc6ef6fb1bddb1cba9,ibex_cheriot_ex,746,9642,26,0,,1,1,1,clk_i,0,0,0,0,1,2026-08-25T21:44:32.712049+00:00
Production-oriented open RTL,OpenTitan,https://github.com/lowRISC/opentitan,e3f3234aa3772760cdf40e79a8ae4471b6b02213,hw/vendor/lowrisc_ibex/rtl/ibex_compressed_decoder.sv,bea22598e9e5f734ace93826eafd01914d2b63565ee0b7e8c8deff25369fbfbd,ibex_compressed_decoder,659,9509,32,9,DiagCode(CouldNotOpenIncludeFile);DiagCode(UnknownDirective),1,1,1,clk_i,0,0,0,0,1,2026-08-25T21:44:32.712049+00:00
Production-oriented open RTL,OpenTitan,https://github.com/lowRISC/opentitan,e3f3234aa3772760cdf40e79a8ae4471b6b02213,hw/vendor/lowrisc_ibex/rtl/ibex_controller.sv,bc3211faf87435b07922e3e61646ef83247ab86c5938d4cd2e108802a4357860,ibex_controller,689,6640,26,16,DiagCode(CouldNotOpenIncludeFile);DiagCode(UnknownDirective),1,1,1,clk_i,0,0,0,0,1,2026-08-25T21:44:32.712049+00:00
Production-oriented open RTL,OpenTitan,https://github.com/lowRISC/opentitan,e3f3234aa3772760cdf40e79a8ae4471b6b02213,hw/vendor/lowrisc_ibex/rtl/ibex_core.sv,300090460919c3a8b28f0ae696947bc4c5802083d997aeea6373ec7433da2569,ibex_core,1198,12888,29,15,DiagCode(CouldNotOpenIncludeFile);DiagCode(UnknownDirective),1,0,0,,0,15,14,1,4,2026-08-25T21:44:32.712049+00:00
Production-oriented open RTL,OpenTitan,https://github.com/lowRISC/opentitan,e3f3234aa3772760cdf40e79a8ae4471b6b02213,hw/vendor/lowrisc_ibex/rtl/ibex_counter.sv,0e953e2e05b5070833029d0f6fed6d3a48fbd3c02dc05785962fb0d451425d8e,ibex_counter,75,855,14,0,,1,1,1,clk_i,0,0,0,0,1,2026-08-25T21:44:32.712049+00:00
Production-oriented open RTL,OpenTitan,https://github.com/lowRISC/opentitan,e3f3234aa3772760cdf40e79a8ae4471b6b02213,hw/vendor/lowrisc_ibex/rtl/ibex_cs_registers.sv,b9347e79c7326ac4fb7e640a6458c482e28f26a9259746749b42988067494967,ibex_cs_registers,1689,18825,24,5,DiagCode(CouldNotOpenIncludeFile);DiagCode(UnknownDirective),1,1,1,clk_i,0,29,29,0,2,2026-08-25T21:44:32.712049+00:00
Production-oriented open RTL,OpenTitan,https://github.com/lowRISC/opentitan,e3f3234aa3772760cdf40e79a8ae4471b6b02213,hw/vendor/lowrisc_ibex/rtl/ibex_csr.sv,6533fffc57e233b3961ebd94722a14a1a4320771ce4a76e69481bf2deb1d8514,ibex_csr,35,362,13,2,DiagCode(CouldNotOpenIncludeFile);DiagCode(UnknownDirective),1,1,1,clk_i,0,0,0,0,1,2026-08-25T21:44:32.712049+00:00
Production-oriented open RTL,OpenTitan,https://github.com/lowRISC/opentitan,e3f3234aa3772760cdf40e79a8ae4471b6b02213,hw/vendor/lowrisc_ibex/rtl/ibex_decoder.sv,842b520e4a942b6a27f3c44f7e8784e4a8dd40d7531a0ec3dd338f624be18217,ibex_decoder,1127,12882,29,2,DiagCode(CouldNotOpenIncludeFile);DiagCode(UnknownDirective),1,1,1,clk_i,0,0,0,0,1,2026-08-25T21:44:32.712049+00:00
Production-oriented open RTL,OpenTitan,https://github.com/lowRISC/opentitan,e3f3234aa3772760cdf40e79a8ae4471b6b02213,hw/vendor/lowrisc_ibex/rtl/ibex_dummy_instr.sv,8899ec7fcd6df73d7ea96ad25e73f664ee2ae2a95b2186a36a7ab885e16e292e,ibex_dummy_instr,107,1121,10,0,,1,1,1,clk_i,0,1,1,0,2,2026-08-25T21:44:32.712049+00:00
Production-oriented open RTL,OpenTitan,https://github.com/lowRISC/opentitan,e3f3234aa3772760cdf40e79a8ae4471b6b02213,hw/vendor/lowrisc_ibex/rtl/ibex_ex_block.sv,6451d5cd6af214b5fbb70f7499f898de981188cd7a25bf49247c0819b907c90b,ibex_ex_block,141,1668,10,0,,1,0,0,,0,3,3,0,2,2026-08-25T21:44:32.712049+00:00
Production-oriented open RTL,OpenTitan,https://github.com/lowRISC/opentitan,e3f3234aa3772760cdf40e79a8ae4471b6b02213,hw/vendor/lowrisc_ibex/rtl/ibex_fetch_fifo.sv,3e0b48b771055ea50356cdff418decae16e7d9586a7f953e6799112b238bb63c,ibex_fetch_fifo,144,2253,17,3,DiagCode(CouldNotOpenIncludeFile);DiagCode(UnknownDirective),1,1,1,clk_i,0,0,0,0,1,2026-08-25T21:44:32.712049+00:00
Production-oriented open RTL,OpenTitan,https://github.com/lowRISC/opentitan,e3f3234aa3772760cdf40e79a8ae4471b6b02213,hw/vendor/lowrisc_ibex/rtl/ibex_icache.sv,7cd0bb391a47a37dd109ffb77e02630da27732b0c95b2e85c8b58b9b94d12682,ibex_icache,872,12532,20,6,DiagCode(CouldNotOpenIncludeFile);DiagCode(UnknownDirective),1,1,1,clk_i,0,4,4,0,2,2026-08-25T21:44:32.712049+00:00
Production-oriented open RTL,OpenTitan,https://github.com/lowRISC/opentitan,e3f3234aa3772760cdf40e79a8ae4471b6b02213,hw/vendor/lowrisc_ibex/rtl/ibex_id_stage.sv,02b40e46ef92df59a9e1d7b80a8d51a366ece0e8e599ca0744fcdf403ccd3aa8,ibex_id_stage,759,7701,21,34,DiagCode(CouldNotOpenIncludeFile);DiagCode(UnknownDirective),1,1,1,clk_i,0,2,2,0,2,2026-08-25T21:44:32.712049+00:00
Production-oriented open RTL,OpenTitan,https://github.com/lowRISC/opentitan,e3f3234aa3772760cdf40e79a8ae4471b6b02213,hw/vendor/lowrisc_ibex/rtl/ibex_if_stage.sv,8b99f212f06aa942e53e8a768863587ffdc29176f5a486c6e273262311c9f6ae,ibex_if_stage,577,6343,15,13,DiagCode(CouldNotOpenIncludeFile);DiagCode(UnknownDirective),1,1,1,clk_i,0,8,6,2,3,2026-08-25T21:44:32.712049+00:00
Production-oriented open RTL,OpenTitan,https://github.com/lowRISC/opentitan,e3f3234aa3772760cdf40e79a8ae4471b6b02213,hw/vendor/lowrisc_ibex/rtl/ibex_load_store_unit.sv,86e156efaf7ac46a351a405d9d2046b7d2e6a60bd206411ef9ae474666338b35,ibex_load_store_unit,562,6002,20,17,DiagCode(CouldNotOpenIncludeFile);DiagCode(UnknownDirective),1,1,1,clk_i,0,3,2,1,2,2026-08-25T21:44:32.712049+00:00
Production-oriented open RTL,OpenTitan,https://github.com/lowRISC/opentitan,e3f3234aa3772760cdf40e79a8ae4471b6b02213,hw/vendor/lowrisc_ibex/rtl/ibex_lockstep.sv,ee0fb3df1a86ecb66554a214efae0a7971aa1d5c545b9f7592ca86b780163341,ibex_lockstep,559,6777,17,0,,1,1,1,clk_i,0,8,5,3,5,2026-08-25T21:44:32.712049+00:00
Production-oriented open RTL,OpenTitan,https://github.com/lowRISC/opentitan,e3f3234aa3772760cdf40e79a8ae4471b6b02213,hw/vendor/lowrisc_ibex/rtl/ibex_multdiv_fast.sv,c86ca819b58b8ce2fc4ff5db887346bcd622b868fb7815fa07dd77119c68c04a,ibex_multdiv_fast,367,4727,17,7,DiagCode(CouldNotOpenIncludeFile);DiagCode(UnknownDirective),1,1,1,clk_i,0,0,0,0,1,2026-08-25T21:44:32.712049+00:00
Production-oriented open RTL,OpenTitan,https://github.com/lowRISC/opentitan,e3f3234aa3772760cdf40e79a8ae4471b6b02213,hw/vendor/lowrisc_ibex/rtl/ibex_multdiv_slow.sv,88b7392d3e2cd1f67f2c39b7425075030c78646cba2409356d6cfce262a46db6,ibex_multdiv_slow,256,2954,22,2,DiagCode(CouldNotOpenIncludeFile);DiagCode(UnknownDirective),1,1,1,clk_i,0,0,0,0,1,2026-08-25T21:44:32.712049+00:00
Production-oriented open RTL,OpenTitan,https://github.com/lowRISC/opentitan,e3f3234aa3772760cdf40e79a8ae4471b6b02213,hw/vendor/lowrisc_ibex/rtl/ibex_pmp.sv,a564fb312d5337b0875d16f434e8b69348e12c2560548fad93f9270f9c4b9176,ibex_pmp,165,2688,20,2,DiagCode(CouldNotOpenIncludeFile);DiagCode(UnknownDirective),1,0,0,,0,0,0,0,1,2026-08-25T21:44:32.712049+00:00
Production-oriented open RTL,OpenTitan,https://github.com/lowRISC/opentitan,e3f3234aa3772760cdf40e79a8ae4471b6b02213,hw/vendor/lowrisc_ibex/rtl/ibex_prefetch_buffer.sv,988ca05039f033c0eef9feffba996771c3449f255c64d7d78de04e1984249ccc,ibex_prefetch_buffer,149,1717,16,0,,1,1,1,clk_i,0,1,1,0,2,2026-08-25T21:44:32.712049+00:00
Production-oriented open RTL,OpenTitan,https://github.com/lowRISC/opentitan,e3f3234aa3772760cdf40e79a8ae4471b6b02213,hw/vendor/lowrisc_ibex/rtl/ibex_register_file_ff.sv,cb758da72120fa1ab7c3837408ef10ab96375edf727f6400d606ff5850e68a93,ibex_register_file_ff,175,2479,21,7,DiagCode(CouldNotOpenIncludeFile);DiagCode(UnknownDirective),1,1,1,clk_i,0,0,0,0,1,2026-08-25T21:44:32.712049+00:00
Production-oriented open RTL,OpenTitan,https://github.com/lowRISC/opentitan,e3f3234aa3772760cdf40e79a8ae4471b6b02213,hw/vendor/lowrisc_ibex/rtl/ibex_register_file_fpga.sv,ae98b043c2fec8ae44784157d559673518b1febda4eb7d5862ef07094b6cf3fc,ibex_register_file_fpga,99,1455,20,5,DiagCode(CouldNotOpenIncludeFile);DiagCode(UnknownDirective),1,1,1,clk_i,0,0,0,0,1,2026-08-25T21:44:32.712049+00:00
Production-oriented open RTL,OpenTitan,https://github.com/lowRISC/opentitan,e3f3234aa3772760cdf40e79a8ae4471b6b02213,hw/vendor/lowrisc_ibex/rtl/ibex_register_file_latch.sv,0e4100338abc2ef9720fe5ad3be4eb53e73e2d25d95eacfdbe45b557133f8727,ibex_register_file_latch,250,3030,18,7,DiagCode(CouldNotOpenIncludeFile);DiagCode(UnknownDirective),1,1,1,clk_int,0,9,0,9,1,2026-08-25T21:44:32.712049+00:00
Production-oriented open RTL,OpenTitan,https://github.com/lowRISC/opentitan,e3f3234aa3772760cdf40e79a8ae4471b6b02213,hw/vendor/lowrisc_ibex/rtl/ibex_top.sv,0db761a029b18d17271200a7ffe438c856db53423efa25912ba7ce60948cdfc5,ibex_top,1010,9473,21,38,DiagCode(CouldNotOpenIncludeFile);DiagCode(UnknownDirective),1,1,1,clk_i,0,21,8,13,6,2026-08-25T21:44:32.712049+00:00
Production-oriented open RTL,OpenTitan,https://github.com/lowRISC/opentitan,e3f3234aa3772760cdf40e79a8ae4471b6b02213,hw/vendor/lowrisc_ibex/rtl/ibex_top_tracing.sv,d727b4f1e80abebdb210d2c03868232d3ba794feea5d5136691db8aff0a5bf13,ibex_top_tracing,274,2636,12,0,,1,0,0,,0,1,1,0,7,2026-08-25T21:44:32.712049+00:00
Production-oriented open RTL,OpenTitan,https://github.com/lowRISC/opentitan,e3f3234aa3772760cdf40e79a8ae4471b6b02213,hw/vendor/lowrisc_ibex/rtl/ibex_tracer.sv,6241602443ec15517914fc3231e9c860229aea52dc571b5a94769a0510963925,ibex_tracer,1237,18705,23,0,,1,1,1,clk_i,0,0,0,0,1,2026-08-25T21:44:32.712049+00:00
Production-oriented open RTL,OpenTitan,https://github.com/lowRISC/opentitan,e3f3234aa3772760cdf40e79a8ae4471b6b02213,hw/vendor/lowrisc_ibex/rtl/ibex_trvk.sv,5a1c0d84473121bbb705ddc096499de76de84eb70c20e37a72ef3237361aca49,ibex_trvk,249,2594,15,8,DiagCode(CouldNotOpenIncludeFile);DiagCode(UnknownDirective),1,1,1,clk_i,0,5,5,0,4,2026-08-25T21:44:32.712049+00:00
Production-oriented open RTL,OpenTitan,https://github.com/lowRISC/opentitan,e3f3234aa3772760cdf40e79a8ae4471b6b02213,hw/vendor/lowrisc_ibex/rtl/ibex_wb_stage.sv,872d8df3b3f3fd9ba781eabd3897bd3b74d2b3af2d2898ab5799371d05b04e8a,ibex_wb_stage,212,2231,16,4,DiagCode(CouldNotOpenIncludeFile);DiagCode(UnknownDirective),1,1,1,clk_i,0,0,0,0,1,2026-08-25T21:44:32.712049+00:00
Production-oriented open RTL,OpenTitan,https://github.com/lowRISC/opentitan,e3f3234aa3772760cdf40e79a8ae4471b6b02213,hw/vendor/lowrisc_ibex/syn/rtl/prim_clock_gating.v,2b03684abf70d0a4b92a5f3026ff8a306db5e367cd038957c0bc96ec5cbbefc2,prim_clock_gating,14,93,9,0,,1,0,0,,0,0,0,0,1,2026-08-25T21:44:32.712049+00:00
Production-oriented open RTL,OpenTitan,https://github.com/lowRISC/opentitan,e3f3234aa3772760cdf40e79a8ae4471b6b02213,hw/vendor/pulp_common_cells/rtl/stream_fork.sv,94aceb08b400958fe66285351ff0909b7bdd1a8555613c6aaa443c6f696afe85,stream_fork,89,686,18,2,DiagCode(CouldNotOpenIncludeFile);DiagCode(UnknownDirective),1,1,1,clk_i,0,0,0,0,1,2026-08-25T21:44:32.712049+00:00
Production-oriented open RTL,OpenTitan,https://github.com/lowRISC/opentitan,e3f3234aa3772760cdf40e79a8ae4471b6b02213,hw/vendor/pulp_common_cells/rtl/stream_fork_dynamic.sv,3933baf0168380ca64b0ad0b09b18444a6b4d8189da8b0290df047b1d325f05e,stream_fork_dynamic,50,460,15,2,DiagCode(CouldNotOpenIncludeFile);DiagCode(UnknownDirective),1,0,0,,0,1,1,0,2,2026-08-25T21:44:32.712049+00:00
Production-oriented open RTL,OpenTitan,https://github.com/lowRISC/opentitan,e3f3234aa3772760cdf40e79a8ae4471b6b02213,hw/vendor/pulp_common_cells/rtl/stream_join_dynamic.sv,1c3cbfb64869114c36fbadb599379c2d639d8e7d501b983a8fad84e78dd5f128,stream_join_dynamic,14,189,10,2,DiagCode(CouldNotOpenIncludeFile);DiagCode(UnknownDirective),1,0,0,,0,0,0,0,1,2026-08-25T21:44:32.712049+00:00
Production-oriented open RTL,VeeR EL2,https://github.com/chipsalliance/Cores-SweRV,d04b1c7ae675a63dc4307cacfd10547ec937b928,design/dbg/dbg.sv,dc26f6d3c0f2c605be6f3c90781f6e2f7e9b150a11f2d341889f2a9eb2c19511,dbg,579,14042,22,11,DiagCode(CouldNotOpenIncludeFile);DiagCode(ExpectedExpression);DiagCode(UnknownDirective),1,0,0,,0,42,42,0,3,2026-08-25T21:44:32.712049+00:00
Production-oriented open RTL,VeeR EL2,https://github.com/chipsalliance/Cores-SweRV,d04b1c7ae675a63dc4307cacfd10547ec937b928,design/dec/dec.sv,caabbc5bcacb68474660bb76541da5a0ac4ee98ff5f95480edc620b94113e432,dec,381,4546,11,9,DiagCode(UnknownDirective),1,0,0,,0,5,5,0,5,2026-08-25T21:44:32.712049+00:00
Production-oriented open RTL,VeeR EL2,https://github.com/chipsalliance/Cores-SweRV,d04b1c7ae675a63dc4307cacfd10547ec937b928,design/dec/dec_decode_ctl.sv,eef87f455889e8a8a7af7f7f69ada89fdfccd3c2146e591dfab3cf820c926e0b,dec_dec_ctl,118,10146,56,23,DiagCode(ExpectedExpression);DiagCode(UnknownDirective),1,0,0,,0,0,0,0,1,2026-08-25T21:44:32.712049+00:00
Production-oriented open RTL,VeeR EL2,https://github.com/chipsalliance/Cores-SweRV,d04b1c7ae675a63dc4307cacfd10547ec937b928,design/dec/dec_decode_ctl.sv,eef87f455889e8a8a7af7f7f69ada89fdfccd3c2146e591dfab3cf820c926e0b,dec_decode_ctl,1547,39059,34,23,DiagCode(ExpectedExpression);DiagCode(UnknownDirective),1,0,0,,0,89,89,0,3,2026-08-25T21:44:32.712049+00:00
Production-oriented open RTL,VeeR EL2,https://github.com/chipsalliance/Cores-SweRV,d04b1c7ae675a63dc4307cacfd10547ec937b928,design/dec/dec_gpr_ctl.sv,54396aeb810603d38a994e7edfeef7eebe840f9093ca869048a4d2195523e021,dec_gpr_ctl,71,1829,20,0,,1,0,0,,0,2,2,0,3,2026-08-25T21:44:32.712049+00:00
Production-oriented open RTL,VeeR EL2,https://github.com/chipsalliance/Cores-SweRV,d04b1c7ae675a63dc4307cacfd10547ec937b928,design/dec/dec_ib_ctl.sv,78c243d7b877e34cbdcd4013bc47c98e03cb204f4038d6c140ad9c670ae0abfa,dec_ib_ctl,277,6214,15,1,DiagCode(CouldNotOpenIncludeFile),1,0,0,,0,20,20,0,3,2026-08-25T21:44:32.712049+00:00
Production-oriented open RTL,VeeR EL2,https://github.com/chipsalliance/Cores-SweRV,d04b1c7ae675a63dc4307cacfd10547ec937b928,design/dec/dec_tlu_ctl.sv,ffef9094e9dfe460cd0e7d328004b887d7affae43168c3d6e7a3f312ceead4e0,dec_timer_ctl,86,2192,14,33,DiagCode(ExpectedExpression);DiagCode(UnknownDirective),1,0,0,,0,6,6,0,3,2026-08-25T21:44:32.712049+00:00
Production-oriented open RTL,VeeR EL2,https://github.com/chipsalliance/Cores-SweRV,d04b1c7ae675a63dc4307cacfd10547ec937b928,design/dec/dec_tlu_ctl.sv,ffef9094e9dfe460cd0e7d328004b887d7affae43168c3d6e7a3f312ceead4e0,dec_tlu_ctl,1477,40476,67,33,DiagCode(ExpectedExpression);DiagCode(UnknownDirective),1,0,0,,0,86,86,0,4,2026-08-25T21:44:32.712049+00:00
Production-oriented open RTL,VeeR EL2,https://github.com/chipsalliance/Cores-SweRV,d04b1c7ae675a63dc4307cacfd10547ec937b928,design/dec/dec_trigger.sv,9eebb84a0cbff3c99d72d30189d2266fece63f41338021df2691fc85c6a77376,dec_trigger,24,713,15,0,,1,0,0,,0,2,2,0,2,2026-08-25T21:44:32.712049+00:00
Production-oriented open RTL,VeeR EL2,https://github.com/chipsalliance/Cores-SweRV,d04b1c7ae675a63dc4307cacfd10547ec937b928,design/dma_ctrl.sv,710a54a1fbba05be79938324ac1fdaaa3686e22d83d9731f66d3ec4b2fbf79c6,dma_ctrl,356,10534,19,9,DiagCode(CouldNotOpenIncludeFile);DiagCode(UnknownDirective),1,0,0,,0,49,49,0,4,2026-08-25T21:44:32.712049+00:00
Production-oriented open RTL,VeeR EL2,https://github.com/chipsalliance/Cores-SweRV,d04b1c7ae675a63dc4307cacfd10547ec937b928,design/dmi/dmi_jtag_to_core_sync.v,814aeb9742bdff548d804f9a2dd6f0a016c5d373582a881f8a0df6a0222b97f5,dmi_jtag_to_core_sync,26,270,13,0,,1,1,1,clk,0,0,0,0,1,2026-08-25T21:44:32.712049+00:00
Production-oriented open RTL,VeeR EL2,https://github.com/chipsalliance/Cores-SweRV,d04b1c7ae675a63dc4307cacfd10547ec937b928,design/dmi/dmi_wrapper.v,3935e4fab93408da865fe42c26e6167f5415f85d46b8a5bf380ae4d5726c8c58,dmi_wrapper,49,451,9,0,,1,0,0,,1,2,2,0,2,2026-08-25T21:44:32.712049+00:00
Production-oriented open RTL,VeeR EL2,https://github.com/chipsalliance/Cores-SweRV,d04b1c7ae675a63dc4307cacfd10547ec937b928,design/dmi/rvjtag_tap.sv,3ccd08714aabd78792c26e5e5a91ffca32640f57af6328ad6d9cff181d3f7e4d,rvjtag_tap,160,2079,20,0,,1,1,0,,0,0,0,0,1,2026-08-25T21:44:32.712049+00:00
Production-oriented open RTL,VeeR EL2,https://github.com/chipsalliance/Cores-SweRV,d04b1c7ae675a63dc4307cacfd10547ec937b928,design/exu/exu.sv,5f47841fa0d8a25acbd7ca4721d8550dca307c51584897ab6ba19a23a2e22ec4,exu,579,11236,16,72,DiagCode(UnknownDirective),1,0,0,,0,42,42,0,4,2026-08-25T21:44:32.712049+00:00
Production-oriented open RTL,VeeR EL2,https://github.com/chipsalliance/Cores-SweRV,d04b1c7ae675a63dc4307cacfd10547ec937b928,design/exu/exu_alu_ctl.sv,7ccb80fe50e02ae3a4553dd913e4a7ef9e97ed3cb5668f6199bd235358c24b09,exu_alu_ctl,115,2666,14,0,,1,0,0,,0,7,7,0,3,2026-08-25T21:44:32.712049+00:00
Production-oriented open RTL,VeeR EL2,https://github.com/chipsalliance/Cores-SweRV,d04b1c7ae675a63dc4307cacfd10547ec937b928,design/exu/exu_div_ctl.sv,fb7dedfe5446a5025c3486c0e5b82cd290a7e6b01ef02f2bd00f4537cfdf9624,exu_div_ctl,169,6671,38,0,,1,0,0,,0,13,13,0,3,2026-08-25T21:44:32.712049+00:00
Production-oriented open RTL,VeeR EL2,https://github.com/chipsalliance/Cores-SweRV,d04b1c7ae675a63dc4307cacfd10547ec937b928,design/exu/exu_mul_ctl.sv,90c18ffeac1686ea7ecdd842f9c6bca4499c6026cb0a01ca35cbd8a1d94ae0da,exu_mul_ctl,54,1633,10,0,,1,0,0,,0,17,17,0,3,2026-08-25T21:44:32.712049+00:00
Production-oriented open RTL,VeeR EL2,https://github.com/chipsalliance/Cores-SweRV,d04b1c7ae675a63dc4307cacfd10547ec937b928,design/ifu/ifu.sv,c978cc80df13bcae9e5a8d83574d87579bfc47da35dd5f710281dfce423ab514,ifu,195,2269,10,6,DiagCode(UnknownDirective),1,0,0,,0,4,4,0,5,2026-08-25T21:44:32.712049+00:00
Production-oriented open RTL,VeeR EL2,https://github.com/chipsalliance/Cores-SweRV,d04b1c7ae675a63dc4307cacfd10547ec937b928,design/ifu/ifu_aln_ctl.sv,7edfa473599718c0af7b1e02cb397ece1b17eaf95d1bfcc40124c248b582a14b,ifu_aln_ctl,717,23518,20,78,DiagCode(CouldNotOpenIncludeFile);DiagCode(UnknownDirective),1,0,0,,0,37,37,0,3,2026-08-25T21:44:32.712049+00:00
Production-oriented open RTL,VeeR EL2,https://github.com/chipsalliance/Cores-SweRV,d04b1c7ae675a63dc4307cacfd10547ec937b928,design/ifu/ifu_bp_ctl.sv,c1ec52117b9dd13bf425f71a225f6a78db18bbf7f25667dec9130842c4678143,ifu_bp_ctl,891,24558,24,350,DiagCode(ExpectedExpression);DiagCode(UnknownDirective),0,0,0,,0,34,34,0,4,2026-08-25T21:44:32.712049+00:00
Production-oriented open RTL,VeeR EL2,https://github.com/chipsalliance/Cores-SweRV,d04b1c7ae675a63dc4307cacfd10547ec937b928,design/ifu/ifu_compress_ctl.sv,79c8bcabc5e135525bc45104d61c59c424f9f787db89a798db93b1491f0b3496,ifu_compress_ctl,202,10457,42,0,,1,0,0,,0,0,0,0,1,2026-08-25T21:44:32.712049+00:00
Production-oriented open RTL,VeeR EL2,https://github.com/chipsalliance/Cores-SweRV,d04b1c7ae675a63dc4307cacfd10547ec937b928,design/ifu/ifu_ic_mem.sv,8a9a016e1d8e01496dfe52d74c5dd16cb5f7529e73cf19982d1a589d2345a8b8,IC_DATA,118,3203,17,3,DiagCode(CouldNotOpenIncludeFile);DiagCode(UnknownDirective),1,0,0,,0,5,4,0,3,2026-08-25T21:44:32.712049+00:00
Production-oriented open RTL,VeeR EL2,https://github.com/chipsalliance/Cores-SweRV,d04b1c7ae675a63dc4307cacfd10547ec937b928,design/ifu/ifu_ic_mem.sv,8a9a016e1d8e01496dfe52d74c5dd16cb5f7529e73cf19982d1a589d2345a8b8,IC_TAG,113,2299,15,3,DiagCode(CouldNotOpenIncludeFile);DiagCode(UnknownDirective),1,0,0,,0,9,8,0,3,2026-08-25T21:44:32.712049+00:00
Production-oriented open RTL,VeeR EL2,https://github.com/chipsalliance/Cores-SweRV,d04b1c7ae675a63dc4307cacfd10547ec937b928,design/ifu/ifu_ic_mem.sv,8a9a016e1d8e01496dfe52d74c5dd16cb5f7529e73cf19982d1a589d2345a8b8,ifu_ic_mem,47,504,10,3,DiagCode(CouldNotOpenIncludeFile);DiagCode(UnknownDirective),1,0,0,,0,2,2,0,4,2026-08-25T21:44:32.712049+00:00
Production-oriented open RTL,VeeR EL2,https://github.com/chipsalliance/Cores-SweRV,d04b1c7ae675a63dc4307cacfd10547ec937b928,design/ifu/ifu_iccm_mem.sv,76e60bbc3087b5bc2a5cc337e229895a753ccdfa4fe4e3ea15e39f0a57b0842a,ifu_iccm_mem,87,1993,13,6,DiagCode(CouldNotOpenIncludeFile);DiagCode(UnknownDirective),1,0,0,,0,9,5,0,3,2026-08-25T21:44:32.712049+00:00
Production-oriented open RTL,VeeR EL2,https://github.com/chipsalliance/Cores-SweRV,d04b1c7ae675a63dc4307cacfd10547ec937b928,design/ifu/ifu_ifc_ctl.sv,d576f2dc2545a6d4e2d2d1a8fc42462c4fa844e4b22b529d118805b10fb39ff8,ifu_ifc_ctl,147,3064,17,0,,1,0,0,,0,10,10,0,3,2026-08-25T21:44:32.712049+00:00
Production-oriented open RTL,VeeR EL2,https://github.com/chipsalliance/Cores-SweRV,d04b1c7ae675a63dc4307cacfd10547ec937b928,design/ifu/ifu_mem_ctl.sv,0f3ba23dd74684426317f80f4c2e7c6d48570fe952eed349b06ccad2c4fd20b3,ifu_mem_ctl,783,15125,21,64,DiagCode(CouldNotOpenIncludeFile);DiagCode(ExpectedExpression);DiagCode(MisplacedTrailingSeparator);DiagCode(UnknownDirective),1,0,0,,0,52,52,0,4,2026-08-25T21:44:32.712049+00:00
Production-oriented open RTL,VeeR EL2,https://github.com/chipsalliance/Cores-SweRV,d04b1c7ae675a63dc4307cacfd10547ec937b928,design/lib/ahb_to_axi4.sv,f5ae5f20186528e60d0c73109d99f53d13b2f3a761e302c108a284ba8e2f374a,ahb_to_axi4,185,4070,22,5,DiagCode(NewlineEOF);DiagCode(UnknownDirective),1,0,0,,0,21,21,0,4,2026-08-25T21:44:32.712049+00:00
Production-oriented open RTL,VeeR EL2,https://github.com/chipsalliance/Cores-SweRV,d04b1c7ae675a63dc4307cacfd10547ec937b928,design/lib/axi4_to_ahb.sv,6302297ad831a26758a1edc4361361d57a214943ccfd24c56ae40ef2404103a7,axi4_to_ahb,349,8683,27,0,,1,0,0,,0,32,32,0,4,2026-08-25T21:44:32.712049+00:00
Production-oriented open RTL,VeeR EL2,https://github.com/chipsalliance/Cores-SweRV,d04b1c7ae675a63dc4307cacfd10547ec937b928,design/lib/beh_lib.sv,06eed3047efe87f84896499a85e693fb1f6778d9e67ed1824549af27be22a0b4,rvbradder,18,359,11,39,DiagCode(ExpectedExpression);DiagCode(ExpectedIdentifier);DiagCode(UnknownDirective),0,0,0,,0,0,0,0,1,2026-08-25T21:44:32.712049+00:00
Production-oriented open RTL,VeeR EL2,https://github.com/chipsalliance/Cores-SweRV,d04b1c7ae675a63dc4307cacfd10547ec937b928,design/lib/beh_lib.sv,06eed3047efe87f84896499a85e693fb1f6778d9e67ed1824549af27be22a0b4,rvbtb_addr_hash,8,97,9,39,DiagCode(ExpectedExpression);DiagCode(ExpectedIdentifier);DiagCode(UnknownDirective),0,0,0,,0,0,0,0,1,2026-08-25T21:44:32.712049+00:00
Production-oriented open RTL,VeeR EL2,https://github.com/chipsalliance/Cores-SweRV,d04b1c7ae675a63dc4307cacfd10547ec937b928,design/lib/beh_lib.sv,06eed3047efe87f84896499a85e693fb1f6778d9e67ed1824549af27be22a0b4,rvbtb_ghr_hash,7,73,9,39,DiagCode(ExpectedExpression);DiagCode(ExpectedIdentifier);DiagCode(UnknownDirective),0,0,0,,0,0,0,0,1,2026-08-25T21:44:32.712049+00:00
Production-oriented open RTL,VeeR EL2,https://github.com/chipsalliance/Cores-SweRV,d04b1c7ae675a63dc4307cacfd10547ec937b928,design/lib/beh_lib.sv,06eed3047efe87f84896499a85e693fb1f6778d9e67ed1824549af27be22a0b4,rvbtb_tag_hash,8,128,12,39,DiagCode(ExpectedExpression);DiagCode(ExpectedIdentifier);DiagCode(UnknownDirective),0,0,0,,0,0,0,0,1,2026-08-25T21:44:32.712049+00:00
Production-oriented open RTL,VeeR EL2,https://github.com/chipsalliance/Cores-SweRV,d04b1c7ae675a63dc4307cacfd10547ec937b928,design/lib/beh_lib.sv,06eed3047efe87f84896499a85e693fb1f6778d9e67ed1824549af27be22a0b4,rvclkhdr,11,94,6,39,DiagCode(ExpectedExpression);DiagCode(ExpectedIdentifier);DiagCode(UnknownDirective),0,0,0,,0,1,0,0,1,2026-08-25T21:44:32.712049+00:00
Production-oriented open RTL,VeeR EL2,https://github.com/chipsalliance/Cores-SweRV,d04b1c7ae675a63dc4307cacfd10547ec937b928,design/lib/beh_lib.sv,06eed3047efe87f84896499a85e693fb1f6778d9e67ed1824549af27be22a0b4,rvdff,14,172,12,39,DiagCode(ExpectedExpression);DiagCode(ExpectedIdentifier);DiagCode(UnknownDirective),0,1,1,clk,0,0,0,0,1,2026-08-25T21:44:32.712049+00:00
Production-oriented open RTL,VeeR EL2,https://github.com/chipsalliance/Cores-SweRV,d04b1c7ae675a63dc4307cacfd10547ec937b928,design/lib/beh_lib.sv,06eed3047efe87f84896499a85e693fb1f6778d9e67ed1824549af27be22a0b4,rvdff_fpga,12,124,10,39,DiagCode(ExpectedExpression);DiagCode(ExpectedIdentifier);DiagCode(UnknownDirective),0,0,0,,0,1,1,0,2,2026-08-25T21:44:32.712049+00:00
Production-oriented open RTL,VeeR EL2,https://github.com/chipsalliance/Cores-SweRV,d04b1c7ae675a63dc4307cacfd10547ec937b928,design/lib/beh_lib.sv,06eed3047efe87f84896499a85e693fb1f6778d9e67ed1824549af27be22a0b4,rvdffe,17,191,10,39,DiagCode(ExpectedExpression);DiagCode(ExpectedIdentifier);DiagCode(UnknownDirective),0,0,0,,0,2,2,0,2,2026-08-25T21:44:32.712049+00:00
Production-oriented open RTL,VeeR EL2,https://github.com/chipsalliance/Cores-SweRV,d04b1c7ae675a63dc4307cacfd10547ec937b928,design/lib/beh_lib.sv,06eed3047efe87f84896499a85e693fb1f6778d9e67ed1824549af27be22a0b4,rvdffs,10,156,11,39,DiagCode(ExpectedExpression);DiagCode(ExpectedIdentifier);DiagCode(UnknownDirective),0,0,0,,0,1,1,0,2,2026-08-25T21:44:32.712049+00:00
Production-oriented open RTL,VeeR EL2,https://github.com/chipsalliance/Cores-SweRV,d04b1c7ae675a63dc4307cacfd10547ec937b928,design/lib/beh_lib.sv,06eed3047efe87f84896499a85e693fb1f6778d9e67ed1824549af27be22a0b4,rvdffs_fpga,13,132,10,39,DiagCode(ExpectedExpression);DiagCode(ExpectedIdentifier);DiagCode(UnknownDirective),0,0,0,,0,1,1,0,3,2026-08-25T21:44:32.712049+00:00
Production-oriented open RTL,VeeR EL2,https://github.com/chipsalliance/Cores-SweRV,d04b1c7ae675a63dc4307cacfd10547ec937b928,design/lib/beh_lib.sv,06eed3047efe87f84896499a85e693fb1f6778d9e67ed1824549af27be22a0b4,rvdffsc,13,220,10,39,DiagCode(ExpectedExpression);DiagCode(ExpectedIdentifier);DiagCode(UnknownDirective),0,0,0,,0,1,1,0,2,2026-08-25T21:44:32.712049+00:00
Production-oriented open RTL,VeeR EL2,https://github.com/chipsalliance/Cores-SweRV,d04b1c7ae675a63dc4307cacfd10547ec937b928,design/lib/beh_lib.sv,06eed3047efe87f84896499a85e693fb1f6778d9e67ed1824549af27be22a0b4,rvdffsc_fpga,14,140,10,39,DiagCode(ExpectedExpression);DiagCode(ExpectedIdentifier);DiagCode(UnknownDirective),0,0,0,,0,1,1,0,3,2026-08-25T21:44:32.712049+00:00
Production-oriented open RTL,VeeR EL2,https://github.com/chipsalliance/Cores-SweRV,d04b1c7ae675a63dc4307cacfd10547ec937b928,design/lib/beh_lib.sv,06eed3047efe87f84896499a85e693fb1f6778d9e67ed1824549af27be22a0b4,rvecc_decode,30,1752,24,39,DiagCode(ExpectedExpression);DiagCode(ExpectedIdentifier);DiagCode(UnknownDirective),0,0,0,,0,0,0,0,1,2026-08-25T21:44:32.712049+00:00
Production-oriented open RTL,VeeR EL2,https://github.com/chipsalliance/Cores-SweRV,d04b1c7ae675a63dc4307cacfd10547ec937b928,design/lib/beh_lib.sv,06eed3047efe87f84896499a85e693fb1f6778d9e67ed1824549af27be22a0b4,rvecc_encode,13,1091,23,39,DiagCode(ExpectedExpression);DiagCode(ExpectedIdentifier);DiagCode(UnknownDirective),0,0,0,,0,0,0,0,1,2026-08-25T21:44:32.712049+00:00
Production-oriented open RTL,VeeR EL2,https://github.com/chipsalliance/Cores-SweRV,d04b1c7ae675a63dc4307cacfd10547ec937b928,design/lib/beh_lib.sv,06eed3047efe87f84896499a85e693fb1f6778d9e67ed1824549af27be22a0b4,rveven_paritycheck,7,90,10,39,DiagCode(ExpectedExpression);DiagCode(ExpectedIdentifier);DiagCode(UnknownDirective),0,0,0,,0,0,0,0,1,2026-08-25T21:44:32.712049+00:00
Production-oriented open RTL,VeeR EL2,https://github.com/chipsalliance/Cores-SweRV,d04b1c7ae675a63dc4307cacfd10547ec937b928,design/lib/beh_lib.sv,06eed3047efe87f84896499a85e693fb1f6778d9e67ed1824549af27be22a0b4,rveven_paritygen,6,78,10,39,DiagCode(ExpectedExpression);DiagCode(ExpectedIdentifier);DiagCode(UnknownDirective),0,0,0,,0,0,0,0,1,2026-08-25T21:44:32.712049+00:00
Production-oriented open RTL,VeeR EL2,https://github.com/chipsalliance/Cores-SweRV,d04b1c7ae675a63dc4307cacfd10547ec937b928,design/lib/beh_lib.sv,06eed3047efe87f84896499a85e693fb1f6778d9e67ed1824549af27be22a0b4,rvfindfirst1,15,220,11,39,DiagCode(ExpectedExpression);DiagCode(ExpectedIdentifier);DiagCode(UnknownDirective),0,0,0,,0,0,0,0,1,2026-08-25T21:44:32.712049+00:00
Production-oriented open RTL,VeeR EL2,https://github.com/chipsalliance/Cores-SweRV,d04b1c7ae675a63dc4307cacfd10547ec937b928,design/lib/beh_lib.sv,06eed3047efe87f84896499a85e693fb1f6778d9e67ed1824549af27be22a0b4,rvfindfirst1hot,15,192,11,39,DiagCode(ExpectedExpression);DiagCode(ExpectedIdentifier);DiagCode(UnknownDirective),0,0,0,,0,0,0,0,1,2026-08-25T21:44:32.712049+00:00
Production-oriented open RTL,VeeR EL2,https://github.com/chipsalliance/Cores-SweRV,d04b1c7ae675a63dc4307cacfd10547ec937b928,design/lib/beh_lib.sv,06eed3047efe87f84896499a85e693fb1f6778d9e67ed1824549af27be22a0b4,rvlsadder,18,359,11,39,DiagCode(ExpectedExpression);DiagCode(ExpectedIdentifier);DiagCode(UnknownDirective),0,0,0,,0,0,0,0,1,2026-08-25T21:44:32.712049+00:00
Production-oriented open RTL,VeeR EL2,https://github.com/chipsalliance/Cores-SweRV,d04b1c7ae675a63dc4307cacfd10547ec937b928,design/lib/beh_lib.sv,06eed3047efe87f84896499a85e693fb1f6778d9e67ed1824549af27be22a0b4,rvmaskandmatch,17,304,15,39,DiagCode(ExpectedExpression);DiagCode(ExpectedIdentifier);DiagCode(UnknownDirective),0,0,0,,0,0,0,0,1,2026-08-25T21:44:32.712049+00:00
Production-oriented open RTL,VeeR EL2,https://github.com/chipsalliance/Cores-SweRV,d04b1c7ae675a63dc4307cacfd10547ec937b928,design/lib/beh_lib.sv,06eed3047efe87f84896499a85e693fb1f6778d9e67ed1824549af27be22a0b4,rvoclkhdr,11,94,6,39,DiagCode(ExpectedExpression);DiagCode(ExpectedIdentifier);DiagCode(UnknownDirective),0,0,0,,0,1,1,0,2,2026-08-25T21:44:32.712049+00:00
Production-oriented open RTL,VeeR EL2,https://github.com/chipsalliance/Cores-SweRV,d04b1c7ae675a63dc4307cacfd10547ec937b928,design/lib/beh_lib.sv,06eed3047efe87f84896499a85e693fb1f6778d9e67ed1824549af27be22a0b4,rvrangecheck,18,342,12,39,DiagCode(ExpectedExpression);DiagCode(ExpectedIdentifier);DiagCode(UnknownDirective),0,0,0,,0,0,0,0,1,2026-08-25T21:44:32.712049+00:00
Production-oriented open RTL,VeeR EL2,https://github.com/chipsalliance/Cores-SweRV,d04b1c7ae675a63dc4307cacfd10547ec937b928,design/lib/beh_lib.sv,06eed3047efe87f84896499a85e693fb1f6778d9e67ed1824549af27be22a0b4,rvsyncss,11,230,10,39,DiagCode(ExpectedExpression);DiagCode(ExpectedIdentifier);DiagCode(UnknownDirective),0,0,0,,0,2,2,0,2,2026-08-25T21:44:32.712049+00:00
Production-oriented open RTL,VeeR EL2,https://github.com/chipsalliance/Cores-SweRV,d04b1c7ae675a63dc4307cacfd10547ec937b928,design/lib/beh_lib.sv,06eed3047efe87f84896499a85e693fb1f6778d9e67ed1824549af27be22a0b4,rvtwoscomp,12,223,14,39,DiagCode(ExpectedExpression);DiagCode(ExpectedIdentifier);DiagCode(UnknownDirective),0,0,0,,0,0,0,0,1,2026-08-25T21:44:32.712049+00:00
Production-oriented open RTL,VeeR EL2,https://github.com/chipsalliance/Cores-SweRV,d04b1c7ae675a63dc4307cacfd10547ec937b928,design/lib/mem_lib.sv,0e1d0d1611474e942200096ef086fde0247d8f5b49c196bd9bf878a03d834872,ram_1024x20,13,168,11,0,,1,1,1,CLK,0,0,0,0,1,2026-08-25T21:44:32.712049+00:00
Production-oriented open RTL,VeeR EL2,https://github.com/chipsalliance/Cores-SweRV,d04b1c7ae675a63dc4307cacfd10547ec937b928,design/lib/mem_lib.sv,0e1d0d1611474e942200096ef086fde0247d8f5b49c196bd9bf878a03d834872,ram_1024x21,13,168,11,0,,1,1,1,CLK,0,0,0,0,1,2026-08-25T21:44:32.712049+00:00
Production-oriented open RTL,VeeR EL2,https://github.com/chipsalliance/Cores-SweRV,d04b1c7ae675a63dc4307cacfd10547ec937b928,design/lib/mem_lib.sv,0e1d0d1611474e942200096ef086fde0247d8f5b49c196bd9bf878a03d834872,ram_1024x25,13,168,11,0,,1,1,1,CLK,0,0,0,0,1,2026-08-25T21:44:32.712049+00:00
Production-oriented open RTL,VeeR EL2,https://github.com/chipsalliance/Cores-SweRV,d04b1c7ae675a63dc4307cacfd10547ec937b928,design/lib/mem_lib.sv,0e1d0d1611474e942200096ef086fde0247d8f5b49c196bd9bf878a03d834872,ram_1024x34,13,168,11,0,,1,1,1,CLK,0,0,0,0,1,2026-08-25T21:44:32.712049+00:00
Production-oriented open RTL,VeeR EL2,https://github.com/chipsalliance/Cores-SweRV,d04b1c7ae675a63dc4307cacfd10547ec937b928,design/lib/mem_lib.sv,0e1d0d1611474e942200096ef086fde0247d8f5b49c196bd9bf878a03d834872,ram_1024x39,13,168,11,0,,1,1,1,CLK,0,0,0,0,1,2026-08-25T21:44:32.712049+00:00
Production-oriented open RTL,VeeR EL2,https://github.com/chipsalliance/Cores-SweRV,d04b1c7ae675a63dc4307cacfd10547ec937b928,design/lib/mem_lib.sv,0e1d0d1611474e942200096ef086fde0247d8f5b49c196bd9bf878a03d834872,ram_1024x42,13,168,11,0,,1,1,1,CLK,0,0,0,0,1,2026-08-25T21:44:32.712049+00:00
Production-oriented open RTL,VeeR EL2,https://github.com/chipsalliance/Cores-SweRV,d04b1c7ae675a63dc4307cacfd10547ec937b928,design/lib/mem_lib.sv,0e1d0d1611474e942200096ef086fde0247d8f5b49c196bd9bf878a03d834872,ram_128x20,13,168,11,0,,1,1,1,CLK,0,0,0,0,1,2026-08-25T21:44:32.712049+00:00
Production-oriented open RTL,VeeR EL2,https://github.com/chipsalliance/Cores-SweRV,d04b1c7ae675a63dc4307cacfd10547ec937b928,design/lib/mem_lib.sv,0e1d0d1611474e942200096ef086fde0247d8f5b49c196bd9bf878a03d834872,ram_128x21,13,168,11,0,,1,1,1,CLK,0,0,0,0,1,2026-08-25T21:44:32.712049+00:00
Production-oriented open RTL,VeeR EL2,https://github.com/chipsalliance/Cores-SweRV,d04b1c7ae675a63dc4307cacfd10547ec937b928,design/lib/mem_lib.sv,0e1d0d1611474e942200096ef086fde0247d8f5b49c196bd9bf878a03d834872,ram_128x25,13,168,11,0,,1,1,1,CLK,0,0,0,0,1,2026-08-25T21:44:32.712049+00:00
Production-oriented open RTL,VeeR EL2,https://github.com/chipsalliance/Cores-SweRV,d04b1c7ae675a63dc4307cacfd10547ec937b928,design/lib/mem_lib.sv,0e1d0d1611474e942200096ef086fde0247d8f5b49c196bd9bf878a03d834872,ram_128x34,13,168,11,0,,1,1,1,CLK,0,0,0,0,1,2026-08-25T21:44:32.712049+00:00
Production-oriented open RTL,VeeR EL2,https://github.com/chipsalliance/Cores-SweRV,d04b1c7ae675a63dc4307cacfd10547ec937b928,design/lib/mem_lib.sv,0e1d0d1611474e942200096ef086fde0247d8f5b49c196bd9bf878a03d834872,ram_128x39,13,168,11,0,,1,1,1,CLK,0,0,0,0,1,2026-08-25T21:44:32.712049+00:00
Production-oriented open RTL,VeeR EL2,https://github.com/chipsalliance/Cores-SweRV,d04b1c7ae675a63dc4307cacfd10547ec937b928,design/lib/mem_lib.sv,0e1d0d1611474e942200096ef086fde0247d8f5b49c196bd9bf878a03d834872,ram_128x42,13,168,11,0,,1,1,1,CLK,0,0,0,0,1,2026-08-25T21:44:32.712049+00:00
Production-oriented open RTL,VeeR EL2,https://github.com/chipsalliance/Cores-SweRV,d04b1c7ae675a63dc4307cacfd10547ec937b928,design/lib/mem_lib.sv,0e1d0d1611474e942200096ef086fde0247d8f5b49c196bd9bf878a03d834872,ram_1536x39,13,168,11,0,,1,1,1,CLK,0,0,0,0,1,2026-08-25T21:44:32.712049+00:00
Production-oriented open RTL,VeeR EL2,https://github.com/chipsalliance/Cores-SweRV,d04b1c7ae675a63dc4307cacfd10547ec937b928,design/lib/mem_lib.sv,0e1d0d1611474e942200096ef086fde0247d8f5b49c196bd9bf878a03d834872,ram_16384x39,13,168,11,0,,1,1,1,CLK,0,0,0,0,1,2026-08-25T21:44:32.712049+00:00
Production-oriented open RTL,VeeR EL2,https://github.com/chipsalliance/Cores-SweRV,d04b1c7ae675a63dc4307cacfd10547ec937b928,design/lib/mem_lib.sv,0e1d0d1611474e942200096ef086fde0247d8f5b49c196bd9bf878a03d834872,ram_2048x34,13,168,11,0,,1,1,1,CLK,0,0,0,0,1,2026-08-25T21:44:32.712049+00:00
Production-oriented open RTL,VeeR EL2,https://github.com/chipsalliance/Cores-SweRV,d04b1c7ae675a63dc4307cacfd10547ec937b928,design/lib/mem_lib.sv,0e1d0d1611474e942200096ef086fde0247d8f5b49c196bd9bf878a03d834872,ram_2048x39,13,168,11,0,,1,1,1,CLK,0,0,0,0,1,2026-08-25T21:44:32.712049+00:00
Production-oriented open RTL,VeeR EL2,https://github.com/chipsalliance/Cores-SweRV,d04b1c7ae675a63dc4307cacfd10547ec937b928,design/lib/mem_lib.sv,0e1d0d1611474e942200096ef086fde0247d8f5b49c196bd9bf878a03d834872,ram_2048x42,13,168,11,0,,1,1,1,CLK,0,0,0,0,1,2026-08-25T21:44:32.712049+00:00
Production-oriented open RTL,VeeR EL2,https://github.com/chipsalliance/Cores-SweRV,d04b1c7ae675a63dc4307cacfd10547ec937b928,design/lib/mem_lib.sv,0e1d0d1611474e942200096ef086fde0247d8f5b49c196bd9bf878a03d834872,ram_256x20,13,168,11,0,,1,1,1,CLK,0,0,0,0,1,2026-08-25T21:44:32.712049+00:00
Production-oriented open RTL,VeeR EL2,https://github.com/chipsalliance/Cores-SweRV,d04b1c7ae675a63dc4307cacfd10547ec937b928,design/lib/mem_lib.sv,0e1d0d1611474e942200096ef086fde0247d8f5b49c196bd9bf878a03d834872,ram_256x21,13,168,11,0,,1,1,1,CLK,0,0,0,0,1,2026-08-25T21:44:32.712049+00:00
Production-oriented open RTL,VeeR EL2,https://github.com/chipsalliance/Cores-SweRV,d04b1c7ae675a63dc4307cacfd10547ec937b928,design/lib/mem_lib.sv,0e1d0d1611474e942200096ef086fde0247d8f5b49c196bd9bf878a03d834872,ram_256x25,13,168,11,0,,1,1,1,CLK,0,0,0,0,1,2026-08-25T21:44:32.712049+00:00
Production-oriented open RTL,VeeR EL2,https://github.com/chipsalliance/Cores-SweRV,d04b1c7ae675a63dc4307cacfd10547ec937b928,design/lib/mem_lib.sv,0e1d0d1611474e942200096ef086fde0247d8f5b49c196bd9bf878a03d834872,ram_256x34,13,168,11,0,,1,1,1,CLK,0,0,0,0,1,2026-08-25T21:44:32.712049+00:00
Production-oriented open RTL,VeeR EL2,https://github.com/chipsalliance/Cores-SweRV,d04b1c7ae675a63dc4307cacfd10547ec937b928,design/lib/mem_lib.sv,0e1d0d1611474e942200096ef086fde0247d8f5b49c196bd9bf878a03d834872,ram_256x39,13,168,11,0,,1,1,1,CLK,0,0,0,0,1,2026-08-25T21:44:32.712049+00:00
Production-oriented open RTL,VeeR EL2,https://github.com/chipsalliance/Cores-SweRV,d04b1c7ae675a63dc4307cacfd10547ec937b928,design/lib/mem_lib.sv,0e1d0d1611474e942200096ef086fde0247d8f5b49c196bd9bf878a03d834872,ram_256x42,13,168,11,0,,1,1,1,CLK,0,0,0,0,1,2026-08-25T21:44:32.712049+00:00
Production-oriented open RTL,VeeR EL2,https://github.com/chipsalliance/Cores-SweRV,d04b1c7ae675a63dc4307cacfd10547ec937b928,design/lib/mem_lib.sv,0e1d0d1611474e942200096ef086fde0247d8f5b49c196bd9bf878a03d834872,ram_3072x39,13,168,11,0,,1,1,1,CLK,0,0,0,0,1,2026-08-25T21:44:32.712049+00:00
Production-oriented open RTL,VeeR EL2,https://github.com/chipsalliance/Cores-SweRV,d04b1c7ae675a63dc4307cacfd10547ec937b928,design/lib/mem_lib.sv,0e1d0d1611474e942200096ef086fde0247d8f5b49c196bd9bf878a03d834872,ram_32768x39,13,168,11,0,,1,1,1,CLK,0,0,0,0,1,2026-08-25T21:44:32.712049+00:00
Production-oriented open RTL,VeeR EL2,https://github.com/chipsalliance/Cores-SweRV,d04b1c7ae675a63dc4307cacfd10547ec937b928,design/lib/mem_lib.sv,0e1d0d1611474e942200096ef086fde0247d8f5b49c196bd9bf878a03d834872,ram_4096x34,13,168,11,0,,1,1,1,CLK,0,0,0,0,1,2026-08-25T21:44:32.712049+00:00
Production-oriented open RTL,VeeR EL2,https://github.com/chipsalliance/Cores-SweRV,d04b1c7ae675a63dc4307cacfd10547ec937b928,design/lib/mem_lib.sv,0e1d0d1611474e942200096ef086fde0247d8f5b49c196bd9bf878a03d834872,ram_4096x39,13,168,11,0,,1,1,1,CLK,0,0,0,0,1,2026-08-25T21:44:32.712049+00:00
Production-oriented open RTL,VeeR EL2,https://github.com/chipsalliance/Cores-SweRV,d04b1c7ae675a63dc4307cacfd10547ec937b928,design/lib/mem_lib.sv,0e1d0d1611474e942200096ef086fde0247d8f5b49c196bd9bf878a03d834872,ram_4096x42,13,168,11,0,,1,1,1,CLK,0,0,0,0,1,2026-08-25T21:44:32.712049+00:00
Production-oriented open RTL,VeeR EL2,https://github.com/chipsalliance/Cores-SweRV,d04b1c7ae675a63dc4307cacfd10547ec937b928,design/lib/mem_lib.sv,0e1d0d1611474e942200096ef086fde0247d8f5b49c196bd9bf878a03d834872,ram_512x20,13,168,11,0,,1,1,1,CLK,0,0,0,0,1,2026-08-25T21:44:32.712049+00:00
Production-oriented open RTL,VeeR EL2,https://github.com/chipsalliance/Cores-SweRV,d04b1c7ae675a63dc4307cacfd10547ec937b928,design/lib/mem_lib.sv,0e1d0d1611474e942200096ef086fde0247d8f5b49c196bd9bf878a03d834872,ram_512x21,13,168,11,0,,1,1,1,CLK,0,0,0,0,1,2026-08-25T21:44:32.712049+00:00
Production-oriented open RTL,VeeR EL2,https://github.com/chipsalliance/Cores-SweRV,d04b1c7ae675a63dc4307cacfd10547ec937b928,design/lib/mem_lib.sv,0e1d0d1611474e942200096ef086fde0247d8f5b49c196bd9bf878a03d834872,ram_512x25,13,168,11,0,,1,1,1,CLK,0,0,0,0,1,2026-08-25T21:44:32.712049+00:00
Production-oriented open RTL,VeeR EL2,https://github.com/chipsalliance/Cores-SweRV,d04b1c7ae675a63dc4307cacfd10547ec937b928,design/lib/mem_lib.sv,0e1d0d1611474e942200096ef086fde0247d8f5b49c196bd9bf878a03d834872,ram_512x34,13,168,11,0,,1,1,1,CLK,0,0,0,0,1,2026-08-25T21:44:32.712049+00:00
Production-oriented open RTL,VeeR EL2,https://github.com/chipsalliance/Cores-SweRV,d04b1c7ae675a63dc4307cacfd10547ec937b928,design/lib/mem_lib.sv,0e1d0d1611474e942200096ef086fde0247d8f5b49c196bd9bf878a03d834872,ram_512x39,13,168,11,0,,1,1,1,CLK,0,0,0,0,1,2026-08-25T21:44:32.712049+00:00
Production-oriented open RTL,VeeR EL2,https://github.com/chipsalliance/Cores-SweRV,d04b1c7ae675a63dc4307cacfd10547ec937b928,design/lib/mem_lib.sv,0e1d0d1611474e942200096ef086fde0247d8f5b49c196bd9bf878a03d834872,ram_512x42,13,168,11,0,,1,1,1,CLK,0,0,0,0,1,2026-08-25T21:44:32.712049+00:00
Production-oriented open RTL,VeeR EL2,https://github.com/chipsalliance/Cores-SweRV,d04b1c7ae675a63dc4307cacfd10547ec937b928,design/lib/mem_lib.sv,0e1d0d1611474e942200096ef086fde0247d8f5b49c196bd9bf878a03d834872,ram_64x20,13,168,11,0,,1,1,1,CLK,0,0,0,0,1,2026-08-25T21:44:32.712049+00:00
Production-oriented open RTL,VeeR EL2,https://github.com/chipsalliance/Cores-SweRV,d04b1c7ae675a63dc4307cacfd10547ec937b928,design/lib/mem_lib.sv,0e1d0d1611474e942200096ef086fde0247d8f5b49c196bd9bf878a03d834872,ram_64x21,13,168,11,0,,1,1,1,CLK,0,0,0,0,1,2026-08-25T21:44:32.712049+00:00
Production-oriented open RTL,VeeR EL2,https://github.com/chipsalliance/Cores-SweRV,d04b1c7ae675a63dc4307cacfd10547ec937b928,design/lib/mem_lib.sv,0e1d0d1611474e942200096ef086fde0247d8f5b49c196bd9bf878a03d834872,ram_64x25,13,168,11,0,,1,1,1,CLK,0,0,0,0,1,2026-08-25T21:44:32.712049+00:00
Production-oriented open RTL,VeeR EL2,https://github.com/chipsalliance/Cores-SweRV,d04b1c7ae675a63dc4307cacfd10547ec937b928,design/lib/mem_lib.sv,0e1d0d1611474e942200096ef086fde0247d8f5b49c196bd9bf878a03d834872,ram_64x34,13,168,11,0,,1,1,1,CLK,0,0,0,0,1,2026-08-25T21:44:32.712049+00:00
Production-oriented open RTL,VeeR EL2,https://github.com/chipsalliance/Cores-SweRV,d04b1c7ae675a63dc4307cacfd10547ec937b928,design/lib/mem_lib.sv,0e1d0d1611474e942200096ef086fde0247d8f5b49c196bd9bf878a03d834872,ram_64x42,13,168,11,0,,1,1,1,CLK,0,0,0,0,1,2026-08-25T21:44:32.712049+00:00
Production-oriented open RTL,VeeR EL2,https://github.com/chipsalliance/Cores-SweRV,d04b1c7ae675a63dc4307cacfd10547ec937b928,design/lib/mem_lib.sv,0e1d0d1611474e942200096ef086fde0247d8f5b49c196bd9bf878a03d834872,ram_768x39,13,168,11,0,,1,1,1,CLK,0,0,0,0,1,2026-08-25T21:44:32.712049+00:00
Production-oriented open RTL,VeeR EL2,https://github.com/chipsalliance/Cores-SweRV,d04b1c7ae675a63dc4307cacfd10547ec937b928,design/lib/mem_lib.sv,0e1d0d1611474e942200096ef086fde0247d8f5b49c196bd9bf878a03d834872,ram_8192x39,13,168,11,0,,1,1,1,CLK,0,0,0,0,1,2026-08-25T21:44:32.712049+00:00
Production-oriented open RTL,VeeR EL2,https://github.com/chipsalliance/Cores-SweRV,d04b1c7ae675a63dc4307cacfd10547ec937b928,design/lib/svci_to_axi4.sv,546aade0a01deb49f5f496d132c975f7498f9910be464c6876f735a538c5b1c7,svci_to_axi4,148,3955,14,0,,1,0,0,,0,18,18,0,3,2026-08-25T21:44:32.712049+00:00
Production-oriented open RTL,VeeR EL2,https://github.com/chipsalliance/Cores-SweRV,d04b1c7ae675a63dc4307cacfd10547ec937b928,design/lsu/lsu.sv,f9afa7bf9f321e7be552cbd0f1ab734f0e5424695bee83fb645dc9ad61b968a7,lsu,251,3930,15,14,DiagCode(CouldNotOpenIncludeFile);DiagCode(UnknownDirective),1,0,0,,0,14,14,0,6,2026-08-25T21:44:32.712049+00:00
Production-oriented open RTL,VeeR EL2,https://github.com/chipsalliance/Cores-SweRV,d04b1c7ae675a63dc4307cacfd10547ec937b928,design/lsu/lsu_addrcheck.sv,99297b2cb471d985bb6e4f91ff310d7650f2277a65a069d8872fa908d0d96457,lsu_addrcheck,117,2056,23,120,DiagCode(CouldNotOpenIncludeFile);DiagCode(ExpectedExpression);DiagCode(MisplacedTrailingSeparator);DiagCode(UnknownDirective),1,0,0,,0,6,6,0,3,2026-08-25T21:44:32.712049+00:00
Production-oriented open RTL,VeeR EL2,https://github.com/chipsalliance/Cores-SweRV,d04b1c7ae675a63dc4307cacfd10547ec937b928,design/lsu/lsu_bus_buffer.sv,ffb3424b18ffd327f2dea5eb27aca4ab16b0e5807b53e358e719de5026bb51be,lsu_bus_buffer,701,20479,24,12,DiagCode(CouldNotOpenIncludeFile);DiagCode(ExpectedExpression);DiagCode(UnknownDirective),1,0,0,,0,74,74,0,4,2026-08-25T21:44:32.712049+00:00
Production-oriented open RTL,VeeR EL2,https://github.com/chipsalliance/Cores-SweRV,d04b1c7ae675a63dc4307cacfd10547ec937b928,design/lsu/lsu_bus_intf.sv,ec7103a8a467cb4a409a5c732022bbee862d94bbe4f0420cc33466b2617379a5,lsu_bus_intf,295,7198,14,8,DiagCode(CouldNotOpenIncludeFile);DiagCode(UnknownDirective),1,0,0,,0,13,13,0,5,2026-08-25T21:44:32.712049+00:00
Production-oriented open RTL,VeeR EL2,https://github.com/chipsalliance/Cores-SweRV,d04b1c7ae675a63dc4307cacfd10547ec937b928,design/lsu/lsu_clkdomain.sv,f6c485c62d125167071e44c744a30f2b03a3b2b5a8cb067cf5eaac02df7731c9,lsu_clkdomain,134,2563,13,0,,1,0,0,,0,31,31,0,3,2026-08-25T21:44:32.712049+00:00
Production-oriented open RTL,VeeR EL2,https://github.com/chipsalliance/Cores-SweRV,d04b1c7ae675a63dc4307cacfd10547ec937b928,design/lsu/lsu_dccm_ctl.sv,500ee433c8f704bfa0731ef18a3f008ae87fa96fab092a9804fa4010d874b1f2,lsu_dccm_ctl,129,3245,19,28,DiagCode(CouldNotOpenIncludeFile);DiagCode(UnknownDirective),1,0,0,,0,7,7,0,3,2026-08-25T21:44:32.712049+00:00
Production-oriented open RTL,VeeR EL2,https://github.com/chipsalliance/Cores-SweRV,d04b1c7ae675a63dc4307cacfd10547ec937b928,design/lsu/lsu_dccm_mem.sv,2301a7d76fc15e2f6bc2af0007d660ef5ac194391a6f9b52fb7816ffbadcd8d4,lsu_dccm_mem,60,1372,17,8,DiagCode(CouldNotOpenIncludeFile);DiagCode(UnknownDirective),1,0,0,,0,4,3,0,3,2026-08-25T21:44:32.712049+00:00
Production-oriented open RTL,VeeR EL2,https://github.com/chipsalliance/Cores-SweRV,d04b1c7ae675a63dc4307cacfd10547ec937b928,design/lsu/lsu_ecc.sv,b4992607baad154bbab986c809e009b89a49efe1c1cdc0480194f192c6d206c3,lsu_ecc,108,1925,14,15,DiagCode(CouldNotOpenIncludeFile);DiagCode(UnknownDirective),1,0,0,,0,3,3,0,2,2026-08-25T21:44:32.712049+00:00
Production-oriented open RTL,VeeR EL2,https://github.com/chipsalliance/Cores-SweRV,d04b1c7ae675a63dc4307cacfd10547ec937b928,design/lsu/lsu_lsc_ctl.sv,1581c8f1e6fc6d18d87252cd11122d86b7daecf69a82a08f149e47dd82961e3c,lsu_lsc_ctl,239,6575,15,1,DiagCode(CouldNotOpenIncludeFile),1,0,0,,0,40,40,0,4,2026-08-25T21:44:32.712049+00:00
Production-oriented open RTL,VeeR EL2,https://github.com/chipsalliance/Cores-SweRV,d04b1c7ae675a63dc4307cacfd10547ec937b928,design/lsu/lsu_stbuf.sv,45c72ddfbfabf512f175fbc625c2db105cf32d848c6ab64660d32e11f33fe7b4,lsu_stbuf,283,8762,20,16,DiagCode(CouldNotOpenIncludeFile);DiagCode(UnknownDirective),1,0,0,,0,24,24,0,3,2026-08-25T21:44:32.712049+00:00
Production-oriented open RTL,VeeR EL2,https://github.com/chipsalliance/Cores-SweRV,d04b1c7ae675a63dc4307cacfd10547ec937b928,design/lsu/lsu_trigger.sv,4fdec427016b58ec63fe920b2ec3d42ed62ef6d81442bcc3f8dfaae52cf4dbb9,lsu_trigger,26,640,16,0,,1,0,0,,0,1,1,0,2,2026-08-25T21:44:32.712049+00:00
Production-oriented open RTL,VeeR EL2,https://github.com/chipsalliance/Cores-SweRV,d04b1c7ae675a63dc4307cacfd10547ec937b928,design/mem.sv,781319300218fa3636f4847af7db6036bfc20c4df480b95c67739da61e38d191,mem,40,430,10,7,DiagCode(CouldNotOpenIncludeFile);DiagCode(UnknownDirective),1,0,0,,0,2,2,0,4,2026-08-25T21:44:32.712049+00:00
Production-oriented open RTL,VeeR EL2,https://github.com/chipsalliance/Cores-SweRV,d04b1c7ae675a63dc4307cacfd10547ec937b928,design/pic_ctrl.sv,a0109a3e2943fa6c7b79b8ce0db03f46823ddbaf73642feffc47d525e4d9c49e,cmp_and_mux,17,323,10,10,DiagCode(CouldNotOpenIncludeFile);DiagCode(ExpectedExpression);DiagCode(UnknownDirective),1,0,0,,0,0,0,0,1,2026-08-25T21:44:32.712049+00:00
Production-oriented open RTL,VeeR EL2,https://github.com/chipsalliance/Cores-SweRV,d04b1c7ae675a63dc4307cacfd10547ec937b928,design/pic_ctrl.sv,a0109a3e2943fa6c7b79b8ce0db03f46823ddbaf73642feffc47d525e4d9c49e,configurable_gw,14,189,8,10,DiagCode(CouldNotOpenIncludeFile);DiagCode(ExpectedExpression);DiagCode(UnknownDirective),1,0,0,,0,1,1,0,2,2026-08-25T21:44:32.712049+00:00
Production-oriented open RTL,VeeR EL2,https://github.com/chipsalliance/Cores-SweRV,d04b1c7ae675a63dc4307cacfd10547ec937b928,design/pic_ctrl.sv,a0109a3e2943fa6c7b79b8ce0db03f46823ddbaf73642feffc47d525e4d9c49e,pic_ctrl,249,5405,16,10,DiagCode(CouldNotOpenIncludeFile);DiagCode(ExpectedExpression);DiagCode(UnknownDirective),1,0,0,,0,21,21,0,3,2026-08-25T21:44:32.712049+00:00
Production-oriented open RTL,VeeR EL2,https://github.com/chipsalliance/Cores-SweRV,d04b1c7ae675a63dc4307cacfd10547ec937b928,design/veer.sv,a5ebc0aca8541431d4f99894ad94a51778608b294f528bebfcb101b142a057e2,veer,564,6257,10,23,DiagCode(CouldNotOpenIncludeFile);DiagCode(UnknownDirective),1,0,0,,0,9,9,0,7,2026-08-25T21:44:32.712049+00:00
Production-oriented open RTL,VeeR EL2,https://github.com/chipsalliance/Cores-SweRV,d04b1c7ae675a63dc4307cacfd10547ec937b928,design/veer_wrapper.sv,695e8686d0804708e217b0c8239569ea7801423321710ffa178101c0b175c0d8,veer_wrapper,109,1140,9,3,DiagCode(CouldNotOpenIncludeFile);DiagCode(UnknownDirective),1,0,0,,0,3,3,0,8,2026-08-25T21:44:32.712049+00:00
