timestamp,algorithm,seed,evaluation_step,array_height,array_width,ifmap_kb,filter_kb,ofmap_kb,dataflow,bandwidth,total_cycles,cycles_mha,cycles_conv,total_stalls,avg_utilization,pe_area,sram_area,total_area,fom_score,step_gain_pct,best_so_far_gain_pct
2026-08-22T16:46:02.509666+00:00,Random Search,0,1,24,4,32,16,32,os,16,40372,4862,35510,26040,41.72,96.0,64.0,160.0,154.81,-34.98,-34.98
2026-08-22T16:46:02.509666+00:00,Random Search,0,2,24,16,32,8,128,ws,4,26846,5734,21112,7634,31.14,384.0,134.4,518.4,71.855,-69.82,-34.98
2026-08-22T16:46:02.509666+00:00,Random Search,0,3,4,16,32,8,128,os,24,18125,5588,12537,0,83.48,64.0,134.4,198.4,278.087,16.79,16.79
2026-08-22T16:46:02.509666+00:00,Random Search,0,4,12,32,128,16,8,is,8,14329,3975,10354,2507,27.26,384.0,121.6,505.6,138.031,-42.03,16.79
2026-08-22T16:46:02.509666+00:00,Random Search,0,5,32,32,8,16,8,is,32,7381,887,6494,3105,25.47,1024.0,25.6,1049.6,129.081,-45.79,16.79
2026-08-22T16:46:02.509666+00:00,Random Search,0,6,32,12,128,128,128,is,16,11548,2454,9094,0,34.21,384.0,307.2,691.2,125.282,-47.38,16.79
2026-08-22T16:46:02.509666+00:00,Random Search,0,7,24,12,8,32,64,ws,32,7382,2722,4660,0,52.43,288.0,83.2,371.2,364.937,53.27,53.27
2026-08-22T16:46:02.509666+00:00,Random Search,0,8,16,8,32,128,32,ws,32,11237,3902,7335,0,70.95,128.0,153.6,281.6,316.022,32.73,53.27
2026-08-22T16:46:02.509666+00:00,Random Search,0,9,32,12,8,64,32,is,32,8765,2038,6727,0,34.21,384.0,83.2,467.2,244.2,2.56,53.27
2026-08-22T16:46:02.509666+00:00,Random Search,0,10,16,48,8,128,8,os,12,4600,1860,2740,32,39.87,768.0,115.2,883.2,246.141,3.38,53.27
2026-08-22T16:46:02.509666+00:00,Random Search,0,11,64,8,8,64,16,ws,12,20463,2266,18197,14009,19.91,512.0,70.4,582.4,83.909,-64.76,53.27
2026-08-22T16:46:02.509666+00:00,Random Search,0,12,12,12,32,8,16,ws,32,11038,3927,7111,0,61.77,144.0,44.8,188.8,479.852,101.53,101.53
2026-08-22T16:46:02.509666+00:00,Random Search,0,13,32,24,32,64,8,ws,4,23786,3075,20711,13676,21.69,768.0,83.2,851.2,49.391,-79.26,101.53
2026-08-22T16:46:02.509666+00:00,Random Search,0,14,8,16,64,128,32,ws,32,10998,3647,7351,0,75.44,128.0,179.2,307.2,295.982,24.31,101.53
2026-08-22T16:46:02.509666+00:00,Random Search,0,15,12,64,64,128,32,os,24,4859,1189,3670,0,37.16,768.0,179.2,947.2,217.276,-8.75,101.53
2026-08-22T16:46:02.509666+00:00,Random Search,0,16,8,16,128,8,8,ws,16,11262,3519,7743,0,75.44,128.0,115.2,243.2,365.108,53.34,101.53
2026-08-22T16:46:02.509666+00:00,Random Search,0,17,4,64,256,64,16,ws,8,31838,9013,22825,15560,14.77,256.0,268.8,524.8,59.849,-74.86,101.53
2026-08-22T16:46:02.509666+00:00,Random Search,0,18,12,32,8,32,64,ws,24,6114,2609,3505,0,60.5,384.0,83.2,467.2,350.084,47.03,101.53
2026-08-22T16:46:02.509666+00:00,Random Search,0,19,48,4,128,32,32,ws,4,23212,8766,14446,0,42.93,192.0,153.6,345.6,124.656,-47.65,101.53
2026-08-22T16:46:02.509666+00:00,Random Search,0,20,64,12,64,32,128,is,16,10032,1754,8278,0,21.15,768.0,179.2,947.2,105.238,-55.8,101.53
2026-08-22T16:46:02.509666+00:00,Random Search,0,21,8,24,16,256,32,ws,32,10274,3103,7171,0,54.28,192.0,243.2,435.2,223.651,-6.07,101.53
2026-08-22T16:46:02.509666+00:00,Random Search,0,22,16,12,8,64,8,is,16,11499,3055,8444,0,48.47,192.0,64.0,256.0,339.703,42.67,101.53
2026-08-22T16:46:02.509666+00:00,Random Search,0,23,8,4,16,64,64,os,4,61340,11518,49822,24448,65.49,32.0,115.2,147.2,110.751,-53.49,101.53
2026-08-22T16:46:02.509666+00:00,Random Search,0,24,4,48,16,8,32,is,32,14416,4479,9937,0,36.69,192.0,44.8,236.8,292.937,23.03,101.53
2026-08-22T16:46:02.509666+00:00,Random Search,0,25,16,16,128,16,8,is,16,10093,2271,7822,0,49.62,256.0,121.6,377.6,262.39,10.2,101.53
2026-08-22T16:46:02.509666+00:00,Random Search,0,26,32,8,64,256,16,ws,8,11669,3678,7991,0,54.18,256.0,268.8,524.8,163.295,-31.42,101.53
2026-08-22T16:46:02.509666+00:00,Random Search,0,27,48,16,8,64,64,is,16,12711,2286,10425,5441,16.93,768.0,108.8,876.8,89.726,-62.32,101.53
2026-08-22T16:46:02.509666+00:00,Random Search,0,28,8,4,32,32,128,os,24,33795,9812,23983,934,88.11,32.0,153.6,185.6,159.43,-33.04,101.53
2026-08-22T16:46:02.509666+00:00,Random Search,0,29,16,32,128,8,64,os,12,26692,1562,25130,21310,31.94,512.0,160.0,672.0,55.751,-76.59,101.53
2026-08-22T16:46:02.509666+00:00,Random Search,0,30,24,24,32,256,8,ws,8,10566,2293,8273,3273,28.75,576.0,236.8,812.8,116.441,-51.1,101.53
2026-08-22T16:46:02.509666+00:00,Random Search,0,31,16,12,64,16,16,is,32,11747,2943,8804,0,48.47,192.0,76.8,268.8,316.697,33.01,101.53
2026-08-22T16:46:02.509666+00:00,Random Search,0,32,64,16,32,16,16,is,4,13953,2870,11083,882,21.36,1024.0,51.2,1075.2,66.657,-72.0,101.53
2026-08-22T16:46:02.509666+00:00,Random Search,0,33,12,8,16,8,64,is,24,31100,5705,25395,10724,44.6,96.0,70.4,166.4,193.235,-18.84,101.53
2026-08-22T16:46:02.509666+00:00,Random Search,0,34,48,12,32,64,128,is,4,18326,5622,12704,186,22.34,576.0,179.2,755.2,72.255,-69.65,101.53
2026-08-22T16:46:02.509666+00:00,Random Search,0,35,32,12,8,128,32,is,32,8765,2038,6727,0,34.21,384.0,134.4,518.4,220.081,-7.57,101.53
2026-08-22T16:46:02.509666+00:00,Random Search,0,36,24,32,16,32,16,ws,16,3961,1414,2547,0,52.51,768.0,51.2,819.2,308.181,29.43,101.53
2026-08-22T16:46:02.509666+00:00,Random Search,0,37,32,32,128,128,16,is,8,9027,2166,6861,0,30.57,1024.0,217.6,1241.6,89.223,-62.53,101.53
2026-08-22T16:46:02.509666+00:00,Random Search,0,38,12,32,256,8,64,is,4,55349,8582,46767,30216,26.56,384.0,262.4,646.4,27.95,-88.26,101.53
2026-08-22T16:46:02.509666+00:00,Random Search,0,39,4,32,16,16,64,ws,4,49195,12479,36716,19413,41.37,128.0,76.8,204.8,99.254,-58.31,101.53
2026-08-22T16:46:02.509666+00:00,Random Search,0,40,48,12,16,8,8,ws,4,13902,4599,9303,3598,21.01,576.0,25.6,601.6,119.568,-49.78,101.53
2026-08-22T16:46:02.509666+00:00,Random Search,0,41,4,8,8,256,32,os,12,33096,10154,22942,0,90.0,32.0,236.8,268.8,112.407,-52.79,101.53
2026-08-22T16:46:02.509666+00:00,Random Search,0,42,4,64,128,64,8,os,4,17196,4126,13070,0,41.77,256.0,160.0,416.0,139.791,-41.29,101.53
2026-08-22T16:46:02.509666+00:00,Random Search,0,43,24,8,64,8,8,ws,32,8598,3103,5495,0,60.49,192.0,64.0,256.0,454.321,90.81,101.53
2026-08-22T16:46:02.509666+00:00,Random Search,0,44,4,4,8,32,128,os,32,61660,18174,43486,0,93.72,16.0,134.4,150.4,107.832,-54.71,101.53
2026-08-22T16:46:02.509666+00:00,Random Search,0,45,64,16,32,64,128,os,8,16954,1590,15364,11410,25.12,1024.0,179.2,1203.2,49.022,-79.41,101.53
2026-08-22T16:46:02.509666+00:00,Random Search,0,46,32,16,32,256,8,ws,24,5378,1476,3902,894,43.37,512.0,236.8,748.8,248.321,4.29,101.53
2026-08-22T16:46:02.509666+00:00,Random Search,0,47,16,24,8,16,16,os,32,5128,1494,3634,0,54.29,384.0,32.0,416.0,468.769,96.88,101.53
2026-08-22T16:46:02.509666+00:00,Random Search,0,48,12,24,32,128,32,ws,16,9147,2779,6368,400,46.23,288.0,153.6,441.6,247.567,3.98,101.53
2026-08-22T16:46:02.509666+00:00,Random Search,0,49,16,16,16,256,64,ws,12,9609,3466,6143,58,66.38,256.0,268.8,524.8,198.302,-16.71,101.53
2026-08-22T16:46:02.509666+00:00,Random Search,0,50,4,32,16,64,16,ws,24,11091,3775,7316,0,70.95,128.0,76.8,204.8,440.25,84.9,101.53
2026-08-22T16:46:02.509666+00:00,Random Search,0,51,12,4,8,32,32,os,32,23196,7742,15454,0,82.04,48.0,57.6,105.6,408.247,71.46,101.53
2026-08-22T16:46:02.509666+00:00,Random Search,0,52,48,16,128,8,16,is,32,11279,1774,9505,4848,17.25,768.0,121.6,889.6,99.663,-58.14,101.53
2026-08-22T16:46:02.509666+00:00,Random Search,0,53,12,12,64,32,64,is,12,19066,5958,13108,0,50.05,144.0,128.0,272.0,192.829,-19.01,101.53
2026-08-22T16:46:02.509666+00:00,Random Search,0,54,12,24,8,32,64,ws,8,17291,5626,11665,3426,37.42,288.0,83.2,371.2,155.802,-34.56,101.53
2026-08-22T16:46:02.509666+00:00,Random Search,0,55,8,16,256,64,64,ws,24,12395,4543,7852,0,75.44,128.0,307.2,435.2,185.381,-22.14,101.53
2026-08-22T16:46:02.509666+00:00,Random Search,0,56,48,8,64,64,256,is,16,12944,3550,9394,0,24.8,384.0,307.2,691.2,111.771,-53.06,101.53
2026-08-22T16:46:02.509666+00:00,Random Search,0,57,24,32,64,128,8,ws,4,15923,4554,11369,3565,22.44,768.0,160.0,928.0,67.675,-71.58,101.53
2026-08-22T16:46:02.509666+00:00,Random Search,0,58,4,64,64,64,8,os,8,13317,3102,10215,0,41.77,256.0,108.8,364.8,205.844,-13.55,101.53
2026-08-22T16:46:02.509666+00:00,Random Search,0,59,4,48,128,8,16,os,24,54408,3988,50420,42382,22.22,192.0,121.6,313.6,58.609,-75.38,101.53
2026-08-22T16:46:02.509666+00:00,Random Search,0,60,16,12,256,16,32,ws,12,11766,4292,7474,0,61.26,192.0,243.2,435.2,195.291,-17.98,101.53
2026-08-22T16:46:02.509666+00:00,Random Search,0,61,32,24,64,256,64,os,8,7228,1794,5434,0,45.97,768.0,307.2,1075.2,128.675,-45.96,101.53
2026-08-22T16:46:02.509666+00:00,Random Search,0,62,32,16,8,256,64,is,8,16637,2670,13967,5499,28.76,512.0,262.4,774.4,77.617,-67.4,101.53
2026-08-22T16:46:02.509666+00:00,Random Search,0,63,8,8,8,256,32,ws,24,19051,6356,12695,0,80.59,64.0,236.8,300.8,174.504,-26.71,101.53
2026-08-22T16:46:02.509666+00:00,Random Search,0,64,16,8,16,256,64,ws,12,13865,4970,8895,418,68.58,128.0,268.8,396.8,181.764,-23.66,101.53
2026-08-22T16:46:02.509666+00:00,Random Search,0,65,48,12,32,8,128,os,8,29572,2742,26830,22390,17.93,576.0,134.4,710.4,47.601,-80.01,101.53
2026-08-22T16:46:02.509666+00:00,Random Search,0,66,16,4,32,64,64,ws,32,20509,6910,13599,0,73.11,64.0,128.0,192.0,253.954,6.66,101.53
2026-08-22T16:46:02.509666+00:00,Random Search,0,67,8,12,32,64,64,is,4,42829,13662,29167,0,59.2,96.0,128.0,224.0,104.235,-56.22,101.53
2026-08-22T16:46:02.509666+00:00,Random Search,0,68,48,12,8,32,32,is,4,25758,5622,20136,10562,14.87,576.0,57.6,633.6,61.274,-74.27,101.53
2026-08-22T16:46:02.509666+00:00,Random Search,0,69,16,24,8,8,32,ws,4,25737,6534,19203,12440,29.52,384.0,38.4,422.4,91.985,-61.37,101.53
2026-08-22T16:46:02.509666+00:00,Random Search,0,70,48,8,32,32,256,os,12,25970,2740,23230,19106,22.11,384.0,256.0,640.0,60.166,-74.73,101.53
2026-08-22T16:46:02.509666+00:00,Random Search,0,71,12,8,8,64,8,os,4,33301,5982,27319,18264,47.97,96.0,64.0,160.0,187.682,-21.17,101.53
2026-08-22T16:46:02.509666+00:00,Random Search,0,72,64,12,128,8,32,os,16,5314,1338,3976,0,42.67,768.0,134.4,902.4,208.535,-12.42,101.53
2026-08-22T16:46:02.509666+00:00,Random Search,0,73,48,12,8,16,256,os,32,5338,1734,3604,1482,33.01,576.0,224.0,800.0,234.17,-1.65,101.53
2026-08-22T16:46:02.509666+00:00,Random Search,0,74,64,8,32,32,32,is,12,13746,2266,11480,0,23.4,512.0,76.8,588.8,123.554,-48.11,101.53
2026-08-22T16:46:02.509666+00:00,Random Search,0,75,16,4,16,8,128,ws,32,21276,6910,14366,0,73.11,64.0,121.6,185.6,253.24,6.36,101.53
2026-08-22T16:46:02.509666+00:00,Random Search,0,76,24,32,32,32,16,os,32,2820,978,1842,0,60.53,768.0,64.0,832.0,426.214,79.01,101.53
2026-08-22T16:46:02.509666+00:00,Random Search,0,77,4,64,64,128,8,os,12,12091,2762,9329,0,41.77,256.0,160.0,416.0,198.813,-16.5,101.53
2026-08-22T16:46:02.509666+00:00,Random Search,0,78,64,12,16,8,16,ws,8,16643,2234,14409,10144,17.5,768.0,32.0,800.0,75.107,-68.46,101.53
2026-08-22T16:46:02.509666+00:00,Random Search,0,79,24,4,32,8,64,os,16,40372,4862,35510,26040,41.72,96.0,83.2,179.2,138.223,-41.95,101.53
2026-08-22T16:46:02.509666+00:00,Random Search,0,80,16,12,64,64,32,ws,32,9139,3198,5941,0,61.26,192.0,128.0,320.0,341.941,43.61,101.53
2026-08-22T16:46:02.509666+00:00,Random Search,0,81,64,4,32,32,16,os,16,16160,2590,13570,7220,35.2,256.0,64.0,320.0,193.379,-18.78,101.53
2026-08-22T16:46:02.509666+00:00,Random Search,0,82,12,24,16,256,64,is,24,10089,3194,6895,0,43.51,288.0,268.8,556.8,178.013,-25.24,101.53
2026-08-22T16:46:02.509666+00:00,Random Search,0,83,16,4,32,16,128,ws,24,22479,7124,15355,130,72.7,64.0,140.8,204.8,217.217,-8.77,101.53
2026-08-22T16:46:02.509666+00:00,Random Search,0,84,8,64,32,32,128,is,12,14569,4207,10362,0,33.47,512.0,153.6,665.6,103.123,-56.69,101.53
2026-08-22T16:46:02.509666+00:00,Random Search,0,85,8,64,256,16,32,ws,16,8795,2415,6380,0,38.78,512.0,243.2,755.2,150.557,-36.77,101.53
2026-08-22T16:46:02.509666+00:00,Random Search,0,86,8,64,64,128,16,os,12,7716,1754,5962,0,40.73,512.0,166.4,678.4,191.039,-19.76,101.53
2026-08-22T16:46:02.509666+00:00,Random Search,0,87,4,12,128,8,32,ws,16,28684,9151,19533,0,74.2,48.0,134.4,182.4,191.133,-19.73,101.53
2026-08-22T16:46:02.509666+00:00,Random Search,0,88,64,16,64,8,32,ws,12,6676,1506,5170,0,34.44,1024.0,83.2,1107.2,135.287,-43.18,101.53
2026-08-22T16:46:02.509666+00:00,Random Search,0,89,12,32,128,128,32,os,4,12012,3446,8566,0,65.58,384.0,230.4,614.4,135.498,-43.09,101.53
2026-08-22T16:46:02.509666+00:00,Random Search,0,90,32,12,8,64,16,is,32,8765,2038,6727,0,34.21,384.0,70.4,454.4,251.079,5.45,101.53
2026-08-22T16:46:02.509666+00:00,Random Search,0,91,4,32,128,16,128,ws,12,25707,9066,16641,0,70.95,128.0,217.6,345.6,112.558,-52.73,101.53
2026-08-22T16:46:02.509666+00:00,Random Search,0,92,4,64,32,256,32,ws,12,20220,5508,14712,4402,31.99,256.0,256.0,512.0,96.594,-59.43,101.53
2026-08-22T16:46:02.509666+00:00,Random Search,0,93,8,12,256,32,16,os,16,14808,4478,10330,0,74.21,96.0,243.2,339.2,199.089,-16.38,101.53
2026-08-22T16:46:02.509666+00:00,Random Search,0,94,8,24,64,8,32,is,32,11729,3103,8626,0,50.76,192.0,83.2,275.2,309.807,30.12,101.53
2026-08-22T16:46:02.509666+00:00,Random Search,0,95,4,16,16,16,128,is,8,38531,14206,24325,0,66.85,64.0,128.0,192.0,135.173,-43.23,101.53
2026-08-22T16:46:02.509666+00:00,Random Search,0,96,4,48,64,256,32,is,4,62206,18599,43607,29624,12.81,192.0,281.6,473.6,33.943,-85.74,101.53
2026-08-22T16:46:02.509666+00:00,Random Search,0,97,48,8,32,64,128,ws,8,15042,4446,10596,3870,25.52,384.0,179.2,563.2,118.041,-50.42,101.53
2026-08-22T16:46:02.509666+00:00,Random Search,0,98,24,4,256,16,16,os,32,13540,4590,8950,0,73.97,96.0,230.4,326.4,226.272,-4.97,101.53
2026-08-22T16:46:02.509666+00:00,Random Search,0,99,48,4,8,128,64,os,32,15298,3902,11396,6454,34.27,192.0,160.0,352.0,185.705,-22.01,101.53
2026-08-22T16:46:02.509666+00:00,Random Search,0,100,12,64,16,8,32,ws,16,6613,1934,4679,0,34.64,768.0,44.8,812.8,186.045,-21.86,101.53
2026-08-22T16:46:02.509666+00:00,Random Search,1,1,8,16,16,64,32,is,12,16699,4714,11985,0,59.86,128.0,89.6,217.6,275.201,15.58,15.58
2026-08-22T16:46:02.509666+00:00,Random Search,1,2,48,16,256,8,16,os,32,3352,1326,2026,0,51.93,768.0,224.0,992.0,300.735,26.31,26.31
2026-08-22T16:46:02.509666+00:00,Random Search,1,3,4,32,16,64,64,ws,8,26923,7871,19052,7125,50.34,128.0,115.2,243.2,152.726,-35.86,26.31
2026-08-22T16:46:02.509666+00:00,Random Search,1,4,12,32,32,32,64,is,4,24563,8710,15853,966,38.23,384.0,102.4,486.4,83.7,-64.85,26.31
2026-08-22T16:46:02.509666+00:00,Random Search,1,5,8,8,256,8,64,ws,32,19797,6654,13143,0,80.59,64.0,262.4,326.4,154.757,-35.0,26.31
2026-08-22T16:46:02.509666+00:00,Random Search,1,6,32,16,64,64,256,ws,32,5176,1518,3658,0,51.76,512.0,307.2,819.2,235.839,-0.95,26.31
2026-08-22T16:46:02.509666+00:00,Random Search,1,7,24,32,128,32,64,ws,16,6260,1906,4354,0,52.51,768.0,179.2,947.2,168.649,-29.17,26.31
2026-08-22T16:46:02.509666+00:00,Random Search,1,8,32,8,64,256,32,os,24,6762,1972,4790,0,67.01,256.0,281.6,537.6,275.084,15.53,26.31
2026-08-22T16:46:02.509666+00:00,Random Search,1,9,16,64,256,32,8,os,16,4548,1078,3470,0,38.8,1024.0,236.8,1260.8,174.395,-26.76,26.31
2026-08-22T16:46:02.509666+00:00,Random Search,1,10,12,8,64,32,256,is,4,44204,11806,32398,0,56.08,96.0,281.6,377.6,59.911,-74.84,26.31
2026-08-22T16:46:02.509666+00:00,Random Search,1,11,4,64,128,128,64,is,24,16813,3679,13134,0,35.66,256.0,256.0,512.0,116.168,-51.21,26.31
2026-08-22T16:46:02.509666+00:00,Random Search,1,12,32,16,8,16,256,is,24,7931,1647,6284,162,35.23,512.0,224.0,736.0,171.315,-28.05,26.31
2026-08-22T16:46:02.509666+00:00,Random Search,1,13,4,12,32,8,8,is,16,33104,8415,24689,1938,64.06,48.0,38.4,86.4,349.628,46.84,46.84
2026-08-22T16:46:02.509666+00:00,Random Search,1,14,24,4,128,16,128,ws,4,31100,9694,21406,0,62.07,96.0,217.6,313.6,102.533,-56.94,46.84
2026-08-22T16:46:02.509666+00:00,Random Search,1,15,24,24,32,16,32,os,32,5200,1260,3940,1006,40.54,576.0,64.0,640.0,300.481,26.2,46.84
2026-08-22T16:46:02.509666+00:00,Random Search,1,16,64,16,8,64,256,os,12,7398,1250,6148,4050,28.6,1024.0,262.4,1286.4,105.077,-55.87,46.84
2026-08-22T16:46:02.509666+00:00,Random Search,1,17,4,4,8,256,16,is,4,78981,22015,56966,0,81.34,16.0,224.0,240.0,52.755,-77.84,46.84
2026-08-22T16:46:02.509666+00:00,Random Search,1,18,24,32,32,64,16,os,8,7878,1794,6084,2274,36.62,768.0,89.6,857.6,148.013,-37.84,46.84
2026-08-22T16:46:02.509666+00:00,Random Search,1,19,12,48,32,16,8,is,4,25377,7989,17388,10883,10.07,576.0,44.8,620.8,63.476,-73.34,46.84
2026-08-22T16:46:02.509666+00:00,Random Search,1,20,12,16,16,16,256,os,24,7133,2521,4612,0,73.98,192.0,230.4,422.4,331.897,39.39,46.84
2026-08-22T16:46:02.509666+00:00,Random Search,1,21,64,8,128,8,8,ws,32,6085,1838,4247,0,35.6,512.0,115.2,627.2,262.019,10.05,46.84
2026-08-22T16:46:02.509666+00:00,Random Search,1,22,8,4,64,8,256,is,12,120511,13567,106944,65906,49.57,32.0,262.4,294.4,28.186,-88.16,46.84
2026-08-22T16:46:02.509666+00:00,Random Search,1,23,16,12,64,128,16,is,24,12183,3076,9107,0,48.47,192.0,166.4,358.4,229.022,-3.81,46.84
2026-08-22T16:46:02.509666+00:00,Random Search,1,24,4,12,64,8,8,os,12,27003,8170,18833,0,76.98,48.0,64.0,112.0,330.651,38.87,46.84
2026-08-22T16:46:02.509666+00:00,Random Search,1,25,4,8,128,128,8,ws,8,36606,11007,25599,0,86.6,32.0,211.2,243.2,112.327,-52.82,46.84
2026-08-22T16:46:02.509666+00:00,Random Search,1,26,4,12,8,128,8,os,24,25149,7849,17300,0,76.98,48.0,115.2,163.2,243.646,2.33,46.84
2026-08-22T16:46:02.509666+00:00,Random Search,1,27,48,8,64,8,8,is,24,28048,2996,25052,16890,16.44,384.0,64.0,448.0,79.583,-66.58,46.84
2026-08-22T16:46:02.509666+00:00,Random Search,1,28,4,4,128,8,32,ws,8,69950,21503,48447,0,90.0,16.0,134.4,150.4,95.053,-60.08,46.84
2026-08-22T16:46:02.509666+00:00,Random Search,1,29,24,4,8,32,64,is,4,35468,9694,25774,0,44.47,96.0,83.2,179.2,157.335,-33.92,46.84
2026-08-22T16:46:02.509666+00:00,Random Search,1,30,12,12,16,16,16,os,12,10861,3820,7041,0,67.97,144.0,38.4,182.4,504.784,112.01,112.01
2026-08-22T16:46:02.509666+00:00,Random Search,1,31,24,16,32,128,32,os,16,9920,1766,8154,4660,40.54,384.0,153.6,537.6,187.512,-21.25,112.01
2026-08-22T16:46:02.509666+00:00,Random Search,1,32,4,12,32,16,128,is,24,34525,10793,23732,0,66.69,48.0,140.8,188.8,153.414,-35.57,112.01
2026-08-22T16:46:02.509666+00:00,Random Search,1,33,48,4,32,16,8,ws,12,15850,6036,9814,2514,33.94,192.0,44.8,236.8,266.434,11.9,112.01
2026-08-22T16:46:02.509666+00:00,Random Search,1,34,12,12,64,32,64,os,32,10132,3366,6766,0,67.97,144.0,128.0,272.0,362.857,52.4,112.01
2026-08-22T16:46:02.509666+00:00,Random Search,1,35,24,24,128,64,32,ws,16,6827,2260,4567,0,41.32,576.0,179.2,755.2,193.958,-18.54,112.01
2026-08-22T16:46:02.509666+00:00,Random Search,1,36,32,16,64,128,128,is,12,10755,2159,8596,0,35.65,512.0,256.0,768.0,121.068,-49.15,112.01
2026-08-22T16:46:02.509666+00:00,Random Search,1,37,48,12,32,128,64,os,24,10590,1889,8701,6010,22.91,576.0,179.2,755.2,125.038,-47.48,112.01
2026-08-22T16:46:02.509666+00:00,Random Search,1,38,12,16,64,16,32,os,16,8364,2702,5662,0,73.98,192.0,89.6,281.6,424.574,78.32,112.01
2026-08-22T16:46:02.509666+00:00,Random Search,1,39,16,32,8,32,256,os,32,3130,1134,1996,0,67.04,512.0,236.8,748.8,426.668,79.2,112.01
2026-08-22T16:46:02.509666+00:00,Random Search,1,40,12,16,32,16,64,ws,24,9650,3662,5988,0,67.47,192.0,89.6,281.6,367.993,54.55,112.01
2026-08-22T16:46:02.509666+00:00,Random Search,1,41,12,12,32,16,8,ws,24,11063,3889,7174,0,61.77,144.0,44.8,188.8,478.768,101.08,112.01
2026-08-22T16:46:02.509666+00:00,Random Search,1,42,32,4,64,64,32,os,12,13240,3818,9422,0,69.07,128.0,128.0,256.0,295.034,23.91,112.01
2026-08-22T16:46:02.509666+00:00,Random Search,1,43,16,4,32,8,32,ws,24,21114,7124,13990,130,72.7,64.0,57.6,121.6,389.49,63.58,112.01
2026-08-22T16:46:02.509666+00:00,Random Search,1,44,4,8,128,16,32,is,32,41229,10623,30606,0,75.81,32.0,140.8,172.8,140.363,-41.05,112.01
2026-08-22T16:46:02.509666+00:00,Random Search,1,45,24,16,8,16,8,ws,8,8697,2536,6161,2730,39.2,384.0,25.6,409.6,280.718,17.9,112.01
2026-08-22T16:46:02.509666+00:00,Random Search,1,46,48,12,128,32,64,is,32,8532,2486,6046,0,22.76,576.0,179.2,755.2,155.198,-34.82,112.01
2026-08-22T16:46:02.509666+00:00,Random Search,1,47,8,4,32,16,8,os,4,153263,11518,141745,115346,50.79,32.0,44.8,76.8,84.957,-64.32,112.01
2026-08-22T16:46:02.509666+00:00,Random Search,1,48,8,64,64,32,16,os,12,7716,1754,5962,0,40.73,512.0,89.6,601.6,215.427,-9.52,112.01
2026-08-22T16:46:02.509666+00:00,Random Search,1,49,16,4,256,16,64,os,12,19704,5930,13774,0,83.48,64.0,268.8,332.8,152.497,-35.95,112.01
2026-08-22T16:46:02.509666+00:00,Random Search,1,50,8,12,8,256,16,os,24,13451,4297,9154,0,74.21,96.0,224.0,320.0,232.325,-2.43,112.01
2026-08-22T16:46:02.509666+00:00,Random Search,1,51,16,24,8,8,16,ws,24,5920,1927,3993,0,48.37,384.0,25.6,409.6,412.4,73.21,112.01
2026-08-22T16:46:02.509666+00:00,Random Search,1,52,32,24,8,128,64,os,8,8466,1794,6672,3254,32.39,768.0,160.0,928.0,127.284,-46.54,112.01
2026-08-22T16:46:02.509666+00:00,Random Search,1,53,24,16,32,128,32,os,4,33920,3398,30522,23092,31.33,384.0,153.6,537.6,54.838,-76.97,112.01
2026-08-22T16:46:02.509666+00:00,Random Search,1,54,32,24,64,256,8,ws,16,5342,1443,3899,0,37.77,768.0,262.4,1030.4,181.673,-23.7,112.01
2026-08-22T16:46:02.509666+00:00,Random Search,1,55,8,64,256,64,8,is,16,10775,2520,8255,1137,24.65,512.0,262.4,774.4,119.844,-49.67,112.01
2026-08-22T16:46:02.509666+00:00,Random Search,1,56,16,8,32,128,64,ws,12,16416,4970,11446,2156,61.15,128.0,179.2,307.2,198.295,-16.72,112.01
2026-08-22T16:46:02.509666+00:00,Random Search,1,57,12,64,256,8,32,os,4,103366,3002,100364,91414,21.1,768.0,236.8,1004.8,9.628,-95.96,112.01
2026-08-22T16:46:02.509666+00:00,Random Search,1,58,64,8,32,32,32,ws,24,7061,1924,5137,544,32.88,512.0,76.8,588.8,240.528,1.02,112.01
2026-08-22T16:46:02.509666+00:00,Random Search,1,59,32,24,8,16,8,os,12,5583,1432,4151,1554,36.37,768.0,25.6,793.6,225.7,-5.21,112.01
2026-08-22T16:46:02.509666+00:00,Random Search,1,60,32,24,32,128,32,is,8,9156,2498,6658,0,31.19,768.0,153.6,921.6,118.509,-50.23,112.01
2026-08-22T16:46:02.509666+00:00,Random Search,1,61,24,8,8,64,16,os,32,6972,2510,4462,0,71.66,192.0,70.4,262.4,546.612,129.57,129.57
2026-08-22T16:46:02.509666+00:00,Random Search,1,62,64,8,64,8,16,is,32,20937,1838,19099,9312,19.72,512.0,70.4,582.4,82.01,-65.56,129.57
2026-08-22T16:46:02.509666+00:00,Random Search,1,63,4,12,128,128,128,is,12,39944,13716,26228,0,66.69,48.0,307.2,355.2,70.482,-70.4,129.57
2026-08-22T16:46:02.509666+00:00,Random Search,1,64,32,12,32,16,16,is,12,11000,2721,8279,0,34.21,384.0,51.2,435.2,208.89,-12.27,129.57
2026-08-22T16:46:02.509666+00:00,Random Search,1,65,12,24,32,16,64,ws,12,13784,4410,9374,1572,41.79,288.0,89.6,377.6,192.129,-19.31,129.57
2026-08-22T16:46:02.509666+00:00,Random Search,1,66,24,12,8,8,256,is,16,28738,3218,25520,17058,25.63,288.0,217.6,505.6,68.823,-71.09,129.57
2026-08-22T16:46:02.509666+00:00,Random Search,1,67,24,12,128,64,128,is,16,12752,3250,9502,0,38.51,288.0,256.0,544.0,144.153,-39.46,129.57
2026-08-22T16:46:02.509666+00:00,Random Search,1,68,8,48,32,256,32,os,24,6750,2313,4437,0,42.34,384.0,256.0,640.0,231.481,-2.78,129.57
2026-08-22T16:46:02.509666+00:00,Random Search,1,69,16,48,128,128,128,os,32,3970,1326,2644,0,40.26,768.0,307.2,1075.2,234.272,-1.61,129.57
2026-08-22T16:46:02.509666+00:00,Random Search,1,70,48,12,16,8,16,os,12,10349,2316,8033,5150,23.82,576.0,32.0,608.0,158.927,-33.25,129.57
2026-08-22T16:46:02.509666+00:00,Random Search,1,71,16,64,32,128,128,ws,4,26894,5750,21144,4540,25.13,1024.0,230.4,1254.4,29.642,-87.55,129.57
2026-08-22T16:46:02.509666+00:00,Random Search,1,72,4,64,16,32,64,ws,24,13020,3679,9341,0,40.72,256.0,89.6,345.6,222.236,-6.66,129.57
2026-08-22T16:46:02.509666+00:00,Random Search,1,73,24,24,256,16,64,is,16,8954,2260,6694,0,34.57,576.0,268.8,844.8,132.199,-44.48,129.57
2026-08-22T16:46:02.509666+00:00,Random Search,1,74,32,24,128,16,16,os,12,5714,1432,4282,0,45.97,768.0,128.0,896.0,195.322,-17.97,129.57
2026-08-22T16:46:02.509666+00:00,Random Search,1,75,8,8,8,32,32,is,16,25389,6783,18606,0,66.85,64.0,57.6,121.6,323.907,36.04,129.57
2026-08-22T16:46:02.509666+00:00,Random Search,1,76,8,32,128,8,64,ws,4,32121,10974,21147,0,67.01,256.0,160.0,416.0,74.837,-68.57,129.57
2026-08-22T16:46:02.509666+00:00,Random Search,1,77,32,32,128,64,8,is,4,14497,2679,11818,1245,27.66,1024.0,160.0,1184.0,58.26,-75.53,129.57
2026-08-22T16:46:02.509666+00:00,Random Search,1,78,24,8,8,64,8,ws,16,10348,3343,7005,1774,50.6,192.0,64.0,256.0,377.488,58.54,129.57
2026-08-22T16:46:02.509666+00:00,Random Search,1,79,16,64,16,8,8,ws,12,5709,1680,4029,848,30.44,1024.0,25.6,1049.6,166.885,-29.91,129.57
2026-08-22T16:46:02.509666+00:00,Random Search,1,80,32,16,16,8,256,is,4,81000,4206,76794,64038,23.49,512.0,224.0,736.0,16.774,-92.96,129.57
2026-08-22T16:46:02.509666+00:00,Random Search,1,81,4,12,32,64,8,is,4,62665,17263,45402,25386,35.48,48.0,83.2,131.2,121.63,-48.92,129.57
2026-08-22T16:46:02.509666+00:00,Random Search,1,82,32,8,32,64,64,is,32,12936,2526,10410,0,38.01,256.0,128.0,384.0,201.312,-15.45,129.57
2026-08-22T16:46:02.509666+00:00,Random Search,1,83,4,16,64,32,64,ws,32,20142,6655,13487,0,80.59,64.0,128.0,192.0,258.581,8.6,129.57
2026-08-22T16:46:02.509666+00:00,Random Search,1,84,16,8,256,32,64,ws,32,11373,3902,7471,0,70.95,128.0,281.6,409.6,214.667,-9.84,129.57
2026-08-22T16:46:02.509666+00:00,Random Search,1,85,64,16,64,256,32,is,12,9082,1506,7576,0,22.45,1024.0,281.6,1305.6,84.335,-64.58,129.57
2026-08-22T16:46:02.509666+00:00,Random Search,1,86,64,8,256,16,8,is,16,12449,2094,10355,0,23.4,512.0,224.0,736.0,109.141,-54.16,129.57
2026-08-22T16:46:02.509666+00:00,Random Search,1,87,64,4,64,32,256,ws,32,11228,3358,7870,0,36.21,256.0,281.6,537.6,165.668,-30.42,129.57
2026-08-22T16:46:02.509666+00:00,Random Search,1,88,24,8,8,64,256,ws,16,12394,3854,8540,1774,50.6,192.0,262.4,454.4,177.562,-25.43,129.57
2026-08-22T16:46:02.509666+00:00,Random Search,1,89,8,48,16,128,16,is,24,8323,2612,5711,0,33.96,384.0,128.0,512.0,234.666,-1.44,129.57
2026-08-22T16:46:02.509666+00:00,Random Search,1,90,8,48,16,8,8,ws,32,6298,2271,4027,0,40.25,384.0,25.6,409.6,387.648,62.81,129.57
2026-08-22T16:46:02.509666+00:00,Random Search,1,91,32,24,16,32,64,os,4,17936,2882,15054,9876,27.78,768.0,89.6,857.6,65.011,-72.7,129.57
2026-08-22T16:46:02.509666+00:00,Random Search,1,92,12,16,8,64,8,ws,4,25826,7667,18159,13251,26.03,192.0,64.0,256.0,151.253,-36.47,129.57
2026-08-22T16:46:02.509666+00:00,Random Search,1,93,4,8,8,16,8,ws,12,33967,10665,23302,0,86.6,32.0,25.6,57.6,511.117,114.67,129.57
2026-08-22T16:46:02.509666+00:00,Random Search,1,94,12,4,128,16,8,is,4,41566,10815,30751,0,59.2,48.0,121.6,169.6,141.852,-40.42,129.57
2026-08-22T16:46:02.509666+00:00,Random Search,1,95,48,8,32,16,16,is,8,14433,4446,9987,0,24.8,384.0,51.2,435.2,159.204,-33.14,129.57
2026-08-22T16:46:02.509666+00:00,Random Search,1,96,48,12,8,128,64,is,8,14415,3830,10585,3315,18.11,576.0,160.0,736.0,94.256,-60.41,129.57
2026-08-22T16:46:02.509666+00:00,Random Search,1,97,12,16,32,128,128,ws,32,9964,3358,6606,0,67.47,192.0,230.4,422.4,237.598,-0.21,129.57
2026-08-22T16:46:02.509666+00:00,Random Search,1,98,24,12,8,16,32,ws,32,6871,2722,4149,0,52.43,288.0,44.8,332.8,437.317,83.67,129.57
2026-08-22T16:46:02.509666+00:00,Random Search,1,99,32,32,16,16,128,os,4,10206,2550,7656,3428,32.72,1024.0,128.0,1152.0,85.053,-64.28,129.57
2026-08-22T16:46:02.509666+00:00,Random Search,1,100,16,24,256,16,32,ws,32,6553,2070,4483,0,48.37,384.0,243.2,627.2,243.307,2.19,129.57
2026-08-22T16:46:02.509666+00:00,Random Search,2,1,4,24,64,256,64,os,24,17975,4681,13294,0,59.85,96.0,307.2,403.2,137.978,-42.05,-42.05
2026-08-22T16:46:02.509666+00:00,Random Search,2,2,4,64,64,64,256,is,12,27707,7946,19761,0,35.66,256.0,307.2,563.2,64.084,-73.09,-42.05
2026-08-22T16:46:02.509666+00:00,Random Search,2,3,4,64,8,128,16,ws,4,59966,17717,42249,40136,7.53,256.0,121.6,377.6,44.163,-81.45,-42.05
2026-08-22T16:46:02.509666+00:00,Random Search,2,4,16,48,32,8,32,ws,32,4555,1774,2781,0,36.67,768.0,57.6,825.6,265.914,11.68,11.68
2026-08-22T16:46:02.509666+00:00,Random Search,2,5,8,48,16,16,16,os,12,7369,2740,4629,0,42.34,384.0,38.4,422.4,321.268,34.93,34.93
2026-08-22T16:46:02.509666+00:00,Random Search,2,6,16,8,256,16,16,os,24,10122,3092,7030,0,80.6,128.0,230.4,358.4,275.655,15.77,34.93
2026-08-22T16:46:02.509666+00:00,Random Search,2,7,12,32,8,256,16,is,32,7886,1815,6071,576,39.19,384.0,224.0,608.0,208.564,-12.4,34.93
2026-08-22T16:46:02.509666+00:00,Random Search,2,8,64,16,8,8,16,is,4,74331,2870,71461,64332,16.02,1024.0,25.6,1049.6,12.818,-94.62,34.93
2026-08-22T16:46:02.509666+00:00,Random Search,2,9,12,8,128,64,32,os,32,12772,4206,8566,0,79.15,96.0,179.2,275.2,284.507,19.49,34.93
2026-08-22T16:46:02.509666+00:00,Random Search,2,10,64,16,8,32,32,ws,16,7761,1334,6427,3561,21.69,1024.0,57.6,1081.6,119.128,-49.97,34.93
2026-08-22T16:46:02.509666+00:00,Random Search,2,11,4,16,8,8,16,os,8,19020,6270,12750,0,83.48,64.0,25.6,89.6,586.788,146.45,146.45
2026-08-22T16:46:02.509666+00:00,Random Search,2,12,64,4,256,8,64,os,8,12172,3102,9070,0,50.35,256.0,262.4,518.4,158.479,-33.44,146.45
2026-08-22T16:46:02.509666+00:00,Random Search,2,13,8,32,16,128,8,os,32,5433,1886,3547,0,70.96,256.0,121.6,377.6,487.448,104.73,146.45
2026-08-22T16:46:02.509666+00:00,Random Search,2,14,24,24,16,16,256,ws,8,13414,3316,10098,3052,29.14,576.0,230.4,806.4,92.447,-61.17,146.45
2026-08-22T16:46:02.509666+00:00,Random Search,2,15,24,8,8,64,128,ws,24,9759,3513,6246,152,59.36,192.0,160.0,352.0,291.107,22.26,146.45
2026-08-22T16:46:02.509666+00:00,Random Search,2,16,32,24,128,64,8,is,12,7103,1624,5479,0,31.19,768.0,160.0,928.0,151.709,-36.28,146.45
2026-08-22T16:46:02.509666+00:00,Random Search,2,17,16,64,16,64,128,os,16,3938,1078,2860,0,38.8,1024.0,166.4,1190.4,213.32,-10.41,146.45
2026-08-22T16:46:02.509666+00:00,Random Search,2,18,48,8,128,16,64,ws,12,9679,3849,5830,0,42.13,384.0,166.4,550.4,187.712,-21.16,146.45
2026-08-22T16:46:02.509666+00:00,Random Search,2,19,24,32,32,16,256,os,32,2820,978,1842,0,60.53,768.0,243.2,1011.2,350.682,47.28,146.45
2026-08-22T16:46:02.509666+00:00,Random Search,2,20,32,24,16,32,8,is,16,9133,1443,7690,3479,25.14,768.0,44.8,812.8,134.711,-43.42,146.45
2026-08-22T16:46:02.509666+00:00,Random Search,2,21,12,48,64,8,16,os,16,27176,2006,25170,21164,18.0,576.0,70.4,646.4,56.926,-76.09,146.45
2026-08-22T16:46:02.509666+00:00,Random Search,2,22,4,16,8,8,128,ws,16,24237,9854,14383,0,80.59,64.0,115.2,179.2,230.241,-3.3,146.45
2026-08-22T16:46:02.509666+00:00,Random Search,2,23,4,12,16,64,32,is,4,61137,19305,41832,15666,47.06,48.0,89.6,137.6,118.871,-50.07,146.45
2026-08-22T16:46:02.509666+00:00,Random Search,2,24,16,48,64,32,8,os,4,11564,3566,7998,0,40.26,768.0,83.2,851.2,101.592,-57.33,146.45
2026-08-22T16:46:02.509666+00:00,Random Search,2,25,32,8,8,64,256,os,16,7960,2142,5818,1604,56.11,256.0,262.4,518.4,242.338,1.78,146.45
2026-08-22T16:46:02.509666+00:00,Random Search,2,26,16,12,128,16,32,is,32,12109,3198,8911,0,48.47,192.0,140.8,332.8,248.147,4.22,146.45
2026-08-22T16:46:02.509666+00:00,Random Search,2,27,16,64,256,64,32,os,4,10946,2614,8332,0,38.8,1024.0,281.6,1305.6,69.974,-70.61,146.45
2026-08-22T16:46:02.509666+00:00,Random Search,2,28,24,16,64,32,64,ws,32,6020,2038,3982,0,57.56,384.0,128.0,512.0,324.439,36.26,146.45
2026-08-22T16:46:02.509666+00:00,Random Search,2,29,48,4,16,16,256,is,12,22250,6377,15873,0,25.48,192.0,230.4,422.4,106.401,-55.31,146.45
2026-08-22T16:46:02.509666+00:00,Random Search,2,30,8,32,128,32,128,os,16,7000,2142,4858,0,70.96,256.0,230.4,486.4,293.703,23.35,146.45
2026-08-22T16:46:02.509666+00:00,Random Search,2,31,48,16,8,256,64,ws,4,25324,4462,20862,14732,14.93,768.0,262.4,1030.4,38.323,-83.9,146.45
2026-08-22T16:46:02.509666+00:00,Random Search,2,32,8,48,256,16,16,ws,8,17614,5243,12371,5332,24.08,384.0,230.4,614.4,92.404,-61.19,146.45
2026-08-22T16:46:02.509666+00:00,Random Search,2,33,12,16,128,64,128,is,12,18772,4878,13894,0,50.76,192.0,256.0,448.0,118.908,-50.06,146.45
2026-08-22T16:46:02.509666+00:00,Random Search,2,34,12,16,32,8,256,os,8,19478,3246,16232,9530,44.32,192.0,236.8,428.8,119.729,-49.71,146.45
2026-08-22T16:46:02.509666+00:00,Random Search,2,35,4,12,8,8,16,os,12,25958,8170,17788,0,76.98,48.0,25.6,73.6,523.421,119.83,146.45
2026-08-22T16:46:02.509666+00:00,Random Search,2,36,8,48,128,64,128,is,4,37319,11742,25577,0,33.96,384.0,256.0,640.0,41.869,-82.42,146.45
2026-08-22T16:46:02.509666+00:00,Random Search,2,37,16,16,16,256,32,ws,24,6735,2612,4123,0,67.01,256.0,243.2,499.2,297.432,24.92,146.45
2026-08-22T16:46:02.509666+00:00,Random Search,2,38,8,48,64,16,16,ws,8,17614,5243,12371,5332,24.08,384.0,76.8,460.8,123.205,-48.25,146.45
2026-08-22T16:46:02.509666+00:00,Random Search,2,39,8,16,32,64,64,is,12,18938,6079,12859,0,59.86,128.0,128.0,256.0,206.265,-13.37,146.45
2026-08-22T16:46:02.509666+00:00,Random Search,2,40,32,24,256,16,32,is,16,6949,1698,5251,0,31.19,768.0,243.2,1011.2,142.312,-40.23,146.45
2026-08-22T16:46:02.509666+00:00,Random Search,2,41,32,24,256,16,64,is,4,18580,4098,14482,0,31.19,768.0,268.8,1036.8,51.911,-78.2,146.45
2026-08-22T16:46:02.509666+00:00,Random Search,2,42,16,48,16,32,64,os,4,11300,3566,7734,2682,26.47,768.0,89.6,857.6,103.19,-56.66,146.45
2026-08-22T16:46:02.509666+00:00,Random Search,2,43,32,32,16,16,64,is,16,10365,1398,8967,3867,24.9,1024.0,76.8,1100.8,87.644,-63.19,146.45
2026-08-22T16:46:02.509666+00:00,Random Search,2,44,48,16,8,64,128,is,32,7166,1838,5328,920,21.36,768.0,160.0,928.0,150.375,-36.84,146.45
2026-08-22T16:46:02.509666+00:00,Random Search,2,45,8,64,16,64,32,ws,32,6490,1775,4715,0,38.78,512.0,89.6,601.6,256.122,7.57,146.45
2026-08-22T16:46:02.509666+00:00,Random Search,2,46,24,32,32,64,256,ws,8,11802,2962,8840,2006,33.0,768.0,281.6,1049.6,80.727,-66.1,146.45
2026-08-22T16:46:02.509666+00:00,Random Search,2,47,24,12,256,8,8,ws,8,9896,3283,6613,0,52.43,288.0,217.6,505.6,199.863,-16.06,146.45
2026-08-22T16:46:02.509666+00:00,Random Search,2,48,48,4,16,16,8,ws,16,12780,5823,6957,542,40.39,192.0,32.0,224.0,349.318,46.71,146.45
2026-08-22T16:46:02.509666+00:00,Random Search,2,49,16,48,64,32,64,is,16,8257,2542,5715,0,29.59,768.0,128.0,896.0,135.167,-43.23,146.45
2026-08-22T16:46:02.509666+00:00,Random Search,2,50,64,8,256,32,16,ws,24,6645,1924,4721,0,35.6,512.0,243.2,755.2,199.271,-16.31,146.45
2026-08-22T16:46:02.509666+00:00,Random Search,2,51,16,32,128,8,64,os,8,39618,1902,37716,32840,31.0,512.0,160.0,672.0,37.561,-84.22,146.45
2026-08-22T16:46:02.509666+00:00,Random Search,2,52,16,48,32,32,32,os,4,15848,3566,12282,5182,23.09,768.0,76.8,844.8,74.692,-68.63,146.45
2026-08-22T16:46:02.509666+00:00,Random Search,2,53,24,32,32,128,8,is,32,5030,1123,3907,0,33.15,768.0,134.4,902.4,220.309,-7.47,146.45
2026-08-22T16:46:02.509666+00:00,Random Search,2,54,8,32,32,256,64,os,8,8552,2654,5898,0,70.96,256.0,281.6,537.6,217.507,-8.65,146.45
2026-08-22T16:46:02.509666+00:00,Random Search,2,55,24,8,64,32,64,os,8,10684,3342,7342,0,71.66,192.0,128.0,320.0,292.493,22.85,146.45
2026-08-22T16:46:02.509666+00:00,Random Search,2,56,32,4,128,32,64,is,4,35812,7230,28582,0,39.32,128.0,179.2,307.2,90.897,-61.82,146.45
2026-08-22T16:46:02.509666+00:00,Random Search,2,57,48,4,64,32,8,is,16,21254,5823,15431,0,25.48,192.0,83.2,275.2,170.966,-28.2,146.45
2026-08-22T16:46:02.509666+00:00,Random Search,2,58,12,32,8,16,8,os,12,4708,1954,2754,0,65.58,384.0,25.6,409.6,518.565,117.79,146.45
2026-08-22T16:46:02.509666+00:00,Random Search,2,59,32,16,16,16,128,os,4,17996,2926,15070,9972,34.58,512.0,128.0,640.0,86.825,-63.53,146.45
2026-08-22T16:46:02.509666+00:00,Random Search,2,60,12,64,32,64,16,is,4,25469,7618,17851,7395,11.45,768.0,89.6,857.6,45.783,-80.77,146.45
2026-08-22T16:46:02.509666+00:00,Random Search,2,61,32,16,256,8,64,os,24,4270,1220,3050,0,63.25,512.0,262.4,774.4,302.417,27.01,146.45
2026-08-22T16:46:02.509666+00:00,Random Search,2,62,32,24,8,128,128,ws,4,21938,4098,17840,8054,23.16,768.0,211.2,979.2,46.551,-80.45,146.45
2026-08-22T16:46:02.509666+00:00,Random Search,2,63,32,32,32,8,8,is,24,7862,972,6890,2952,25.6,1024.0,38.4,1062.4,119.723,-49.72,146.45
2026-08-22T16:46:02.509666+00:00,Random Search,2,64,16,32,128,16,8,os,8,6668,1902,4766,0,67.04,512.0,121.6,633.6,236.695,-0.59,146.45
2026-08-22T16:46:02.509666+00:00,Random Search,2,65,32,4,16,32,32,is,16,23493,4926,18567,0,39.32,128.0,64.0,192.0,221.697,-6.89,146.45
2026-08-22T16:46:02.509666+00:00,Random Search,2,66,32,4,128,16,32,is,32,23037,4542,18495,0,39.32,128.0,140.8,268.8,161.49,-32.18,146.45
2026-08-22T16:46:02.509666+00:00,Random Search,2,67,16,32,32,128,16,os,16,4410,1390,3020,0,67.04,512.0,140.8,652.8,347.361,45.89,146.45
2026-08-22T16:46:02.509666+00:00,Random Search,2,68,48,16,128,8,128,is,12,28467,2415,26052,19340,14.13,768.0,211.2,979.2,35.875,-84.93,146.45
2026-08-22T16:46:02.509666+00:00,Random Search,2,69,48,12,256,16,16,os,4,12174,4022,8152,0,47.25,576.0,230.4,806.4,101.863,-57.22,146.45
2026-08-22T16:46:02.509666+00:00,Random Search,2,70,32,4,32,16,64,ws,4,39830,7230,32600,14346,36.02,128.0,89.6,217.6,115.38,-51.54,146.45
2026-08-22T16:46:02.509666+00:00,Random Search,2,71,32,12,256,32,16,is,8,13037,3254,9783,0,34.21,384.0,243.2,627.2,122.297,-48.64,146.45
2026-08-22T16:46:02.509666+00:00,Random Search,2,72,12,12,64,32,256,os,4,17580,5270,12310,0,67.97,144.0,281.6,425.6,133.653,-43.87,146.45
2026-08-22T16:46:02.509666+00:00,Random Search,2,73,16,16,16,128,8,ws,32,5778,2015,3763,0,67.01,256.0,121.6,377.6,458.343,92.5,146.45
2026-08-22T16:46:02.509666+00:00,Random Search,2,74,8,32,256,64,8,os,24,6132,1972,4160,0,70.96,256.0,262.4,518.4,314.581,32.12,146.45
2026-08-22T16:46:02.509666+00:00,Random Search,2,75,64,16,128,128,16,ws,16,5129,1334,3795,0,34.44,1024.0,217.6,1241.6,157.031,-34.05,146.45
2026-08-22T16:46:02.509666+00:00,Random Search,2,76,12,48,64,8,8,ws,4,25879,7605,18274,11785,10.15,576.0,64.0,640.0,60.377,-74.64,146.45
2026-08-22T16:46:02.509666+00:00,Random Search,2,77,32,12,32,8,16,ws,8,15429,3190,12239,6090,29.86,384.0,44.8,428.8,151.15,-36.52,146.45
2026-08-22T16:46:02.509666+00:00,Random Search,2,78,16,12,8,16,128,os,4,33186,4334,28852,21816,38.16,192.0,121.6,313.6,96.088,-59.64,146.45
2026-08-22T16:46:02.509666+00:00,Random Search,2,79,16,8,32,128,32,ws,8,20085,5822,14263,4576,54.68,128.0,153.6,281.6,176.805,-25.74,146.45
2026-08-22T16:46:02.509666+00:00,Random Search,2,80,32,24,32,16,256,os,32,4952,978,3974,1340,37.16,768.0,243.2,1011.2,199.702,-16.13,146.45
2026-08-22T16:46:02.509666+00:00,Random Search,2,81,48,16,16,64,256,os,12,6817,1860,4957,2656,28.05,768.0,268.8,1036.8,141.485,-40.58,146.45
2026-08-22T16:46:02.509666+00:00,Random Search,2,82,32,32,64,8,32,ws,24,3657,1143,2514,0,47.54,1024.0,83.2,1107.2,246.973,3.73,146.45
2026-08-22T16:46:02.509666+00:00,Random Search,2,83,32,24,64,64,256,is,24,6794,1432,5362,0,31.19,768.0,307.2,1075.2,136.894,-42.51,146.45
2026-08-22T16:46:02.509666+00:00,Random Search,2,84,64,16,128,32,64,os,4,12008,2614,9394,0,46.92,1024.0,179.2,1203.2,69.214,-70.93,146.45
2026-08-22T16:46:02.509666+00:00,Random Search,2,85,64,8,32,64,16,os,24,9329,1412,7917,4476,33.1,512.0,89.6,601.6,178.179,-25.17,146.45
2026-08-22T16:46:02.509666+00:00,Random Search,2,86,24,12,16,16,16,os,24,5861,2125,3736,0,61.78,288.0,38.4,326.4,522.731,119.54,146.45
2026-08-22T16:46:02.509666+00:00,Random Search,2,87,16,12,16,16,128,os,24,7643,2521,5122,0,69.27,192.0,128.0,320.0,408.871,71.72,146.45
2026-08-22T16:46:02.509666+00:00,Random Search,2,88,12,8,32,64,16,os,24,15822,4297,11525,2876,67.14,96.0,89.6,185.6,340.534,43.02,146.45
2026-08-22T16:46:02.509666+00:00,Random Search,2,89,32,16,8,128,64,ws,16,6312,1902,4410,464,46.71,512.0,160.0,672.0,235.757,-0.98,146.45
2026-08-22T16:46:02.509666+00:00,Random Search,2,90,32,32,8,32,64,is,32,8147,1014,7133,3105,25.47,1024.0,83.2,1107.2,110.86,-53.44,146.45
2026-08-22T16:46:02.509666+00:00,Random Search,2,91,16,48,128,64,16,is,32,5424,1583,3841,0,29.59,768.0,166.4,934.4,197.309,-17.13,146.45
2026-08-22T16:46:02.509666+00:00,Random Search,2,92,4,48,16,128,32,is,8,30398,9639,20759,9144,24.21,192.0,140.8,332.8,98.849,-58.48,146.45
2026-08-22T16:46:02.509666+00:00,Random Search,2,93,16,24,64,256,8,is,16,8121,1959,6162,0,42.73,384.0,262.4,646.4,190.497,-19.99,146.45
2026-08-22T16:46:02.509666+00:00,Random Search,2,94,4,4,64,64,256,os,32,62164,18174,43990,0,93.72,16.0,307.2,323.2,49.773,-79.1,146.45
2026-08-22T16:46:02.509666+00:00,Random Search,2,95,12,4,8,64,16,os,16,25646,7998,17648,1906,76.96,48.0,70.4,118.4,329.328,38.32,146.45
2026-08-22T16:46:02.509666+00:00,Random Search,2,96,8,4,256,16,16,ws,4,43850,13567,30283,0,83.47,32.0,230.4,262.4,86.909,-63.5,146.45
2026-08-22T16:46:02.509666+00:00,Random Search,2,97,4,24,256,16,32,is,8,32559,9783,22776,5088,46.04,96.0,243.2,339.2,90.547,-61.97,146.45
2026-08-22T16:46:02.509666+00:00,Random Search,2,98,64,4,16,128,128,os,16,20504,2590,17914,12076,32.2,256.0,217.6,473.6,102.979,-56.75,146.45
2026-08-22T16:46:02.509666+00:00,Random Search,2,99,4,24,8,64,32,ws,32,18116,5167,12949,0,57.86,96.0,83.2,179.2,308.035,29.37,146.45
2026-08-22T16:46:02.509666+00:00,Random Search,2,100,12,48,256,64,32,ws,32,5488,2055,3433,0,36.6,576.0,281.6,857.6,212.472,-10.76,146.45
2026-08-22T16:46:02.509666+00:00,Random Search,3,1,12,24,8,8,256,os,24,6737,2104,4633,0,52.79,288.0,217.6,505.6,293.58,23.3,23.3
2026-08-22T16:46:02.509666+00:00,Random Search,3,2,64,8,128,128,16,is,32,11625,1838,9787,0,23.4,512.0,217.6,729.6,117.902,-50.48,23.3
2026-08-22T16:46:02.509666+00:00,Random Search,3,3,48,8,128,16,64,is,24,11926,3252,8674,0,24.8,384.0,166.4,550.4,152.344,-36.02,23.3
2026-08-22T16:46:02.509666+00:00,Random Search,3,4,8,12,256,64,8,os,8,16425,5022,11403,0,74.21,96.0,262.4,358.4,169.874,-28.65,23.3
2026-08-22T16:46:02.509666+00:00,Random Search,3,5,16,64,8,128,8,is,16,26834,1467,25367,21585,19.61,1024.0,115.2,1139.2,32.713,-86.26,23.3
2026-08-22T16:46:02.509666+00:00,Random Search,3,6,64,12,128,32,64,ws,24,5837,1573,4264,0,31.12,768.0,179.2,947.2,180.871,-24.04,23.3
2026-08-22T16:46:02.509666+00:00,Random Search,3,7,32,8,128,128,128,is,24,13657,2655,11002,0,38.01,256.0,307.2,563.2,130.012,-45.4,23.3
2026-08-22T16:46:02.509666+00:00,Random Search,3,8,64,4,128,128,64,ws,24,11746,3444,8302,0,36.21,256.0,256.0,512.0,166.28,-30.16,23.3
2026-08-22T16:46:02.509666+00:00,Random Search,3,9,4,32,32,64,256,ws,32,15227,5438,9789,0,70.95,128.0,281.6,409.6,160.334,-32.66,23.3
2026-08-22T16:46:02.509666+00:00,Random Search,3,10,64,12,256,64,8,is,4,15160,3386,11774,0,21.15,768.0,262.4,1030.4,64.017,-73.11,23.3
2026-08-22T16:46:02.509666+00:00,Random Search,3,11,4,8,8,64,8,is,8,41646,11007,30639,0,75.81,32.0,64.0,96.0,250.124,5.05,23.3
2026-08-22T16:46:02.509666+00:00,Random Search,3,12,32,8,32,64,32,is,4,20153,5214,14939,0,38.01,256.0,102.4,358.4,138.45,-41.85,23.3
2026-08-22T16:46:02.509666+00:00,Random Search,3,13,12,32,128,32,32,ws,12,8695,2716,5979,0,60.5,384.0,153.6,537.6,213.93,-10.15,23.3
2026-08-22T16:46:02.509666+00:00,Random Search,3,14,48,12,16,256,16,os,4,27838,4022,23816,18800,18.35,576.0,230.4,806.4,44.546,-81.29,23.3
2026-08-22T16:46:02.509666+00:00,Random Search,3,15,12,16,64,128,32,is,4,25278,6902,18376,0,50.76,192.0,179.2,371.2,106.574,-55.24,23.3
2026-08-22T16:46:02.509666+00:00,Random Search,3,16,12,4,8,128,8,os,12,29805,8170,21635,6042,69.06,48.0,115.2,163.2,205.585,-13.66,23.3
2026-08-22T16:46:02.509666+00:00,Random Search,3,17,32,8,64,8,32,is,4,156399,5214,151185,135158,24.79,256.0,83.2,339.2,18.85,-92.08,23.3
2026-08-22T16:46:02.509666+00:00,Random Search,3,18,48,8,32,128,64,os,16,19846,2526,17320,13634,23.49,384.0,179.2,563.2,89.467,-62.42,23.3
2026-08-22T16:46:02.509666+00:00,Random Search,3,19,48,12,16,32,16,os,24,5979,1889,4090,1740,31.75,576.0,51.2,627.2,266.665,12.0,23.3
2026-08-22T16:46:02.509666+00:00,Random Search,3,20,32,12,8,32,256,os,8,11614,2358,9256,5244,37.61,384.0,236.8,620.8,138.697,-41.75,23.3
2026-08-22T16:46:02.509666+00:00,Random Search,3,21,24,8,32,16,32,is,4,23253,7054,16199,0,42.72,192.0,64.0,256.0,167.989,-29.45,23.3
2026-08-22T16:46:02.509666+00:00,Random Search,3,22,8,24,64,64,8,os,16,10389,2798,7591,0,57.86,192.0,108.8,300.8,319.999,34.4,34.4
2026-08-22T16:46:02.509666+00:00,Random Search,3,23,12,16,32,128,8,os,24,7748,2521,5227,444,69.82,192.0,134.4,326.4,395.421,66.07,66.07
2026-08-22T16:46:02.509666+00:00,Random Search,3,24,8,24,128,8,8,ws,12,13045,3128,9917,1434,49.54,192.0,115.2,307.2,249.537,4.8,66.07
2026-08-22T16:46:02.509666+00:00,Random Search,3,25,48,4,8,16,16,os,4,96172,5694,90478,83520,20.68,192.0,32.0,224.0,46.42,-80.5,66.07
2026-08-22T16:46:02.509666+00:00,Random Search,3,26,24,4,128,32,8,is,16,25214,6015,19199,0,44.47,96.0,134.4,230.4,172.138,-27.7,66.07
2026-08-22T16:46:02.509666+00:00,Random Search,3,27,4,8,16,32,32,os,24,32520,9812,22708,0,90.0,32.0,64.0,96.0,320.316,34.53,66.07
2026-08-22T16:46:02.509666+00:00,Random Search,3,28,4,32,32,8,16,os,16,78704,3646,75058,67340,36.18,128.0,44.8,172.8,73.529,-69.12,66.07
2026-08-22T16:46:02.509666+00:00,Random Search,3,29,8,32,32,16,8,os,8,8268,2654,5614,0,70.96,256.0,44.8,300.8,402.089,68.87,68.87
2026-08-22T16:46:02.509666+00:00,Random Search,3,30,64,8,64,256,64,os,16,6164,1582,4582,0,49.15,512.0,307.2,819.2,198.037,-16.83,68.87
2026-08-22T16:46:02.509666+00:00,Random Search,3,31,4,16,64,8,256,ws,12,33394,11306,22088,0,80.59,64.0,262.4,326.4,91.745,-61.47,68.87
2026-08-22T16:46:02.509666+00:00,Random Search,3,32,16,8,16,256,8,os,16,9781,3262,6519,0,80.6,128.0,224.0,352.0,290.452,21.99,68.87
2026-08-22T16:46:02.509666+00:00,Random Search,3,33,4,12,64,16,8,os,32,25485,7758,17727,0,76.98,48.0,70.4,118.4,331.409,39.19,68.87
2026-08-22T16:46:02.509666+00:00,Random Search,3,34,12,48,64,64,8,is,16,7348,2249,5099,0,29.85,576.0,108.8,684.8,198.732,-16.53,68.87
2026-08-22T16:46:02.509666+00:00,Random Search,3,35,32,8,128,16,8,is,24,12633,2484,10149,0,38.01,256.0,121.6,377.6,209.634,-11.96,68.87
2026-08-22T16:46:02.509666+00:00,Random Search,3,36,64,12,8,16,256,is,4,29060,3258,25802,14692,16.17,768.0,224.0,992.0,34.689,-85.43,68.87
2026-08-22T16:46:02.509666+00:00,Random Search,3,37,24,4,64,16,64,is,32,25220,5998,19222,0,44.47,96.0,115.2,211.2,187.742,-21.15,68.87
2026-08-22T16:46:02.509666+00:00,Random Search,3,38,24,16,256,16,16,is,4,17329,4254,13075,0,39.61,384.0,230.4,614.4,93.924,-60.55,68.87
2026-08-22T16:46:02.509666+00:00,Random Search,3,39,24,8,16,16,128,ws,8,19852,4942,14910,5680,40.68,192.0,128.0,320.0,157.415,-33.89,68.87
2026-08-22T16:46:02.509666+00:00,Random Search,3,40,64,4,32,256,32,is,16,22996,3614,19382,0,23.91,256.0,256.0,512.0,84.933,-64.33,68.87
2026-08-22T16:46:02.509666+00:00,Random Search,3,41,24,32,32,16,32,ws,24,4037,1554,2483,0,52.51,768.0,64.0,832.0,297.727,25.04,68.87
2026-08-22T16:46:02.509666+00:00,Random Search,3,42,8,16,16,32,256,is,4,51701,12222,39479,6653,49.58,128.0,243.2,371.2,52.107,-78.12,68.87
2026-08-22T16:46:02.509666+00:00,Random Search,3,43,16,48,128,8,16,ws,24,4809,1647,3162,0,36.67,768.0,121.6,889.6,233.749,-1.83,68.87
2026-08-22T16:46:02.509666+00:00,Random Search,3,44,8,4,16,8,32,ws,32,34954,11135,23819,0,83.47,32.0,44.8,76.8,372.513,56.45,68.87
2026-08-22T16:46:02.509666+00:00,Random Search,3,45,4,16,8,8,64,os,32,17436,5502,11934,0,83.48,64.0,64.0,128.0,448.067,88.19,88.19
2026-08-22T16:46:02.509666+00:00,Random Search,3,46,8,16,32,16,256,ws,16,17780,5310,12470,0,75.44,128.0,243.2,371.2,151.517,-36.36,88.19
2026-08-22T16:46:02.509666+00:00,Random Search,3,47,32,16,64,32,64,ws,24,5785,1647,4138,0,51.76,512.0,128.0,640.0,270.095,13.44,88.19
2026-08-22T16:46:02.509666+00:00,Random Search,3,48,12,12,16,32,16,ws,8,14605,5127,9478,1278,55.79,144.0,51.2,195.2,350.767,47.32,88.19
2026-08-22T16:46:02.509666+00:00,Random Search,3,49,12,32,64,128,16,ws,12,8740,2481,6259,962,50.01,384.0,166.4,550.4,207.879,-12.69,88.19
2026-08-22T16:46:02.509666+00:00,Random Search,3,50,24,24,64,128,16,ws,8,8916,2348,6568,0,41.32,576.0,166.4,742.4,151.075,-36.55,88.19
2026-08-22T16:46:02.509666+00:00,Random Search,3,51,16,8,16,128,32,ws,4,33237,8382,24855,14080,43.95,128.0,140.8,268.8,111.931,-52.99,88.19
2026-08-22T16:46:02.509666+00:00,Random Search,3,52,24,16,32,32,8,os,8,17409,2310,15099,10804,34.56,384.0,57.6,441.6,130.076,-45.37,88.19
2026-08-22T16:46:02.509666+00:00,Random Search,3,53,32,24,64,64,128,ws,24,5650,1432,4218,0,37.77,768.0,204.8,972.8,181.94,-23.59,88.19
2026-08-22T16:46:02.509666+00:00,Random Search,3,54,24,4,32,32,256,os,24,28392,4681,23711,14678,46.75,96.0,256.0,352.0,100.06,-57.98,88.19
2026-08-22T16:46:02.509666+00:00,Random Search,3,55,64,4,16,64,128,is,12,23115,3786,19329,0,23.91,256.0,166.4,422.4,102.419,-56.98,88.19
2026-08-22T16:46:02.509666+00:00,Random Search,3,56,16,32,32,128,64,os,16,4410,1390,3020,0,67.04,512.0,179.2,691.2,328.063,37.78,88.19
2026-08-22T16:46:02.509666+00:00,Random Search,3,57,48,4,256,32,16,os,8,12748,4926,7822,0,55.84,192.0,243.2,435.2,180.247,-24.3,88.19
2026-08-22T16:46:02.509666+00:00,Random Search,3,58,64,8,16,16,128,is,8,14320,2606,11714,0,23.4,512.0,128.0,640.0,109.113,-54.17,88.19
2026-08-22T16:46:02.509666+00:00,Random Search,3,59,24,12,16,64,32,is,8,13217,4306,8911,0,38.51,288.0,89.6,377.6,200.371,-15.85,88.19
2026-08-22T16:46:02.509666+00:00,Random Search,3,60,64,8,8,256,32,is,12,12892,2266,10626,0,23.4,512.0,236.8,748.8,103.589,-56.49,88.19
2026-08-22T16:46:02.509666+00:00,Random Search,3,61,12,16,32,256,32,os,4,35478,4334,31144,21818,38.29,192.0,256.0,448.0,62.916,-73.58,88.19
2026-08-22T16:46:02.509666+00:00,Random Search,3,62,16,24,16,128,64,os,12,6539,1948,4591,250,52.42,384.0,166.4,550.4,277.85,16.7,88.19
2026-08-22T16:46:02.509666+00:00,Random Search,3,63,4,12,32,8,256,os,8,34476,8510,25966,6280,66.08,48.0,236.8,284.8,101.846,-57.23,88.19
2026-08-22T16:46:02.509666+00:00,Random Search,3,64,12,64,32,128,128,ws,16,9960,2722,7238,0,34.64,768.0,230.4,998.4,100.563,-57.76,88.19
2026-08-22T16:46:02.509666+00:00,Random Search,3,65,64,12,256,64,64,is,16,10032,1754,8278,0,21.15,768.0,307.2,1075.2,92.709,-61.06,88.19
2026-08-22T16:46:02.509666+00:00,Random Search,3,66,8,32,64,128,64,ws,32,7521,2910,4611,0,67.01,256.0,204.8,460.8,288.544,21.19,88.19
2026-08-22T16:46:02.509666+00:00,Random Search,3,67,16,16,32,32,128,os,8,18614,2526,16088,10334,43.69,256.0,153.6,409.6,131.16,-44.91,88.19
2026-08-22T16:46:02.509666+00:00,Random Search,3,68,48,8,64,16,8,ws,4,14758,5215,9543,0,42.13,384.0,70.4,454.4,149.119,-37.37,88.19
2026-08-22T16:46:02.509666+00:00,Random Search,3,69,64,4,8,128,16,is,4,25589,5150,20439,0,23.91,256.0,121.6,377.6,103.494,-56.53,88.19
2026-08-22T16:46:02.509666+00:00,Random Search,3,70,48,16,256,8,8,ws,24,4271,1817,2454,0,40.63,768.0,217.6,985.6,237.558,-0.23,88.19
2026-08-22T16:46:02.509666+00:00,Random Search,3,71,8,4,64,256,64,is,4,61645,19710,41935,0,71.03,32.0,307.2,339.2,47.824,-79.91,88.19
2026-08-22T16:46:02.509666+00:00,Random Search,3,72,12,8,128,8,16,is,8,81414,6047,75367,58616,35.07,96.0,121.6,217.6,56.447,-76.29,88.19
2026-08-22T16:46:02.509666+00:00,Random Search,3,73,64,4,16,32,64,is,4,28148,5150,22998,0,23.91,256.0,89.6,345.6,102.797,-56.83,88.19
2026-08-22T16:46:02.509666+00:00,Random Search,3,74,12,48,32,32,256,is,4,33354,9286,24068,2478,23.53,576.0,256.0,832.0,36.035,-84.87,88.19
2026-08-22T16:46:02.509666+00:00,Random Search,3,75,12,64,256,64,16,is,32,6602,1299,5303,0,29.16,768.0,268.8,1036.8,146.093,-38.64,88.19
2026-08-22T16:46:02.509666+00:00,Random Search,3,76,8,12,32,32,128,ws,16,18379,6654,11725,0,69.26,96.0,153.6,249.6,217.988,-8.45,88.19
2026-08-22T16:46:02.509666+00:00,Random Search,3,77,4,32,16,128,32,ws,16,15128,4544,10584,2368,60.44,128.0,140.8,268.8,245.917,3.28,88.19
2026-08-22T16:46:02.509666+00:00,Random Search,3,78,32,12,64,8,8,os,32,5051,1526,3525,0,57.83,384.0,64.0,448.0,441.921,85.6,88.19
2026-08-22T16:46:02.509666+00:00,Random Search,3,79,32,12,64,64,128,os,24,5573,1633,3940,0,57.83,384.0,204.8,588.8,304.75,27.99,88.19
2026-08-22T16:46:02.509666+00:00,Random Search,3,80,4,64,32,32,8,ws,12,20790,5704,15086,8058,20.73,256.0,57.6,313.6,153.38,-35.58,88.19
2026-08-22T16:46:02.509666+00:00,Random Search,3,81,16,24,256,32,32,ws,4,21681,6662,15019,0,48.37,384.0,256.0,640.0,72.068,-69.73,88.19
2026-08-22T16:46:02.509666+00:00,Random Search,3,82,4,32,64,16,8,ws,8,32044,9005,23039,17334,26.88,128.0,70.4,198.4,157.294,-33.94,88.19
2026-08-22T16:46:02.509666+00:00,Random Search,3,83,24,12,32,256,8,is,12,11020,2920,8100,0,38.51,288.0,236.8,524.8,172.912,-27.38,88.19
2026-08-22T16:46:02.509666+00:00,Random Search,3,84,8,24,64,64,32,is,4,31131,7695,23436,6341,40.33,192.0,128.0,320.0,100.382,-57.84,88.19
2026-08-22T16:46:02.509666+00:00,Random Search,3,85,4,8,64,64,64,ws,8,43756,14591,29165,0,86.6,32.0,153.6,185.6,123.136,-48.28,88.19
2026-08-22T16:46:02.509666+00:00,Random Search,3,86,16,4,64,256,8,ws,8,23084,7295,15789,0,73.11,64.0,262.4,326.4,132.721,-44.26,88.19
2026-08-22T16:46:02.509666+00:00,Random Search,3,87,24,16,256,32,8,is,4,17275,4774,12501,513,37.32,384.0,236.8,620.8,93.246,-60.84,88.19
2026-08-22T16:46:02.509666+00:00,Random Search,3,88,24,12,256,16,64,is,8,16832,4306,12526,0,38.51,288.0,268.8,556.8,106.7,-55.19,88.19
2026-08-22T16:46:02.509666+00:00,Random Search,3,89,8,12,8,8,16,is,16,29141,5087,24054,10960,46.33,96.0,25.6,121.6,282.203,18.52,88.19
2026-08-22T16:46:02.509666+00:00,Random Search,3,90,4,16,64,128,16,os,24,18306,5588,12718,0,83.48,64.0,166.4,230.4,237.096,-0.42,88.19
2026-08-22T16:46:02.509666+00:00,Random Search,3,91,64,12,256,8,64,is,12,36328,1936,34392,25394,15.46,768.0,262.4,1030.4,26.715,-88.78,88.19
2026-08-22T16:46:02.509666+00:00,Random Search,3,92,64,16,64,128,64,is,12,9082,1506,7576,0,22.45,1024.0,204.8,1228.8,89.606,-62.37,88.19
2026-08-22T16:46:02.509666+00:00,Random Search,3,93,4,16,128,8,64,os,12,19704,5930,13774,0,83.48,64.0,160.0,224.0,226.567,-4.84,88.19
2026-08-22T16:46:02.509666+00:00,Random Search,3,94,16,64,128,16,32,ws,16,6092,1910,4182,0,35.42,1024.0,140.8,1164.8,140.925,-40.81,88.19
2026-08-22T16:46:02.509666+00:00,Random Search,3,95,64,8,16,256,8,is,4,15025,3630,11395,0,23.4,512.0,224.0,736.0,90.429,-62.02,88.19
2026-08-22T16:46:02.509666+00:00,Random Search,3,96,16,16,128,64,16,is,16,10605,2527,8078,0,49.62,256.0,166.4,422.4,223.237,-6.24,88.19
2026-08-22T16:46:02.509666+00:00,Random Search,3,97,48,12,16,256,32,os,4,27838,4022,23816,18800,18.35,576.0,243.2,819.2,43.85,-81.58,88.19
2026-08-22T16:46:02.509666+00:00,Random Search,3,98,12,64,32,64,16,ws,32,4762,1299,3463,0,34.64,768.0,89.6,857.6,244.865,2.84,88.19
2026-08-22T16:46:02.509666+00:00,Random Search,3,99,32,24,32,128,128,is,4,20254,4098,16156,2762,25.84,768.0,230.4,998.4,49.452,-79.23,88.19
2026-08-22T16:46:02.509666+00:00,Random Search,3,100,12,16,128,64,32,ws,32,8054,2847,5207,0,67.47,192.0,179.2,371.2,334.488,40.48,88.19
2026-08-22T16:46:02.509666+00:00,Random Search,4,1,12,16,128,64,64,is,4,28117,9742,18375,0,50.76,192.0,204.8,396.8,89.631,-62.36,-62.36
2026-08-22T16:46:02.509666+00:00,Random Search,4,2,16,8,32,128,32,ws,8,20085,5822,14263,4576,54.68,128.0,153.6,281.6,176.805,-25.74,-25.74
2026-08-22T16:46:02.509666+00:00,Random Search,4,3,8,4,64,64,16,os,12,34440,10154,24286,0,90.0,32.0,115.2,147.2,197.255,-17.15,-17.15
2026-08-22T16:46:02.509666+00:00,Random Search,4,4,24,8,16,128,32,ws,4,32589,7054,25535,15920,32.47,192.0,140.8,332.8,92.203,-61.28,-17.15
2026-08-22T16:46:02.509666+00:00,Random Search,4,5,32,12,16,64,64,ws,16,8322,2454,5868,648,42.68,384.0,115.2,499.2,240.712,1.1,1.1
2026-08-22T16:46:02.509666+00:00,Random Search,4,6,8,32,8,16,16,is,32,9421,2143,7278,0,47.57,256.0,32.0,288.0,368.562,54.79,54.79
2026-08-22T16:46:02.509666+00:00,Random Search,4,7,4,64,64,8,32,ws,16,16422,4894,11528,1822,34.05,256.0,83.2,339.2,179.522,-24.6,54.79
2026-08-22T16:46:02.509666+00:00,Random Search,4,8,4,32,64,8,128,is,4,70698,20670,50028,22964,38.67,128.0,160.0,288.0,49.113,-79.37,54.79
2026-08-22T16:46:02.509666+00:00,Random Search,4,9,4,8,64,32,128,os,24,33042,9812,23230,0,90.0,32.0,179.2,211.2,143.298,-39.82,54.79
2026-08-22T16:46:02.509666+00:00,Random Search,4,10,24,8,128,16,32,os,24,7847,2617,5230,0,71.66,192.0,140.8,332.8,382.924,60.83,60.83
2026-08-22T16:46:02.509666+00:00,Random Search,4,11,48,12,16,16,128,ws,24,5810,2636,3174,8,36.68,576.0,128.0,704.0,244.484,2.68,60.83
2026-08-22T16:46:02.509666+00:00,Random Search,4,12,16,4,16,256,8,os,4,62229,7294,54935,41096,48.86,64.0,224.0,288.0,55.797,-76.57,60.83
2026-08-22T16:46:02.509666+00:00,Random Search,4,13,4,24,256,32,8,ws,4,64009,17859,46150,37051,18.08,96.0,236.8,332.8,46.944,-80.28,60.83
2026-08-22T16:46:02.509666+00:00,Random Search,4,14,12,12,64,64,16,ws,8,14897,5127,9770,0,61.77,144.0,115.2,259.2,258.98,8.77,60.83
2026-08-22T16:46:02.509666+00:00,Random Search,4,15,32,32,128,16,16,is,32,5091,1014,4077,0,30.57,1024.0,128.0,1152.0,170.508,-28.39,60.83
2026-08-22T16:46:02.509666+00:00,Random Search,4,16,48,8,8,256,16,is,32,10657,3102,7555,0,24.8,384.0,224.0,608.0,154.334,-35.18,60.83
2026-08-22T16:46:02.509666+00:00,Random Search,4,17,16,48,16,64,256,os,12,4779,1860,2919,0,40.26,768.0,268.8,1036.8,201.822,-15.24,60.83
2026-08-22T16:46:02.509666+00:00,Random Search,4,18,12,64,16,32,256,os,12,5318,1552,3766,0,37.16,768.0,243.2,1011.2,185.958,-21.9,60.83
2026-08-22T16:46:02.509666+00:00,Random Search,4,19,8,48,32,128,32,os,24,6750,2313,4437,0,42.34,384.0,153.6,537.6,275.573,15.74,60.83
2026-08-22T16:46:02.509666+00:00,Random Search,4,20,8,4,256,16,16,os,8,35836,10494,25342,0,90.0,32.0,230.4,262.4,106.345,-55.34,60.83
2026-08-22T16:46:02.509666+00:00,Random Search,4,21,12,48,8,8,256,os,24,18013,1804,16209,13424,19.19,576.0,217.6,793.6,69.954,-70.62,60.83
2026-08-22T16:46:02.509666+00:00,Random Search,4,22,12,12,8,16,32,os,8,15788,4182,11606,4408,51.6,144.0,44.8,188.8,335.483,40.9,60.83
2026-08-22T16:46:02.509666+00:00,Random Search,4,23,4,12,8,128,64,os,8,26860,8574,18286,0,76.98,48.0,160.0,208.0,178.991,-24.83,60.83
2026-08-22T16:46:02.509666+00:00,Random Search,4,24,12,32,256,8,8,ws,24,5108,1777,3331,0,60.5,384.0,217.6,601.6,325.418,36.67,60.83
2026-08-22T16:46:02.509666+00:00,Random Search,4,25,12,48,128,64,128,os,32,4996,1782,3214,0,39.33,576.0,256.0,832.0,240.577,1.04,60.83
2026-08-22T16:46:02.509666+00:00,Random Search,4,26,12,4,16,32,128,ws,8,41052,12286,28766,4512,64.79,48.0,140.8,188.8,129.022,-45.81,60.83
2026-08-22T16:46:02.509666+00:00,Random Search,4,27,8,32,128,64,128,os,4,13288,3678,9610,0,70.96,256.0,256.0,512.0,146.984,-38.27,60.83
2026-08-22T16:46:02.509666+00:00,Random Search,4,28,16,12,8,32,32,os,16,9894,2702,7192,1992,57.88,192.0,57.6,249.6,404.933,70.07,70.07
2026-08-22T16:46:02.509666+00:00,Random Search,4,29,16,4,32,8,8,ws,16,22064,6783,15281,1316,69.34,64.0,38.4,102.4,442.604,85.89,85.89
2026-08-22T16:46:02.509666+00:00,Random Search,4,30,16,64,16,128,64,os,4,10652,2614,8038,2586,29.64,1024.0,166.4,1190.4,78.863,-66.88,85.89
2026-08-22T16:46:02.509666+00:00,Random Search,4,31,4,64,16,64,8,is,24,14413,2973,11440,321,32.54,256.0,70.4,326.4,212.567,-10.72,85.89
2026-08-22T16:46:02.509666+00:00,Random Search,4,32,64,16,8,8,8,os,4,19803,2614,17189,14706,24.6,1024.0,19.2,1043.2,48.406,-79.67,85.89
2026-08-22T16:46:02.509666+00:00,Random Search,4,33,16,24,32,8,64,is,12,19730,3164,16566,9832,30.09,384.0,83.2,467.2,108.485,-54.44,85.89
2026-08-22T16:46:02.509666+00:00,Random Search,4,34,24,4,64,32,32,is,4,35405,9694,25711,0,44.47,96.0,102.4,198.4,142.362,-40.21,85.89
2026-08-22T16:46:02.509666+00:00,Random Search,4,35,32,24,64,8,64,os,12,5672,1390,4282,0,45.97,768.0,108.8,876.8,201.077,-15.55,85.89
2026-08-22T16:46:02.509666+00:00,Random Search,4,36,12,24,256,16,64,os,12,8870,2488,6382,0,52.79,288.0,268.8,556.8,202.478,-14.96,85.89
2026-08-22T16:46:02.509666+00:00,Random Search,4,37,8,48,256,32,32,ws,24,8143,2953,5190,0,40.25,384.0,256.0,640.0,191.883,-19.41,85.89
2026-08-22T16:46:02.509666+00:00,Random Search,4,38,12,24,128,16,128,is,24,11976,3194,8782,0,43.51,288.0,217.6,505.6,165.151,-30.64,85.89
2026-08-22T16:46:02.509666+00:00,Random Search,4,39,32,8,128,64,64,ws,12,11285,3167,8118,0,54.18,256.0,204.8,460.8,192.303,-19.23,85.89
2026-08-22T16:46:02.509666+00:00,Random Search,4,40,12,64,32,256,64,is,8,13657,4546,9111,0,29.16,768.0,281.6,1049.6,69.762,-70.7,85.89
2026-08-22T16:46:02.509666+00:00,Random Search,4,41,4,64,32,128,8,ws,16,15784,4235,11549,4016,26.54,256.0,134.4,390.4,162.283,-31.84,85.89
2026-08-22T16:46:02.509666+00:00,Random Search,4,42,48,12,8,32,256,os,24,6657,1825,4832,2608,28.57,576.0,236.8,812.8,184.815,-22.38,85.89
2026-08-22T16:46:02.509666+00:00,Random Search,4,43,16,8,16,32,32,os,32,9380,3006,6374,0,80.6,128.0,64.0,192.0,555.259,133.21,133.21
2026-08-22T16:46:02.509666+00:00,Random Search,4,44,4,4,64,16,8,ws,4,71038,20991,50047,0,90.0,16.0,70.4,86.4,162.928,-31.57,133.21
2026-08-22T16:46:02.509666+00:00,Random Search,4,45,16,4,64,8,8,is,4,307154,8319,298835,272140,34.42,64.0,64.0,128.0,25.435,-89.32,133.21
2026-08-22T16:46:02.509666+00:00,Random Search,4,46,64,4,8,256,32,is,4,27636,5150,22486,0,23.91,256.0,236.8,492.8,73.427,-69.16,133.21
2026-08-22T16:46:02.509666+00:00,Random Search,4,47,16,12,16,16,64,os,4,23710,4334,19376,11588,42.3,192.0,76.8,268.8,156.906,-34.1,133.21
2026-08-22T16:46:02.509666+00:00,Random Search,4,48,32,24,128,16,8,is,4,14060,3075,10985,598,29.43,768.0,121.6,889.6,79.95,-66.42,133.21
2026-08-22T16:46:02.509666+00:00,Random Search,4,49,12,4,32,16,16,is,4,42526,11839,30687,0,59.2,48.0,51.2,99.2,237.047,-0.44,133.21
2026-08-22T16:46:02.509666+00:00,Random Search,4,50,24,12,128,32,128,os,16,7092,2306,4786,0,61.78,288.0,230.4,518.4,271.998,14.24,133.21
2026-08-22T16:46:02.509666+00:00,Random Search,4,51,24,16,64,32,256,ws,4,20300,5734,14566,0,57.56,384.0,281.6,665.6,74.01,-68.92,133.21
2026-08-22T16:46:02.509666+00:00,Random Search,4,52,64,12,32,16,8,ws,32,4765,1482,3283,186,29.96,768.0,44.8,812.8,258.198,8.44,133.21
2026-08-22T16:46:02.509666+00:00,Random Search,4,53,16,4,16,32,8,ws,24,19812,6612,13200,0,73.11,64.0,44.8,108.8,463.92,94.84,133.21
2026-08-22T16:46:02.509666+00:00,Random Search,4,54,24,24,16,32,128,os,16,4974,1532,3442,364,44.8,576.0,140.8,716.8,280.476,17.8,133.21
2026-08-22T16:46:02.509666+00:00,Random Search,4,55,24,32,256,64,64,os,24,3311,1069,2242,0,60.53,768.0,307.2,1075.2,280.9,17.98,133.21
2026-08-22T16:46:02.509666+00:00,Random Search,4,56,8,32,64,8,16,os,8,77822,2654,75168,68726,33.19,256.0,70.4,326.4,39.368,-83.47,133.21
2026-08-22T16:46:02.509666+00:00,Random Search,4,57,12,16,64,16,128,os,24,7655,2521,5134,0,73.98,192.0,166.4,358.4,364.491,53.08,133.21
2026-08-22T16:46:02.509666+00:00,Random Search,4,58,16,8,64,64,16,os,16,10820,3262,7558,0,80.6,128.0,115.2,243.2,380.022,59.61,133.21
2026-08-22T16:46:02.509666+00:00,Random Search,4,59,12,32,128,64,16,os,16,5628,1814,3814,0,65.58,384.0,166.4,550.4,322.825,35.58,133.21
2026-08-22T16:46:02.509666+00:00,Random Search,4,60,4,16,64,16,256,is,4,74692,22910,51782,0,66.85,64.0,268.8,332.8,40.229,-83.1,133.21
2026-08-22T16:46:02.509666+00:00,Random Search,4,61,4,48,128,32,8,is,8,32524,9299,23225,14310,17.79,192.0,134.4,326.4,94.199,-60.44,133.21
2026-08-22T16:46:02.509666+00:00,Random Search,4,62,4,16,128,128,64,os,32,17956,5502,12454,0,83.48,64.0,256.0,320.0,174.037,-26.91,133.21
2026-08-22T16:46:02.509666+00:00,Random Search,4,63,32,4,256,16,64,ws,12,17421,5183,12238,0,55.48,128.0,268.8,396.8,144.662,-39.24,133.21
2026-08-22T16:46:02.509666+00:00,Random Search,4,64,12,64,64,16,8,ws,8,13203,3889,9314,4585,14.71,768.0,70.4,838.4,90.339,-62.06,133.21
2026-08-22T16:46:02.509666+00:00,Random Search,4,65,32,32,64,64,8,os,32,2588,758,1830,0,56.93,1024.0,108.8,1132.8,341.101,43.26,133.21
2026-08-22T16:46:02.509666+00:00,Random Search,4,66,48,8,8,8,8,is,32,21232,2911,18321,10910,17.62,384.0,19.2,403.2,116.812,-50.94,133.21
2026-08-22T16:46:02.509666+00:00,Random Search,4,67,32,8,64,32,128,is,24,13657,2655,11002,0,38.01,256.0,179.2,435.2,168.25,-29.34,133.21
2026-08-22T16:46:02.509666+00:00,Random Search,4,68,16,24,128,64,32,ws,4,21681,6662,15019,0,48.37,384.0,179.2,563.2,81.895,-65.6,133.21
2026-08-22T16:46:02.509666+00:00,Random Search,4,69,8,24,16,8,64,os,32,9172,2510,6662,0,57.86,192.0,70.4,262.4,415.501,74.51,133.21
2026-08-22T16:46:02.509666+00:00,Random Search,4,70,12,4,32,32,32,ws,24,26429,9172,17257,0,73.96,48.0,76.8,124.8,303.183,27.33,133.21
2026-08-22T16:46:02.509666+00:00,Random Search,4,71,4,32,64,8,64,os,24,53900,3476,50424,42962,37.91,128.0,108.8,236.8,78.348,-67.09,133.21
2026-08-22T16:46:02.509666+00:00,Random Search,4,72,24,12,64,256,16,is,8,12738,3283,9455,0,38.51,288.0,268.8,556.8,140.994,-40.78,133.21
2026-08-22T16:46:02.509666+00:00,Random Search,4,73,12,8,8,16,128,os,24,12434,4276,8158,0,79.15,96.0,121.6,217.6,369.599,55.23,133.21
2026-08-22T16:46:02.509666+00:00,Random Search,4,74,24,32,8,64,256,is,8,25366,2962,22404,15074,22.41,768.0,262.4,1030.4,38.26,-83.93,133.21
2026-08-22T16:46:02.509666+00:00,Random Search,4,75,12,64,16,16,256,is,32,8242,1810,6432,202,28.69,768.0,230.4,998.4,121.524,-48.96,133.21
2026-08-22T16:46:02.509666+00:00,Random Search,4,76,8,64,32,32,32,os,4,14218,3118,11100,2002,34.97,512.0,76.8,588.8,119.452,-49.83,133.21
2026-08-22T16:46:02.509666+00:00,Random Search,4,77,16,32,256,32,8,ws,12,6731,1690,5041,1079,47.52,512.0,236.8,748.8,198.406,-16.67,133.21
2026-08-22T16:46:02.509666+00:00,Random Search,4,78,24,24,64,64,64,os,24,4685,1351,3334,0,48.28,576.0,153.6,729.6,292.554,22.87,133.21
2026-08-22T16:46:02.509666+00:00,Random Search,4,79,64,8,32,256,32,os,24,9329,1412,7917,4476,33.1,512.0,256.0,768.0,139.574,-41.38,133.21
2026-08-22T16:46:02.509666+00:00,Random Search,4,80,16,12,256,64,64,ws,8,15485,5166,10319,0,61.26,192.0,307.2,499.2,129.364,-45.67,133.21
2026-08-22T16:46:02.509666+00:00,Random Search,4,81,48,16,8,8,64,ws,16,7244,2158,5086,2444,23.16,768.0,64.0,832.0,165.92,-30.31,133.21
2026-08-22T16:46:02.509666+00:00,Random Search,4,82,12,4,64,128,32,is,32,34934,9039,25895,0,59.2,48.0,179.2,227.2,125.992,-47.08,133.21
2026-08-22T16:46:02.509666+00:00,Random Search,4,83,16,16,16,16,16,is,12,10644,2783,7861,223,48.92,256.0,38.4,294.4,319.122,34.03,133.21
2026-08-22T16:46:02.509666+00:00,Random Search,4,84,8,4,32,64,32,os,32,32556,9726,22830,0,90.0,32.0,102.4,134.4,228.544,-4.01,133.21
2026-08-22T16:46:02.509666+00:00,Random Search,4,85,4,32,8,256,64,ws,24,12991,4799,8192,0,70.95,128.0,262.4,390.4,197.173,-17.19,133.21
2026-08-22T16:46:02.509666+00:00,Random Search,4,86,12,16,16,32,16,ws,12,9075,3513,5562,0,67.47,192.0,51.2,243.2,453.096,90.3,133.21
2026-08-22T16:46:02.509666+00:00,Random Search,4,87,12,64,16,256,8,ws,8,11763,3889,7874,4585,14.71,768.0,224.0,992.0,85.698,-64.01,133.21
2026-08-22T16:46:02.509666+00:00,Random Search,4,88,64,8,8,8,16,is,24,26680,1924,24756,15388,18.83,512.0,25.6,537.6,69.72,-70.72,133.21
2026-08-22T16:46:02.509666+00:00,Random Search,4,89,64,16,128,16,32,is,16,8190,1334,6856,0,22.45,1024.0,140.8,1164.8,104.825,-55.97,133.21
2026-08-22T16:46:02.509666+00:00,Random Search,4,90,12,16,256,64,16,os,32,7300,2430,4870,0,73.98,192.0,268.8,460.8,297.279,24.86,133.21
2026-08-22T16:46:02.509666+00:00,Random Search,4,91,8,12,16,32,64,is,16,20781,6654,14127,0,59.2,96.0,89.6,185.6,259.272,8.89,133.21
2026-08-22T16:46:02.509666+00:00,Random Search,4,92,16,16,128,64,64,os,16,6728,2014,4714,0,75.46,256.0,204.8,460.8,322.553,35.47,133.21
2026-08-22T16:46:02.509666+00:00,Random Search,4,93,8,48,256,16,32,os,24,6931,2313,4618,0,42.34,384.0,243.2,627.2,230.037,-3.39,133.21
2026-08-22T16:46:02.509666+00:00,Random Search,4,94,16,4,32,64,8,is,24,28698,6612,22086,0,56.9,64.0,83.2,147.2,236.723,-0.58,133.21
2026-08-22T16:46:02.509666+00:00,Random Search,4,95,32,4,64,16,256,is,32,23548,4542,19006,0,39.32,128.0,268.8,396.8,107.022,-55.05,133.21
2026-08-22T16:46:02.509666+00:00,Random Search,4,96,4,12,8,128,64,is,24,32298,9407,22891,0,66.69,48.0,160.0,208.0,148.854,-37.48,133.21
2026-08-22T16:46:02.509666+00:00,Random Search,4,97,4,16,64,8,256,os,12,19704,5930,13774,0,83.48,64.0,262.4,326.4,155.487,-34.7,133.21
2026-08-22T16:46:02.509666+00:00,Random Search,4,98,16,48,8,16,128,os,8,6562,2286,4276,984,32.18,768.0,121.6,889.6,171.305,-28.05,133.21
2026-08-22T16:46:02.509666+00:00,Random Search,4,99,4,48,256,32,8,ws,8,32418,9299,23119,16364,17.84,192.0,236.8,428.8,71.938,-69.79,133.21
2026-08-22T16:46:02.509666+00:00,Random Search,4,100,16,4,8,16,32,os,24,19518,5588,13930,1884,77.3,64.0,44.8,108.8,470.908,97.78,133.21
2026-08-22T16:46:02.509666+00:00,Random Search,5,1,12,32,32,64,64,ws,16,8045,3238,4807,0,60.5,384.0,128.0,512.0,242.775,1.96,1.96
2026-08-22T16:46:02.509666+00:00,Random Search,5,2,16,48,8,256,32,os,16,4218,1646,2572,0,40.26,768.0,236.8,1004.8,235.947,-0.9,1.96
2026-08-22T16:46:02.509666+00:00,Random Search,5,3,48,4,64,16,32,ws,24,13026,5780,7246,0,42.93,192.0,89.6,281.6,272.619,14.5,14.5
2026-08-22T16:46:02.509666+00:00,Random Search,5,4,4,12,32,16,128,os,8,34540,8574,25966,6280,66.08,48.0,140.8,188.8,153.347,-35.6,14.5
2026-08-22T16:46:02.509666+00:00,Random Search,5,5,32,8,16,8,16,ws,12,11285,3167,8118,2602,42.73,256.0,32.0,288.0,307.685,29.23,29.23
2026-08-22T16:46:02.509666+00:00,Random Search,5,6,12,24,256,32,32,ws,8,13768,3800,9968,0,48.27,288.0,256.0,544.0,133.515,-43.92,29.23
2026-08-22T16:46:02.509666+00:00,Random Search,5,7,4,24,16,256,16,ws,16,19433,5314,14119,874,56.06,96.0,230.4,326.4,157.656,-33.79,29.23
2026-08-22T16:46:02.509666+00:00,Random Search,5,8,8,32,16,8,32,ws,32,6538,2399,4139,0,67.01,256.0,44.8,300.8,508.484,113.56,113.56
2026-08-22T16:46:02.509666+00:00,Random Search,5,9,8,8,32,128,16,is,4,33368,8576,24792,897,65.4,64.0,140.8,204.8,146.332,-38.54,113.56
2026-08-22T16:46:02.509666+00:00,Random Search,5,10,16,64,16,64,8,os,32,3156,822,2334,0,38.8,1024.0,70.4,1094.4,289.526,21.6,113.56
2026-08-22T16:46:02.509666+00:00,Random Search,5,11,32,8,32,64,8,ws,32,7682,2399,5283,412,51.52,256.0,83.2,339.2,383.769,61.18,113.56
2026-08-22T16:46:02.509666+00:00,Random Search,5,12,12,24,64,256,32,is,32,8834,2379,6455,0,43.51,288.0,281.6,569.6,198.734,-16.53,113.56
2026-08-22T16:46:02.509666+00:00,Random Search,5,13,24,4,8,16,64,ws,16,24066,6494,17572,6246,47.17,96.0,70.4,166.4,249.714,4.88,113.56
2026-08-22T16:46:02.509666+00:00,Random Search,5,14,48,8,128,8,32,ws,8,11716,4446,7270,0,42.13,384.0,134.4,518.4,164.648,-30.85,113.56
2026-08-22T16:46:02.509666+00:00,Random Search,5,15,8,4,64,8,32,ws,8,40746,13055,27691,0,83.47,32.0,83.2,115.2,213.041,-10.52,113.56
2026-08-22T16:46:02.509666+00:00,Random Search,5,16,64,4,16,64,64,os,32,11306,2334,8972,3534,39.74,256.0,115.2,371.2,238.278,0.08,113.56
2026-08-22T16:46:02.509666+00:00,Random Search,5,17,12,24,256,64,32,ws,12,9842,3045,6797,0,48.27,288.0,281.6,569.6,178.38,-25.08,113.56
2026-08-22T16:46:02.509666+00:00,Random Search,5,18,4,8,8,32,256,is,32,43197,12158,31039,0,75.81,32.0,236.8,268.8,86.123,-63.83,113.56
2026-08-22T16:46:02.509666+00:00,Random Search,5,19,12,12,16,16,64,os,4,24302,5270,19032,9858,43.96,144.0,76.8,220.8,186.363,-21.73,113.56
2026-08-22T16:46:02.509666+00:00,Random Search,5,20,24,12,16,256,8,ws,12,9115,2920,6195,1622,42.65,288.0,224.0,512.0,214.276,-10.01,113.56
2026-08-22T16:46:02.509666+00:00,Random Search,5,21,12,64,32,128,16,ws,24,5129,1432,3697,0,34.64,768.0,140.8,908.8,214.535,-9.9,113.56
2026-08-22T16:46:02.509666+00:00,Random Search,5,22,8,64,16,64,256,is,4,59040,10350,48690,19968,25.06,512.0,268.8,780.8,21.693,-90.89,113.56
2026-08-22T16:46:02.509666+00:00,Random Search,5,23,24,4,128,8,64,os,24,13895,4681,9214,0,73.97,96.0,160.0,256.0,281.126,18.07,113.56
2026-08-22T16:46:02.509666+00:00,Random Search,5,24,8,32,32,16,64,os,8,8552,2654,5898,0,70.96,256.0,89.6,345.6,338.344,42.1,113.56
2026-08-22T16:46:02.509666+00:00,Random Search,5,25,4,48,8,16,64,os,24,11535,4073,7462,0,43.46,192.0,70.4,262.4,330.384,38.76,113.56
2026-08-22T16:46:02.509666+00:00,Random Search,5,26,8,16,64,64,8,is,32,13986,3263,10723,0,59.86,128.0,108.8,236.8,301.943,26.81,113.56
2026-08-22T16:46:02.509666+00:00,Random Search,5,27,64,16,256,64,8,ws,32,3705,1078,2627,0,34.44,1024.0,262.4,1286.4,209.815,-11.88,113.56
2026-08-22T16:46:02.509666+00:00,Random Search,5,28,24,32,32,16,256,os,8,7878,1794,6084,2274,36.62,768.0,243.2,1011.2,125.53,-47.28,113.56
2026-08-22T16:46:02.509666+00:00,Random Search,5,29,8,12,64,32,128,ws,16,18651,6654,11997,0,69.26,96.0,179.2,275.2,194.827,-18.17,113.56
2026-08-22T16:46:02.509666+00:00,Random Search,5,30,8,16,8,64,128,is,24,15503,4543,10960,0,59.86,128.0,160.0,288.0,223.971,-5.93,113.56
2026-08-22T16:46:02.509666+00:00,Random Search,5,31,4,4,8,128,16,is,16,74558,19711,54847,0,81.34,16.0,121.6,137.6,97.474,-59.06,113.56
2026-08-22T16:46:02.509666+00:00,Random Search,5,32,4,4,32,16,256,os,4,161772,19966,141806,93360,60.9,16.0,243.2,259.2,23.849,-89.98,113.56
2026-08-22T16:46:02.509666+00:00,Random Search,5,33,12,8,64,16,128,os,8,15964,5022,10942,0,79.15,96.0,166.4,262.4,238.723,0.26,113.56
2026-08-22T16:46:02.509666+00:00,Random Search,5,34,12,12,8,128,8,ws,16,11000,4071,6929,70,61.38,144.0,115.2,259.2,350.73,47.3,113.56
2026-08-22T16:46:02.509666+00:00,Random Search,5,35,8,32,256,32,16,os,12,7700,2314,5386,0,70.96,256.0,243.2,499.2,260.157,9.26,113.56
2026-08-22T16:46:02.509666+00:00,Random Search,5,36,8,48,8,8,32,os,24,26793,2228,24565,20640,21.66,384.0,38.4,422.4,88.36,-62.89,113.56
2026-08-22T16:46:02.509666+00:00,Random Search,5,37,16,4,16,128,128,ws,32,21276,6910,14366,0,73.11,64.0,217.6,281.6,166.908,-29.9,113.56
2026-08-22T16:46:02.509666+00:00,Random Search,5,38,16,12,32,8,64,is,16,28861,3854,25007,15448,34.22,192.0,83.2,275.2,125.904,-47.12,113.56
2026-08-22T16:46:02.509666+00:00,Random Search,5,39,12,4,64,256,8,os,16,24525,8030,16495,0,82.04,48.0,262.4,310.4,131.362,-44.83,113.56
2026-08-22T16:46:02.509666+00:00,Random Search,5,40,48,8,32,8,32,ws,4,24706,6238,18468,7966,20.77,384.0,57.6,441.6,91.658,-61.5,113.56
2026-08-22T16:46:02.509666+00:00,Random Search,5,41,12,8,16,16,32,ws,32,13710,4911,8799,0,71.65,96.0,51.2,147.2,495.513,108.11,113.56
2026-08-22T16:46:02.509666+00:00,Random Search,5,42,8,64,16,32,256,is,8,31272,5742,25530,8200,27.14,512.0,243.2,755.2,42.343,-82.22,113.56
2026-08-22T16:46:02.509666+00:00,Random Search,5,43,12,4,64,8,8,ws,24,26268,9001,17267,0,73.96,48.0,64.0,112.0,339.903,42.76,113.56
2026-08-22T16:46:02.509666+00:00,Random Search,5,44,24,4,16,32,8,ws,8,28736,6559,22177,11458,41.6,96.0,44.8,140.8,247.156,3.8,113.56
2026-08-22T16:46:02.509666+00:00,Random Search,5,45,16,8,8,128,32,os,8,23072,3774,19298,12172,51.51,128.0,134.4,262.4,165.178,-30.63,113.56
2026-08-22T16:46:02.509666+00:00,Random Search,5,46,4,8,128,16,128,ws,12,43166,15786,27380,0,86.6,32.0,217.6,249.6,92.814,-61.02,113.56
2026-08-22T16:46:02.509666+00:00,Random Search,5,47,16,48,32,8,128,ws,16,8026,2414,5612,0,36.67,768.0,134.4,902.4,138.071,-42.01,113.56
2026-08-22T16:46:02.509666+00:00,Random Search,5,48,24,12,256,8,64,os,16,7092,2306,4786,0,61.78,288.0,262.4,550.4,256.184,7.6,113.56
2026-08-22T16:46:02.509666+00:00,Random Search,5,49,8,32,256,32,32,is,24,11135,2612,8523,0,47.57,256.0,256.0,512.0,175.404,-26.33,113.56
2026-08-22T16:46:02.509666+00:00,Random Search,5,50,8,24,16,32,8,is,24,10789,2809,7980,0,50.76,192.0,44.8,236.8,391.415,64.39,113.56
2026-08-22T16:46:02.509666+00:00,Random Search,5,51,12,48,16,8,64,ws,4,22787,8902,13885,2094,26.52,576.0,70.4,646.4,67.891,-71.49,113.56
2026-08-22T16:46:02.509666+00:00,Random Search,5,52,4,32,32,32,256,os,32,10452,3390,7062,0,73.12,128.0,256.0,384.0,249.155,4.64,113.56
2026-08-22T16:46:02.509666+00:00,Random Search,5,53,16,16,256,16,8,is,32,9061,2015,7046,0,49.62,256.0,224.0,480.0,229.923,-3.43,113.56
2026-08-22T16:46:02.509666+00:00,Random Search,5,54,16,8,16,256,16,is,16,16285,4031,12254,0,54.24,128.0,230.4,358.4,171.334,-28.04,113.56
2026-08-22T16:46:02.509666+00:00,Random Search,5,55,64,12,128,8,16,os,8,7842,1850,5992,0,42.67,768.0,121.6,889.6,143.344,-39.8,113.56
2026-08-22T16:46:02.509666+00:00,Random Search,5,56,64,8,16,128,32,ws,32,7344,1838,5506,1484,29.62,512.0,140.8,652.8,208.587,-12.39,113.56
2026-08-22T16:46:02.509666+00:00,Random Search,5,57,4,4,16,32,128,ws,24,67987,21844,46143,0,90.0,16.0,140.8,156.8,93.805,-60.6,113.56
2026-08-22T16:46:02.509666+00:00,Random Search,5,58,64,12,8,256,8,os,24,5091,1189,3902,1704,32.42,768.0,217.6,985.6,199.295,-16.3,113.56
2026-08-22T16:46:02.509666+00:00,Random Search,5,59,16,24,32,16,128,is,32,8520,2070,6450,0,42.73,384.0,140.8,524.8,223.649,-6.07,113.56
2026-08-22T16:46:02.509666+00:00,Random Search,5,60,4,32,32,256,16,os,16,11364,3646,7718,0,73.12,128.0,243.2,371.2,237.061,-0.44,113.56
2026-08-22T16:46:02.509666+00:00,Random Search,5,61,16,12,8,32,128,ws,8,24010,5166,18844,7992,40.12,192.0,134.4,326.4,127.602,-46.41,113.56
2026-08-22T16:46:02.509666+00:00,Random Search,5,62,16,32,256,8,16,ws,16,5544,1775,3769,75,59.03,512.0,224.0,736.0,245.075,2.93,113.56
2026-08-22T16:46:02.509666+00:00,Random Search,5,63,16,8,128,8,8,os,4,16460,4798,11662,0,80.6,128.0,115.2,243.2,249.808,4.92,113.56
2026-08-22T16:46:02.509666+00:00,Random Search,5,64,32,12,32,32,64,os,4,57214,3446,53768,45732,28.64,384.0,102.4,486.4,35.934,-84.91,113.56
2026-08-22T16:46:02.509666+00:00,Random Search,5,65,16,12,64,8,32,ws,8,13804,5102,8702,0,61.26,192.0,83.2,275.2,263.237,10.56,113.56
2026-08-22T16:46:02.509666+00:00,Random Search,5,66,8,64,32,256,8,is,32,7874,1391,6483,0,33.47,512.0,236.8,748.8,169.605,-28.77,113.56
2026-08-22T16:46:02.509666+00:00,Random Search,5,67,32,12,32,64,128,ws,24,8001,2188,5813,902,41.34,384.0,179.2,563.2,221.918,-6.8,113.56
2026-08-22T16:46:02.509666+00:00,Random Search,5,68,32,8,128,8,32,is,16,40887,2910,37977,27086,27.47,256.0,134.4,390.4,62.648,-73.69,113.56
2026-08-22T16:46:02.509666+00:00,Random Search,5,69,8,48,128,32,8,is,24,8505,2442,6063,0,33.96,384.0,134.4,518.4,226.809,-4.74,113.56
2026-08-22T16:46:02.509666+00:00,Random Search,5,70,4,24,128,16,16,ws,12,23532,5796,17736,3313,50.99,96.0,128.0,224.0,189.711,-20.32,113.56
2026-08-22T16:46:02.509666+00:00,Random Search,5,71,12,32,32,256,32,is,24,8045,1948,6097,0,40.87,384.0,256.0,640.0,194.22,-18.43,113.56
2026-08-22T16:46:02.509666+00:00,Random Search,5,72,4,8,256,8,64,ws,4,62431,19199,43232,6593,76.36,32.0,262.4,294.4,54.408,-77.15,113.56
2026-08-22T16:46:02.509666+00:00,Random Search,5,73,16,48,8,64,8,os,24,3682,1433,2249,0,40.26,768.0,64.0,832.0,326.432,37.1,113.56
2026-08-22T16:46:02.509666+00:00,Random Search,5,74,24,12,8,8,256,is,32,15494,2706,12788,5318,30.5,288.0,217.6,505.6,127.653,-46.39,113.56
2026-08-22T16:46:02.509666+00:00,Random Search,5,75,4,8,32,128,8,ws,12,34949,10665,24284,0,86.6,32.0,134.4,166.4,171.954,-27.78,113.56
2026-08-22T16:46:02.509666+00:00,Random Search,5,76,48,12,16,8,256,os,4,27838,4022,23816,18800,18.35,576.0,224.0,800.0,44.903,-81.14,113.56
2026-08-22T16:46:02.509666+00:00,Random Search,5,77,24,16,16,16,256,os,32,4076,1494,2582,0,67.49,384.0,230.4,614.4,399.314,67.71,113.56
2026-08-22T16:46:02.509666+00:00,Random Search,5,78,16,48,128,32,8,is,32,5168,1455,3713,0,29.59,768.0,134.4,902.4,214.426,-9.94,113.56
2026-08-22T16:46:02.509666+00:00,Random Search,5,79,16,64,64,64,16,ws,16,5381,1399,3982,0,35.42,1024.0,115.2,1139.2,163.131,-31.49,113.56
2026-08-22T16:46:02.509666+00:00,Random Search,5,80,64,4,64,64,128,ws,32,11228,3358,7870,0,36.21,256.0,204.8,460.8,193.279,-18.82,113.56
2026-08-22T16:46:02.509666+00:00,Random Search,5,81,4,4,128,8,8,ws,16,65230,19455,45775,0,90.0,16.0,115.2,131.2,116.847,-50.92,113.56
2026-08-22T16:46:02.509666+00:00,Random Search,5,82,32,4,8,64,32,is,4,27813,7230,20583,0,39.32,128.0,83.2,211.2,170.239,-28.5,113.56
2026-08-22T16:46:02.509666+00:00,Random Search,5,83,4,16,256,16,8,os,16,18749,5758,12991,0,83.48,64.0,224.0,288.0,185.195,-22.22,113.56
2026-08-22T16:46:02.509666+00:00,Random Search,5,84,8,64,16,16,8,is,12,13823,3003,10820,4893,19.41,512.0,32.0,544.0,132.984,-44.15,113.56
2026-08-22T16:46:02.509666+00:00,Random Search,5,85,12,4,32,128,128,ws,4,62166,15934,46232,11994,56.02,48.0,230.4,278.4,57.78,-75.73,113.56
2026-08-22T16:46:02.509666+00:00,Random Search,5,86,8,12,8,8,64,os,4,28852,5982,22870,11948,51.4,96.0,64.0,160.0,216.623,-9.02,113.56
2026-08-22T16:46:02.509666+00:00,Random Search,5,87,12,24,64,128,8,is,24,8904,2341,6563,0,43.51,288.0,160.0,448.0,250.69,5.29,113.56
2026-08-22T16:46:02.509666+00:00,Random Search,5,88,32,4,256,8,8,os,4,18355,5182,13173,0,69.07,128.0,217.6,345.6,157.642,-33.79,113.56
2026-08-22T16:46:02.509666+00:00,Random Search,5,89,16,24,256,64,32,os,8,8752,2310,6442,0,54.29,384.0,281.6,665.6,171.664,-27.9,113.56
2026-08-22T16:46:02.509666+00:00,Random Search,5,90,32,32,8,128,8,is,8,24137,1655,22482,18372,21.79,1024.0,115.2,1139.2,36.368,-84.73,113.56
2026-08-22T16:46:02.509666+00:00,Random Search,5,91,16,32,128,64,64,ws,4,21005,6126,14879,0,60.39,512.0,204.8,716.8,66.417,-72.11,113.56
2026-08-22T16:46:02.509666+00:00,Random Search,5,92,48,4,8,256,8,os,16,26605,4158,22447,17472,26.53,192.0,217.6,409.6,91.765,-61.46,113.56
2026-08-22T16:46:02.509666+00:00,Random Search,5,93,12,32,8,64,32,is,24,9093,1948,7145,1539,37.02,384.0,83.2,467.2,235.391,-1.14,113.56
2026-08-22T16:46:02.509666+00:00,Random Search,5,94,32,4,256,32,16,is,8,26757,5694,21063,0,39.32,128.0,243.2,371.2,100.683,-57.71,113.56
2026-08-22T16:46:02.509666+00:00,Random Search,5,95,8,8,8,32,128,os,32,16908,5246,11662,0,86.61,64.0,134.4,198.4,298.103,25.2,113.56
2026-08-22T16:46:02.509666+00:00,Random Search,5,96,64,8,64,32,16,ws,4,15285,3630,11655,0,35.6,512.0,89.6,601.6,108.749,-54.33,113.56
2026-08-22T16:46:02.509666+00:00,Random Search,5,97,16,48,256,8,32,ws,12,8657,2842,5815,0,36.67,768.0,236.8,1004.8,114.962,-51.72,113.56
2026-08-22T16:46:02.509666+00:00,Random Search,5,98,16,4,128,128,128,is,12,34544,7978,26566,0,56.9,64.0,307.2,371.2,77.986,-67.25,113.56
2026-08-22T16:46:02.509666+00:00,Random Search,5,99,4,16,8,32,32,os,12,18360,5930,12430,0,83.48,64.0,57.6,121.6,447.913,88.12,113.56
2026-08-22T16:46:02.509666+00:00,Random Search,5,100,24,24,32,16,256,is,4,22584,5428,17156,2478,28.25,576.0,243.2,819.2,54.052,-77.3,113.56
2026-08-22T16:46:02.509666+00:00,Random Search,6,1,64,4,16,64,16,is,16,21973,3614,18359,0,23.91,256.0,76.8,332.8,136.75,-42.57,-42.57
2026-08-22T16:46:02.509666+00:00,Random Search,6,2,4,48,128,8,64,os,4,305558,5694,299864,286546,19.31,192.0,160.0,352.0,9.297,-96.1,-42.57
2026-08-22T16:46:02.509666+00:00,Random Search,6,3,32,12,128,32,16,is,12,11362,2721,8641,0,34.21,384.0,140.8,524.8,167.707,-29.56,-29.56
2026-08-22T16:46:02.509666+00:00,Random Search,6,4,12,48,8,8,128,ws,12,11512,3996,7516,0,36.6,576.0,115.2,691.2,125.674,-47.22,-29.56
2026-08-22T16:46:02.509666+00:00,Random Search,6,5,4,16,8,32,256,ws,24,23495,8404,15091,0,80.59,64.0,236.8,300.8,141.497,-40.57,-29.56
2026-08-22T16:46:02.509666+00:00,Random Search,6,6,4,4,8,16,8,os,24,61672,18260,43412,0,93.72,16.0,25.6,41.6,389.779,63.7,63.7
2026-08-22T16:46:02.509666+00:00,Random Search,6,7,8,24,16,16,256,ws,12,19706,5561,14145,0,54.28,192.0,230.4,422.4,120.137,-49.54,63.7
2026-08-22T16:46:02.509666+00:00,Random Search,6,8,64,8,16,256,32,ws,32,7344,1838,5506,1484,29.62,512.0,243.2,755.2,180.304,-24.27,63.7
2026-08-22T16:46:02.509666+00:00,Random Search,6,9,32,8,64,8,32,os,24,6762,1972,4790,0,67.01,256.0,83.2,339.2,435.982,83.11,83.11
2026-08-22T16:46:02.509666+00:00,Random Search,6,10,16,64,32,8,256,os,16,19678,1078,18600,15292,24.45,1024.0,236.8,1260.8,40.306,-83.07,83.11
2026-08-22T16:46:02.509666+00:00,Random Search,6,11,16,12,128,128,16,os,8,11002,3246,7756,0,69.27,192.0,217.6,409.6,221.906,-6.8,83.11
2026-08-22T16:46:02.509666+00:00,Random Search,6,12,4,8,128,32,64,is,12,46962,13055,33907,0,75.81,32.0,179.2,211.2,100.823,-57.65,83.11
2026-08-22T16:46:02.509666+00:00,Random Search,6,13,12,48,256,32,8,os,12,6574,2316,4258,0,39.33,576.0,236.8,812.8,187.149,-21.4,83.11
2026-08-22T16:46:02.509666+00:00,Random Search,6,14,32,16,8,128,32,ws,24,4335,1647,2688,0,51.76,512.0,134.4,646.4,356.87,49.88,83.11
2026-08-22T16:46:02.509666+00:00,Random Search,6,15,12,4,64,64,8,ws,12,27579,9363,18216,0,73.96,48.0,108.8,156.8,231.247,-2.88,83.11
2026-08-22T16:46:02.509666+00:00,Random Search,6,16,24,12,128,64,8,os,8,8777,2850,5927,0,61.78,288.0,160.0,448.0,254.317,6.81,83.11
2026-08-22T16:46:02.509666+00:00,Random Search,6,17,48,8,16,64,64,os,32,6584,2206,4378,1604,39.8,384.0,115.2,499.2,304.254,27.78,83.11
2026-08-22T16:46:02.509666+00:00,Random Search,6,18,48,8,32,8,32,os,8,38182,3166,35016,30018,20.76,384.0,57.6,441.6,59.308,-75.09,83.11
2026-08-22T16:46:02.509666+00:00,Random Search,6,19,4,64,256,16,8,ws,4,63654,17639,46015,44016,6.81,256.0,224.0,480.0,32.729,-86.25,83.11
2026-08-22T16:46:02.509666+00:00,Random Search,6,20,12,4,16,16,64,os,16,23996,8030,15966,0,82.04,48.0,76.8,124.8,333.923,40.25,83.11
2026-08-22T16:46:02.509666+00:00,Random Search,6,21,48,16,32,16,32,os,4,33742,3566,30176,23694,18.68,768.0,64.0,832.0,35.621,-85.04,83.11
2026-08-22T16:46:02.509666+00:00,Random Search,6,22,48,12,64,8,256,os,24,4761,1889,2872,0,47.25,576.0,262.4,838.4,250.525,5.22,83.11
2026-08-22T16:46:02.509666+00:00,Random Search,6,23,12,48,16,128,64,is,24,8927,2886,6041,1090,26.26,576.0,166.4,742.4,150.889,-36.63,83.11
2026-08-22T16:46:02.509666+00:00,Random Search,6,24,64,16,16,128,128,os,12,7857,1250,6607,4210,28.42,1024.0,217.6,1241.6,102.509,-56.95,83.11
2026-08-22T16:46:02.509666+00:00,Random Search,6,25,4,64,32,16,8,ws,16,15784,4235,11549,4016,26.54,256.0,44.8,300.8,210.623,-11.54,83.11
2026-08-22T16:46:02.509666+00:00,Random Search,6,26,24,16,64,256,32,ws,12,8055,2918,5137,0,57.56,384.0,281.6,665.6,186.518,-21.66,83.11
2026-08-22T16:46:02.509666+00:00,Random Search,6,27,16,24,16,16,128,ws,24,7921,2289,5632,0,48.37,384.0,128.0,512.0,246.576,3.56,83.11
2026-08-22T16:46:02.509666+00:00,Random Search,6,28,4,64,128,32,64,os,4,18020,4126,13894,0,41.77,256.0,179.2,435.2,127.514,-46.45,83.11
2026-08-22T16:46:02.509666+00:00,Random Search,6,29,16,48,32,64,8,ws,4,19612,5911,13701,7648,12.44,768.0,83.2,851.2,59.903,-74.84,83.11
2026-08-22T16:46:02.509666+00:00,Random Search,6,30,24,12,32,64,128,ws,24,8627,2898,5729,260,50.31,288.0,179.2,467.2,248.106,4.2,83.11
2026-08-22T16:46:02.509666+00:00,Random Search,6,31,12,32,8,32,32,is,32,7886,1815,6071,576,39.19,384.0,57.6,441.6,287.154,20.6,83.11
2026-08-22T16:46:02.509666+00:00,Random Search,6,32,24,32,32,32,128,is,16,7956,1906,6050,0,33.15,768.0,153.6,921.6,136.384,-42.72,83.11
2026-08-22T16:46:02.509666+00:00,Random Search,6,33,4,64,128,128,32,is,8,33886,9253,24633,10359,17.89,256.0,230.4,486.4,60.672,-74.52,83.11
2026-08-22T16:46:02.509666+00:00,Random Search,6,34,12,4,64,8,128,os,4,31164,9662,21502,0,82.04,48.0,160.0,208.0,154.271,-35.21,83.11
2026-08-22T16:46:02.509666+00:00,Random Search,6,35,16,4,32,64,128,is,4,47236,11390,35846,0,56.9,64.0,179.2,243.2,87.049,-63.44,83.11
2026-08-22T16:46:02.509666+00:00,Random Search,6,36,8,4,16,8,64,is,4,319943,19710,300233,261434,42.56,32.0,70.4,102.4,30.523,-87.18,83.11
2026-08-22T16:46:02.509666+00:00,Random Search,6,37,4,16,128,32,128,ws,32,21365,7678,13687,0,80.59,64.0,230.4,294.4,158.986,-33.23,83.11
2026-08-22T16:46:02.509666+00:00,Random Search,6,38,64,8,32,128,128,is,4,20144,3630,16514,0,23.4,512.0,230.4,742.4,66.868,-71.92,83.11
2026-08-22T16:46:02.509666+00:00,Random Search,6,39,12,4,256,8,8,os,8,26397,8574,17823,0,82.04,48.0,217.6,265.6,142.632,-40.1,83.11
2026-08-22T16:46:02.509666+00:00,Random Search,6,40,16,48,16,128,16,os,8,6372,2286,4086,634,34.32,768.0,128.0,896.0,175.152,-26.44,83.11
2026-08-22T16:46:02.509666+00:00,Random Search,6,41,32,12,256,32,64,ws,12,9829,2721,7108,0,47.05,384.0,281.6,665.6,152.854,-35.8,83.11
2026-08-22T16:46:02.509666+00:00,Random Search,6,42,12,4,16,64,32,ws,32,25806,9039,16767,0,73.96,48.0,89.6,137.6,281.618,18.28,83.11
2026-08-22T16:46:02.509666+00:00,Random Search,6,43,32,32,16,64,256,ws,12,6014,1655,4359,568,38.73,1024.0,268.8,1292.8,128.619,-45.98,83.11
2026-08-22T16:46:02.509666+00:00,Random Search,6,44,64,4,32,32,128,is,24,22197,3444,18753,0,23.91,256.0,153.6,409.6,109.988,-53.81,83.11
2026-08-22T16:46:02.509666+00:00,Random Search,6,45,32,24,32,8,64,os,16,9270,1218,8052,4762,30.55,768.0,83.2,851.2,126.733,-46.77,83.11
2026-08-22T16:46:02.509666+00:00,Random Search,6,46,4,12,32,8,16,is,24,30770,8404,22366,0,66.69,48.0,44.8,92.8,350.207,47.08,83.11
2026-08-22T16:46:02.509666+00:00,Random Search,6,47,16,48,32,16,8,is,24,5352,1561,3791,0,29.59,768.0,44.8,812.8,229.879,-3.45,83.11
2026-08-22T16:46:02.509666+00:00,Random Search,6,48,12,24,64,16,16,os,16,8160,2306,5854,0,52.79,288.0,76.8,364.8,335.935,41.09,83.11
2026-08-22T16:46:02.509666+00:00,Random Search,6,49,64,12,64,32,32,os,24,4493,1189,3304,0,42.67,768.0,102.4,870.4,255.708,7.4,83.11
2026-08-22T16:46:02.509666+00:00,Random Search,6,50,24,24,8,256,8,is,12,16569,1930,14639,10329,23.0,576.0,217.6,793.6,76.05,-68.06,83.11
2026-08-22T16:46:02.509666+00:00,Random Search,6,51,16,8,64,16,32,ws,4,26389,8382,18007,0,70.95,128.0,89.6,217.6,174.148,-26.86,83.11
2026-08-22T16:46:02.509666+00:00,Random Search,6,52,16,48,8,32,32,is,4,46161,6254,39907,33610,16.22,768.0,57.6,825.6,26.239,-88.98,83.11
2026-08-22T16:46:02.509666+00:00,Random Search,6,53,64,8,64,8,128,ws,16,8020,2094,5926,0,35.6,512.0,160.0,672.0,185.548,-22.07,83.11
2026-08-22T16:46:02.509666+00:00,Random Search,6,54,8,12,8,16,256,os,24,13451,4297,9154,0,74.21,96.0,224.0,320.0,232.325,-2.43,83.11
2026-08-22T16:46:02.509666+00:00,Random Search,6,55,4,64,32,256,8,ws,16,15784,4235,11549,4016,26.54,256.0,236.8,492.8,128.562,-46.0,83.11
2026-08-22T16:46:02.509666+00:00,Random Search,6,56,32,24,8,64,8,ws,8,8405,1987,6418,2934,27.24,768.0,64.0,832.0,143.001,-39.94,83.11
2026-08-22T16:46:02.509666+00:00,Random Search,6,57,48,4,16,8,128,is,4,307164,8254,298910,279368,13.76,192.0,121.6,313.6,10.381,-95.64,83.11
2026-08-22T16:46:02.509666+00:00,Random Search,6,58,12,4,64,256,64,is,32,35957,9550,26407,0,59.2,48.0,307.2,355.2,78.297,-67.12,83.11
2026-08-22T16:46:02.509666+00:00,Random Search,6,59,8,8,128,32,32,os,4,24748,7038,17710,0,86.61,64.0,153.6,217.6,185.695,-22.01,83.11
2026-08-22T16:46:02.509666+00:00,Random Search,6,60,64,16,16,8,16,is,4,75355,2870,72485,64332,16.02,1024.0,32.0,1056.0,12.567,-94.72,83.11
2026-08-22T16:46:02.509666+00:00,Random Search,6,61,12,48,32,256,8,os,4,15692,4022,11670,4362,24.04,576.0,236.8,812.8,78.404,-67.07,83.11
2026-08-22T16:46:02.509666+00:00,Random Search,6,62,16,12,16,32,128,is,24,13477,3417,10060,0,48.47,192.0,140.8,332.8,222.958,-6.36,83.11
2026-08-22T16:46:02.509666+00:00,Random Search,6,63,12,4,32,64,256,is,4,58908,15934,42974,0,59.2,48.0,281.6,329.6,51.504,-78.37,83.11
2026-08-22T16:46:02.509666+00:00,Random Search,6,64,16,64,256,32,64,os,4,10946,2614,8332,0,38.8,1024.0,281.6,1305.6,69.974,-70.61,83.11
2026-08-22T16:46:02.509666+00:00,Random Search,6,65,32,12,64,128,32,ws,4,16808,4854,11954,0,47.05,384.0,179.2,563.2,105.638,-55.63,83.11
2026-08-22T16:46:02.509666+00:00,Random Search,6,66,12,12,64,256,16,is,16,15510,4327,11183,0,50.05,144.0,268.8,412.8,156.188,-34.4,83.11
2026-08-22T16:46:02.509666+00:00,Random Search,6,67,8,16,64,16,64,ws,32,11613,4158,7455,0,75.44,128.0,115.2,243.2,354.072,48.71,83.11
2026-08-22T16:46:02.509666+00:00,Random Search,6,68,64,12,16,32,128,os,8,14020,1914,12106,8546,24.75,768.0,140.8,908.8,78.484,-67.04,83.11
2026-08-22T16:46:02.509666+00:00,Random Search,6,69,12,8,64,32,128,is,4,44204,11806,32398,0,56.08,96.0,179.2,275.2,82.203,-65.48,83.11
2026-08-22T16:46:02.509666+00:00,Random Search,6,70,32,32,256,32,8,ws,24,3227,972,2255,0,47.54,1024.0,236.8,1260.8,245.785,3.23,83.11
2026-08-22T16:46:02.509666+00:00,Random Search,6,71,4,8,8,16,64,os,4,35996,11518,24478,0,90.0,32.0,70.4,102.4,271.298,13.94,83.11
2026-08-22T16:46:02.509666+00:00,Random Search,6,72,8,64,128,128,16,is,12,12933,2956,9977,1363,29.51,512.0,217.6,729.6,105.978,-55.49,83.11
2026-08-22T16:46:02.509666+00:00,Random Search,6,73,8,48,16,16,32,ws,32,7130,2719,4411,0,40.25,384.0,51.2,435.2,322.271,35.35,83.11
2026-08-22T16:46:02.509666+00:00,Random Search,6,74,4,8,32,16,64,os,8,45182,10494,34688,9890,75.58,32.0,89.6,121.6,182.012,-23.56,83.11
2026-08-22T16:46:02.509666+00:00,Random Search,6,75,16,24,8,8,128,os,4,21458,3270,18188,12738,33.31,384.0,115.2,499.2,93.355,-60.79,83.11
2026-08-22T16:46:02.509666+00:00,Random Search,6,76,48,12,256,16,64,is,8,13116,3830,9286,0,22.76,576.0,268.8,844.8,90.249,-62.1,83.11
2026-08-22T16:46:02.509666+00:00,Random Search,6,77,16,8,128,8,16,ws,24,11465,3775,7690,0,70.95,128.0,121.6,249.6,349.447,46.77,83.11
2026-08-22T16:46:02.509666+00:00,Random Search,6,78,16,64,32,128,32,is,32,5455,1270,4185,0,29.81,1024.0,153.6,1177.6,155.671,-34.62,83.11
2026-08-22T16:46:02.509666+00:00,Random Search,6,79,16,64,128,8,16,os,4,78154,2614,75540,67208,23.04,1024.0,121.6,1145.6,11.169,-95.31,83.11
2026-08-22T16:46:02.509666+00:00,Random Search,6,80,48,4,32,8,32,os,8,76754,4926,71828,64550,21.22,192.0,57.6,249.6,52.198,-78.08,83.11
2026-08-22T16:46:02.509666+00:00,Random Search,6,81,24,4,64,256,64,os,32,13540,4590,8950,0,73.97,96.0,307.2,403.2,183.173,-23.07,83.11
2026-08-22T16:46:02.509666+00:00,Random Search,6,82,16,4,16,128,32,ws,4,57087,11390,45697,28658,45.16,64.0,140.8,204.8,85.533,-64.08,83.11
2026-08-22T16:46:02.509666+00:00,Random Search,6,83,8,12,64,64,8,ws,12,16158,5043,11115,0,69.26,96.0,108.8,204.8,302.192,26.92,83.11
2026-08-22T16:46:02.509666+00:00,Random Search,6,84,32,16,8,128,16,ws,4,17359,4206,13153,8118,28.82,512.0,121.6,633.6,90.92,-61.81,83.11
2026-08-22T16:46:02.509666+00:00,Random Search,6,85,4,24,32,128,16,is,16,20084,5314,14770,0,56.08,96.0,140.8,236.8,210.266,-11.69,83.11
2026-08-22T16:46:02.509666+00:00,Random Search,6,86,8,64,64,8,256,os,4,153198,3118,150080,139894,24.35,512.0,262.4,774.4,8.429,-96.46,83.11
2026-08-22T16:46:02.509666+00:00,Random Search,6,87,24,16,64,8,128,is,8,44014,3558,40456,29334,25.1,384.0,160.0,544.0,41.765,-82.46,83.11
2026-08-22T16:46:02.509666+00:00,Random Search,6,88,64,8,256,64,64,is,8,15888,2606,13282,0,23.4,512.0,307.2,819.2,76.832,-67.73,83.11
2026-08-22T16:46:02.509666+00:00,Random Search,6,89,24,8,32,32,256,is,16,15924,3886,12038,0,42.72,192.0,256.0,448.0,140.175,-41.13,83.11
2026-08-22T16:46:02.509666+00:00,Random Search,6,90,8,4,8,32,16,is,12,44603,11519,33084,0,71.03,32.0,44.8,76.8,291.927,22.61,83.11
2026-08-22T16:46:02.509666+00:00,Random Search,6,91,24,32,8,128,16,ws,16,3711,1382,2329,6,52.37,768.0,121.6,889.6,302.91,27.22,83.11
2026-08-22T16:46:02.509666+00:00,Random Search,6,92,12,24,64,32,16,os,24,7451,2125,5326,0,52.79,288.0,89.6,377.6,355.429,49.28,83.11
2026-08-22T16:46:02.509666+00:00,Random Search,6,93,4,64,32,64,16,is,32,14118,2527,11591,0,35.66,256.0,89.6,345.6,204.952,-13.92,83.11
2026-08-22T16:46:02.509666+00:00,Random Search,6,94,64,12,128,8,32,os,12,6158,1510,4648,0,42.67,768.0,134.4,902.4,179.954,-24.42,83.11
2026-08-22T16:46:02.509666+00:00,Random Search,6,95,24,32,32,256,8,is,32,5030,1123,3907,0,33.15,768.0,236.8,1004.8,197.857,-16.9,83.11
2026-08-22T16:46:02.509666+00:00,Random Search,6,96,24,32,64,32,8,is,8,8577,1940,6637,9,33.11,768.0,83.2,851.2,136.972,-42.47,83.11
2026-08-22T16:46:02.509666+00:00,Random Search,6,97,16,64,256,64,32,os,8,6754,1590,5164,0,38.8,1024.0,281.6,1305.6,113.404,-52.37,83.11
2026-08-22T16:46:02.509666+00:00,Random Search,6,98,4,48,32,16,64,is,4,52845,13503,39342,17255,24.59,192.0,89.6,281.6,67.199,-71.78,83.11
2026-08-22T16:46:02.509666+00:00,Random Search,6,99,32,32,32,64,16,is,12,6724,1655,5069,0,30.57,1024.0,89.6,1113.6,133.55,-43.91,83.11
2026-08-22T16:46:02.509666+00:00,Random Search,6,100,24,16,128,128,64,ws,16,8060,2566,5494,0,57.56,384.0,256.0,640.0,193.859,-18.58,83.11
2026-08-22T16:46:02.509666+00:00,Random Search,7,1,16,16,16,32,8,ws,12,6914,2442,4472,58,66.38,256.0,44.8,300.8,480.831,101.95,101.95
2026-08-22T16:46:02.509666+00:00,Random Search,7,2,8,24,64,64,64,is,24,13152,4004,9148,0,50.76,192.0,153.6,345.6,220.006,-7.6,101.95
2026-08-22T16:46:02.509666+00:00,Random Search,7,3,24,8,16,16,32,ws,4,32589,7054,25535,15920,32.47,192.0,51.2,243.2,126.173,-47.01,101.95
2026-08-22T16:46:02.509666+00:00,Random Search,7,4,4,24,8,16,256,ws,16,24773,8894,15879,0,57.86,96.0,224.0,320.0,126.145,-47.02,101.95
2026-08-22T16:46:02.509666+00:00,Random Search,7,5,4,48,8,32,128,is,24,17605,6676,10929,0,36.69,192.0,134.4,326.4,174.026,-26.91,101.95
2026-08-22T16:46:02.509666+00:00,Random Search,7,6,48,8,8,64,16,os,4,47308,3934,43374,38696,20.19,384.0,70.4,454.4,46.519,-80.46,101.95
2026-08-22T16:46:02.509666+00:00,Random Search,7,7,4,64,256,8,32,is,16,18925,4894,14031,1111,30.87,256.0,236.8,492.8,107.224,-54.97,101.95
2026-08-22T16:46:02.509666+00:00,Random Search,7,8,16,48,128,8,64,is,8,17693,3950,13743,6366,19.66,768.0,160.0,928.0,60.905,-74.42,101.95
2026-08-22T16:46:02.509666+00:00,Random Search,7,9,64,8,8,16,128,os,12,11318,1754,9564,6230,31.27,512.0,121.6,633.6,139.449,-41.43,101.95
2026-08-22T16:46:02.509666+00:00,Random Search,7,10,4,24,128,128,8,is,4,64052,17859,46193,36230,18.07,96.0,211.2,307.2,50.821,-78.66,101.95
2026-08-22T16:46:02.509666+00:00,Random Search,7,11,32,24,64,128,16,ws,8,8509,2498,6011,0,37.77,768.0,166.4,934.4,125.773,-47.18,101.95
2026-08-22T16:46:02.509666+00:00,Random Search,7,12,12,12,8,32,8,is,8,14950,4615,10335,0,50.05,144.0,38.4,182.4,366.719,54.02,101.95
2026-08-22T16:46:02.509666+00:00,Random Search,7,13,4,16,8,128,64,ws,8,29830,10111,19719,2839,72.27,64.0,160.0,224.0,149.658,-37.14,101.95
2026-08-22T16:46:02.509666+00:00,Random Search,7,14,4,64,16,16,16,is,4,60226,17717,42509,37340,7.48,256.0,38.4,294.4,56.4,-76.31,101.95
2026-08-22T16:46:02.509666+00:00,Random Search,7,15,24,24,32,64,64,os,8,17702,2076,15626,10724,27.44,576.0,128.0,704.0,80.243,-66.3,101.95
2026-08-22T16:46:02.509666+00:00,Random Search,7,16,24,16,16,8,32,ws,8,11689,3622,8067,3164,37.92,384.0,44.8,428.8,199.511,-16.21,101.95
2026-08-22T16:46:02.509666+00:00,Random Search,7,17,4,32,128,128,8,os,4,17228,5182,12046,0,73.12,128.0,211.2,339.2,171.123,-28.13,101.95
2026-08-22T16:46:02.509666+00:00,Random Search,7,18,12,24,16,16,256,is,24,11454,3194,8260,0,43.51,288.0,230.4,518.4,168.414,-29.27,101.95
2026-08-22T16:46:02.509666+00:00,Random Search,7,19,4,64,64,16,256,ws,8,35899,10846,25053,0,40.72,256.0,268.8,524.8,53.079,-77.71,101.95
2026-08-22T16:46:02.509666+00:00,Random Search,7,20,48,12,32,8,16,ws,16,8373,2934,5439,1814,25.34,576.0,44.8,620.8,192.383,-19.2,101.95
2026-08-22T16:46:02.509666+00:00,Random Search,7,21,24,16,64,128,128,os,16,5532,1766,3766,0,67.49,384.0,256.0,640.0,282.448,18.63,101.95
2026-08-22T16:46:02.509666+00:00,Random Search,7,22,4,24,256,32,64,is,16,23425,6847,16578,0,56.08,96.0,281.6,377.6,113.055,-52.52,101.95
2026-08-22T16:46:02.509666+00:00,Random Search,7,23,48,16,64,8,256,ws,4,15136,4974,10162,0,40.63,768.0,262.4,1030.4,64.118,-73.07,101.95
2026-08-22T16:46:02.509666+00:00,Random Search,7,24,8,12,32,16,8,is,32,17662,4591,13071,0,59.2,96.0,44.8,140.8,402.122,68.89,101.95
2026-08-22T16:46:02.509666+00:00,Random Search,7,25,12,12,128,16,8,ws,12,12555,4251,8304,0,61.77,144.0,121.6,265.6,299.885,25.95,101.95
2026-08-22T16:46:02.509666+00:00,Random Search,7,26,64,8,8,32,16,os,16,8748,1582,7166,4024,33.73,512.0,44.8,556.8,205.301,-13.77,101.95
2026-08-22T16:46:02.509666+00:00,Random Search,7,27,4,32,16,8,32,is,24,17470,4116,13354,0,51.96,128.0,44.8,172.8,331.256,39.13,101.95
2026-08-22T16:46:02.509666+00:00,Random Search,7,28,64,4,64,8,16,is,4,305935,5150,300785,276698,16.94,256.0,70.4,326.4,10.014,-95.79,101.95
2026-08-22T16:46:02.509666+00:00,Random Search,7,29,64,8,16,32,256,os,24,6464,1412,5052,1952,38.24,512.0,243.2,755.2,204.85,-13.96,101.95
2026-08-22T16:46:02.509666+00:00,Random Search,7,30,24,8,32,8,32,ws,8,16719,4942,11777,3570,44.88,192.0,57.6,249.6,239.632,0.64,101.95
2026-08-22T16:46:02.509666+00:00,Random Search,7,31,4,24,8,256,16,ws,16,19353,5314,14039,874,56.06,96.0,224.0,320.0,161.474,-32.18,101.95
2026-08-22T16:46:02.509666+00:00,Random Search,7,32,12,12,64,16,8,is,8,16966,4615,12351,0,50.05,144.0,70.4,214.4,274.913,15.46,101.95
2026-08-22T16:46:02.509666+00:00,Random Search,7,33,4,16,256,8,32,os,8,21100,6270,14830,0,83.48,64.0,236.8,300.8,157.558,-33.83,101.95
2026-08-22T16:46:02.509666+00:00,Random Search,7,34,48,12,128,64,32,ws,4,16510,5622,10888,0,36.77,576.0,179.2,755.2,80.203,-66.32,101.95
2026-08-22T16:46:02.509666+00:00,Random Search,7,35,8,16,16,8,64,os,12,10475,3434,7041,0,80.6,128.0,70.4,198.4,481.176,102.09,102.09
2026-08-22T16:46:02.509666+00:00,Random Search,7,36,16,4,16,256,64,is,8,32325,8830,23495,0,56.9,64.0,268.8,332.8,92.956,-60.96,102.09
2026-08-22T16:46:02.509666+00:00,Random Search,7,37,24,16,16,32,128,ws,12,9493,2918,6575,1118,46.66,384.0,140.8,524.8,200.726,-15.7,102.09
2026-08-22T16:46:02.509666+00:00,Random Search,7,38,8,24,8,128,8,is,16,10969,2959,8010,0,50.76,192.0,115.2,307.2,296.764,24.64,102.09
2026-08-22T16:46:02.509666+00:00,Random Search,7,39,48,8,32,64,256,ws,32,7472,3102,4370,476,38.07,384.0,281.6,665.6,201.071,-15.55,102.09
2026-08-22T16:46:02.509666+00:00,Random Search,7,40,8,8,256,8,16,os,12,19160,5674,13486,0,86.61,64.0,224.0,288.0,181.222,-23.89,102.09
2026-08-22T16:46:02.509666+00:00,Random Search,7,41,64,4,8,16,128,os,16,23952,2590,21362,15748,30.86,256.0,121.6,377.6,110.567,-53.56,102.09
2026-08-22T16:46:02.509666+00:00,Random Search,7,42,16,8,256,32,32,os,24,10122,3092,7030,0,80.6,128.0,256.0,384.0,257.278,8.06,102.09
2026-08-22T16:46:02.509666+00:00,Random Search,7,43,48,16,8,128,128,os,4,21706,3054,18652,15114,19.59,768.0,211.2,979.2,47.049,-80.24,102.09
2026-08-22T16:46:02.509666+00:00,Random Search,7,44,8,64,16,8,128,ws,4,32657,10350,22307,968,35.61,512.0,121.6,633.6,48.329,-79.7,102.09
2026-08-22T16:46:02.509666+00:00,Random Search,7,45,8,4,64,32,256,is,16,51676,12798,38878,0,71.03,32.0,281.6,313.6,61.707,-74.08,102.09
2026-08-22T16:46:02.509666+00:00,Random Search,7,46,64,4,256,32,16,ws,12,13134,3786,9348,0,36.21,256.0,243.2,499.2,152.521,-35.94,102.09
2026-08-22T16:46:02.509666+00:00,Random Search,7,47,64,4,8,32,32,is,8,24116,4126,19990,0,23.91,256.0,57.6,313.6,132.227,-44.47,102.09
2026-08-22T16:46:02.509666+00:00,Random Search,7,48,8,64,128,16,128,ws,8,19695,5742,13953,0,38.78,512.0,217.6,729.6,69.592,-70.77,102.09
2026-08-22T16:46:02.509666+00:00,Random Search,7,49,16,64,16,128,64,os,8,5852,1590,4262,538,35.36,1024.0,166.4,1190.4,143.55,-39.71,102.09
2026-08-22T16:46:02.509666+00:00,Random Search,7,50,8,4,16,8,16,is,24,60704,11007,49697,16914,60.05,32.0,32.0,64.0,257.397,8.1,102.09
2026-08-22T16:46:02.509666+00:00,Random Search,7,51,48,12,8,64,16,ws,8,18159,3638,14521,10920,15.53,576.0,70.4,646.4,85.194,-64.22,102.09
2026-08-22T16:46:02.509666+00:00,Random Search,7,52,4,32,16,32,128,os,8,12164,4158,8006,0,73.12,128.0,140.8,268.8,305.84,28.45,102.09
2026-08-22T16:46:02.509666+00:00,Random Search,7,53,48,16,32,64,128,ws,16,7502,2286,5216,1806,25.25,768.0,179.2,947.2,140.728,-40.9,102.09
2026-08-22T16:46:02.509666+00:00,Random Search,7,54,4,32,8,8,64,ws,4,48171,12479,35692,19413,41.37,128.0,64.0,192.0,108.122,-54.59,102.09
2026-08-22T16:46:02.509666+00:00,Random Search,7,55,12,8,16,128,16,os,12,13501,4660,8841,0,79.15,96.0,128.0,224.0,330.663,38.88,102.09
2026-08-22T16:46:02.509666+00:00,Random Search,7,56,32,16,128,8,128,os,24,4270,1220,3050,0,63.25,512.0,211.2,723.2,323.827,36.01,102.09
2026-08-22T16:46:02.509666+00:00,Random Search,7,57,48,4,64,256,64,is,8,25332,6974,18358,0,25.48,192.0,307.2,499.2,79.078,-66.79,102.09
2026-08-22T16:46:02.509666+00:00,Random Search,7,58,24,16,256,64,64,ws,24,6700,2214,4486,0,57.56,384.0,307.2,691.2,215.934,-9.31,102.09
2026-08-22T16:46:02.509666+00:00,Random Search,7,59,16,12,32,16,256,ws,8,21922,5166,16756,4504,44.99,192.0,243.2,435.2,104.817,-55.98,102.09
2026-08-22T16:46:02.509666+00:00,Random Search,7,60,32,8,16,8,8,is,12,52120,2826,49294,39220,26.57,256.0,25.6,281.6,68.134,-71.38,102.09
2026-08-22T16:46:02.509666+00:00,Random Search,7,61,64,8,16,32,256,is,16,12432,2094,10338,0,23.4,512.0,243.2,755.2,106.512,-55.27,102.09
2026-08-22T16:46:02.509666+00:00,Random Search,7,62,32,4,8,128,16,is,32,22549,4542,18007,0,39.32,128.0,121.6,249.6,177.676,-25.38,102.09
2026-08-22T16:46:02.509666+00:00,Random Search,7,63,16,48,32,16,64,is,24,6493,2073,4420,0,29.59,768.0,89.6,857.6,179.585,-24.58,102.09
2026-08-22T16:46:02.509666+00:00,Random Search,7,64,16,8,16,16,16,is,4,21661,6335,15326,0,54.24,128.0,38.4,166.4,277.439,16.52,102.09
2026-08-22T16:46:02.509666+00:00,Random Search,7,65,12,24,256,8,8,is,32,8578,2251,6327,0,43.51,288.0,217.6,505.6,230.572,-3.16,102.09
2026-08-22T16:46:02.509666+00:00,Random Search,7,66,8,64,8,64,256,ws,4,38870,10350,28520,1486,34.38,512.0,262.4,774.4,33.222,-86.05,102.09
2026-08-22T16:46:02.509666+00:00,Random Search,7,67,12,24,32,128,128,is,24,11795,3194,8601,0,43.51,288.0,230.4,518.4,163.545,-31.31,102.09
2026-08-22T16:46:02.509666+00:00,Random Search,7,68,4,48,128,128,32,ws,8,31726,9639,22087,11064,24.35,192.0,230.4,422.4,74.621,-68.66,102.09
2026-08-22T16:46:02.509666+00:00,Random Search,7,69,64,4,16,128,128,os,32,11306,2334,8972,3534,39.74,256.0,217.6,473.6,186.758,-21.56,102.09
2026-08-22T16:46:02.509666+00:00,Random Search,7,70,16,8,16,32,32,is,4,23945,8382,15563,0,54.24,128.0,64.0,192.0,217.512,-8.65,102.09
2026-08-22T16:46:02.509666+00:00,Random Search,7,71,48,4,16,8,64,is,8,156310,6718,149592,132802,14.35,192.0,70.4,262.4,24.381,-89.76,102.09
2026-08-22T16:46:02.509666+00:00,Random Search,7,72,32,16,64,64,8,os,32,3769,1134,2635,0,63.25,512.0,108.8,620.8,427.388,79.5,102.09
2026-08-22T16:46:02.509666+00:00,Random Search,7,73,16,24,256,8,16,ws,24,6613,1927,4686,0,48.37,384.0,224.0,608.0,248.713,4.46,102.09
2026-08-22T16:46:02.509666+00:00,Random Search,7,74,24,32,128,8,64,os,32,7302,978,6324,4346,31.95,768.0,160.0,928.0,147.574,-38.02,102.09
2026-08-22T16:46:02.509666+00:00,Random Search,7,75,16,4,16,16,32,os,8,34022,6270,27752,14490,58.85,64.0,51.2,115.2,255.145,7.16,102.09
2026-08-22T16:46:02.509666+00:00,Random Search,7,76,64,16,16,32,8,os,24,4084,908,3176,1482,34.09,1024.0,44.8,1068.8,229.096,-3.78,102.09
2026-08-22T16:46:02.509666+00:00,Random Search,7,77,4,48,8,128,128,ws,8,33269,12734,20535,0,42.33,192.0,211.2,403.2,74.549,-68.69,102.09
2026-08-22T16:46:02.509666+00:00,Random Search,7,78,8,8,256,16,16,os,12,19160,5674,13486,0,86.61,64.0,230.4,294.4,177.283,-25.54,102.09
2026-08-22T16:46:02.509666+00:00,Random Search,7,79,32,32,8,32,128,os,24,2310,844,1466,54,55.36,1024.0,134.4,1158.4,373.705,56.95,102.09
2026-08-22T16:46:02.509666+00:00,Random Search,7,80,24,16,16,8,16,os,4,18400,3398,15002,9620,35.23,384.0,32.0,416.0,130.644,-45.13,102.09
2026-08-22T16:46:02.509666+00:00,Random Search,7,81,8,32,128,128,16,os,8,9096,2654,6442,0,70.96,256.0,217.6,473.6,232.134,-2.51,102.09
2026-08-22T16:46:02.509666+00:00,Random Search,7,82,16,24,128,16,8,os,16,6369,1766,4603,0,54.29,384.0,121.6,505.6,310.543,30.43,102.09
2026-08-22T16:46:02.509666+00:00,Random Search,7,83,8,24,128,16,8,os,8,12261,3342,8919,0,57.86,192.0,121.6,313.6,260.075,9.23,102.09
2026-08-22T16:46:02.509666+00:00,Random Search,7,84,32,16,8,128,128,ws,4,21454,4206,17248,8118,28.82,512.0,211.2,723.2,64.452,-72.93,102.09
2026-08-22T16:46:02.509666+00:00,Random Search,7,85,24,16,32,64,32,os,8,17920,2310,15610,10804,34.56,384.0,102.4,486.4,114.728,-51.82,102.09
2026-08-22T16:46:02.509666+00:00,Random Search,7,86,4,16,16,64,8,is,32,23574,5759,17815,0,66.85,64.0,70.4,134.4,315.622,32.56,102.09
2026-08-22T16:46:02.509666+00:00,Random Search,7,87,4,48,32,128,32,os,8,14532,4926,9606,0,43.46,192.0,153.6,345.6,199.114,-16.37,102.09
2026-08-22T16:46:02.509666+00:00,Random Search,7,88,48,12,256,64,8,os,24,4591,1889,2702,0,47.25,576.0,262.4,838.4,259.801,9.11,102.09
2026-08-22T16:46:02.509666+00:00,Random Search,7,89,64,4,16,16,32,ws,32,13930,3358,10572,3310,29.61,256.0,51.2,307.2,233.683,-1.85,102.09
2026-08-22T16:46:02.509666+00:00,Random Search,7,90,16,12,32,8,256,ws,32,10010,3182,6828,0,61.26,192.0,236.8,428.8,232.976,-2.15,102.09
2026-08-22T16:46:02.509666+00:00,Random Search,7,91,16,24,64,16,128,os,8,8752,2310,6442,0,54.29,384.0,166.4,550.4,207.594,-12.81,102.09
2026-08-22T16:46:02.509666+00:00,Random Search,7,92,16,32,32,32,128,is,16,10130,2286,7844,0,40.74,512.0,153.6,665.6,148.312,-37.71,102.09
2026-08-22T16:46:02.509666+00:00,Random Search,7,93,64,12,8,16,8,ws,12,14583,1936,12647,9551,17.67,768.0,25.6,793.6,86.408,-63.71,102.09
2026-08-22T16:46:02.509666+00:00,Random Search,7,94,32,16,128,16,64,os,4,11736,2926,8810,0,63.25,512.0,166.4,678.4,125.601,-47.25,102.09
2026-08-22T16:46:02.509666+00:00,Random Search,7,95,64,4,128,16,128,os,4,17228,4126,13102,0,50.35,256.0,217.6,473.6,122.561,-48.53,102.09
2026-08-22T16:46:02.509666+00:00,Random Search,7,96,32,4,32,8,64,is,32,42840,4542,38298,19428,31.61,128.0,83.2,211.2,110.524,-53.58,102.09
2026-08-22T16:46:02.509666+00:00,Random Search,7,97,4,32,128,8,128,os,8,154326,4158,150168,140594,34.43,128.0,211.2,339.2,19.103,-91.98,102.09
2026-08-22T16:46:02.509666+00:00,Random Search,7,98,4,64,128,128,8,ws,8,32134,8935,23199,17392,13.45,256.0,211.2,467.2,66.609,-72.02,102.09
2026-08-22T16:46:02.509666+00:00,Random Search,7,99,12,48,64,128,32,ws,24,6024,2204,3820,0,36.6,576.0,179.2,755.2,219.813,-7.68,102.09
2026-08-22T16:46:02.509666+00:00,Random Search,7,100,32,8,256,8,8,os,24,6592,1972,4620,0,67.01,256.0,217.6,473.6,320.31,34.53,102.09
2026-08-22T16:46:02.509666+00:00,Random Search,8,1,12,16,8,32,32,os,32,6780,2414,4366,0,73.98,192.0,57.6,249.6,590.916,148.18,148.18
2026-08-22T16:46:02.509666+00:00,Random Search,8,2,16,64,8,256,32,os,16,3938,1078,2860,0,38.8,1024.0,236.8,1260.8,201.409,-15.41,148.18
2026-08-22T16:46:02.509666+00:00,Random Search,8,3,16,64,64,8,128,is,4,41994,5750,36244,15564,21.99,1024.0,160.0,1184.0,20.112,-91.55,148.18
2026-08-22T16:46:02.509666+00:00,Random Search,8,4,8,12,64,16,128,is,12,24523,7433,17090,0,59.2,96.0,166.4,262.4,155.404,-34.73,148.18
2026-08-22T16:46:02.509666+00:00,Random Search,8,5,12,4,16,16,256,os,12,27007,8212,18795,2562,75.46,48.0,230.4,278.4,133.001,-44.14,148.18
2026-08-22T16:46:02.509666+00:00,Random Search,8,6,4,16,64,64,16,os,24,18306,5588,12718,0,83.48,64.0,115.2,179.2,304.838,28.03,148.18
2026-08-22T16:46:02.509666+00:00,Random Search,8,7,4,64,8,256,8,os,24,10384,2420,7964,0,41.77,256.0,217.6,473.6,203.34,-14.6,148.18
2026-08-22T16:46:02.509666+00:00,Random Search,8,8,8,16,32,64,256,is,24,18724,4543,14181,0,59.86,128.0,281.6,409.6,130.389,-45.24,148.18
2026-08-22T16:46:02.509666+00:00,Random Search,8,9,12,24,128,32,16,os,32,7096,2034,5062,0,52.79,288.0,140.8,428.8,328.648,38.03,148.18
2026-08-22T16:46:02.509666+00:00,Random Search,8,10,32,24,64,16,64,os,8,7228,1794,5434,0,45.97,768.0,115.2,883.2,156.647,-34.21,148.18
2026-08-22T16:46:02.509666+00:00,Random Search,8,11,12,8,64,16,64,os,24,13127,4297,8830,0,79.15,96.0,115.2,211.2,360.695,51.49,148.18
2026-08-22T16:46:02.509666+00:00,Random Search,8,12,24,8,64,128,64,is,8,20276,4942,15334,0,42.72,192.0,204.8,396.8,124.293,-47.8,148.18
2026-08-22T16:46:02.509666+00:00,Random Search,8,13,4,12,32,256,8,ws,16,27062,8415,18647,0,74.2,48.0,236.8,284.8,129.748,-45.51,148.18
2026-08-22T16:46:02.509666+00:00,Random Search,8,14,32,4,64,32,16,os,32,11372,3390,7982,0,69.07,128.0,89.6,217.6,404.114,69.73,148.18
2026-08-22T16:46:02.509666+00:00,Random Search,8,15,32,16,8,8,256,ws,32,4584,1518,3066,0,51.76,512.0,217.6,729.6,299.0,25.58,148.18
2026-08-22T16:46:02.509666+00:00,Random Search,8,16,32,4,8,128,16,ws,16,17327,4926,12401,3298,46.78,128.0,121.6,249.6,231.224,-2.89,148.18
2026-08-22T16:46:02.509666+00:00,Random Search,8,17,24,4,128,64,64,is,8,31340,7582,23758,0,44.47,96.0,204.8,300.8,106.077,-55.45,148.18
2026-08-22T16:46:02.509666+00:00,Random Search,8,18,32,16,64,32,128,is,4,20098,4206,15892,0,35.65,512.0,179.2,691.2,71.985,-69.77,148.18
2026-08-22T16:46:02.509666+00:00,Random Search,8,19,64,4,16,16,64,is,8,24372,4126,20246,0,23.91,256.0,76.8,332.8,123.289,-48.22,148.18
2026-08-22T16:46:02.509666+00:00,Random Search,8,20,12,4,8,256,32,os,24,23378,7828,15550,0,82.04,48.0,236.8,284.8,150.194,-36.92,148.18
2026-08-22T16:46:02.509666+00:00,Random Search,8,21,24,8,128,128,64,os,16,8556,2798,5758,0,71.66,192.0,256.0,448.0,260.886,9.57,148.18
2026-08-22T16:46:02.509666+00:00,Random Search,8,22,4,64,32,128,64,os,8,13284,3102,10182,0,41.77,256.0,179.2,435.2,172.975,-27.35,148.18
2026-08-22T16:46:02.509666+00:00,Random Search,8,23,32,12,128,32,32,is,8,13037,3254,9783,0,34.21,384.0,153.6,537.6,142.68,-40.08,148.18
2026-08-22T16:46:02.509666+00:00,Random Search,8,24,12,16,64,128,8,os,16,8109,2702,5407,0,73.98,192.0,160.0,352.0,350.34,47.14,148.18
2026-08-22T16:46:02.509666+00:00,Random Search,8,25,4,8,64,64,16,ws,12,35897,11007,24890,0,86.6,32.0,115.2,147.2,189.249,-20.52,148.18
2026-08-22T16:46:02.509666+00:00,Random Search,8,26,12,48,32,32,16,ws,8,11988,3399,8589,2182,26.29,576.0,64.0,640.0,130.339,-45.26,148.18
2026-08-22T16:46:02.509666+00:00,Random Search,8,27,32,32,128,8,128,os,32,6158,758,5400,3508,32.59,1024.0,211.2,1235.2,131.469,-44.78,148.18
2026-08-22T16:46:02.509666+00:00,Random Search,8,28,24,12,16,64,128,ws,4,31554,6418,25136,12542,27.86,288.0,166.4,454.4,69.744,-70.71,148.18
2026-08-22T16:46:02.509666+00:00,Random Search,8,29,32,8,256,8,64,is,12,55213,3167,52046,39220,26.57,256.0,262.4,518.4,34.938,-85.33,148.18
2026-08-22T16:46:02.509666+00:00,Random Search,8,30,16,64,256,8,8,is,4,31377,5339,26038,17086,7.36,1024.0,217.6,1241.6,25.669,-89.22,148.18
2026-08-22T16:46:02.509666+00:00,Random Search,8,31,8,8,64,8,8,ws,32,18390,5759,12631,0,80.59,64.0,64.0,128.0,424.823,78.42,148.18
2026-08-22T16:46:02.509666+00:00,Random Search,8,32,12,32,64,256,16,os,24,4919,1633,3286,0,65.58,384.0,268.8,652.8,311.418,30.79,148.18
2026-08-22T16:46:02.509666+00:00,Random Search,8,33,8,4,8,256,32,ws,8,40760,13055,27705,2030,79.92,32.0,236.8,268.8,91.272,-61.67,148.18
2026-08-22T16:46:02.509666+00:00,Random Search,8,34,4,32,16,64,32,is,12,21736,6335,15401,586,51.04,128.0,89.6,217.6,211.428,-11.2,148.18
2026-08-22T16:46:02.509666+00:00,Random Search,8,35,24,4,32,128,8,is,24,24354,5833,18521,0,44.47,96.0,134.4,230.4,178.216,-25.15,148.18
2026-08-22T16:46:02.509666+00:00,Random Search,8,36,16,64,64,256,32,os,12,5358,1250,4108,0,38.8,1024.0,281.6,1305.6,142.951,-39.96,148.18
2026-08-22T16:46:02.509666+00:00,Random Search,8,37,8,8,8,16,256,is,24,28181,7039,21142,0,66.85,64.0,224.0,288.0,123.211,-48.25,148.18
2026-08-22T16:46:02.509666+00:00,Random Search,8,38,4,24,128,128,16,os,12,19394,5044,14350,0,59.85,96.0,217.6,313.6,164.421,-30.94,148.18
2026-08-22T16:46:02.509666+00:00,Random Search,8,39,16,24,32,64,8,is,16,7849,1959,5890,0,42.73,384.0,83.2,467.2,272.699,14.53,148.18
2026-08-22T16:46:02.509666+00:00,Random Search,8,40,12,16,64,128,64,is,32,12269,3358,8911,0,50.76,192.0,204.8,396.8,205.409,-13.73,148.18
2026-08-22T16:46:02.509666+00:00,Random Search,8,41,4,64,16,16,64,ws,24,12978,3679,9299,0,40.72,256.0,76.8,332.8,231.531,-2.76,148.18
2026-08-22T16:46:02.509666+00:00,Random Search,8,42,32,16,128,128,16,os,16,5016,1390,3626,0,63.25,512.0,217.6,729.6,273.248,14.76,148.18
2026-08-22T16:46:02.509666+00:00,Random Search,8,43,32,32,32,64,64,os,24,2747,844,1903,0,56.93,1024.0,128.0,1152.0,316.001,32.72,148.18
2026-08-22T16:46:02.509666+00:00,Random Search,8,44,12,8,32,64,64,ws,4,41783,11806,29977,11898,47.33,96.0,128.0,224.0,106.845,-55.13,148.18
2026-08-22T16:46:02.509666+00:00,Random Search,8,45,64,4,256,32,8,ws,24,11234,3444,7790,0,36.21,256.0,236.8,492.8,180.632,-24.14,148.18
2026-08-22T16:46:02.509666+00:00,Random Search,8,46,8,16,256,32,32,ws,4,31275,8127,23148,7349,53.1,128.0,256.0,384.0,83.267,-65.03,148.18
2026-08-22T16:46:02.509666+00:00,Random Search,8,47,64,16,8,32,8,is,32,6059,1078,4981,44,22.39,1024.0,38.4,1062.4,155.35,-34.75,148.18
2026-08-22T16:46:02.509666+00:00,Random Search,8,48,4,32,32,16,8,os,16,11109,3646,7463,0,73.12,128.0,44.8,172.8,520.932,118.79,148.18
2026-08-22T16:46:02.509666+00:00,Random Search,8,49,48,8,32,16,64,ws,16,10210,3550,6660,1822,30.96,384.0,89.6,473.6,206.806,-13.14,148.18
2026-08-22T16:46:02.509666+00:00,Random Search,8,50,4,16,8,128,32,os,32,17452,5502,11950,0,83.48,64.0,134.4,198.4,288.811,21.3,148.18
2026-08-22T16:46:02.509666+00:00,Random Search,8,51,32,16,8,64,256,is,8,16637,2670,13967,5499,28.76,512.0,262.4,774.4,77.617,-67.4,148.18
2026-08-22T16:46:02.509666+00:00,Random Search,8,52,12,4,16,64,128,ws,16,30748,10462,20286,0,73.96,48.0,166.4,214.4,151.69,-36.29,148.18
2026-08-22T16:46:02.509666+00:00,Random Search,8,53,8,24,32,32,128,os,8,19576,3342,16234,7348,42.97,192.0,153.6,345.6,147.809,-37.92,148.18
2026-08-22T16:46:02.509666+00:00,Random Search,8,54,64,4,64,128,128,is,8,25940,4126,21814,0,23.91,256.0,256.0,512.0,75.294,-68.38,148.18
2026-08-22T16:46:02.509666+00:00,Random Search,8,55,32,4,32,8,128,is,12,106739,5183,101556,80632,27.26,128.0,134.4,262.4,35.704,-85.0,148.18
2026-08-22T16:46:02.509666+00:00,Random Search,8,56,64,8,16,8,8,os,12,11212,1754,9458,6132,31.35,512.0,25.6,537.6,165.904,-30.32,148.18
2026-08-22T16:46:02.509666+00:00,Random Search,8,57,24,32,32,32,64,is,8,11764,2962,8802,0,33.15,768.0,102.4,870.4,97.662,-58.98,148.18
2026-08-22T16:46:02.509666+00:00,Random Search,8,58,16,4,8,16,32,ws,12,31641,7978,23663,9739,55.64,64.0,44.8,108.8,290.483,22.0,148.18
2026-08-22T16:46:02.509666+00:00,Random Search,8,59,48,12,256,8,16,os,24,4761,1889,2872,0,47.25,576.0,224.0,800.0,262.55,10.27,148.18
2026-08-22T16:46:02.509666+00:00,Random Search,8,60,16,48,8,8,128,is,8,27590,3694,23896,15232,17.41,768.0,115.2,883.2,41.038,-82.76,148.18
2026-08-22T16:46:02.509666+00:00,Random Search,8,61,24,16,128,64,64,is,12,12024,2918,9106,0,39.61,384.0,204.8,588.8,141.248,-40.68,148.18
2026-08-22T16:46:02.509666+00:00,Random Search,8,62,8,16,16,256,8,is,8,16887,5053,11834,633,54.61,128.0,224.0,352.0,168.231,-29.34,148.18
2026-08-22T16:46:02.509666+00:00,Random Search,8,63,8,32,16,64,256,os,8,7528,2654,4874,0,70.96,256.0,268.8,524.8,253.12,6.31,148.18
2026-08-22T16:46:02.509666+00:00,Random Search,8,64,64,12,64,16,32,ws,24,5837,1573,4264,0,31.12,768.0,89.6,857.6,199.768,-16.1,148.18
2026-08-22T16:46:02.509666+00:00,Random Search,8,65,8,4,16,8,128,os,32,32300,9726,22574,0,90.0,32.0,121.6,153.6,201.561,-15.35,148.18
2026-08-22T16:46:02.509666+00:00,Random Search,8,66,48,4,128,8,16,ws,4,21165,8766,12399,0,42.93,192.0,121.6,313.6,150.663,-36.72,148.18
2026-08-22T16:46:02.509666+00:00,Random Search,8,67,16,12,32,8,256,is,16,30908,3854,27054,15448,34.22,192.0,236.8,428.8,75.453,-68.31,148.18
2026-08-22T16:46:02.509666+00:00,Random Search,8,68,16,48,8,16,64,os,32,3538,1326,2212,0,40.26,768.0,70.4,838.4,337.125,41.59,148.18
2026-08-22T16:46:02.509666+00:00,Random Search,8,69,32,16,64,16,256,os,24,4270,1220,3050,0,63.25,512.0,268.8,780.8,299.939,25.97,148.18
2026-08-22T16:46:02.509666+00:00,Random Search,8,70,32,24,32,8,32,os,16,9270,1218,8052,4762,30.55,768.0,57.6,825.6,130.662,-45.12,148.18
2026-08-22T16:46:02.509666+00:00,Random Search,8,71,12,4,64,16,256,os,12,25490,8212,17278,0,82.04,48.0,268.8,316.8,123.835,-47.99,148.18
2026-08-22T16:46:02.509666+00:00,Random Search,8,72,16,8,256,64,64,ws,8,17703,5822,11881,0,70.95,128.0,307.2,435.2,129.797,-45.49,148.18
2026-08-22T16:46:02.509666+00:00,Random Search,8,73,8,24,64,16,256,is,16,18820,4782,14038,0,50.76,192.0,268.8,460.8,115.31,-51.57,148.18
2026-08-22T16:46:02.509666+00:00,Random Search,8,74,16,32,256,16,32,is,12,9588,2714,6874,0,40.74,512.0,243.2,755.2,138.105,-42.0,148.18
2026-08-22T16:46:02.509666+00:00,Random Search,8,75,48,4,32,64,128,ws,4,30098,8766,21332,7974,25.71,192.0,179.2,371.2,89.506,-62.41,148.18
2026-08-22T16:46:02.509666+00:00,Random Search,8,76,12,64,256,16,16,ws,16,6693,1700,4993,42,34.41,768.0,230.4,998.4,149.649,-37.15,148.18
2026-08-22T16:46:02.509666+00:00,Random Search,8,77,32,24,256,8,16,os,4,11644,2754,8890,0,45.97,768.0,224.0,992.0,86.574,-63.64,148.18
2026-08-22T16:46:02.509666+00:00,Random Search,8,78,4,48,8,8,32,ws,12,19178,5592,13586,4694,32.32,192.0,38.4,230.4,226.315,-4.95,148.18
2026-08-22T16:46:02.509666+00:00,Random Search,8,79,32,24,64,128,8,is,12,7103,1624,5479,0,31.19,768.0,160.0,928.0,151.709,-36.28,148.18
2026-08-22T16:46:02.509666+00:00,Random Search,8,80,48,8,128,64,128,ws,16,8660,3550,5110,0,42.13,384.0,256.0,640.0,180.427,-24.22,148.18
2026-08-22T16:46:02.509666+00:00,Random Search,8,81,12,12,32,64,256,ws,32,13084,4438,8646,0,61.77,144.0,281.6,425.6,179.58,-24.58,148.18
2026-08-22T16:46:02.509666+00:00,Random Search,8,82,16,24,256,32,64,is,12,11297,3164,8133,0,42.73,384.0,281.6,665.6,132.991,-44.14,148.18
2026-08-22T16:46:02.509666+00:00,Random Search,8,83,12,24,32,128,16,is,16,9802,2779,7023,0,43.51,288.0,140.8,428.8,237.92,-0.08,148.18
2026-08-22T16:46:02.509666+00:00,Random Search,8,84,4,8,8,8,8,os,16,32445,9982,22463,0,90.0,32.0,19.2,51.2,601.98,152.83,152.83
2026-08-22T16:46:02.509666+00:00,Random Search,8,85,16,4,128,128,32,os,16,19004,5758,13246,0,83.48,64.0,230.4,294.4,178.738,-24.93,152.83
2026-08-22T16:46:02.509666+00:00,Random Search,8,86,16,24,128,128,32,is,4,22761,6662,16099,0,42.73,384.0,230.4,614.4,71.508,-69.97,152.83
2026-08-22T16:46:02.509666+00:00,Random Search,8,87,12,12,32,64,32,is,24,14501,4060,10441,0,50.05,144.0,102.4,246.4,279.873,17.54,152.83
2026-08-22T16:46:02.509666+00:00,Random Search,8,88,12,48,32,32,32,ws,16,7502,2503,4999,0,36.6,576.0,76.8,652.8,204.194,-14.24,152.83
2026-08-22T16:46:02.509666+00:00,Random Search,8,89,4,12,128,32,32,ws,12,29928,9620,20308,0,74.2,48.0,153.6,201.6,165.742,-30.39,152.83
2026-08-22T16:46:02.509666+00:00,Random Search,8,90,24,16,64,32,8,ws,24,5335,1873,3462,0,57.56,384.0,83.2,467.2,401.202,68.5,152.83
2026-08-22T16:46:02.509666+00:00,Random Search,8,91,12,32,32,16,256,os,8,7766,2358,5408,554,57.88,384.0,243.2,627.2,205.304,-13.77,152.83
2026-08-22T16:46:02.509666+00:00,Random Search,8,92,16,64,64,128,64,os,4,10946,2614,8332,0,38.8,1024.0,204.8,1228.8,74.347,-68.77,152.83
2026-08-22T16:46:02.509666+00:00,Random Search,8,93,16,8,8,64,32,ws,8,25681,5822,19859,11644,45.63,128.0,83.2,211.2,184.372,-22.57,152.83
2026-08-22T16:46:02.509666+00:00,Random Search,8,94,24,16,8,32,128,is,12,12796,2918,9878,2116,34.6,384.0,134.4,518.4,150.751,-36.69,152.83
2026-08-22T16:46:02.509666+00:00,Random Search,8,95,8,48,64,256,32,ws,24,8143,2953,5190,0,40.25,384.0,281.6,665.6,184.502,-22.51,152.83
2026-08-22T16:46:02.509666+00:00,Random Search,8,96,24,8,16,256,8,ws,4,28494,5007,23487,15920,32.47,192.0,224.0,416.0,84.363,-64.57,152.83
2026-08-22T16:46:02.509666+00:00,Random Search,8,97,8,8,128,8,128,ws,16,22639,7806,14833,0,80.59,64.0,211.2,275.2,160.507,-32.59,152.83
2026-08-22T16:46:02.509666+00:00,Random Search,8,98,8,32,256,64,32,ws,16,9220,3039,6181,377,63.25,256.0,281.6,537.6,201.748,-15.27,152.83
2026-08-22T16:46:02.509666+00:00,Random Search,8,99,4,12,8,128,64,ws,32,27438,9039,18399,0,74.2,48.0,160.0,208.0,175.22,-26.41,152.83
2026-08-22T16:46:02.509666+00:00,Random Search,8,100,12,4,256,64,32,ws,4,35640,11839,23801,0,73.96,48.0,281.6,329.6,85.129,-64.25,152.83
2026-08-22T16:46:02.509666+00:00,Random Search,9,1,32,4,256,64,8,ws,4,21006,6207,14799,0,55.48,128.0,262.4,390.4,121.94,-48.79,-48.79
2026-08-22T16:46:02.509666+00:00,Random Search,9,2,64,16,64,16,32,os,24,3582,908,2674,0,46.92,1024.0,89.6,1113.6,250.695,5.29,5.29
2026-08-22T16:46:02.509666+00:00,Random Search,9,3,16,64,32,16,16,is,8,9302,2167,7135,598,28.39,1024.0,51.2,1075.2,99.985,-58.01,5.29
2026-08-22T16:46:02.509666+00:00,Random Search,9,4,12,48,32,64,8,os,8,7756,2742,5014,266,36.97,576.0,83.2,659.2,195.589,-17.85,5.29
2026-08-22T16:46:02.509666+00:00,Random Search,9,5,8,16,64,32,64,os,32,9772,3006,6766,0,80.6,128.0,128.0,256.0,399.739,67.89,67.89
2026-08-22T16:46:02.509666+00:00,Random Search,9,6,8,64,64,32,128,is,24,10487,2671,7816,0,33.47,512.0,179.2,691.2,137.957,-42.06,67.89
2026-08-22T16:46:02.509666+00:00,Random Search,9,7,4,4,32,128,64,is,4,94213,28159,66054,0,81.34,16.0,179.2,195.2,54.376,-77.16,67.89
2026-08-22T16:46:02.509666+00:00,Random Search,9,8,16,24,32,32,256,ws,24,8262,2289,5973,0,48.37,384.0,256.0,640.0,189.119,-20.57,67.89
2026-08-22T16:46:02.509666+00:00,Random Search,9,9,32,24,16,64,256,ws,32,4572,1298,3274,0,37.77,768.0,268.8,1036.8,210.959,-11.4,67.89
2026-08-22T16:46:02.509666+00:00,Random Search,9,10,32,8,8,16,8,os,8,13657,2654,11003,6724,43.9,256.0,25.6,281.6,260.023,9.21,67.89
2026-08-22T16:46:02.509666+00:00,Random Search,9,11,64,12,128,128,128,os,24,4493,1189,3304,0,42.67,768.0,307.2,1075.2,207.002,-13.06,67.89
2026-08-22T16:46:02.509666+00:00,Random Search,9,12,4,48,128,16,16,is,32,14296,4223,10073,0,36.69,192.0,128.0,320.0,218.593,-8.19,67.89
2026-08-22T16:46:02.509666+00:00,Random Search,9,13,16,24,8,64,32,os,24,5339,1585,3754,0,54.29,384.0,83.2,467.2,400.901,68.38,68.38
2026-08-22T16:46:02.509666+00:00,Random Search,9,14,48,12,64,32,64,ws,12,8361,3233,5128,0,36.77,576.0,128.0,704.0,169.891,-28.65,68.38
2026-08-22T16:46:02.509666+00:00,Random Search,9,15,64,16,256,8,8,os,32,3033,822,2211,0,46.92,1024.0,217.6,1241.6,265.55,11.53,68.38
2026-08-22T16:46:02.509666+00:00,Random Search,9,16,4,16,32,16,128,os,24,18125,5588,12537,0,83.48,64.0,140.8,204.8,269.397,13.14,68.38
2026-08-22T16:46:02.509666+00:00,Random Search,9,17,16,64,128,128,128,is,16,9630,1910,7720,0,29.81,1024.0,307.2,1331.2,78.006,-67.24,68.38
2026-08-22T16:46:02.509666+00:00,Random Search,9,18,8,48,16,32,8,ws,24,6641,2442,4199,0,40.25,384.0,44.8,428.8,351.165,47.49,68.38
2026-08-22T16:46:02.509666+00:00,Random Search,9,19,32,4,8,16,64,ws,4,61162,7230,53932,38622,30.13,128.0,70.4,198.4,82.409,-65.39,68.38
2026-08-22T16:46:02.509666+00:00,Random Search,9,20,24,16,64,8,8,os,4,11591,3398,8193,0,67.49,384.0,64.0,448.0,192.576,-19.12,68.38
2026-08-22T16:46:02.509666+00:00,Random Search,9,21,8,32,16,16,8,is,8,20410,4917,15493,8701,24.34,256.0,32.0,288.0,170.124,-28.55,68.38
2026-08-22T16:46:02.509666+00:00,Random Search,9,22,8,48,8,256,16,is,24,9400,2527,6873,1312,30.47,384.0,224.0,608.0,174.972,-26.51,68.38
2026-08-22T16:46:02.509666+00:00,Random Search,9,23,12,24,8,16,8,ws,32,7090,2251,4839,0,48.27,288.0,25.6,313.6,449.757,88.89,88.89
2026-08-22T16:46:02.509666+00:00,Random Search,9,24,4,24,16,64,128,os,24,17453,4681,12772,0,59.85,96.0,166.4,262.4,218.356,-8.29,88.89
2026-08-22T16:46:02.509666+00:00,Random Search,9,25,8,8,16,128,16,is,12,25190,6527,18663,0,66.85,64.0,128.0,192.0,206.762,-13.16,88.89
2026-08-22T16:46:02.509666+00:00,Random Search,9,26,8,16,8,128,16,os,24,9450,3092,6358,0,80.6,128.0,121.6,249.6,423.959,78.06,88.89
2026-08-22T16:46:02.509666+00:00,Random Search,9,27,32,24,64,16,32,ws,8,8526,2498,6028,0,37.77,768.0,89.6,857.6,136.763,-42.56,88.89
2026-08-22T16:46:02.509666+00:00,Random Search,9,28,64,8,64,64,128,is,8,15888,2606,13282,0,23.4,512.0,204.8,716.8,87.808,-63.12,88.89
2026-08-22T16:46:02.509666+00:00,Random Search,9,29,4,32,16,128,8,ws,24,10876,3604,7272,130,70.18,128.0,121.6,249.6,368.372,54.71,88.89
2026-08-22T16:46:02.509666+00:00,Random Search,9,30,24,4,16,64,8,os,16,19693,4862,14831,6128,55.8,96.0,70.4,166.4,305.165,28.17,88.89
2026-08-22T16:46:02.509666+00:00,Random Search,9,31,8,4,32,256,16,is,4,51725,13567,38158,0,71.03,32.0,243.2,275.2,70.251,-70.5,88.89
2026-08-22T16:46:02.509666+00:00,Random Search,9,32,16,4,32,64,128,os,24,29603,5588,24015,11478,61.43,64.0,179.2,243.2,138.9,-41.66,88.89
2026-08-22T16:46:02.509666+00:00,Random Search,9,33,12,8,16,16,128,is,32,20796,5422,15374,0,56.08,96.0,128.0,224.0,214.67,-9.84,88.89
2026-08-22T16:46:02.509666+00:00,Random Search,9,34,12,12,128,128,8,os,32,10005,3366,6639,0,67.97,144.0,211.2,355.2,281.391,18.18,88.89
2026-08-22T16:46:02.509666+00:00,Random Search,9,35,24,16,32,64,64,ws,24,6731,2214,4517,212,54.79,384.0,128.0,512.0,290.169,21.87,88.89
2026-08-22T16:46:02.509666+00:00,Random Search,9,36,4,64,32,8,8,os,8,152407,3102,149305,139634,25.51,256.0,38.4,294.4,22.287,-90.64,88.89
2026-08-22T16:46:02.509666+00:00,Random Search,9,37,12,48,32,32,8,os,24,5016,1889,3127,0,39.33,576.0,57.6,633.6,314.65,32.15,88.89
2026-08-22T16:46:02.509666+00:00,Random Search,9,38,12,8,64,32,128,is,8,31052,8158,22894,0,56.08,96.0,179.2,275.2,117.021,-50.85,88.89
2026-08-22T16:46:02.509666+00:00,Random Search,9,39,24,8,32,8,8,ws,8,14672,3919,10753,3570,44.88,192.0,38.4,230.4,295.82,24.24,88.89
2026-08-22T16:46:02.509666+00:00,Random Search,9,40,12,64,64,32,256,ws,4,29960,8194,21766,0,34.64,768.0,281.6,1049.6,31.801,-86.64,88.89
2026-08-22T16:46:02.509666+00:00,Random Search,9,41,16,24,64,256,64,is,12,11297,3164,8133,0,42.73,384.0,307.2,691.2,128.066,-46.21,88.89
2026-08-22T16:46:02.509666+00:00,Random Search,9,42,4,16,64,16,256,ws,8,42619,14206,28413,0,80.59,64.0,268.8,332.8,70.504,-70.39,88.89
2026-08-22T16:46:02.509666+00:00,Random Search,9,43,12,4,128,16,8,ws,16,26926,9183,17743,0,73.96,48.0,121.6,169.6,218.979,-8.03,88.89
2026-08-22T16:46:02.509666+00:00,Random Search,9,44,4,4,32,16,128,is,8,88477,27646,60831,0,81.34,16.0,140.8,156.8,72.081,-69.73,88.89
2026-08-22T16:46:02.509666+00:00,Random Search,9,45,24,12,64,16,16,os,4,13476,3938,9538,0,61.78,288.0,76.8,364.8,203.416,-14.57,88.89
2026-08-22T16:46:02.509666+00:00,Random Search,9,46,4,24,64,16,8,is,24,19211,4873,14338,0,56.08,96.0,70.4,166.4,312.822,31.38,88.89
2026-08-22T16:46:02.509666+00:00,Random Search,9,47,16,64,128,128,16,is,24,5945,1143,4802,0,29.81,1024.0,217.6,1241.6,135.477,-43.1,88.89
2026-08-22T16:46:02.509666+00:00,Random Search,9,48,32,16,32,8,32,ws,8,14463,2670,11793,6058,30.38,512.0,57.6,569.6,121.387,-49.02,88.89
2026-08-22T16:46:02.509666+00:00,Random Search,9,49,8,16,64,128,8,os,8,12405,3774,8631,0,80.6,128.0,160.0,288.0,279.905,17.56,88.89
2026-08-22T16:46:02.509666+00:00,Random Search,9,50,4,8,256,32,64,is,32,42253,11135,31118,0,75.81,32.0,281.6,313.6,75.469,-68.3,88.89
2026-08-22T16:46:02.509666+00:00,Random Search,9,51,12,16,256,8,64,is,4,89251,9614,79637,61262,30.41,192.0,262.4,454.4,24.657,-89.64,88.89
2026-08-22T16:46:02.509666+00:00,Random Search,9,52,24,16,64,256,32,os,16,5532,1766,3766,0,67.49,384.0,281.6,665.6,271.584,14.06,88.89
2026-08-22T16:46:02.509666+00:00,Random Search,9,53,8,8,32,16,32,is,12,27238,7210,20028,0,66.85,64.0,64.0,128.0,286.824,20.46,88.89
2026-08-22T16:46:02.509666+00:00,Random Search,9,54,64,12,16,16,64,ws,16,9666,1754,7912,4000,20.7,768.0,76.8,844.8,122.461,-48.57,88.89
2026-08-22T16:46:02.509666+00:00,Random Search,9,55,4,4,16,64,256,os,8,63740,18942,44798,0,93.72,16.0,268.8,284.8,55.087,-76.86,88.89
2026-08-22T16:46:02.509666+00:00,Random Search,9,56,8,12,16,8,32,os,24,13556,4276,9280,0,74.21,96.0,44.8,140.8,523.921,120.04,120.04
2026-08-22T16:46:02.509666+00:00,Random Search,9,57,64,4,64,128,8,is,24,21866,3444,18422,0,23.91,256.0,160.0,416.0,109.935,-53.83,120.04
2026-08-22T16:46:02.509666+00:00,Random Search,9,58,12,4,64,16,256,is,12,42460,11070,31390,0,59.2,48.0,268.8,316.8,74.342,-68.78,120.04
2026-08-22T16:46:02.509666+00:00,Random Search,9,59,12,8,8,32,128,ws,16,18542,6302,12240,146,70.94,96.0,134.4,230.4,234.078,-1.69,120.04
2026-08-22T16:46:02.509666+00:00,Random Search,9,60,16,16,128,16,16,ws,12,8654,2783,5871,0,67.01,256.0,128.0,384.0,300.921,26.38,120.04
2026-08-22T16:46:02.509666+00:00,Random Search,9,61,4,4,64,64,64,ws,16,68398,21247,47151,0,90.0,16.0,153.6,169.6,86.205,-63.79,120.04
2026-08-22T16:46:02.509666+00:00,Random Search,9,62,4,64,8,8,256,ws,8,33819,10846,22973,0,40.72,256.0,217.6,473.6,62.435,-73.78,120.04
2026-08-22T16:46:02.509666+00:00,Random Search,9,63,8,16,16,8,64,os,32,9380,3006,6374,0,80.6,128.0,70.4,198.4,537.348,125.68,125.68
2026-08-22T16:46:02.509666+00:00,Random Search,9,64,48,8,32,16,64,is,32,11280,3102,8178,0,24.8,384.0,89.6,473.6,187.189,-21.38,125.68
2026-08-22T16:46:02.509666+00:00,Random Search,9,65,4,8,32,32,64,os,4,79162,11518,67644,40222,59.86,32.0,102.4,134.4,93.991,-60.52,125.68
2026-08-22T16:46:02.509666+00:00,Random Search,9,66,32,24,8,128,64,os,12,5924,1432,4492,1554,36.37,768.0,160.0,928.0,181.902,-23.6,125.68
2026-08-22T16:46:02.509666+00:00,Random Search,9,67,4,64,8,128,8,os,16,10757,2590,8167,0,41.77,256.0,115.2,371.2,250.438,5.18,125.68
2026-08-22T16:46:02.509666+00:00,Random Search,9,68,64,4,16,16,16,os,24,14472,2420,12052,6480,35.88,256.0,38.4,294.4,234.711,-1.42,125.68
2026-08-22T16:46:02.509666+00:00,Random Search,9,69,32,16,128,16,128,ws,32,5176,1518,3658,0,51.76,512.0,217.6,729.6,264.802,11.22,125.68
2026-08-22T16:46:02.509666+00:00,Random Search,9,70,48,8,16,16,256,ws,16,8410,3550,4860,534,37.65,384.0,230.4,614.4,193.532,-18.72,125.68
2026-08-22T16:46:02.509666+00:00,Random Search,9,71,12,4,64,64,16,ws,12,28263,9705,18558,0,73.96,48.0,115.2,163.2,216.801,-8.94,125.68
2026-08-22T16:46:02.509666+00:00,Random Search,9,72,24,16,16,256,16,ws,24,4813,1873,2940,0,57.56,384.0,230.4,614.4,338.168,42.03,125.68
2026-08-22T16:46:02.509666+00:00,Random Search,9,73,4,32,128,16,8,ws,24,11398,3604,7794,130,70.18,128.0,121.6,249.6,351.501,47.63,125.68
2026-08-22T16:46:02.509666+00:00,Random Search,9,74,24,8,32,64,256,ws,24,10427,3534,6893,308,58.27,192.0,281.6,473.6,202.502,-14.95,125.68
2026-08-22T16:46:02.509666+00:00,Random Search,9,75,12,4,8,256,16,os,24,23378,7828,15550,0,82.04,48.0,224.0,272.0,157.262,-33.95,125.68
2026-08-22T16:46:02.509666+00:00,Random Search,9,76,4,64,128,64,32,os,12,12432,2762,9670,0,41.77,256.0,179.2,435.2,184.829,-22.37,125.68
2026-08-22T16:46:02.509666+00:00,Random Search,9,77,64,4,128,16,32,is,32,21932,3358,18574,0,23.91,256.0,140.8,396.8,114.908,-51.74,125.68
2026-08-22T16:46:02.509666+00:00,Random Search,9,78,8,24,16,16,16,is,24,11131,2980,8151,0,50.76,192.0,38.4,230.4,389.927,63.77,125.68
2026-08-22T16:46:02.509666+00:00,Random Search,9,79,8,48,32,128,16,ws,4,33326,10107,23219,15572,12.76,384.0,140.8,524.8,57.177,-75.99,125.68
2026-08-22T16:46:02.509666+00:00,Random Search,9,80,64,16,16,16,256,os,24,4254,908,3346,1482,34.09,1024.0,230.4,1254.4,187.399,-21.29,125.68
2026-08-22T16:46:02.509666+00:00,Random Search,9,81,4,16,32,32,64,ws,4,54598,14719,39879,15127,56.36,64.0,102.4,166.4,110.07,-53.77,125.68
2026-08-22T16:46:02.509666+00:00,Random Search,9,82,4,24,32,256,16,is,32,18913,4911,14002,0,56.08,96.0,243.2,339.2,155.878,-34.53,125.68
2026-08-22T16:46:02.509666+00:00,Random Search,9,83,12,48,64,128,64,ws,8,13685,5446,8239,0,36.6,576.0,204.8,780.8,93.587,-60.69,125.68
2026-08-22T16:46:02.509666+00:00,Random Search,9,84,48,12,64,128,32,os,32,4390,1782,2608,0,47.25,576.0,179.2,755.2,301.629,26.68,125.68
2026-08-22T16:46:02.509666+00:00,Random Search,9,85,64,16,8,16,32,ws,8,14666,1846,12820,8802,18.63,1024.0,44.8,1068.8,63.796,-73.21,125.68
2026-08-22T16:46:02.509666+00:00,Random Search,9,86,8,24,32,256,64,os,8,19576,3342,16234,7348,42.97,192.0,281.6,473.6,107.861,-54.7,125.68
2026-08-22T16:46:02.509666+00:00,Random Search,9,87,12,48,64,8,32,os,24,18727,1825,16902,13424,19.19,576.0,83.2,659.2,81.006,-65.98,125.68
2026-08-22T16:46:02.509666+00:00,Random Search,9,88,64,4,32,16,32,ws,12,14804,3786,11018,1926,31.75,256.0,64.0,320.0,211.092,-11.34,125.68
2026-08-22T16:46:02.509666+00:00,Random Search,9,89,4,12,128,128,8,os,32,25485,7758,17727,0,76.98,48.0,211.2,259.2,151.384,-36.42,125.68
2026-08-22T16:46:02.509666+00:00,Random Search,9,90,8,12,16,8,128,ws,8,24747,8926,15821,0,69.26,96.0,121.6,217.6,185.703,-22.01,125.68
2026-08-22T16:46:02.509666+00:00,Random Search,9,91,24,8,128,64,64,is,24,14836,3534,11302,0,42.72,192.0,204.8,396.8,169.868,-28.66,125.68
2026-08-22T16:46:02.509666+00:00,Random Search,9,92,12,16,256,16,8,os,12,8733,2884,5849,0,73.98,192.0,224.0,416.0,275.26,15.61,125.68
2026-08-22T16:46:02.509666+00:00,Random Search,9,93,8,32,64,16,16,os,16,7000,2142,4858,0,70.96,256.0,76.8,332.8,429.258,80.29,125.68
2026-08-22T16:46:02.509666+00:00,Random Search,9,94,64,16,32,16,256,ws,16,6130,1334,4796,1194,26.69,1024.0,243.2,1267.2,128.734,-45.93,125.68
2026-08-22T16:46:02.509666+00:00,Random Search,9,95,32,24,32,64,64,ws,32,5048,1298,3750,220,36.13,768.0,128.0,896.0,221.092,-7.14,125.68
2026-08-22T16:46:02.509666+00:00,Random Search,9,96,4,16,64,16,32,is,4,63356,18797,44559,21350,36.29,64.0,89.6,153.6,102.759,-56.84,125.68
2026-08-22T16:46:02.509666+00:00,Random Search,9,97,16,48,128,16,32,os,12,5824,1860,3964,0,40.26,768.0,140.8,908.8,188.934,-20.65,125.68
2026-08-22T16:46:02.509666+00:00,Random Search,9,98,32,32,256,16,64,ws,4,16410,3702,12708,0,47.54,1024.0,268.8,1292.8,47.137,-80.2,125.68
2026-08-22T16:46:02.509666+00:00,Random Search,9,99,64,8,64,64,32,ws,24,6986,1924,5062,0,35.6,512.0,128.0,640.0,223.662,-6.06,125.68
2026-08-22T16:46:02.509666+00:00,Random Search,9,100,48,16,64,8,16,is,12,27785,2415,25370,19340,14.13,768.0,70.4,838.4,42.928,-81.97,125.68
2026-08-22T16:46:02.509666+00:00,Simulated Annealing,0,1,24,4,32,16,32,os,16,40372,4862,35510,26040,41.72,96.0,64.0,160.0,154.81,-34.98,-34.98
2026-08-22T16:46:02.509666+00:00,Simulated Annealing,0,2,24,4,32,16,64,os,16,40372,4862,35510,26040,41.72,96.0,89.6,185.6,133.457,-43.95,-34.98
2026-08-22T16:46:02.509666+00:00,Simulated Annealing,0,3,24,4,32,16,32,os,12,52620,5044,47576,37668,39.15,96.0,64.0,160.0,118.776,-50.11,-34.98
2026-08-22T16:46:02.509666+00:00,Simulated Annealing,0,4,24,4,128,16,32,os,16,14604,4862,9742,0,73.97,96.0,140.8,236.8,289.166,21.45,21.45
2026-08-22T16:46:02.509666+00:00,Simulated Annealing,0,5,24,12,128,16,32,os,16,7092,2306,4786,0,61.78,288.0,140.8,428.8,328.834,38.11,38.11
2026-08-22T16:46:02.509666+00:00,Simulated Annealing,0,6,24,12,16,16,32,os,16,7046,2306,4740,738,55.05,288.0,51.2,339.2,418.409,75.73,75.73
2026-08-22T16:46:02.509666+00:00,Simulated Annealing,0,7,24,12,16,16,32,os,4,23340,3938,19402,13000,32.92,288.0,51.2,339.2,126.312,-46.95,75.73
2026-08-22T16:46:02.509666+00:00,Simulated Annealing,0,8,24,12,128,16,32,os,16,7092,2306,4786,0,61.78,288.0,140.8,428.8,328.834,38.11,75.73
2026-08-22T16:46:02.509666+00:00,Simulated Annealing,0,9,24,12,16,16,32,os,24,5861,2125,3736,0,61.78,288.0,51.2,339.2,503.005,111.26,111.26
2026-08-22T16:46:02.509666+00:00,Simulated Annealing,0,10,24,24,16,16,32,os,24,4163,1351,2812,0,48.28,576.0,51.2,627.2,382.99,60.85,111.26
2026-08-22T16:46:02.509666+00:00,Simulated Annealing,0,11,32,12,16,16,32,os,24,5011,1633,3378,56,57.22,384.0,51.2,435.2,458.55,92.59,111.26
2026-08-22T16:46:02.509666+00:00,Simulated Annealing,0,12,32,12,16,16,32,os,24,5011,1633,3378,56,57.22,384.0,51.2,435.2,458.55,92.59,111.26
2026-08-22T16:46:02.509666+00:00,Simulated Annealing,0,13,24,12,16,16,256,os,24,5861,2125,3736,0,61.78,288.0,230.4,518.4,329.127,38.23,111.26
2026-08-22T16:46:02.509666+00:00,Simulated Annealing,0,14,24,12,16,16,64,os,24,5861,2125,3736,0,61.78,288.0,76.8,364.8,467.707,96.43,111.26
2026-08-22T16:46:02.509666+00:00,Simulated Annealing,0,15,24,12,16,16,32,os,24,5861,2125,3736,0,61.78,288.0,51.2,339.2,503.005,111.26,111.26
2026-08-22T16:46:02.509666+00:00,Simulated Annealing,0,16,24,12,16,16,8,os,24,5691,2125,3566,0,61.78,288.0,32.0,320.0,549.113,130.62,130.62
2026-08-22T16:46:02.509666+00:00,Simulated Annealing,0,17,48,12,16,16,8,os,24,5809,1889,3920,1740,31.75,576.0,32.0,608.0,283.136,18.92,130.62
2026-08-22T16:46:02.509666+00:00,Simulated Annealing,0,18,24,12,16,16,8,os,32,5509,2034,3475,0,61.78,288.0,32.0,320.0,567.254,138.24,138.24
2026-08-22T16:46:02.509666+00:00,Simulated Annealing,0,19,24,12,16,16,8,ws,32,6454,2467,3987,0,52.43,288.0,32.0,320.0,484.196,103.36,138.24
2026-08-22T16:46:02.509666+00:00,Simulated Annealing,0,20,24,12,16,16,8,os,12,8496,2488,6008,2080,47.62,288.0,32.0,320.0,367.82,54.48,138.24
2026-08-22T16:46:02.509666+00:00,Simulated Annealing,0,21,24,12,256,16,8,os,32,5901,2034,3867,0,61.78,288.0,224.0,512.0,330.982,39.01,138.24
2026-08-22T16:46:02.509666+00:00,Simulated Annealing,0,22,24,16,16,16,8,os,32,3949,1494,2455,0,67.49,384.0,32.0,416.0,608.723,155.66,155.66
2026-08-22T16:46:02.509666+00:00,Simulated Annealing,0,23,24,12,16,16,8,os,32,5509,2034,3475,0,61.78,288.0,32.0,320.0,567.254,138.24,155.66
2026-08-22T16:46:02.509666+00:00,Simulated Annealing,0,24,24,16,16,8,8,os,32,3949,1494,2455,0,67.49,384.0,25.6,409.6,618.234,159.65,159.65
2026-08-22T16:46:02.509666+00:00,Simulated Annealing,0,25,32,16,16,8,8,os,32,3305,1134,2171,0,63.25,512.0,25.6,537.6,562.82,136.38,159.65
2026-08-22T16:46:02.509666+00:00,Simulated Annealing,0,26,24,16,16,8,8,os,32,3949,1494,2455,0,67.49,384.0,25.6,409.6,618.234,159.65,159.65
2026-08-22T16:46:02.509666+00:00,Simulated Annealing,0,27,24,16,256,8,8,os,32,4341,1494,2847,0,67.49,384.0,217.6,601.6,382.915,60.82,159.65
2026-08-22T16:46:02.509666+00:00,Simulated Annealing,0,28,24,16,128,8,8,os,32,4341,1494,2847,0,67.49,384.0,115.2,499.2,461.462,93.81,159.65
2026-08-22T16:46:02.509666+00:00,Simulated Annealing,0,29,24,16,16,8,8,os,24,4131,1585,2546,0,67.49,384.0,25.6,409.6,590.996,148.21,159.65
2026-08-22T16:46:02.509666+00:00,Simulated Annealing,0,30,24,16,64,8,8,os,32,4341,1494,2847,0,67.49,384.0,64.0,448.0,514.2,115.96,159.65
2026-08-22T16:46:02.509666+00:00,Simulated Annealing,0,31,24,16,16,8,8,os,16,4973,1766,3207,454,60.67,384.0,25.6,409.6,490.932,106.19,159.65
2026-08-22T16:46:02.509666+00:00,Simulated Annealing,0,32,24,24,16,8,8,os,32,3811,1260,2551,0,48.28,576.0,25.6,601.6,436.167,83.19,159.65
2026-08-22T16:46:02.509666+00:00,Simulated Annealing,0,33,24,16,16,8,8,os,8,9057,2310,6747,3476,43.18,384.0,25.6,409.6,269.56,13.21,159.65
2026-08-22T16:46:02.509666+00:00,Simulated Annealing,0,34,24,16,16,8,8,os,32,3949,1494,2455,0,67.49,384.0,25.6,409.6,618.234,159.65,159.65
2026-08-22T16:46:02.509666+00:00,Simulated Annealing,0,35,12,16,16,8,8,os,32,6781,2430,4351,0,73.98,192.0,25.6,217.6,677.715,184.64,184.64
2026-08-22T16:46:02.509666+00:00,Simulated Annealing,0,36,12,4,16,8,8,os,32,23197,7758,15439,0,82.04,48.0,25.6,73.6,585.72,146.0,184.64
2026-08-22T16:46:02.509666+00:00,Simulated Annealing,0,37,12,16,16,8,8,is,32,11712,2703,9009,1130,47.79,192.0,25.6,217.6,392.383,64.8,184.64
2026-08-22T16:46:02.509666+00:00,Simulated Annealing,0,38,12,16,16,8,8,os,32,6781,2430,4351,0,73.98,192.0,25.6,217.6,677.715,184.64,184.64
2026-08-22T16:46:02.509666+00:00,Simulated Annealing,0,39,12,16,16,8,16,os,32,6908,2430,4478,0,73.98,192.0,32.0,224.0,646.249,171.42,184.64
2026-08-22T16:46:02.509666+00:00,Simulated Annealing,0,40,12,16,16,8,8,is,32,11712,2703,9009,1130,47.79,192.0,25.6,217.6,392.383,64.8,184.64
2026-08-22T16:46:02.509666+00:00,Simulated Annealing,0,41,12,16,16,128,8,os,32,6781,2430,4351,0,73.98,192.0,121.6,313.6,470.252,97.5,184.64
2026-08-22T16:46:02.509666+00:00,Simulated Annealing,0,42,12,16,16,256,8,os,32,6781,2430,4351,0,73.98,192.0,224.0,416.0,354.497,48.89,184.64
2026-08-22T16:46:02.509666+00:00,Simulated Annealing,0,43,12,16,16,8,8,os,32,6781,2430,4351,0,73.98,192.0,25.6,217.6,677.715,184.64,184.64
2026-08-22T16:46:02.509666+00:00,Simulated Annealing,0,44,12,16,16,8,8,os,32,6781,2430,4351,0,73.98,192.0,25.6,217.6,677.715,184.64,184.64
2026-08-22T16:46:02.509666+00:00,Simulated Annealing,0,45,12,16,16,8,8,os,32,6781,2430,4351,0,73.98,192.0,25.6,217.6,677.715,184.64,184.64
2026-08-22T16:46:02.509666+00:00,Simulated Annealing,0,46,12,4,16,8,8,os,32,23197,7758,15439,0,82.04,48.0,25.6,73.6,585.72,146.0,184.64
2026-08-22T16:46:02.509666+00:00,Simulated Annealing,0,47,16,16,16,8,8,os,32,5161,1758,3403,0,75.46,256.0,25.6,281.6,688.071,188.99,188.99
2026-08-22T16:46:02.509666+00:00,Simulated Annealing,0,48,16,16,16,8,8,os,32,5161,1758,3403,0,75.46,256.0,25.6,281.6,688.071,188.99,188.99
2026-08-22T16:46:02.509666+00:00,Simulated Annealing,0,49,16,16,16,8,8,os,4,17457,3550,13907,8600,45.11,256.0,25.6,281.6,203.422,-14.56,188.99
2026-08-22T16:46:02.509666+00:00,Simulated Annealing,0,50,16,16,16,8,8,os,32,5161,1758,3403,0,75.46,256.0,25.6,281.6,688.071,188.99,188.99
2026-08-22T16:46:02.509666+00:00,Simulated Annealing,0,51,16,16,16,8,256,os,32,5288,1758,3530,0,75.46,256.0,224.0,480.0,393.974,65.47,188.99
2026-08-22T16:46:02.509666+00:00,Simulated Annealing,0,52,16,16,16,8,128,os,32,5288,1758,3530,0,75.46,256.0,121.6,377.6,500.814,110.34,188.99
2026-08-22T16:46:02.509666+00:00,Simulated Annealing,0,53,8,16,16,8,8,os,32,9253,3006,6247,0,80.6,128.0,25.6,153.6,703.601,195.51,195.51
2026-08-22T16:46:02.509666+00:00,Simulated Annealing,0,54,8,16,16,8,8,ws,32,9838,3263,6575,0,75.44,128.0,25.6,153.6,661.762,177.94,195.51
2026-08-22T16:46:02.509666+00:00,Simulated Annealing,0,55,8,16,16,8,8,os,32,9253,3006,6247,0,80.6,128.0,25.6,153.6,703.601,195.51,195.51
2026-08-22T16:46:02.509666+00:00,Simulated Annealing,0,56,8,16,8,8,8,os,32,9125,3006,6119,0,80.6,128.0,19.2,147.2,744.491,212.68,212.68
2026-08-22T16:46:02.509666+00:00,Simulated Annealing,0,57,4,16,8,8,8,os,32,17309,5502,11807,0,83.48,64.0,19.2,83.2,694.392,191.64,212.68
2026-08-22T16:46:02.509666+00:00,Simulated Annealing,0,58,8,8,8,8,8,os,32,16765,5246,11519,0,86.61,64.0,19.2,83.2,716.924,201.1,212.68
2026-08-22T16:46:02.509666+00:00,Simulated Annealing,0,59,8,16,8,8,8,ws,32,9710,3263,6447,0,75.44,128.0,19.2,147.2,699.637,193.84,212.68
2026-08-22T16:46:02.509666+00:00,Simulated Annealing,0,60,48,16,8,8,8,os,32,3471,1262,2209,758,38.62,768.0,19.2,787.2,365.982,53.71,212.68
2026-08-22T16:46:02.509666+00:00,Simulated Annealing,0,61,8,16,8,8,8,os,12,9793,3434,6359,0,80.6,128.0,19.2,147.2,693.708,191.35,212.68
2026-08-22T16:46:02.509666+00:00,Simulated Annealing,0,62,24,16,8,8,8,os,32,3805,1478,2327,0,67.49,384.0,19.2,403.2,651.816,173.76,212.68
2026-08-22T16:46:02.509666+00:00,Simulated Annealing,0,63,8,4,8,8,8,os,32,32045,9726,22319,0,90.0,32.0,19.2,51.2,609.494,155.98,212.68
2026-08-22T16:46:02.509666+00:00,Simulated Annealing,0,64,8,16,8,8,8,os,32,9125,3006,6119,0,80.6,128.0,19.2,147.2,744.491,212.68,212.68
2026-08-22T16:46:02.509666+00:00,Simulated Annealing,0,65,8,16,8,16,8,os,32,9141,3006,6135,0,80.6,128.0,25.6,153.6,712.221,199.13,212.68
2026-08-22T16:46:02.509666+00:00,Simulated Annealing,0,66,8,16,8,8,8,os,32,9125,3006,6119,0,80.6,128.0,19.2,147.2,744.491,212.68,212.68
2026-08-22T16:46:02.509666+00:00,Simulated Annealing,0,67,8,16,8,8,16,os,32,9252,3006,6246,0,80.6,128.0,25.6,153.6,703.677,195.54,212.68
2026-08-22T16:46:02.509666+00:00,Simulated Annealing,0,68,8,4,8,8,8,os,32,32045,9726,22319,0,90.0,32.0,19.2,51.2,609.494,155.98,212.68
2026-08-22T16:46:02.509666+00:00,Simulated Annealing,0,69,8,12,8,8,8,os,32,13081,4190,8891,0,74.21,96.0,19.2,115.2,663.6,178.71,212.68
2026-08-22T16:46:02.509666+00:00,Simulated Annealing,0,70,8,16,8,8,8,os,32,9125,3006,6119,0,80.6,128.0,19.2,147.2,744.491,212.68,212.68
2026-08-22T16:46:02.509666+00:00,Simulated Annealing,0,71,8,16,8,256,8,os,32,9141,3006,6135,0,80.6,128.0,217.6,345.6,316.543,32.95,212.68
2026-08-22T16:46:02.509666+00:00,Simulated Annealing,0,72,8,16,8,256,8,os,32,9141,3006,6135,0,80.6,128.0,217.6,345.6,316.543,32.95,212.68
2026-08-22T16:46:02.509666+00:00,Simulated Annealing,0,73,8,16,8,8,128,os,32,9252,3006,6246,0,80.6,128.0,115.2,243.2,444.427,86.66,212.68
2026-08-22T16:46:02.509666+00:00,Simulated Annealing,0,74,8,16,8,8,8,os,32,9125,3006,6119,0,80.6,128.0,19.2,147.2,744.491,212.68,212.68
2026-08-22T16:46:02.509666+00:00,Simulated Annealing,0,75,8,16,8,8,8,os,32,9125,3006,6119,0,80.6,128.0,19.2,147.2,744.491,212.68,212.68
2026-08-22T16:46:02.509666+00:00,Simulated Annealing,0,76,8,16,8,8,8,ws,32,9710,3263,6447,0,75.44,128.0,19.2,147.2,699.637,193.84,212.68
2026-08-22T16:46:02.509666+00:00,Simulated Annealing,0,77,32,16,8,8,8,os,32,3177,1134,2043,0,63.25,512.0,19.2,531.2,592.55,148.87,212.68
2026-08-22T16:46:02.509666+00:00,Simulated Annealing,0,78,8,16,8,8,32,os,32,9252,3006,6246,0,80.6,128.0,38.4,166.4,649.548,172.81,212.68
2026-08-22T16:46:02.509666+00:00,Simulated Annealing,0,79,8,16,8,8,8,os,16,9525,3262,6263,0,80.6,128.0,19.2,147.2,713.226,199.55,212.68
2026-08-22T16:46:02.509666+00:00,Simulated Annealing,0,80,8,16,256,8,8,os,32,9645,3006,6639,0,80.6,128.0,217.6,345.6,300.002,26.0,212.68
2026-08-22T16:46:02.509666+00:00,Simulated Annealing,0,81,8,16,8,8,8,is,32,13466,3263,10203,0,59.86,128.0,19.2,147.2,504.491,111.88,212.68
2026-08-22T16:46:02.509666+00:00,Simulated Annealing,0,82,8,16,64,8,8,os,32,9645,3006,6639,0,80.6,128.0,64.0,192.0,540.003,126.8,212.68
2026-08-22T16:46:02.509666+00:00,Simulated Annealing,0,83,8,16,8,8,8,os,32,9125,3006,6119,0,80.6,128.0,19.2,147.2,744.491,212.68,212.68
2026-08-22T16:46:02.509666+00:00,Simulated Annealing,0,84,8,16,8,8,16,os,32,9252,3006,6246,0,80.6,128.0,25.6,153.6,703.677,195.54,212.68
2026-08-22T16:46:02.509666+00:00,Simulated Annealing,0,85,8,16,8,8,8,os,32,9125,3006,6119,0,80.6,128.0,19.2,147.2,744.491,212.68,212.68
2026-08-22T16:46:02.509666+00:00,Simulated Annealing,0,86,8,16,8,64,8,os,32,9141,3006,6135,0,80.6,128.0,64.0,192.0,569.777,139.3,212.68
2026-08-22T16:46:02.509666+00:00,Simulated Annealing,0,87,8,16,8,8,8,is,32,13466,3263,10203,0,59.86,128.0,19.2,147.2,504.491,111.88,212.68
2026-08-22T16:46:02.509666+00:00,Simulated Annealing,0,88,48,16,8,8,8,os,32,3471,1262,2209,758,38.62,768.0,19.2,787.2,365.982,53.71,212.68
2026-08-22T16:46:02.509666+00:00,Simulated Annealing,0,89,8,16,8,8,64,os,32,9252,3006,6246,0,80.6,128.0,64.0,192.0,562.941,136.43,212.68
2026-08-22T16:46:02.509666+00:00,Simulated Annealing,0,90,8,16,8,8,8,ws,32,9710,3263,6447,0,75.44,128.0,19.2,147.2,699.637,193.84,212.68
2026-08-22T16:46:02.509666+00:00,Simulated Annealing,0,91,24,16,8,8,8,os,32,3805,1478,2327,0,67.49,384.0,19.2,403.2,651.816,173.76,212.68
2026-08-22T16:46:02.509666+00:00,Simulated Annealing,0,92,8,16,8,128,8,os,32,9141,3006,6135,0,80.6,128.0,115.2,243.2,449.824,88.92,212.68
2026-08-22T16:46:02.509666+00:00,Simulated Annealing,0,93,8,16,8,8,128,os,32,9252,3006,6246,0,80.6,128.0,115.2,243.2,444.427,86.66,212.68
2026-08-22T16:46:02.509666+00:00,Simulated Annealing,0,94,64,16,8,8,8,os,32,3101,822,2279,804,37.75,1024.0,19.2,1043.2,309.123,29.83,212.68
2026-08-22T16:46:02.509666+00:00,Simulated Annealing,0,95,8,16,8,8,8,os,16,9525,3262,6263,0,80.6,128.0,19.2,147.2,713.226,199.55,212.68
2026-08-22T16:46:02.509666+00:00,Simulated Annealing,0,96,8,16,8,8,8,os,16,9525,3262,6263,0,80.6,128.0,19.2,147.2,713.226,199.55,212.68
2026-08-22T16:46:02.509666+00:00,Simulated Annealing,0,97,8,16,8,8,8,ws,32,9710,3263,6447,0,75.44,128.0,19.2,147.2,699.637,193.84,212.68
2026-08-22T16:46:02.509666+00:00,Simulated Annealing,0,98,8,4,8,8,8,os,32,32045,9726,22319,0,90.0,32.0,19.2,51.2,609.494,155.98,212.68
2026-08-22T16:46:02.509666+00:00,Simulated Annealing,0,99,8,16,8,8,8,os,32,9125,3006,6119,0,80.6,128.0,19.2,147.2,744.491,212.68,212.68
2026-08-22T16:46:02.509666+00:00,Simulated Annealing,0,100,8,4,8,8,8,os,32,32045,9726,22319,0,90.0,32.0,19.2,51.2,609.494,155.98,212.68
2026-08-22T16:46:02.509666+00:00,Simulated Annealing,1,1,8,16,16,64,8,is,12,14653,3689,10964,0,59.86,128.0,70.4,198.4,343.979,44.47,44.47
2026-08-22T16:46:02.509666+00:00,Simulated Annealing,1,2,8,16,8,64,8,is,12,14354,3689,10665,0,59.86,128.0,64.0,192.0,362.849,52.39,52.39
2026-08-22T16:46:02.509666+00:00,Simulated Annealing,1,3,8,16,8,64,8,is,12,14354,3689,10665,0,59.86,128.0,64.0,192.0,362.849,52.39,52.39
2026-08-22T16:46:02.509666+00:00,Simulated Annealing,1,4,8,16,8,16,8,is,12,14354,3689,10665,0,59.86,128.0,25.6,153.6,453.561,90.49,90.49
2026-08-22T16:46:02.509666+00:00,Simulated Annealing,1,5,64,16,8,16,8,is,12,12720,1506,11214,5878,18.62,1024.0,25.6,1049.6,74.901,-68.54,90.49
2026-08-22T16:46:02.509666+00:00,Simulated Annealing,1,6,8,16,8,16,8,is,16,13997,3519,10478,0,59.86,128.0,25.6,153.6,465.129,95.35,95.35
2026-08-22T16:46:02.509666+00:00,Simulated Annealing,1,7,8,16,8,128,8,is,16,13997,3519,10478,0,59.86,128.0,115.2,243.2,293.766,23.38,95.35
2026-08-22T16:46:02.509666+00:00,Simulated Annealing,1,8,64,16,8,16,8,is,16,9809,1334,8475,3298,19.61,1024.0,25.6,1049.6,97.13,-59.21,95.35
2026-08-22T16:46:02.509666+00:00,Simulated Annealing,1,9,8,16,8,16,8,is,8,16316,5053,11263,510,54.92,128.0,25.6,153.6,399.02,67.59,95.35
2026-08-22T16:46:02.509666+00:00,Simulated Annealing,1,10,32,16,8,16,8,is,16,8412,1647,6765,1336,32.87,512.0,25.6,537.6,221.127,-7.13,95.35
2026-08-22T16:46:02.509666+00:00,Simulated Annealing,1,11,4,16,8,16,8,is,16,23926,6015,17911,0,66.85,64.0,25.6,89.6,466.468,95.91,95.91
2026-08-22T16:46:02.509666+00:00,Simulated Annealing,1,12,4,16,8,256,8,is,16,23926,6015,17911,0,66.85,64.0,217.6,281.6,148.422,-37.66,95.91
2026-08-22T16:46:02.509666+00:00,Simulated Annealing,1,13,4,16,8,256,8,is,16,23926,6015,17911,0,66.85,64.0,217.6,281.6,148.422,-37.66,95.91
2026-08-22T16:46:02.509666+00:00,Simulated Annealing,1,14,4,64,8,16,8,is,16,17444,4235,13209,3356,23.89,256.0,25.6,281.6,203.574,-14.5,95.91
2026-08-22T16:46:02.509666+00:00,Simulated Annealing,1,15,4,16,8,16,16,is,16,24357,6271,18086,0,66.85,64.0,32.0,96.0,427.666,79.62,95.91
2026-08-22T16:46:02.509666+00:00,Simulated Annealing,1,16,4,16,8,16,8,ws,16,18382,6015,12367,0,80.59,64.0,25.6,89.6,607.155,155.0,155.0
2026-08-22T16:46:02.509666+00:00,Simulated Annealing,1,17,4,16,8,16,8,ws,16,18382,6015,12367,0,80.59,64.0,25.6,89.6,607.155,155.0,155.0
2026-08-22T16:46:02.509666+00:00,Simulated Annealing,1,18,48,16,8,16,8,ws,16,6254,1903,4351,2444,23.16,768.0,25.6,793.6,201.484,-15.38,155.0
2026-08-22T16:46:02.509666+00:00,Simulated Annealing,1,19,4,16,8,16,256,ws,16,27771,9854,17917,0,80.59,64.0,224.0,288.0,125.031,-47.49,155.0
2026-08-22T16:46:02.509666+00:00,Simulated Annealing,1,20,4,16,8,16,8,is,16,23926,6015,17911,0,66.85,64.0,25.6,89.6,466.468,95.91,155.0
2026-08-22T16:46:02.509666+00:00,Simulated Annealing,1,21,32,16,8,16,8,ws,16,4778,1647,3131,464,46.71,512.0,25.6,537.6,389.309,63.51,155.0
2026-08-22T16:46:02.509666+00:00,Simulated Annealing,1,22,4,16,8,16,8,is,16,23926,6015,17911,0,66.85,64.0,25.6,89.6,466.468,95.91,155.0
2026-08-22T16:46:02.509666+00:00,Simulated Annealing,1,23,4,16,8,128,8,ws,16,18382,6015,12367,0,80.59,64.0,115.2,179.2,303.577,27.5,155.0
2026-08-22T16:46:02.509666+00:00,Simulated Annealing,1,24,4,16,8,16,8,ws,16,18382,6015,12367,0,80.59,64.0,25.6,89.6,607.155,155.0,155.0
2026-08-22T16:46:02.509666+00:00,Simulated Annealing,1,25,4,16,8,16,64,ws,16,21958,7807,14151,0,80.59,64.0,70.4,134.4,338.85,42.31,155.0
2026-08-22T16:46:02.509666+00:00,Simulated Annealing,1,26,4,16,8,16,64,ws,16,21958,7807,14151,0,80.59,64.0,70.4,134.4,338.85,42.31,155.0
2026-08-22T16:46:02.509666+00:00,Simulated Annealing,1,27,64,16,8,16,8,ws,16,7050,1334,5716,3561,21.69,1024.0,25.6,1049.6,135.141,-43.24,155.0
2026-08-22T16:46:02.509666+00:00,Simulated Annealing,1,28,4,16,8,16,8,ws,16,18382,6015,12367,0,80.59,64.0,25.6,89.6,607.155,155.0,155.0
2026-08-22T16:46:02.509666+00:00,Simulated Annealing,1,29,4,32,8,16,8,ws,16,15252,4629,10623,3998,52.57,128.0,25.6,153.6,426.857,79.28,155.0
2026-08-22T16:46:02.509666+00:00,Simulated Annealing,1,30,4,16,8,16,8,is,16,23926,6015,17911,0,66.85,64.0,25.6,89.6,466.468,95.91,155.0
2026-08-22T16:46:02.509666+00:00,Simulated Annealing,1,31,64,16,8,16,8,ws,16,7050,1334,5716,3561,21.69,1024.0,25.6,1049.6,135.141,-43.24,155.0
2026-08-22T16:46:02.509666+00:00,Simulated Annealing,1,32,12,16,8,16,8,ws,16,7742,2959,4783,0,67.47,192.0,25.6,217.6,593.592,149.3,155.0
2026-08-22T16:46:02.509666+00:00,Simulated Annealing,1,33,4,16,8,32,8,ws,16,18382,6015,12367,0,80.59,64.0,38.4,102.4,531.26,123.13,155.0
2026-08-22T16:46:02.509666+00:00,Simulated Annealing,1,34,64,16,8,16,8,ws,16,7050,1334,5716,3561,21.69,1024.0,25.6,1049.6,135.141,-43.24,155.0
2026-08-22T16:46:02.509666+00:00,Simulated Annealing,1,35,4,16,8,16,8,is,16,23926,6015,17911,0,66.85,64.0,25.6,89.6,466.468,95.91,155.0
2026-08-22T16:46:02.509666+00:00,Simulated Annealing,1,36,4,16,8,256,8,ws,16,18382,6015,12367,0,80.59,64.0,217.6,281.6,193.186,-18.86,155.0
2026-08-22T16:46:02.509666+00:00,Simulated Annealing,1,37,4,16,8,16,16,ws,16,18886,6271,12615,0,80.59,64.0,32.0,96.0,551.555,131.65,155.0
2026-08-22T16:46:02.509666+00:00,Simulated Annealing,1,38,4,16,8,16,8,ws,8,30363,9142,21221,10029,53.01,64.0,25.6,89.6,367.576,54.38,155.0
2026-08-22T16:46:02.509666+00:00,Simulated Annealing,1,39,4,16,8,16,8,ws,24,18070,5844,12226,0,80.59,64.0,25.6,89.6,617.638,159.4,159.4
2026-08-22T16:46:02.509666+00:00,Simulated Annealing,1,40,4,48,8,16,8,ws,24,11710,4201,7509,0,42.33,192.0,25.6,217.6,392.45,64.83,159.4
2026-08-22T16:46:02.509666+00:00,Simulated Annealing,1,41,4,16,8,16,8,ws,24,18070,5844,12226,0,80.59,64.0,25.6,89.6,617.638,159.4,159.4
2026-08-22T16:46:02.509666+00:00,Simulated Annealing,1,42,4,16,256,16,8,ws,24,18742,5844,12898,0,80.59,64.0,224.0,288.0,185.264,-22.19,159.4
2026-08-22T16:46:02.509666+00:00,Simulated Annealing,1,43,4,16,8,16,8,ws,24,18070,5844,12226,0,80.59,64.0,25.6,89.6,617.638,159.4,159.4
2026-08-22T16:46:02.509666+00:00,Simulated Annealing,1,44,4,16,8,16,8,ws,32,17918,5759,12159,0,80.59,64.0,25.6,89.6,622.877,161.6,161.6
2026-08-22T16:46:02.509666+00:00,Simulated Annealing,1,45,4,16,8,16,16,ws,32,18102,5887,12215,0,80.59,64.0,32.0,96.0,575.443,141.68,161.6
2026-08-22T16:46:02.509666+00:00,Simulated Annealing,1,46,4,16,8,16,16,ws,32,18102,5887,12215,0,80.59,64.0,32.0,96.0,575.443,141.68,161.6
2026-08-22T16:46:02.509666+00:00,Simulated Annealing,1,47,64,16,8,16,8,ws,32,4098,1078,3020,1113,27.01,1024.0,25.6,1049.6,232.49,-2.36,161.6
2026-08-22T16:46:02.509666+00:00,Simulated Annealing,1,48,4,16,8,16,128,ws,32,20861,7678,13183,0,80.59,64.0,121.6,185.6,258.278,8.47,161.6
2026-08-22T16:46:02.509666+00:00,Simulated Annealing,1,49,4,16,8,16,64,ws,32,19638,6655,12983,0,80.59,64.0,70.4,134.4,378.882,59.13,161.6
2026-08-22T16:46:02.509666+00:00,Simulated Annealing,1,50,4,16,64,16,8,ws,32,18422,5759,12663,0,80.59,64.0,70.4,134.4,403.891,69.63,161.6
2026-08-22T16:46:02.509666+00:00,Simulated Annealing,1,51,4,16,8,16,128,ws,32,20861,7678,13183,0,80.59,64.0,121.6,185.6,258.278,8.47,161.6
2026-08-22T16:46:02.509666+00:00,Simulated Annealing,1,52,4,16,8,16,32,ws,32,18614,6143,12471,0,80.59,64.0,44.8,108.8,493.778,107.38,161.6
2026-08-22T16:46:02.509666+00:00,Simulated Annealing,1,53,16,16,8,16,8,ws,32,5666,2015,3651,0,67.01,256.0,25.6,281.6,626.745,163.23,163.23
2026-08-22T16:46:02.509666+00:00,Simulated Annealing,1,54,16,16,8,16,8,ws,32,5666,2015,3651,0,67.01,256.0,25.6,281.6,626.745,163.23,163.23
2026-08-22T16:46:02.509666+00:00,Simulated Annealing,1,55,16,8,8,16,8,ws,32,10274,3519,6755,0,70.95,128.0,25.6,153.6,633.679,166.14,166.14
2026-08-22T16:46:02.509666+00:00,Simulated Annealing,1,56,16,8,8,16,8,ws,24,10517,3604,6913,66,70.55,128.0,25.6,153.6,619.037,159.99,166.14
2026-08-22T16:46:02.509666+00:00,Simulated Annealing,1,57,16,8,8,16,8,ws,12,16865,3946,12919,5709,52.52,128.0,25.6,153.6,386.031,62.13,166.14
2026-08-22T16:46:02.509666+00:00,Simulated Annealing,1,58,16,8,8,16,8,ws,32,10274,3519,6755,0,70.95,128.0,25.6,153.6,633.679,166.14,166.14
2026-08-22T16:46:02.509666+00:00,Simulated Annealing,1,59,64,8,8,16,8,ws,32,8560,1838,6722,3195,26.1,512.0,25.6,537.6,217.304,-8.73,166.14
2026-08-22T16:46:02.509666+00:00,Simulated Annealing,1,60,16,8,8,16,8,ws,12,16865,3946,12919,5709,52.52,128.0,25.6,153.6,386.031,62.13,166.14
2026-08-22T16:46:02.509666+00:00,Simulated Annealing,1,61,12,8,8,16,8,ws,32,13326,4767,8559,0,71.65,96.0,25.6,121.6,617.116,159.18,166.14
2026-08-22T16:46:02.509666+00:00,Simulated Annealing,1,62,12,8,8,16,8,ws,32,13326,4767,8559,0,71.65,96.0,25.6,121.6,617.116,159.18,166.14
2026-08-22T16:46:02.509666+00:00,Simulated Annealing,1,63,16,8,8,16,16,ws,32,10530,3647,6883,0,70.95,128.0,32.0,160.0,593.542,149.28,166.14
2026-08-22T16:46:02.509666+00:00,Simulated Annealing,1,64,16,8,8,16,8,is,32,15021,3519,11502,0,54.24,128.0,25.6,153.6,433.421,82.03,166.14
2026-08-22T16:46:02.509666+00:00,Simulated Annealing,1,65,16,8,8,16,8,os,32,9141,3006,6135,0,80.6,128.0,25.6,153.6,712.221,199.13,199.13
2026-08-22T16:46:02.509666+00:00,Simulated Annealing,1,66,16,8,8,64,8,os,32,9141,3006,6135,0,80.6,128.0,64.0,192.0,569.777,139.3,199.13
2026-08-22T16:46:02.509666+00:00,Simulated Annealing,1,67,16,8,64,16,8,os,32,9645,3006,6639,0,80.6,128.0,70.4,198.4,522.584,119.48,199.13
2026-08-22T16:46:02.509666+00:00,Simulated Annealing,1,68,16,8,8,16,8,os,8,22561,3774,18787,12172,51.51,128.0,25.6,153.6,288.57,21.2,199.13
2026-08-22T16:46:02.509666+00:00,Simulated Annealing,1,69,16,8,256,16,8,os,32,9645,3006,6639,0,80.6,128.0,224.0,352.0,294.547,23.71,199.13
2026-08-22T16:46:02.509666+00:00,Simulated Annealing,1,70,16,48,8,16,8,os,32,3460,1326,2134,0,40.26,768.0,25.6,793.6,364.185,52.96,199.13
2026-08-22T16:46:02.509666+00:00,Simulated Annealing,1,71,16,8,8,16,8,os,32,9141,3006,6135,0,80.6,128.0,25.6,153.6,712.221,199.13,199.13
2026-08-22T16:46:02.509666+00:00,Simulated Annealing,1,72,16,4,8,16,8,os,32,17325,5502,11823,0,83.48,64.0,25.6,89.6,644.197,170.56,199.13
2026-08-22T16:46:02.509666+00:00,Simulated Annealing,1,73,16,64,8,16,8,os,32,3124,822,2302,0,38.8,1024.0,25.6,1049.6,304.976,28.09,199.13
2026-08-22T16:46:02.509666+00:00,Simulated Annealing,1,74,16,8,8,16,8,os,32,9141,3006,6135,0,80.6,128.0,25.6,153.6,712.221,199.13,199.13
2026-08-22T16:46:02.509666+00:00,Simulated Annealing,1,75,16,64,8,16,8,os,32,3124,822,2302,0,38.8,1024.0,25.6,1049.6,304.976,28.09,199.13
2026-08-22T16:46:02.509666+00:00,Simulated Annealing,1,76,16,8,8,16,8,ws,32,10274,3519,6755,0,70.95,128.0,25.6,153.6,633.679,166.14,199.13
2026-08-22T16:46:02.509666+00:00,Simulated Annealing,1,77,16,8,8,16,32,os,32,9268,3006,6262,0,80.6,128.0,44.8,172.8,624.411,162.25,199.13
2026-08-22T16:46:02.509666+00:00,Simulated Annealing,1,78,16,8,8,8,8,os,32,9125,3006,6119,0,80.6,128.0,19.2,147.2,744.491,212.68,212.68
2026-08-22T16:46:02.509666+00:00,Simulated Annealing,1,79,16,8,8,8,8,os,32,9125,3006,6119,0,80.6,128.0,19.2,147.2,744.491,212.68,212.68
2026-08-22T16:46:02.509666+00:00,Simulated Annealing,1,80,16,4,8,8,8,os,32,17309,5502,11807,0,83.48,64.0,19.2,83.2,694.392,191.64,212.68
2026-08-22T16:46:02.509666+00:00,Simulated Annealing,1,81,16,8,8,8,8,os,4,42529,4798,37731,30604,44.31,128.0,19.2,147.2,159.738,-32.91,212.68
2026-08-22T16:46:02.509666+00:00,Simulated Annealing,1,82,16,8,256,8,8,os,32,9645,3006,6639,0,80.6,128.0,217.6,345.6,300.002,26.0,212.68
2026-08-22T16:46:02.509666+00:00,Simulated Annealing,1,83,16,8,8,8,32,os,32,9252,3006,6246,0,80.6,128.0,38.4,166.4,649.548,172.81,212.68
2026-08-22T16:46:02.509666+00:00,Simulated Annealing,1,84,16,8,8,8,8,os,32,9125,3006,6119,0,80.6,128.0,19.2,147.2,744.491,212.68,212.68
2026-08-22T16:46:02.509666+00:00,Simulated Annealing,1,85,16,64,8,8,8,os,32,9680,822,8858,6708,26.3,1024.0,19.2,1043.2,99.028,-58.41,212.68
2026-08-22T16:46:02.509666+00:00,Simulated Annealing,1,86,16,8,8,8,8,os,32,9125,3006,6119,0,80.6,128.0,19.2,147.2,744.491,212.68,212.68
2026-08-22T16:46:02.509666+00:00,Simulated Annealing,1,87,48,8,8,8,8,os,32,7549,2142,5407,2888,34.51,384.0,19.2,403.2,328.541,37.99,212.68
2026-08-22T16:46:02.509666+00:00,Simulated Annealing,1,88,16,8,8,8,8,os,32,9125,3006,6119,0,80.6,128.0,19.2,147.2,744.491,212.68,212.68
2026-08-22T16:46:02.509666+00:00,Simulated Annealing,1,89,16,8,8,128,8,os,32,9141,3006,6135,0,80.6,128.0,115.2,243.2,449.824,88.92,212.68
2026-08-22T16:46:02.509666+00:00,Simulated Annealing,1,90,48,8,8,8,8,os,32,7549,2142,5407,2888,34.51,384.0,19.2,403.2,328.541,37.99,212.68
2026-08-22T16:46:02.509666+00:00,Simulated Annealing,1,91,16,8,8,8,8,os,32,9125,3006,6119,0,80.6,128.0,19.2,147.2,744.491,212.68,212.68
2026-08-22T16:46:02.509666+00:00,Simulated Annealing,1,92,16,8,8,8,8,os,16,12751,3262,9489,3226,65.39,128.0,19.2,147.2,532.78,123.76,212.68
2026-08-22T16:46:02.509666+00:00,Simulated Annealing,1,93,12,8,8,8,8,os,32,12109,4190,7919,0,79.15,96.0,19.2,115.2,716.868,201.08,212.68
2026-08-22T16:46:02.509666+00:00,Simulated Annealing,1,94,16,8,128,8,8,os,32,9645,3006,6639,0,80.6,128.0,115.2,243.2,426.319,79.05,212.68
2026-08-22T16:46:02.509666+00:00,Simulated Annealing,1,95,16,8,64,8,8,os,32,9645,3006,6639,0,80.6,128.0,64.0,192.0,540.003,126.8,212.68
2026-08-22T16:46:02.509666+00:00,Simulated Annealing,1,96,16,8,8,8,8,ws,32,10258,3519,6739,0,70.95,128.0,19.2,147.2,662.261,178.15,212.68
2026-08-22T16:46:02.509666+00:00,Simulated Annealing,1,97,16,8,8,8,32,os,32,9252,3006,6246,0,80.6,128.0,38.4,166.4,649.548,172.81,212.68
2026-08-22T16:46:02.509666+00:00,Simulated Annealing,1,98,16,8,8,8,8,os,32,9125,3006,6119,0,80.6,128.0,19.2,147.2,744.491,212.68,212.68
2026-08-22T16:46:02.509666+00:00,Simulated Annealing,1,99,16,8,8,8,8,os,24,9781,3092,6689,522,77.12,128.0,19.2,147.2,694.559,191.71,212.68
2026-08-22T16:46:02.509666+00:00,Simulated Annealing,1,100,16,8,8,8,8,ws,32,10258,3519,6739,0,70.95,128.0,19.2,147.2,662.261,178.15,212.68
2026-08-22T16:46:02.509666+00:00,Simulated Annealing,2,1,8,24,64,256,64,os,24,9935,2617,7318,0,57.86,192.0,307.2,499.2,201.631,-15.32,-15.32
2026-08-22T16:46:02.509666+00:00,Simulated Annealing,2,2,8,24,16,256,64,os,24,9413,2617,6796,0,57.86,192.0,268.8,460.8,230.547,-3.17,-3.17
2026-08-22T16:46:02.509666+00:00,Simulated Annealing,2,3,8,24,16,256,64,is,24,12630,4004,8626,0,50.76,192.0,268.8,460.8,171.824,-27.83,-3.17
2026-08-22T16:46:02.509666+00:00,Simulated Annealing,2,4,12,8,128,64,32,os,32,12772,4206,8566,0,79.15,96.0,179.2,275.2,284.507,19.49,19.49
2026-08-22T16:46:02.509666+00:00,Simulated Annealing,2,5,12,8,128,64,8,os,32,12645,4206,8439,0,79.15,96.0,160.0,256.0,308.917,29.74,29.74
2026-08-22T16:46:02.509666+00:00,Simulated Annealing,2,6,8,32,16,128,8,os,32,5433,1886,3547,0,70.96,256.0,121.6,377.6,487.448,104.73,104.73
2026-08-22T16:46:02.509666+00:00,Simulated Annealing,2,7,8,32,16,256,8,os,32,5433,1886,3547,0,70.96,256.0,224.0,480.0,383.459,61.05,104.73
2026-08-22T16:46:02.509666+00:00,Simulated Annealing,2,8,8,32,16,128,8,is,32,9322,2015,7307,0,47.57,256.0,121.6,377.6,284.092,19.32,104.73
2026-08-22T16:46:02.509666+00:00,Simulated Annealing,2,9,8,32,16,128,64,os,32,5560,1886,3674,0,70.96,256.0,166.4,422.4,425.796,78.83,104.73
2026-08-22T16:46:02.509666+00:00,Simulated Annealing,2,10,4,32,16,128,8,os,32,10069,3390,6679,0,73.12,128.0,121.6,249.6,397.896,67.11,104.73
2026-08-22T16:46:02.509666+00:00,Simulated Annealing,2,11,8,32,64,128,8,os,32,5825,1886,3939,0,70.96,256.0,160.0,416.0,412.677,73.32,104.73
2026-08-22T16:46:02.509666+00:00,Simulated Annealing,2,12,8,32,16,128,16,os,32,5560,1886,3674,0,70.96,256.0,128.0,384.0,468.375,96.71,104.73
2026-08-22T16:46:02.509666+00:00,Simulated Annealing,2,13,8,16,16,128,8,os,32,9253,3006,6247,0,80.6,128.0,121.6,249.6,432.985,81.85,104.73
2026-08-22T16:46:02.509666+00:00,Simulated Annealing,2,14,8,32,16,128,8,os,32,5433,1886,3547,0,70.96,256.0,121.6,377.6,487.448,104.73,104.73
2026-08-22T16:46:02.509666+00:00,Simulated Annealing,2,15,8,32,16,128,32,os,32,5560,1886,3674,0,70.96,256.0,140.8,396.8,453.266,90.37,104.73
2026-08-22T16:46:02.509666+00:00,Simulated Annealing,2,16,8,32,16,128,8,is,32,9322,2015,7307,0,47.57,256.0,121.6,377.6,284.092,19.32,104.73
2026-08-22T16:46:02.509666+00:00,Simulated Annealing,2,17,8,32,16,64,8,os,32,5433,1886,3547,0,70.96,256.0,70.4,326.4,563.91,136.84,136.84
2026-08-22T16:46:02.509666+00:00,Simulated Annealing,2,18,8,32,16,64,8,is,32,9322,2015,7307,0,47.57,256.0,70.4,326.4,328.655,38.03,136.84
2026-08-22T16:46:02.509666+00:00,Simulated Annealing,2,19,8,32,16,64,8,os,12,6393,2314,4079,0,70.96,256.0,70.4,326.4,479.231,101.27,136.84
2026-08-22T16:46:02.509666+00:00,Simulated Annealing,2,20,8,32,32,64,8,os,32,5689,1886,3803,0,70.96,256.0,83.2,339.2,518.213,117.65,136.84
2026-08-22T16:46:02.509666+00:00,Simulated Annealing,2,21,8,32,16,16,8,os,32,5433,1886,3547,0,70.96,256.0,32.0,288.0,639.099,168.42,168.42
2026-08-22T16:46:02.509666+00:00,Simulated Annealing,2,22,8,32,16,16,8,os,16,5964,2142,3822,0,70.96,256.0,32.0,288.0,582.197,144.52,168.42
2026-08-22T16:46:02.509666+00:00,Simulated Annealing,2,23,8,32,16,256,8,os,32,5433,1886,3547,0,70.96,256.0,224.0,480.0,383.459,61.05,168.42
2026-08-22T16:46:02.509666+00:00,Simulated Annealing,2,24,8,32,16,32,8,os,32,5433,1886,3547,0,70.96,256.0,44.8,300.8,611.903,157.0,168.42
2026-08-22T16:46:02.509666+00:00,Simulated Annealing,2,25,8,32,16,16,128,os,32,5560,1886,3674,0,70.96,256.0,128.0,384.0,468.375,96.71,168.42
2026-08-22T16:46:02.509666+00:00,Simulated Annealing,2,26,8,32,256,16,8,os,32,5825,1886,3939,0,70.96,256.0,224.0,480.0,357.654,50.21,168.42
2026-08-22T16:46:02.509666+00:00,Simulated Annealing,2,27,8,32,16,32,8,os,32,5433,1886,3547,0,70.96,256.0,44.8,300.8,611.903,157.0,168.42
2026-08-22T16:46:02.509666+00:00,Simulated Annealing,2,28,8,32,16,16,256,os,32,5560,1886,3674,0,70.96,256.0,230.4,486.4,369.77,55.3,168.42
2026-08-22T16:46:02.509666+00:00,Simulated Annealing,2,29,8,32,16,16,8,ws,32,5770,2015,3755,0,67.01,256.0,32.0,288.0,601.772,152.74,168.42
2026-08-22T16:46:02.509666+00:00,Simulated Annealing,2,30,8,32,16,16,8,os,32,5433,1886,3547,0,70.96,256.0,32.0,288.0,639.099,168.42,168.42
2026-08-22T16:46:02.509666+00:00,Simulated Annealing,2,31,8,32,16,16,32,os,32,5560,1886,3674,0,70.96,256.0,51.2,307.2,585.469,145.89,168.42
2026-08-22T16:46:02.509666+00:00,Simulated Annealing,2,32,8,32,16,32,8,os,32,5433,1886,3547,0,70.96,256.0,44.8,300.8,611.903,157.0,168.42
2026-08-22T16:46:02.509666+00:00,Simulated Annealing,2,33,8,32,16,16,8,os,32,5433,1886,3547,0,70.96,256.0,32.0,288.0,639.099,168.42,168.42
2026-08-22T16:46:02.509666+00:00,Simulated Annealing,2,34,8,32,16,16,128,os,32,5560,1886,3674,0,70.96,256.0,128.0,384.0,468.375,96.71,168.42
2026-08-22T16:46:02.509666+00:00,Simulated Annealing,2,35,8,32,16,16,128,os,32,5560,1886,3674,0,70.96,256.0,128.0,384.0,468.375,96.71,168.42
2026-08-22T16:46:02.509666+00:00,Simulated Annealing,2,36,8,32,16,16,8,ws,32,5770,2015,3755,0,67.01,256.0,32.0,288.0,601.772,152.74,168.42
2026-08-22T16:46:02.509666+00:00,Simulated Annealing,2,37,8,32,256,16,8,os,32,5825,1886,3939,0,70.96,256.0,224.0,480.0,357.654,50.21,168.42
2026-08-22T16:46:02.509666+00:00,Simulated Annealing,2,38,32,32,16,16,8,os,32,2124,758,1366,0,56.93,1024.0,32.0,1056.0,445.843,87.25,168.42
2026-08-22T16:46:02.509666+00:00,Simulated Annealing,2,39,8,32,16,16,8,os,8,7244,2654,4590,0,70.96,256.0,32.0,288.0,479.324,101.31,168.42
2026-08-22T16:46:02.509666+00:00,Simulated Annealing,2,40,4,32,16,16,8,os,32,10069,3390,6679,0,73.12,128.0,32.0,160.0,620.717,160.7,168.42
2026-08-22T16:46:02.509666+00:00,Simulated Annealing,2,41,24,32,16,16,8,os,32,2516,978,1538,0,60.53,768.0,32.0,800.0,496.82,108.66,168.42
2026-08-22T16:46:02.509666+00:00,Simulated Annealing,2,42,8,32,16,16,8,ws,32,5770,2015,3755,0,67.01,256.0,32.0,288.0,601.772,152.74,168.42
2026-08-22T16:46:02.509666+00:00,Simulated Annealing,2,43,8,24,16,16,8,os,32,9061,2526,6535,0,57.86,192.0,32.0,224.0,492.692,106.93,168.42
2026-08-22T16:46:02.509666+00:00,Simulated Annealing,2,44,8,4,16,16,8,os,32,32173,9726,22447,0,90.0,32.0,32.0,64.0,485.656,103.97,168.42
2026-08-22T16:46:02.509666+00:00,Simulated Annealing,2,45,8,32,16,16,8,ws,32,5770,2015,3755,0,67.01,256.0,32.0,288.0,601.772,152.74,168.42
2026-08-22T16:46:02.509666+00:00,Simulated Annealing,2,46,8,32,16,16,8,os,32,5433,1886,3547,0,70.96,256.0,32.0,288.0,639.099,168.42,168.42
2026-08-22T16:46:02.509666+00:00,Simulated Annealing,2,47,8,32,16,16,8,os,32,5433,1886,3547,0,70.96,256.0,32.0,288.0,639.099,168.42,168.42
2026-08-22T16:46:02.509666+00:00,Simulated Annealing,2,48,4,32,16,16,8,os,32,10069,3390,6679,0,73.12,128.0,32.0,160.0,620.717,160.7,168.42
2026-08-22T16:46:02.509666+00:00,Simulated Annealing,2,49,32,32,16,16,8,os,32,2124,758,1366,0,56.93,1024.0,32.0,1056.0,445.843,87.25,168.42
2026-08-22T16:46:02.509666+00:00,Simulated Annealing,2,50,8,32,16,16,8,os,8,7244,2654,4590,0,70.96,256.0,32.0,288.0,479.324,101.31,168.42
2026-08-22T16:46:02.509666+00:00,Simulated Annealing,2,51,8,32,16,16,256,os,32,5560,1886,3674,0,70.96,256.0,230.4,486.4,369.77,55.3,168.42
2026-08-22T16:46:02.509666+00:00,Simulated Annealing,2,52,8,32,16,16,8,os,32,5433,1886,3547,0,70.96,256.0,32.0,288.0,639.099,168.42,168.42
2026-08-22T16:46:02.509666+00:00,Simulated Annealing,2,53,8,12,16,16,8,os,32,13225,4206,9019,0,74.21,96.0,32.0,128.0,590.737,148.11,168.42
2026-08-22T16:46:02.509666+00:00,Simulated Annealing,2,54,32,32,16,16,8,os,32,2124,758,1366,0,56.93,1024.0,32.0,1056.0,445.843,87.25,168.42
2026-08-22T16:46:02.509666+00:00,Simulated Annealing,2,55,8,32,16,16,8,is,32,9322,2015,7307,0,47.57,256.0,32.0,288.0,372.476,56.44,168.42
2026-08-22T16:46:02.509666+00:00,Simulated Annealing,2,56,8,32,32,16,8,os,32,5689,1886,3803,0,70.96,256.0,44.8,300.8,584.368,145.43,168.42
2026-08-22T16:46:02.509666+00:00,Simulated Annealing,2,57,8,32,64,16,8,os,32,5825,1886,3939,0,70.96,256.0,70.4,326.4,525.961,120.9,168.42
2026-08-22T16:46:02.509666+00:00,Simulated Annealing,2,58,8,32,16,16,256,os,32,5560,1886,3674,0,70.96,256.0,230.4,486.4,369.77,55.3,168.42
2026-08-22T16:46:02.509666+00:00,Simulated Annealing,2,59,8,32,64,16,8,os,32,5825,1886,3939,0,70.96,256.0,70.4,326.4,525.961,120.9,168.42
2026-08-22T16:46:02.509666+00:00,Simulated Annealing,2,60,8,32,16,16,8,ws,32,5770,2015,3755,0,67.01,256.0,32.0,288.0,601.772,152.74,168.42
2026-08-22T16:46:02.509666+00:00,Simulated Annealing,2,61,8,8,16,16,8,os,32,16893,5246,11647,0,86.61,64.0,32.0,96.0,616.626,158.98,168.42
2026-08-22T16:46:02.509666+00:00,Simulated Annealing,2,62,8,32,8,16,8,os,32,5321,1886,3435,0,70.96,256.0,25.6,281.6,667.381,180.3,180.3
2026-08-22T16:46:02.509666+00:00,Simulated Annealing,2,63,8,12,64,128,128,os,4,21192,6110,15082,0,74.21,96.0,256.0,352.0,134.056,-43.7,180.3
2026-08-22T16:46:02.509666+00:00,Simulated Annealing,2,64,8,32,8,16,8,os,16,5740,2142,3598,0,70.96,256.0,25.6,281.6,618.665,159.84,180.3
2026-08-22T16:46:02.509666+00:00,Simulated Annealing,2,65,8,32,16,16,8,os,32,5433,1886,3547,0,70.96,256.0,32.0,288.0,639.099,168.42,180.3
2026-08-22T16:46:02.509666+00:00,Simulated Annealing,2,66,8,32,32,16,8,os,32,5689,1886,3803,0,70.96,256.0,44.8,300.8,584.368,145.43,180.3
2026-08-22T16:46:02.509666+00:00,Simulated Annealing,2,67,8,32,8,256,8,os,32,5321,1886,3435,0,70.96,256.0,217.6,473.6,396.821,66.66,180.3
2026-08-22T16:46:02.509666+00:00,Simulated Annealing,2,68,8,32,8,16,16,os,32,5448,1886,3562,0,70.96,256.0,32.0,288.0,637.339,167.68,180.3
2026-08-22T16:46:02.509666+00:00,Simulated Annealing,2,69,8,32,8,16,8,os,32,5321,1886,3435,0,70.96,256.0,25.6,281.6,667.381,180.3,180.3
2026-08-22T16:46:02.509666+00:00,Simulated Annealing,2,70,8,8,8,16,8,os,32,16781,5246,11535,0,86.61,64.0,25.6,89.6,665.08,179.33,180.3
2026-08-22T16:46:02.509666+00:00,Simulated Annealing,2,71,8,4,8,16,8,os,32,32061,9726,22335,0,90.0,32.0,25.6,57.6,541.502,127.43,180.3
2026-08-22T16:46:02.509666+00:00,Simulated Annealing,2,72,8,64,8,16,8,os,32,5449,1326,4123,0,40.73,512.0,25.6,537.6,341.369,43.37,180.3
2026-08-22T16:46:02.509666+00:00,Simulated Annealing,2,73,16,32,8,16,8,os,32,3068,1134,1934,0,67.04,512.0,25.6,537.6,606.297,154.64,180.3
2026-08-22T16:46:02.509666+00:00,Simulated Annealing,2,74,8,32,8,16,8,os,24,5460,1972,3488,0,70.96,256.0,25.6,281.6,650.391,173.16,180.3
2026-08-22T16:46:02.509666+00:00,Simulated Annealing,2,75,8,32,256,16,8,os,32,5825,1886,3939,0,70.96,256.0,224.0,480.0,357.654,50.21,180.3
2026-08-22T16:46:02.509666+00:00,Simulated Annealing,2,76,8,32,8,16,8,os,32,5321,1886,3435,0,70.96,256.0,25.6,281.6,667.381,180.3,180.3
2026-08-22T16:46:02.509666+00:00,Simulated Annealing,2,77,8,32,8,64,8,os,32,5321,1886,3435,0,70.96,256.0,64.0,320.0,587.296,146.66,180.3
2026-08-22T16:46:02.509666+00:00,Simulated Annealing,2,78,8,32,8,16,256,os,32,5448,1886,3562,0,70.96,256.0,224.0,480.0,382.403,60.61,180.3
2026-08-22T16:46:02.509666+00:00,Simulated Annealing,2,79,8,32,8,16,8,os,32,5321,1886,3435,0,70.96,256.0,25.6,281.6,667.381,180.3,180.3
2026-08-22T16:46:02.509666+00:00,Simulated Annealing,2,80,8,32,8,16,8,os,8,6796,2654,4142,0,70.96,256.0,25.6,281.6,522.533,119.46,180.3
2026-08-22T16:46:02.509666+00:00,Simulated Annealing,2,81,32,4,16,8,32,is,12,104691,5183,99508,80632,27.26,128.0,44.8,172.8,55.277,-76.78,180.3
2026-08-22T16:46:02.509666+00:00,Simulated Annealing,2,82,8,32,8,16,8,os,32,5321,1886,3435,0,70.96,256.0,25.6,281.6,667.381,180.3,180.3
2026-08-22T16:46:02.509666+00:00,Simulated Annealing,2,83,8,32,8,16,8,os,8,6796,2654,4142,0,70.96,256.0,25.6,281.6,522.533,119.46,180.3
2026-08-22T16:46:02.509666+00:00,Simulated Annealing,2,84,8,32,8,64,8,os,32,5321,1886,3435,0,70.96,256.0,64.0,320.0,587.296,146.66,180.3
2026-08-22T16:46:02.509666+00:00,Simulated Annealing,2,85,8,32,8,16,128,os,32,5448,1886,3562,0,70.96,256.0,121.6,377.6,486.106,104.16,180.3
2026-08-22T16:46:02.509666+00:00,Simulated Annealing,2,86,8,32,8,128,8,os,32,5321,1886,3435,0,70.96,256.0,115.2,371.2,506.289,112.64,180.3
2026-08-22T16:46:02.509666+00:00,Simulated Annealing,2,87,16,48,128,32,8,is,24,5533,1561,3972,0,29.59,768.0,134.4,902.4,200.281,-15.88,180.3
2026-08-22T16:46:02.509666+00:00,Simulated Annealing,2,88,32,32,8,16,8,os,32,2012,758,1254,0,56.93,1024.0,25.6,1049.6,473.531,98.88,180.3
2026-08-22T16:46:02.509666+00:00,Simulated Annealing,2,89,8,32,32,16,8,os,32,5689,1886,3803,0,70.96,256.0,44.8,300.8,584.368,145.43,180.3
2026-08-22T16:46:02.509666+00:00,Simulated Annealing,2,90,8,32,8,16,8,os,32,5321,1886,3435,0,70.96,256.0,25.6,281.6,667.381,180.3,180.3
2026-08-22T16:46:02.509666+00:00,Simulated Annealing,2,91,8,32,16,16,8,os,32,5433,1886,3547,0,70.96,256.0,32.0,288.0,639.099,168.42,180.3
2026-08-22T16:46:02.509666+00:00,Simulated Annealing,2,92,8,32,8,16,8,ws,32,5658,2015,3643,0,67.01,256.0,25.6,281.6,627.631,163.6,180.3
2026-08-22T16:46:02.509666+00:00,Simulated Annealing,2,93,32,12,128,128,64,is,24,10370,2188,8182,0,34.21,384.0,256.0,640.0,150.675,-36.72,180.3
2026-08-22T16:46:02.509666+00:00,Simulated Annealing,2,94,8,32,8,16,128,os,32,5448,1886,3562,0,70.96,256.0,121.6,377.6,486.106,104.16,180.3
2026-08-22T16:46:02.509666+00:00,Simulated Annealing,2,95,8,32,8,16,8,os,32,5321,1886,3435,0,70.96,256.0,25.6,281.6,667.381,180.3,180.3
2026-08-22T16:46:02.509666+00:00,Simulated Annealing,2,96,8,32,8,16,8,ws,32,5658,2015,3643,0,67.01,256.0,25.6,281.6,627.631,163.6,180.3
2026-08-22T16:46:02.509666+00:00,Simulated Annealing,2,97,8,32,8,16,8,os,32,5321,1886,3435,0,70.96,256.0,25.6,281.6,667.381,180.3,180.3
2026-08-22T16:46:02.509666+00:00,Simulated Annealing,2,98,8,32,64,16,8,os,32,5825,1886,3939,0,70.96,256.0,70.4,326.4,525.961,120.9,180.3
2026-08-22T16:46:02.509666+00:00,Simulated Annealing,2,99,8,32,8,16,8,os,32,5321,1886,3435,0,70.96,256.0,25.6,281.6,667.381,180.3,180.3
2026-08-22T16:46:02.509666+00:00,Simulated Annealing,2,100,24,32,8,16,8,os,32,2388,962,1426,0,60.53,768.0,25.6,793.6,527.672,121.62,180.3
2026-08-22T16:46:02.509666+00:00,Simulated Annealing,3,1,12,24,8,8,128,os,24,6737,2104,4633,0,52.79,288.0,115.2,403.2,368.14,54.62,54.62
2026-08-22T16:46:02.509666+00:00,Simulated Annealing,3,2,12,32,8,8,128,os,24,17757,1612,16145,13552,32.33,384.0,115.2,499.2,112.812,-52.62,54.62
2026-08-22T16:46:02.509666+00:00,Simulated Annealing,3,3,64,4,128,128,64,ws,24,11746,3444,8302,0,36.21,256.0,256.0,512.0,166.28,-30.16,54.62
2026-08-22T16:46:02.509666+00:00,Simulated Annealing,3,4,12,32,128,32,32,ws,12,8695,2716,5979,0,60.5,384.0,153.6,537.6,213.93,-10.15,54.62
2026-08-22T16:46:02.509666+00:00,Simulated Annealing,3,5,12,64,8,8,128,os,24,17355,1168,16187,13210,23.37,768.0,115.2,883.2,65.24,-72.6,54.62
2026-08-22T16:46:02.509666+00:00,Simulated Annealing,3,6,12,24,8,8,64,os,24,6737,2104,4633,0,52.79,288.0,64.0,352.0,421.688,77.11,77.11
2026-08-22T16:46:02.509666+00:00,Simulated Annealing,3,7,12,24,8,256,64,os,24,6875,2125,4750,0,52.79,288.0,262.4,550.4,264.271,10.99,77.11
2026-08-22T16:46:02.509666+00:00,Simulated Annealing,3,8,12,12,8,8,64,os,24,9773,3436,6337,0,67.97,144.0,64.0,208.0,491.936,106.61,106.61
2026-08-22T16:46:02.509666+00:00,Simulated Annealing,3,9,12,12,8,8,64,os,24,9773,3436,6337,0,67.97,144.0,64.0,208.0,491.936,106.61,106.61
2026-08-22T16:46:02.509666+00:00,Simulated Annealing,3,10,8,12,8,8,64,os,24,13385,4276,9109,0,74.21,96.0,64.0,160.0,466.941,96.11,106.61
2026-08-22T16:46:02.509666+00:00,Simulated Annealing,3,11,12,12,8,8,8,os,24,9603,3436,6167,0,67.97,144.0,19.2,163.2,638.077,167.99,167.99
2026-08-22T16:46:02.509666+00:00,Simulated Annealing,3,12,12,12,8,8,8,os,24,9603,3436,6167,0,67.97,144.0,19.2,163.2,638.077,167.99,167.99
2026-08-22T16:46:02.509666+00:00,Simulated Annealing,3,13,12,12,64,8,8,os,24,10317,3457,6860,0,67.97,144.0,64.0,208.0,465.997,95.72,167.99
2026-08-22T16:46:02.509666+00:00,Simulated Annealing,3,14,12,12,8,256,8,os,24,9669,3457,6212,0,67.97,144.0,217.6,361.6,286.016,20.12,167.99
2026-08-22T16:46:02.509666+00:00,Simulated Annealing,3,15,12,12,8,64,8,os,24,9669,3457,6212,0,67.97,144.0,64.0,208.0,497.227,108.83,167.99
2026-08-22T16:46:02.509666+00:00,Simulated Annealing,3,16,12,12,8,8,64,os,24,9773,3436,6337,0,67.97,144.0,64.0,208.0,491.936,106.61,167.99
2026-08-22T16:46:02.509666+00:00,Simulated Annealing,3,17,12,32,8,8,8,os,24,17587,1612,15975,13552,32.33,384.0,19.2,403.2,141.022,-40.77,167.99
2026-08-22T16:46:02.509666+00:00,Simulated Annealing,3,18,12,64,8,8,8,os,24,17185,1168,16017,13210,23.37,768.0,19.2,787.2,73.921,-68.95,167.99
2026-08-22T16:46:02.509666+00:00,Simulated Annealing,3,19,12,12,8,8,8,os,24,9603,3436,6167,0,67.97,144.0,19.2,163.2,638.077,167.99,167.99
2026-08-22T16:46:02.509666+00:00,Simulated Annealing,3,20,12,12,8,8,8,os,12,11440,3778,7662,1303,61.07,144.0,19.2,163.2,535.616,124.96,167.99
2026-08-22T16:46:02.509666+00:00,Simulated Annealing,3,21,12,12,8,8,8,os,16,10054,3606,6448,185,66.81,144.0,19.2,163.2,609.454,155.97,167.99
2026-08-22T16:46:02.509666+00:00,Simulated Annealing,3,22,12,12,8,8,128,os,24,9773,3436,6337,0,67.97,144.0,115.2,259.2,394.764,65.8,167.99
2026-08-22T16:46:02.509666+00:00,Simulated Annealing,3,23,12,32,8,8,8,os,24,17587,1612,15975,13552,32.33,384.0,19.2,403.2,141.022,-40.77,167.99
2026-08-22T16:46:02.509666+00:00,Simulated Annealing,3,24,24,12,8,8,8,os,24,5935,2104,3831,436,57.47,288.0,19.2,307.2,548.477,130.36,167.99
2026-08-22T16:46:02.509666+00:00,Simulated Annealing,3,25,12,12,8,8,8,is,24,19818,3868,15950,6192,40.49,144.0,19.2,163.2,309.186,29.86,167.99
2026-08-22T16:46:02.509666+00:00,Simulated Annealing,3,26,12,12,8,8,8,os,12,11440,3778,7662,1303,61.07,144.0,19.2,163.2,535.616,124.96,167.99
2026-08-22T16:46:02.509666+00:00,Simulated Annealing,3,27,12,12,8,8,128,os,24,9773,3436,6337,0,67.97,144.0,115.2,259.2,394.764,65.8,167.99
2026-08-22T16:46:02.509666+00:00,Simulated Annealing,3,28,12,12,8,8,8,ws,24,10530,3868,6662,0,61.77,144.0,19.2,163.2,581.904,144.4,167.99
2026-08-22T16:46:02.509666+00:00,Simulated Annealing,3,29,12,12,8,8,32,os,24,9773,3436,6337,0,67.97,144.0,38.4,182.4,560.98,135.61,167.99
2026-08-22T16:46:02.509666+00:00,Simulated Annealing,3,30,64,12,8,8,8,os,24,5025,1168,3857,1704,32.42,768.0,19.2,787.2,252.801,6.17,167.99
2026-08-22T16:46:02.509666+00:00,Simulated Annealing,3,31,12,12,8,8,8,os,24,9603,3436,6167,0,67.97,144.0,19.2,163.2,638.077,167.99,167.99
2026-08-22T16:46:02.509666+00:00,Simulated Annealing,3,32,48,12,8,8,8,os,24,6421,1804,4617,2608,28.57,576.0,19.2,595.2,261.658,9.89,167.99
2026-08-22T16:46:02.509666+00:00,Simulated Annealing,3,33,24,12,8,8,8,os,24,5935,2104,3831,436,57.47,288.0,19.2,307.2,548.477,130.36,167.99
2026-08-22T16:46:02.509666+00:00,Simulated Annealing,3,34,12,12,8,8,8,os,24,9603,3436,6167,0,67.97,144.0,19.2,163.2,638.077,167.99,167.99
2026-08-22T16:46:02.509666+00:00,Simulated Annealing,3,35,12,12,8,8,8,os,24,9603,3436,6167,0,67.97,144.0,19.2,163.2,638.077,167.99,167.99
2026-08-22T16:46:02.509666+00:00,Simulated Annealing,3,36,12,12,8,8,32,os,24,9773,3436,6337,0,67.97,144.0,38.4,182.4,560.98,135.61,167.99
2026-08-22T16:46:02.509666+00:00,Simulated Annealing,3,37,12,12,128,8,8,os,24,10317,3457,6860,0,67.97,144.0,115.2,259.2,373.948,57.06,167.99
2026-08-22T16:46:02.509666+00:00,Simulated Annealing,3,38,24,12,8,8,8,os,24,5935,2104,3831,436,57.47,288.0,19.2,307.2,548.477,130.36,167.99
2026-08-22T16:46:02.509666+00:00,Simulated Annealing,3,39,4,12,8,8,8,os,24,25083,7828,17255,0,76.98,48.0,19.2,67.2,593.268,149.17,167.99
2026-08-22T16:46:02.509666+00:00,Simulated Annealing,3,40,12,12,8,32,8,os,24,9669,3457,6212,0,67.97,144.0,38.4,182.4,567.014,138.14,167.99
2026-08-22T16:46:02.509666+00:00,Simulated Annealing,3,41,12,4,8,8,8,os,24,23187,7828,15359,0,82.04,48.0,19.2,67.2,641.78,169.54,169.54
2026-08-22T16:46:02.509666+00:00,Simulated Annealing,3,42,12,4,8,8,8,os,12,29763,8170,21593,6042,69.06,48.0,19.2,67.2,499.982,109.99,169.54
2026-08-22T16:46:02.509666+00:00,Simulated Annealing,3,43,12,48,8,8,8,os,24,17843,1804,16039,13424,19.19,576.0,19.2,595.2,94.161,-60.45,169.54
2026-08-22T16:46:02.509666+00:00,Simulated Annealing,3,44,12,4,8,8,8,os,24,23187,7828,15359,0,82.04,48.0,19.2,67.2,641.78,169.54,169.54
2026-08-22T16:46:02.509666+00:00,Simulated Annealing,3,45,12,4,8,8,8,os,24,23187,7828,15359,0,82.04,48.0,19.2,67.2,641.78,169.54,169.54
2026-08-22T16:46:02.509666+00:00,Simulated Annealing,3,46,24,4,8,8,8,os,24,15337,4660,10677,2326,64.57,96.0,19.2,115.2,565.988,137.71,169.54
2026-08-22T16:46:02.509666+00:00,Simulated Annealing,3,47,12,4,8,8,8,is,24,58584,8980,49604,24294,45.61,48.0,19.2,67.2,254.011,6.68,169.54
2026-08-22T16:46:02.509666+00:00,Simulated Annealing,3,48,12,4,64,8,8,os,24,23901,7849,16052,0,82.04,48.0,64.0,112.0,373.565,56.89,169.54
2026-08-22T16:46:02.509666+00:00,Simulated Annealing,3,49,12,4,8,8,32,os,24,23357,7828,15529,0,82.04,48.0,38.4,86.4,495.529,108.12,169.54
2026-08-22T16:46:02.509666+00:00,Simulated Annealing,3,50,48,4,8,8,8,os,24,19007,3988,15019,10172,30.37,192.0,19.2,211.2,249.111,4.62,169.54
2026-08-22T16:46:02.509666+00:00,Simulated Annealing,3,51,12,4,8,8,8,os,24,23187,7828,15359,0,82.04,48.0,19.2,67.2,641.78,169.54,169.54
2026-08-22T16:46:02.509666+00:00,Simulated Annealing,3,52,12,4,8,8,256,os,24,23357,7828,15529,0,82.04,48.0,217.6,265.6,161.196,-32.3,169.54
2026-08-22T16:46:02.509666+00:00,Simulated Annealing,3,53,12,4,8,8,8,is,24,58584,8980,49604,24294,45.61,48.0,19.2,67.2,254.011,6.68,169.54
2026-08-22T16:46:02.509666+00:00,Simulated Annealing,3,54,12,4,256,8,8,os,24,23901,7849,16052,0,82.04,48.0,217.6,265.6,157.527,-33.84,169.54
2026-08-22T16:46:02.509666+00:00,Simulated Annealing,3,55,12,4,8,8,256,os,24,23357,7828,15529,0,82.04,48.0,217.6,265.6,161.196,-32.3,169.54
2026-08-22T16:46:02.509666+00:00,Simulated Annealing,3,56,12,4,8,8,8,os,24,23187,7828,15359,0,82.04,48.0,19.2,67.2,641.78,169.54,169.54
2026-08-22T16:46:02.509666+00:00,Simulated Annealing,3,57,12,4,8,8,8,ws,24,25554,8980,16574,0,73.96,48.0,19.2,67.2,582.334,144.58,169.54
2026-08-22T16:46:02.509666+00:00,Simulated Annealing,3,58,12,4,256,8,8,os,24,23901,7849,16052,0,82.04,48.0,217.6,265.6,157.527,-33.84,169.54
2026-08-22T16:46:02.509666+00:00,Simulated Annealing,3,59,12,4,8,8,128,os,24,23357,7828,15529,0,82.04,48.0,115.2,163.2,262.339,10.18,169.54
2026-08-22T16:46:02.509666+00:00,Simulated Annealing,3,60,12,4,16,8,8,os,24,23379,7849,15530,0,82.04,48.0,25.6,73.6,581.161,144.08,169.54
2026-08-22T16:46:02.509666+00:00,Simulated Annealing,3,61,12,4,128,8,8,os,24,23901,7849,16052,0,82.04,48.0,115.2,163.2,256.368,7.67,169.54
2026-08-22T16:46:02.509666+00:00,Simulated Annealing,3,62,12,4,8,8,8,os,16,25359,7998,17361,1906,76.96,48.0,19.2,67.2,586.811,146.46,169.54
2026-08-22T16:46:02.509666+00:00,Simulated Annealing,3,63,12,4,8,8,8,os,4,72851,9534,63317,46998,47.59,48.0,19.2,67.2,204.266,-14.21,169.54
2026-08-22T16:46:02.509666+00:00,Simulated Annealing,3,64,12,4,8,8,8,is,24,58584,8980,49604,24294,45.61,48.0,19.2,67.2,254.011,6.68,169.54
2026-08-22T16:46:02.509666+00:00,Simulated Annealing,3,65,12,4,8,8,16,os,24,23357,7828,15529,0,82.04,48.0,25.6,73.6,581.708,144.31,169.54
2026-08-22T16:46:02.509666+00:00,Simulated Annealing,3,66,12,4,16,8,8,os,24,23379,7849,15530,0,82.04,48.0,25.6,73.6,581.161,144.08,169.54
2026-08-22T16:46:02.509666+00:00,Simulated Annealing,3,67,12,4,8,8,8,os,24,23187,7828,15359,0,82.04,48.0,19.2,67.2,641.78,169.54,169.54
2026-08-22T16:46:02.509666+00:00,Simulated Annealing,3,68,8,4,8,8,8,os,24,32179,9812,22367,0,90.0,32.0,19.2,51.2,606.956,154.92,169.54
2026-08-22T16:46:02.509666+00:00,Simulated Annealing,3,69,12,4,256,8,8,os,24,23901,7849,16052,0,82.04,48.0,217.6,265.6,157.527,-33.84,169.54
2026-08-22T16:46:02.509666+00:00,Simulated Annealing,3,70,12,4,8,16,8,os,24,23208,7828,15380,0,82.04,48.0,25.6,73.6,585.443,145.88,169.54
2026-08-22T16:46:02.509666+00:00,Simulated Annealing,3,71,12,4,8,8,8,is,24,58584,8980,49604,24294,45.61,48.0,19.2,67.2,254.011,6.68,169.54
2026-08-22T16:46:02.509666+00:00,Simulated Annealing,3,72,12,4,8,8,64,os,24,23357,7828,15529,0,82.04,48.0,64.0,112.0,382.265,60.55,169.54
2026-08-22T16:46:02.509666+00:00,Simulated Annealing,3,73,12,4,8,8,8,os,4,72851,9534,63317,46998,47.59,48.0,19.2,67.2,204.266,-14.21,169.54
2026-08-22T16:46:02.509666+00:00,Simulated Annealing,3,74,12,32,8,8,8,os,24,17587,1612,15975,13552,32.33,384.0,19.2,403.2,141.022,-40.77,169.54
2026-08-22T16:46:02.509666+00:00,Simulated Annealing,3,75,12,4,8,8,8,os,24,23187,7828,15359,0,82.04,48.0,19.2,67.2,641.78,169.54,169.54
2026-08-22T16:46:02.509666+00:00,Simulated Annealing,3,76,12,4,32,8,8,os,24,31558,7849,23709,7838,66.52,48.0,38.4,86.4,366.756,54.04,169.54
2026-08-22T16:46:02.509666+00:00,Simulated Annealing,3,77,12,4,8,8,8,ws,24,25554,8980,16574,0,73.96,48.0,19.2,67.2,582.334,144.58,169.54
2026-08-22T16:46:02.509666+00:00,Simulated Annealing,3,78,12,4,128,8,8,os,24,23901,7849,16052,0,82.04,48.0,115.2,163.2,256.368,7.67,169.54
2026-08-22T16:46:02.509666+00:00,Simulated Annealing,3,79,12,4,128,8,8,os,24,23901,7849,16052,0,82.04,48.0,115.2,163.2,256.368,7.67,169.54
2026-08-22T16:46:02.509666+00:00,Simulated Annealing,3,80,12,4,64,8,8,os,24,23901,7849,16052,0,82.04,48.0,64.0,112.0,373.565,56.89,169.54
2026-08-22T16:46:02.509666+00:00,Simulated Annealing,3,81,12,4,8,32,8,os,24,23208,7828,15380,0,82.04,48.0,38.4,86.4,498.711,109.46,169.54
2026-08-22T16:46:02.509666+00:00,Simulated Annealing,3,82,12,4,8,8,8,os,24,23187,7828,15359,0,82.04,48.0,19.2,67.2,641.78,169.54,169.54
2026-08-22T16:46:02.509666+00:00,Simulated Annealing,3,83,12,16,8,8,8,os,24,6771,2500,4271,0,73.98,192.0,19.2,211.2,699.283,193.69,193.69
2026-08-22T16:46:02.509666+00:00,Simulated Annealing,3,84,64,16,8,8,8,os,24,3903,908,2995,1472,34.13,1024.0,19.2,1043.2,245.603,3.15,193.69
2026-08-22T16:46:02.509666+00:00,Simulated Annealing,3,85,12,16,8,8,128,os,24,6941,2500,4441,0,73.98,192.0,115.2,307.2,468.983,96.97,193.69
2026-08-22T16:46:02.509666+00:00,Simulated Annealing,3,86,12,16,8,8,8,ws,24,7410,2788,4622,0,67.47,192.0,19.2,211.2,638.981,168.37,193.69
2026-08-22T16:46:02.509666+00:00,Simulated Annealing,3,87,12,16,8,256,8,os,24,6792,2500,4292,0,73.98,192.0,217.6,409.6,359.453,50.97,193.69
2026-08-22T16:46:02.509666+00:00,Simulated Annealing,3,88,12,16,128,8,8,os,24,7485,2521,4964,0,73.98,192.0,115.2,307.2,434.898,82.65,193.69
2026-08-22T16:46:02.509666+00:00,Simulated Annealing,3,89,12,8,8,8,8,os,24,12243,4276,7967,0,79.15,96.0,19.2,115.2,709.022,197.78,197.78
2026-08-22T16:46:02.509666+00:00,Simulated Annealing,3,90,12,8,8,8,8,os,24,12243,4276,7967,0,79.15,96.0,19.2,115.2,709.022,197.78,197.78
2026-08-22T16:46:02.509666+00:00,Simulated Annealing,3,91,16,8,8,8,8,os,24,9781,3092,6689,522,77.12,128.0,19.2,147.2,694.559,191.71,197.78
2026-08-22T16:46:02.509666+00:00,Simulated Annealing,3,92,12,8,8,8,8,os,32,12109,4190,7919,0,79.15,96.0,19.2,115.2,716.868,201.08,201.08
2026-08-22T16:46:02.509666+00:00,Simulated Annealing,3,93,12,8,8,8,16,os,32,12236,4190,8046,0,79.15,96.0,25.6,121.6,672.089,182.27,201.08
2026-08-22T16:46:02.509666+00:00,Simulated Annealing,3,94,12,8,8,128,8,os,32,12125,4190,7935,0,79.15,96.0,115.2,211.2,390.503,64.01,201.08
2026-08-22T16:46:02.509666+00:00,Simulated Annealing,3,95,12,8,8,256,8,os,32,12125,4190,7935,0,79.15,96.0,217.6,313.6,262.992,10.45,201.08
2026-08-22T16:46:02.509666+00:00,Simulated Annealing,3,96,12,8,8,8,32,os,32,12236,4190,8046,0,79.15,96.0,38.4,134.4,608.081,155.39,201.08
2026-08-22T16:46:02.509666+00:00,Simulated Annealing,3,97,48,8,8,8,8,os,32,7549,2142,5407,2888,34.51,384.0,19.2,403.2,328.541,37.99,201.08
2026-08-22T16:46:02.509666+00:00,Simulated Annealing,3,98,12,8,8,8,8,os,32,12109,4190,7919,0,79.15,96.0,19.2,115.2,716.868,201.08,201.08
2026-08-22T16:46:02.509666+00:00,Simulated Annealing,3,99,12,8,128,8,8,os,32,12645,4206,8439,0,79.15,96.0,115.2,211.2,374.444,57.26,201.08
2026-08-22T16:46:02.509666+00:00,Simulated Annealing,3,100,12,8,8,8,8,os,4,33173,5982,27191,18264,47.97,96.0,19.2,115.2,261.675,9.9,201.08
2026-08-22T16:46:02.509666+00:00,Simulated Annealing,4,1,12,16,8,64,64,is,4,32102,9742,22360,8017,38.99,192.0,108.8,300.8,103.56,-56.51,-56.51
2026-08-22T16:46:02.509666+00:00,Simulated Annealing,4,2,12,16,8,64,64,os,4,22464,4206,18258,11876,42.45,192.0,108.8,300.8,147.991,-37.84,-37.84
2026-08-22T16:46:02.509666+00:00,Simulated Annealing,4,3,12,16,8,16,64,os,4,22464,4206,18258,11876,42.45,192.0,70.4,262.4,169.648,-28.75,-28.75
2026-08-22T16:46:02.509666+00:00,Simulated Annealing,4,4,8,16,8,16,64,os,4,22554,4798,17756,9478,54.0,128.0,70.4,198.4,223.478,-6.14,-6.14
2026-08-22T16:46:02.509666+00:00,Simulated Annealing,4,5,48,16,8,16,64,os,4,21706,3054,18652,15114,19.59,768.0,70.4,838.4,54.95,-76.92,-6.14
2026-08-22T16:46:02.509666+00:00,Simulated Annealing,4,6,8,16,8,16,64,os,4,22554,4798,17756,9478,54.0,128.0,70.4,198.4,223.478,-6.14,-6.14
2026-08-22T16:46:02.509666+00:00,Simulated Annealing,4,7,8,16,8,16,32,os,4,22554,4798,17756,9478,54.0,128.0,44.8,172.8,256.586,7.76,7.76
2026-08-22T16:46:02.509666+00:00,Simulated Annealing,4,8,8,16,16,16,32,os,4,19098,4798,14300,5126,60.57,128.0,51.2,179.2,292.196,22.72,22.72
2026-08-22T16:46:02.509666+00:00,Simulated Annealing,4,9,8,16,16,16,32,os,4,19098,4798,14300,5126,60.57,128.0,51.2,179.2,292.196,22.72,22.72
2026-08-22T16:46:02.509666+00:00,Simulated Annealing,4,10,24,16,16,16,32,os,4,18400,3398,15002,9620,35.23,384.0,51.2,435.2,124.88,-47.55,22.72
2026-08-22T16:46:02.509666+00:00,Simulated Annealing,4,11,8,12,16,16,32,os,4,25172,6110,19062,7116,56.48,96.0,51.2,147.2,269.882,13.35,22.72
2026-08-22T16:46:02.509666+00:00,Simulated Annealing,4,12,8,16,16,16,32,is,4,31223,8127,23096,6653,49.58,128.0,51.2,179.2,178.726,-24.94,22.72
2026-08-22T16:46:02.509666+00:00,Simulated Annealing,4,13,8,16,16,16,32,os,12,10475,3434,7041,0,80.6,128.0,51.2,179.2,532.731,123.74,123.74
2026-08-22T16:46:02.509666+00:00,Simulated Annealing,4,14,32,16,16,16,32,os,12,6309,1562,4747,1782,46.73,512.0,51.2,563.2,281.434,18.2,123.74
2026-08-22T16:46:02.509666+00:00,Simulated Annealing,4,15,8,16,16,16,16,os,12,10475,3434,7041,0,80.6,128.0,38.4,166.4,573.71,140.95,140.95
2026-08-22T16:46:02.509666+00:00,Simulated Annealing,4,16,8,16,16,16,16,os,12,10475,3434,7041,0,80.6,128.0,38.4,166.4,573.71,140.95,140.95
2026-08-22T16:46:02.509666+00:00,Simulated Annealing,4,17,24,16,16,16,16,os,12,6627,1948,4679,1430,51.82,384.0,38.4,422.4,357.239,50.04,140.95
2026-08-22T16:46:02.509666+00:00,Simulated Annealing,4,18,8,16,128,16,16,os,12,11520,3434,8086,0,80.6,128.0,128.0,256.0,339.084,42.41,140.95
2026-08-22T16:46:02.509666+00:00,Simulated Annealing,4,19,8,16,128,16,16,os,12,11520,3434,8086,0,80.6,128.0,128.0,256.0,339.084,42.41,140.95
2026-08-22T16:46:02.509666+00:00,Simulated Annealing,4,20,8,16,16,128,16,os,12,10475,3434,7041,0,80.6,128.0,128.0,256.0,372.912,56.62,140.95
2026-08-22T16:46:02.509666+00:00,Simulated Annealing,4,21,8,16,16,16,16,os,12,10475,3434,7041,0,80.6,128.0,38.4,166.4,573.71,140.95,140.95
2026-08-22T16:46:02.509666+00:00,Simulated Annealing,4,22,8,16,8,16,16,os,12,10176,3434,6742,0,80.6,128.0,32.0,160.0,614.19,157.96,157.96
2026-08-22T16:46:02.509666+00:00,Simulated Annealing,4,23,4,16,8,16,16,os,12,18360,5930,12430,0,83.48,64.0,32.0,96.0,567.357,138.29,157.96
2026-08-22T16:46:02.509666+00:00,Simulated Annealing,4,24,8,16,128,16,16,os,12,11520,3434,8086,0,80.6,128.0,128.0,256.0,339.084,42.41,157.96
2026-08-22T16:46:02.509666+00:00,Simulated Annealing,4,25,8,16,8,256,16,os,12,10176,3434,6742,0,80.6,128.0,224.0,352.0,279.177,17.25,157.96
2026-08-22T16:46:02.509666+00:00,Simulated Annealing,4,26,8,16,8,16,16,ws,12,11446,4031,7415,0,75.44,128.0,32.0,160.0,546.042,129.33,157.96
2026-08-22T16:46:02.509666+00:00,Simulated Annealing,4,27,8,64,8,16,16,os,12,6671,1754,4917,0,40.73,512.0,32.0,544.0,275.556,15.73,157.96
2026-08-22T16:46:02.509666+00:00,Simulated Annealing,4,28,8,16,64,16,16,os,12,11520,3434,8086,0,80.6,128.0,76.8,204.8,423.855,78.02,157.96
2026-08-22T16:46:02.509666+00:00,Simulated Annealing,4,29,8,16,256,16,16,os,12,11520,3434,8086,0,80.6,128.0,230.4,358.4,242.203,1.72,157.96
2026-08-22T16:46:02.509666+00:00,Simulated Annealing,4,30,8,16,8,16,16,os,12,10176,3434,6742,0,80.6,128.0,32.0,160.0,614.19,157.96,157.96
2026-08-22T16:46:02.509666+00:00,Simulated Annealing,4,31,8,16,8,16,16,ws,12,11446,4031,7415,0,75.44,128.0,32.0,160.0,546.042,129.33,157.96
2026-08-22T16:46:02.509666+00:00,Simulated Annealing,4,32,8,16,8,16,128,os,12,10176,3434,6742,0,80.6,128.0,121.6,249.6,393.712,65.36,157.96
2026-08-22T16:46:02.509666+00:00,Simulated Annealing,4,33,32,16,8,16,16,os,12,5846,1562,4284,1618,47.55,512.0,32.0,544.0,314.443,32.06,157.96
2026-08-22T16:46:02.509666+00:00,Simulated Annealing,4,34,8,16,64,16,16,os,12,11520,3434,8086,0,80.6,128.0,76.8,204.8,423.855,78.02,157.96
2026-08-22T16:46:02.509666+00:00,Simulated Annealing,4,35,8,16,256,16,16,os,12,11520,3434,8086,0,80.6,128.0,230.4,358.4,242.203,1.72,157.96
2026-08-22T16:46:02.509666+00:00,Simulated Annealing,4,36,8,16,256,16,16,os,12,11520,3434,8086,0,80.6,128.0,230.4,358.4,242.203,1.72,157.96
2026-08-22T16:46:02.509666+00:00,Simulated Annealing,4,37,8,16,8,16,16,os,12,10176,3434,6742,0,80.6,128.0,32.0,160.0,614.19,157.96,157.96
2026-08-22T16:46:02.509666+00:00,Simulated Annealing,4,38,8,16,16,16,16,os,12,10475,3434,7041,0,80.6,128.0,38.4,166.4,573.71,140.95,157.96
2026-08-22T16:46:02.509666+00:00,Simulated Annealing,4,39,8,16,8,128,16,os,12,10176,3434,6742,0,80.6,128.0,121.6,249.6,393.712,65.36,157.96
2026-08-22T16:46:02.509666+00:00,Simulated Annealing,4,40,24,16,8,16,16,os,12,6156,1906,4250,1300,52.72,384.0,32.0,416.0,390.488,64.0,157.96
2026-08-22T16:46:02.509666+00:00,Simulated Annealing,4,41,8,16,8,32,16,os,12,10176,3434,6742,0,80.6,128.0,44.8,172.8,568.695,138.85,157.96
2026-08-22T16:46:02.509666+00:00,Simulated Annealing,4,42,8,16,8,128,16,os,12,10176,3434,6742,0,80.6,128.0,121.6,249.6,393.712,65.36,157.96
2026-08-22T16:46:02.509666+00:00,Simulated Annealing,4,43,8,16,128,16,16,os,12,11520,3434,8086,0,80.6,128.0,128.0,256.0,339.084,42.41,157.96
2026-08-22T16:46:02.509666+00:00,Simulated Annealing,4,44,64,16,8,16,16,os,12,7398,1250,6148,4050,28.6,1024.0,32.0,1056.0,128.003,-46.24,157.96
2026-08-22T16:46:02.509666+00:00,Simulated Annealing,4,45,8,16,8,16,16,os,12,10176,3434,6742,0,80.6,128.0,32.0,160.0,614.19,157.96,157.96
2026-08-22T16:46:02.509666+00:00,Simulated Annealing,4,46,8,16,8,16,8,os,12,9835,3434,6401,0,80.6,128.0,25.6,153.6,661.964,178.02,178.02
2026-08-22T16:46:02.509666+00:00,Simulated Annealing,4,47,8,16,8,16,8,os,12,9835,3434,6401,0,80.6,128.0,25.6,153.6,661.964,178.02,178.02
2026-08-22T16:46:02.509666+00:00,Simulated Annealing,4,48,8,8,8,16,8,os,12,17475,5674,11801,0,86.61,64.0,25.6,89.6,638.667,168.24,178.02
2026-08-22T16:46:02.509666+00:00,Simulated Annealing,4,49,12,16,8,16,8,os,12,8574,2842,5732,1227,64.19,192.0,25.6,217.6,535.991,125.11,178.02
2026-08-22T16:46:02.509666+00:00,Simulated Annealing,4,50,8,4,8,16,8,os,12,32755,10154,22601,0,90.0,32.0,25.6,57.6,530.029,122.61,178.02
2026-08-22T16:46:02.509666+00:00,Simulated Annealing,4,51,8,16,8,16,16,os,12,10176,3434,6742,0,80.6,128.0,32.0,160.0,614.19,157.96,178.02
2026-08-22T16:46:02.509666+00:00,Simulated Annealing,4,52,8,16,8,16,8,os,12,9835,3434,6401,0,80.6,128.0,25.6,153.6,661.964,178.02,178.02
2026-08-22T16:46:02.509666+00:00,Simulated Annealing,4,53,8,16,64,16,8,os,12,11179,3434,7745,0,80.6,128.0,70.4,198.4,450.874,89.36,178.02
2026-08-22T16:46:02.509666+00:00,Simulated Annealing,4,54,8,64,8,16,8,os,12,6345,1754,4591,0,40.73,512.0,25.6,537.6,293.163,23.13,178.02
2026-08-22T16:46:02.509666+00:00,Simulated Annealing,4,55,8,16,8,64,8,os,12,9835,3434,6401,0,80.6,128.0,64.0,192.0,529.571,122.42,178.02
2026-08-22T16:46:02.509666+00:00,Simulated Annealing,4,56,8,48,8,16,8,os,12,6968,2740,4228,0,42.34,384.0,25.6,409.6,350.374,47.15,178.02
2026-08-22T16:46:02.509666+00:00,Simulated Annealing,4,57,8,16,8,16,8,os,12,9835,3434,6401,0,80.6,128.0,25.6,153.6,661.964,178.02,178.02
2026-08-22T16:46:02.509666+00:00,Simulated Annealing,4,58,8,16,8,16,8,os,12,9835,3434,6401,0,80.6,128.0,25.6,153.6,661.964,178.02,178.02
2026-08-22T16:46:02.509666+00:00,Simulated Annealing,4,59,8,16,32,16,8,os,12,13637,3434,10203,2820,66.69,128.0,44.8,172.8,424.363,78.23,178.02
2026-08-22T16:46:02.509666+00:00,Simulated Annealing,4,60,8,16,8,16,8,os,12,9835,3434,6401,0,80.6,128.0,25.6,153.6,661.964,178.02,178.02
2026-08-22T16:46:02.509666+00:00,Simulated Annealing,4,61,8,16,16,16,8,os,12,10134,3434,6700,0,80.6,128.0,32.0,160.0,616.736,159.03,178.02
2026-08-22T16:46:02.509666+00:00,Simulated Annealing,4,62,8,16,128,16,8,os,12,11179,3434,7745,0,80.6,128.0,121.6,249.6,358.387,50.52,178.02
2026-08-22T16:46:02.509666+00:00,Simulated Annealing,4,63,8,16,8,16,64,os,12,10176,3434,6742,0,80.6,128.0,70.4,198.4,495.315,108.03,178.02
2026-08-22T16:46:02.509666+00:00,Simulated Annealing,4,64,8,16,8,16,8,is,12,14354,3689,10665,0,59.86,128.0,25.6,153.6,453.561,90.49,178.02
2026-08-22T16:46:02.509666+00:00,Simulated Annealing,4,65,8,16,8,16,8,is,12,14354,3689,10665,0,59.86,128.0,25.6,153.6,453.561,90.49,178.02
2026-08-22T16:46:02.509666+00:00,Simulated Annealing,4,66,8,16,8,8,8,os,12,9793,3434,6359,0,80.6,128.0,19.2,147.2,693.708,191.35,191.35
2026-08-22T16:46:02.509666+00:00,Simulated Annealing,4,67,8,16,8,16,8,os,12,9835,3434,6401,0,80.6,128.0,25.6,153.6,661.964,178.02,191.35
2026-08-22T16:46:02.509666+00:00,Simulated Annealing,4,68,8,16,8,8,16,os,12,10134,3434,6700,0,80.6,128.0,25.6,153.6,642.433,169.82,191.35
2026-08-22T16:46:02.509666+00:00,Simulated Annealing,4,69,8,16,8,8,8,os,12,9793,3434,6359,0,80.6,128.0,19.2,147.2,693.708,191.35,191.35
2026-08-22T16:46:02.509666+00:00,Simulated Annealing,4,70,8,16,8,8,8,os,12,9793,3434,6359,0,80.6,128.0,19.2,147.2,693.708,191.35,191.35
2026-08-22T16:46:02.509666+00:00,Simulated Annealing,4,71,8,16,8,8,16,os,12,10134,3434,6700,0,80.6,128.0,25.6,153.6,642.433,169.82,191.35
2026-08-22T16:46:02.509666+00:00,Simulated Annealing,4,72,8,16,8,8,8,os,12,9793,3434,6359,0,80.6,128.0,19.2,147.2,693.708,191.35,191.35
2026-08-22T16:46:02.509666+00:00,Simulated Annealing,4,73,8,16,8,64,8,os,12,9835,3434,6401,0,80.6,128.0,64.0,192.0,529.571,122.42,191.35
2026-08-22T16:46:02.509666+00:00,Simulated Annealing,4,74,8,16,256,8,8,os,12,11179,3434,7745,0,80.6,128.0,217.6,345.6,258.835,8.71,191.35
2026-08-22T16:46:02.509666+00:00,Simulated Annealing,4,75,48,16,8,8,8,os,12,7771,1690,6081,4202,24.89,768.0,19.2,787.2,163.47,-31.34,191.35
2026-08-22T16:46:02.509666+00:00,Simulated Annealing,4,76,8,24,8,8,8,os,12,9585,2938,6647,0,57.86,192.0,19.2,211.2,493.985,107.47,191.35
2026-08-22T16:46:02.509666+00:00,Simulated Annealing,4,77,12,16,8,8,8,os,12,8532,2842,5690,1227,64.19,192.0,19.2,211.2,554.952,133.08,191.35
2026-08-22T16:46:02.509666+00:00,Simulated Annealing,4,78,8,16,8,128,8,os,12,9835,3434,6401,0,80.6,128.0,115.2,243.2,418.083,75.59,191.35
2026-08-22T16:46:02.509666+00:00,Simulated Annealing,4,79,8,16,8,64,8,os,12,9835,3434,6401,0,80.6,128.0,64.0,192.0,529.571,122.42,191.35
2026-08-22T16:46:02.509666+00:00,Simulated Annealing,4,80,16,16,8,8,8,os,12,7964,2186,5778,2168,58.52,256.0,19.2,275.2,456.268,91.63,191.35
2026-08-22T16:46:02.509666+00:00,Simulated Annealing,4,81,24,16,8,8,8,os,12,5857,1906,3951,1300,52.72,384.0,19.2,403.2,423.452,77.85,191.35
2026-08-22T16:46:02.509666+00:00,Simulated Annealing,4,82,8,16,8,8,8,os,16,9525,3262,6263,0,80.6,128.0,19.2,147.2,713.226,199.55,199.55
2026-08-22T16:46:02.509666+00:00,Simulated Annealing,4,83,8,4,8,8,8,os,16,32445,9982,22463,0,90.0,32.0,19.2,51.2,601.98,152.83,199.55
2026-08-22T16:46:02.509666+00:00,Simulated Annealing,4,84,8,12,8,8,8,os,16,13481,4446,9035,0,74.21,96.0,19.2,115.2,643.91,170.44,199.55
2026-08-22T16:46:02.509666+00:00,Simulated Annealing,4,85,8,16,128,8,8,os,16,10565,3262,7303,0,80.6,128.0,115.2,243.2,389.195,63.46,199.55
2026-08-22T16:46:02.509666+00:00,Simulated Annealing,4,86,8,16,8,128,8,os,16,9557,3262,6295,0,80.6,128.0,115.2,243.2,430.244,80.7,199.55
2026-08-22T16:46:02.509666+00:00,Simulated Annealing,4,87,4,16,8,8,8,os,16,17709,5758,11951,0,83.48,64.0,19.2,83.2,678.707,185.05,199.55
2026-08-22T16:46:02.509666+00:00,Simulated Annealing,4,88,64,16,8,8,8,os,16,5395,1078,4317,2698,30.62,1024.0,19.2,1043.2,177.681,-25.38,199.55
2026-08-22T16:46:02.509666+00:00,Simulated Annealing,4,89,8,16,128,8,8,os,16,10565,3262,7303,0,80.6,128.0,115.2,243.2,389.195,63.46,199.55
2026-08-22T16:46:02.509666+00:00,Simulated Annealing,4,90,32,16,8,8,8,os,16,4333,1390,2943,756,53.53,512.0,19.2,531.2,434.463,82.47,199.55
2026-08-22T16:46:02.509666+00:00,Simulated Annealing,4,91,8,16,8,8,8,os,16,9525,3262,6263,0,80.6,128.0,19.2,147.2,713.226,199.55,199.55
2026-08-22T16:46:02.509666+00:00,Simulated Annealing,4,92,8,16,8,8,8,os,16,9525,3262,6263,0,80.6,128.0,19.2,147.2,713.226,199.55,199.55
2026-08-22T16:46:02.509666+00:00,Simulated Annealing,4,93,8,16,8,8,64,os,16,9780,3262,6518,0,80.6,128.0,64.0,192.0,532.549,123.67,199.55
2026-08-22T16:46:02.509666+00:00,Simulated Annealing,4,94,8,16,8,8,8,os,12,9793,3434,6359,0,80.6,128.0,19.2,147.2,693.708,191.35,199.55
2026-08-22T16:46:02.509666+00:00,Simulated Annealing,4,95,8,16,8,8,8,os,16,9525,3262,6263,0,80.6,128.0,19.2,147.2,713.226,199.55,199.55
2026-08-22T16:46:02.509666+00:00,Simulated Annealing,4,96,8,16,8,8,8,os,16,9525,3262,6263,0,80.6,128.0,19.2,147.2,713.226,199.55,199.55
2026-08-22T16:46:02.509666+00:00,Simulated Annealing,4,97,8,16,8,8,32,os,16,9780,3262,6518,0,80.6,128.0,38.4,166.4,614.48,158.08,199.55
2026-08-22T16:46:02.509666+00:00,Simulated Annealing,4,98,8,16,8,64,8,os,16,9557,3262,6295,0,80.6,128.0,64.0,192.0,544.976,128.89,199.55
2026-08-22T16:46:02.509666+00:00,Simulated Annealing,4,99,8,16,8,8,8,os,16,9525,3262,6263,0,80.6,128.0,19.2,147.2,713.226,199.55,199.55
2026-08-22T16:46:02.509666+00:00,Simulated Annealing,4,100,8,24,8,8,8,os,16,9317,2766,6551,0,57.86,192.0,19.2,211.2,508.195,113.44,199.55
2026-08-22T16:46:02.509666+00:00,Simulated Annealing,5,1,12,32,32,64,64,os,16,5356,1814,3542,0,65.58,384.0,128.0,512.0,364.661,53.16,53.16
2026-08-22T16:46:02.509666+00:00,Simulated Annealing,5,2,12,32,32,64,64,os,32,4428,1542,2886,0,65.58,384.0,128.0,512.0,441.085,85.25,85.25
2026-08-22T16:46:02.509666+00:00,Simulated Annealing,5,3,12,32,32,64,64,os,32,4428,1542,2886,0,65.58,384.0,128.0,512.0,441.085,85.25,85.25
2026-08-22T16:46:02.509666+00:00,Simulated Annealing,5,4,12,32,32,64,8,os,32,4301,1542,2759,0,65.58,384.0,83.2,467.2,497.654,109.01,109.01
2026-08-22T16:46:02.509666+00:00,Simulated Annealing,5,5,12,32,32,64,8,os,16,5122,1814,3308,0,65.58,384.0,83.2,467.2,417.886,75.51,109.01
2026-08-22T16:46:02.509666+00:00,Simulated Annealing,5,6,12,4,32,64,8,os,32,25665,7758,17907,2212,76.24,48.0,83.2,131.2,296.978,24.73,109.01
2026-08-22T16:46:02.509666+00:00,Simulated Annealing,5,7,32,32,32,64,8,os,32,2380,758,1622,0,56.93,1024.0,83.2,1107.2,379.487,59.38,109.01
2026-08-22T16:46:02.509666+00:00,Simulated Annealing,5,8,12,48,32,64,8,os,32,4733,1782,2951,0,39.33,576.0,83.2,659.2,320.513,34.61,109.01
2026-08-22T16:46:02.509666+00:00,Simulated Annealing,5,9,12,32,32,64,16,os,32,4428,1542,2886,0,65.58,384.0,89.6,473.6,476.849,100.27,109.01
2026-08-22T16:46:02.509666+00:00,Simulated Annealing,5,10,12,48,32,64,16,os,32,4860,1782,3078,0,39.33,576.0,89.6,665.6,309.137,29.84,109.01
2026-08-22T16:46:02.509666+00:00,Simulated Annealing,5,11,12,32,32,64,16,os,16,5356,1814,3542,0,65.58,384.0,89.6,473.6,394.228,65.57,109.01
2026-08-22T16:46:02.509666+00:00,Simulated Annealing,5,12,12,32,32,64,16,os,4,15574,3446,12128,4650,39.41,384.0,89.6,473.6,135.578,-43.06,109.01
2026-08-22T16:46:02.509666+00:00,Simulated Annealing,5,13,12,32,32,64,64,os,32,4428,1542,2886,0,65.58,384.0,128.0,512.0,441.085,85.25,109.01
2026-08-22T16:46:02.509666+00:00,Simulated Annealing,5,14,4,32,32,64,16,os,32,10452,3390,7062,0,73.12,128.0,89.6,217.6,439.685,84.66,109.01
2026-08-22T16:46:02.509666+00:00,Simulated Annealing,5,15,12,12,32,64,16,os,32,9996,3366,6630,0,67.97,144.0,89.6,233.6,428.253,79.86,109.01
2026-08-22T16:46:02.509666+00:00,Simulated Annealing,5,16,12,32,32,64,16,os,32,4428,1542,2886,0,65.58,384.0,89.6,473.6,476.849,100.27,109.01
2026-08-22T16:46:02.509666+00:00,Simulated Annealing,5,17,12,32,32,64,256,os,32,4428,1542,2886,0,65.58,384.0,281.6,665.6,339.296,42.5,109.01
2026-08-22T16:46:02.509666+00:00,Simulated Annealing,5,18,12,16,32,64,16,os,32,7164,2430,4734,0,73.98,192.0,89.6,281.6,495.692,108.19,109.01
2026-08-22T16:46:02.509666+00:00,Simulated Annealing,5,19,12,16,32,32,16,os,32,7164,2430,4734,0,73.98,192.0,64.0,256.0,545.261,129.01,129.01
2026-08-22T16:46:02.509666+00:00,Simulated Annealing,5,20,32,16,32,32,16,os,32,5132,1134,3998,1444,48.51,512.0,64.0,576.0,338.291,42.08,129.01
2026-08-22T16:46:02.509666+00:00,Simulated Annealing,5,21,12,24,32,32,16,os,32,6960,2034,4926,0,52.79,288.0,64.0,352.0,408.177,71.43,129.01
2026-08-22T16:46:02.509666+00:00,Simulated Annealing,5,22,12,16,128,32,16,os,32,7300,2430,4870,0,73.98,192.0,140.8,332.8,411.617,72.88,129.01
2026-08-22T16:46:02.509666+00:00,Simulated Annealing,5,23,12,16,32,32,256,os,32,7164,2430,4734,0,73.98,192.0,256.0,448.0,311.578,30.86,129.01
2026-08-22T16:46:02.509666+00:00,Simulated Annealing,5,24,24,16,32,32,16,os,32,5386,1494,3892,1054,54.6,384.0,64.0,448.0,414.434,74.06,129.01
2026-08-22T16:46:02.509666+00:00,Simulated Annealing,5,25,12,16,64,32,16,os,32,7300,2430,4870,0,73.98,192.0,89.6,281.6,486.457,104.31,129.01
2026-08-22T16:46:02.509666+00:00,Simulated Annealing,5,26,12,64,32,32,16,os,32,4368,1098,3270,0,37.16,768.0,64.0,832.0,275.166,15.57,129.01
2026-08-22T16:46:02.509666+00:00,Simulated Annealing,5,27,12,4,32,32,16,os,32,25792,7758,18034,2212,76.24,48.0,64.0,112.0,346.176,45.39,129.01
2026-08-22T16:46:02.509666+00:00,Simulated Annealing,5,28,32,16,32,32,16,os,32,5132,1134,3998,1444,48.51,512.0,64.0,576.0,338.291,42.08,129.01
2026-08-22T16:46:02.509666+00:00,Simulated Annealing,5,29,48,16,32,32,16,os,32,5406,1326,4080,2190,29.56,768.0,64.0,832.0,222.331,-6.62,129.01
2026-08-22T16:46:02.509666+00:00,Simulated Annealing,5,30,12,16,32,32,8,os,32,7037,2430,4607,0,73.98,192.0,57.6,249.6,569.335,139.12,139.12
2026-08-22T16:46:02.509666+00:00,Simulated Annealing,5,31,12,16,32,8,8,os,32,7037,2430,4607,0,73.98,192.0,38.4,230.4,616.78,159.04,159.04
2026-08-22T16:46:02.509666+00:00,Simulated Annealing,5,32,12,16,32,8,8,ws,32,7662,2719,4943,0,67.47,192.0,38.4,230.4,566.468,137.91,159.04
2026-08-22T16:46:02.509666+00:00,Simulated Annealing,5,33,12,8,32,8,8,os,32,12657,4206,8451,148,78.32,96.0,38.4,134.4,587.855,146.9,159.04
2026-08-22T16:46:02.509666+00:00,Simulated Annealing,5,34,12,16,32,8,8,os,16,10163,2702,7461,2326,58.6,192.0,38.4,230.4,427.067,79.37,159.04
2026-08-22T16:46:02.509666+00:00,Simulated Annealing,5,35,12,16,128,8,8,os,32,7173,2430,4743,0,73.98,192.0,115.2,307.2,453.814,90.6,159.04
2026-08-22T16:46:02.509666+00:00,Simulated Annealing,5,36,12,16,32,8,8,os,32,7037,2430,4607,0,73.98,192.0,38.4,230.4,616.78,159.04,159.04
2026-08-22T16:46:02.509666+00:00,Simulated Annealing,5,37,12,16,32,8,8,os,12,13287,2884,10403,4916,50.83,192.0,38.4,230.4,326.656,37.19,159.04
2026-08-22T16:46:02.509666+00:00,Simulated Annealing,5,38,48,16,32,8,8,os,32,5351,1326,4025,2190,29.56,768.0,38.4,806.4,231.747,-2.67,159.04
2026-08-22T16:46:02.509666+00:00,Simulated Annealing,5,39,16,16,32,8,8,os,32,5707,1758,3949,290,71.95,256.0,38.4,294.4,595.188,149.98,159.04
2026-08-22T16:46:02.509666+00:00,Simulated Annealing,5,40,12,16,32,8,32,os,32,7164,2430,4734,0,73.98,192.0,57.6,249.6,559.242,134.88,159.04
2026-08-22T16:46:02.509666+00:00,Simulated Annealing,5,41,12,16,32,8,8,os,32,7037,2430,4607,0,73.98,192.0,38.4,230.4,616.78,159.04,159.04
2026-08-22T16:46:02.509666+00:00,Simulated Annealing,5,42,12,16,32,8,8,os,32,7037,2430,4607,0,73.98,192.0,38.4,230.4,616.78,159.04,159.04
2026-08-22T16:46:02.509666+00:00,Simulated Annealing,5,43,12,16,32,8,8,os,32,7037,2430,4607,0,73.98,192.0,38.4,230.4,616.78,159.04,159.04
2026-08-22T16:46:02.509666+00:00,Simulated Annealing,5,44,12,16,32,8,8,os,32,7037,2430,4607,0,73.98,192.0,38.4,230.4,616.78,159.04,159.04
2026-08-22T16:46:02.509666+00:00,Simulated Annealing,5,45,12,16,64,8,8,os,32,7173,2430,4743,0,73.98,192.0,64.0,256.0,544.577,128.72,159.04
2026-08-22T16:46:02.509666+00:00,Simulated Annealing,5,46,8,16,32,8,8,os,32,9509,3006,6503,0,80.6,128.0,38.4,166.4,631.992,165.43,165.43
2026-08-22T16:46:02.509666+00:00,Simulated Annealing,5,47,8,16,32,8,128,os,32,9636,3006,6630,0,80.6,128.0,134.4,262.4,395.494,66.1,165.43
2026-08-22T16:46:02.509666+00:00,Simulated Annealing,5,48,16,16,32,8,8,os,32,5707,1758,3949,290,71.95,256.0,38.4,294.4,595.188,149.98,165.43
2026-08-22T16:46:02.509666+00:00,Simulated Annealing,5,49,8,16,32,8,8,os,32,9509,3006,6503,0,80.6,128.0,38.4,166.4,631.992,165.43,165.43
2026-08-22T16:46:02.509666+00:00,Simulated Annealing,5,50,8,16,32,16,8,os,32,9509,3006,6503,0,80.6,128.0,44.8,172.8,608.585,155.6,165.43
2026-08-22T16:46:02.509666+00:00,Simulated Annealing,5,51,8,16,32,8,8,ws,32,10094,3263,6831,0,75.44,128.0,38.4,166.4,595.365,150.05,165.43
2026-08-22T16:46:02.509666+00:00,Simulated Annealing,5,52,8,16,16,8,8,os,32,9253,3006,6247,0,80.6,128.0,25.6,153.6,703.601,195.51,195.51
2026-08-22T16:46:02.509666+00:00,Simulated Annealing,5,53,8,12,16,8,8,os,32,13209,4190,9019,0,74.21,96.0,25.6,121.6,622.582,161.48,195.51
2026-08-22T16:46:02.509666+00:00,Simulated Annealing,5,54,8,16,16,8,8,os,16,9781,3262,6519,0,80.6,128.0,25.6,153.6,665.619,179.56,195.51
2026-08-22T16:46:02.509666+00:00,Simulated Annealing,5,55,8,16,16,32,8,os,32,9253,3006,6247,0,80.6,128.0,44.8,172.8,625.423,162.67,195.51
2026-08-22T16:46:02.509666+00:00,Simulated Annealing,5,56,8,16,16,8,8,os,16,9781,3262,6519,0,80.6,128.0,25.6,153.6,665.619,179.56,195.51
2026-08-22T16:46:02.509666+00:00,Simulated Annealing,5,57,8,16,16,128,8,os,32,9253,3006,6247,0,80.6,128.0,121.6,249.6,432.985,81.85,195.51
2026-08-22T16:46:02.509666+00:00,Simulated Annealing,5,58,8,16,16,8,64,os,32,9380,3006,6374,0,80.6,128.0,70.4,198.4,537.348,125.68,195.51
2026-08-22T16:46:02.509666+00:00,Simulated Annealing,5,59,8,16,16,8,8,is,32,13594,3263,10331,0,59.86,128.0,25.6,153.6,478.918,101.14,195.51
2026-08-22T16:46:02.509666+00:00,Simulated Annealing,5,60,8,16,32,8,8,os,32,9509,3006,6503,0,80.6,128.0,38.4,166.4,631.992,165.43,195.51
2026-08-22T16:46:02.509666+00:00,Simulated Annealing,5,61,8,8,16,8,8,os,32,16893,5246,11647,0,86.61,64.0,25.6,89.6,660.671,177.48,195.51
2026-08-22T16:46:02.509666+00:00,Simulated Annealing,5,62,8,16,16,8,16,os,32,9380,3006,6374,0,80.6,128.0,32.0,160.0,666.311,179.85,195.51
2026-08-22T16:46:02.509666+00:00,Simulated Annealing,5,63,8,16,16,32,8,os,32,9253,3006,6247,0,80.6,128.0,44.8,172.8,625.423,162.67,195.51
2026-08-22T16:46:02.509666+00:00,Simulated Annealing,5,64,8,16,16,32,8,os,32,9253,3006,6247,0,80.6,128.0,44.8,172.8,625.423,162.67,195.51
2026-08-22T16:46:02.509666+00:00,Simulated Annealing,5,65,8,16,16,8,128,os,32,9380,3006,6374,0,80.6,128.0,121.6,249.6,427.123,79.39,195.51
2026-08-22T16:46:02.509666+00:00,Simulated Annealing,5,66,8,16,16,8,8,os,12,10134,3434,6700,0,80.6,128.0,25.6,153.6,642.433,169.82,195.51
2026-08-22T16:46:02.509666+00:00,Simulated Annealing,5,67,8,16,16,8,8,ws,32,9838,3263,6575,0,75.44,128.0,25.6,153.6,661.762,177.94,195.51
2026-08-22T16:46:02.509666+00:00,Simulated Annealing,5,68,8,16,128,8,8,os,32,9645,3006,6639,0,80.6,128.0,115.2,243.2,426.319,79.05,195.51
2026-08-22T16:46:02.509666+00:00,Simulated Annealing,5,69,8,16,64,8,8,os,32,9645,3006,6639,0,80.6,128.0,64.0,192.0,540.003,126.8,195.51
2026-08-22T16:46:02.509666+00:00,Simulated Annealing,5,70,8,16,16,8,8,is,32,13594,3263,10331,0,59.86,128.0,25.6,153.6,478.918,101.14,195.51
2026-08-22T16:46:02.509666+00:00,Simulated Annealing,5,71,8,16,256,8,8,os,32,9645,3006,6639,0,80.6,128.0,217.6,345.6,300.002,26.0,195.51
2026-08-22T16:46:02.509666+00:00,Simulated Annealing,5,72,8,16,16,8,8,os,4,18075,4798,13277,5126,60.57,128.0,25.6,153.6,360.189,51.28,195.51
2026-08-22T16:46:02.509666+00:00,Simulated Annealing,5,73,8,16,16,8,8,os,12,10134,3434,6700,0,80.6,128.0,25.6,153.6,642.433,169.82,195.51
2026-08-22T16:46:02.509666+00:00,Simulated Annealing,5,74,8,16,64,8,8,os,32,9645,3006,6639,0,80.6,128.0,64.0,192.0,540.003,126.8,195.51
2026-08-22T16:46:02.509666+00:00,Simulated Annealing,5,75,8,16,16,8,256,os,32,9380,3006,6374,0,80.6,128.0,224.0,352.0,302.869,27.2,195.51
2026-08-22T16:46:02.509666+00:00,Simulated Annealing,5,76,8,16,32,8,8,os,32,9509,3006,6503,0,80.6,128.0,38.4,166.4,631.992,165.43,195.51
2026-08-22T16:46:02.509666+00:00,Simulated Annealing,5,77,8,16,256,8,8,os,32,9645,3006,6639,0,80.6,128.0,217.6,345.6,300.002,26.0,195.51
2026-08-22T16:46:02.509666+00:00,Simulated Annealing,5,78,8,16,16,32,8,os,32,9253,3006,6247,0,80.6,128.0,44.8,172.8,625.423,162.67,195.51
2026-08-22T16:46:02.509666+00:00,Simulated Annealing,5,79,8,64,16,8,8,os,32,19783,1326,18457,14334,27.47,512.0,25.6,537.6,94.026,-60.51,195.51
2026-08-22T16:46:02.509666+00:00,Simulated Annealing,5,80,8,16,128,8,8,os,32,9645,3006,6639,0,80.6,128.0,115.2,243.2,426.319,79.05,195.51
2026-08-22T16:46:02.509666+00:00,Simulated Annealing,5,81,8,16,16,8,8,os,32,9253,3006,6247,0,80.6,128.0,25.6,153.6,703.601,195.51,195.51
2026-08-22T16:46:02.509666+00:00,Simulated Annealing,5,82,8,16,16,8,8,os,16,9781,3262,6519,0,80.6,128.0,25.6,153.6,665.619,179.56,195.51
2026-08-22T16:46:02.509666+00:00,Simulated Annealing,5,83,48,16,16,8,8,os,32,3001,1326,1675,96,49.4,768.0,25.6,793.6,419.887,76.35,195.51
2026-08-22T16:46:02.509666+00:00,Simulated Annealing,5,84,8,16,16,8,8,os,24,9430,3092,6338,0,80.6,128.0,25.6,153.6,690.394,189.96,195.51
2026-08-22T16:46:02.509666+00:00,Simulated Annealing,5,85,8,16,16,32,8,os,32,9253,3006,6247,0,80.6,128.0,44.8,172.8,625.423,162.67,195.51
2026-08-22T16:46:02.509666+00:00,Simulated Annealing,5,86,8,16,16,8,8,os,32,9253,3006,6247,0,80.6,128.0,25.6,153.6,703.601,195.51,195.51
2026-08-22T16:46:02.509666+00:00,Simulated Annealing,5,87,16,16,16,8,8,os,32,5161,1758,3403,0,75.46,256.0,25.6,281.6,688.071,188.99,195.51
2026-08-22T16:46:02.509666+00:00,Simulated Annealing,5,88,8,16,16,128,8,os,32,9253,3006,6247,0,80.6,128.0,121.6,249.6,432.985,81.85,195.51
2026-08-22T16:46:02.509666+00:00,Simulated Annealing,5,89,8,12,16,8,8,os,32,13209,4190,9019,0,74.21,96.0,25.6,121.6,622.582,161.48,195.51
2026-08-22T16:46:02.509666+00:00,Simulated Annealing,5,90,64,16,16,8,8,os,32,3223,822,2401,798,37.79,1024.0,25.6,1049.6,295.608,24.15,195.51
2026-08-22T16:46:02.509666+00:00,Simulated Annealing,5,91,8,4,16,8,8,os,32,32173,9726,22447,0,90.0,32.0,25.6,57.6,539.617,126.64,195.51
2026-08-22T16:46:02.509666+00:00,Simulated Annealing,5,92,32,16,16,8,8,os,32,3305,1134,2171,0,63.25,512.0,25.6,537.6,562.82,136.38,195.51
2026-08-22T16:46:02.509666+00:00,Simulated Annealing,5,93,8,16,16,16,8,os,32,9253,3006,6247,0,80.6,128.0,32.0,160.0,675.457,183.69,195.51
2026-08-22T16:46:02.509666+00:00,Simulated Annealing,5,94,8,16,16,64,8,os,32,9253,3006,6247,0,80.6,128.0,70.4,198.4,544.723,128.78,195.51
2026-08-22T16:46:02.509666+00:00,Simulated Annealing,5,95,8,16,16,8,8,is,32,13594,3263,10331,0,59.86,128.0,25.6,153.6,478.918,101.14,195.51
2026-08-22T16:46:02.509666+00:00,Simulated Annealing,5,96,8,16,16,8,8,os,32,9253,3006,6247,0,80.6,128.0,25.6,153.6,703.601,195.51,195.51
2026-08-22T16:46:02.509666+00:00,Simulated Annealing,5,97,8,16,8,8,8,os,32,9125,3006,6119,0,80.6,128.0,19.2,147.2,744.491,212.68,212.68
2026-08-22T16:46:02.509666+00:00,Simulated Annealing,5,98,8,16,64,8,8,os,32,9645,3006,6639,0,80.6,128.0,64.0,192.0,540.003,126.8,212.68
2026-08-22T16:46:02.509666+00:00,Simulated Annealing,5,99,8,16,8,8,8,os,16,9525,3262,6263,0,80.6,128.0,19.2,147.2,713.226,199.55,212.68
2026-08-22T16:46:02.509666+00:00,Simulated Annealing,5,100,8,16,8,8,8,is,32,13466,3263,10203,0,59.86,128.0,19.2,147.2,504.491,111.88,212.68
2026-08-22T16:46:02.509666+00:00,Simulated Annealing,6,1,64,4,16,64,16,is,4,26101,5150,20951,0,23.91,256.0,76.8,332.8,115.122,-51.65,-42.57
2026-08-22T16:46:02.509666+00:00,Simulated Annealing,6,2,64,4,8,64,16,is,16,21845,3614,18231,0,23.91,256.0,70.4,326.4,140.248,-41.1,-41.1
2026-08-22T16:46:02.509666+00:00,Simulated Annealing,6,3,12,4,8,64,16,is,16,35166,9439,25727,0,59.2,48.0,70.4,118.4,240.174,0.87,0.87
2026-08-22T16:46:02.509666+00:00,Simulated Annealing,6,4,12,4,8,64,16,is,16,35166,9439,25727,0,59.2,48.0,70.4,118.4,240.174,0.87,0.87
2026-08-22T16:46:02.509666+00:00,Simulated Annealing,6,5,12,4,8,64,16,is,32,34430,9039,25391,0,59.2,48.0,70.4,118.4,245.308,3.03,3.03
2026-08-22T16:46:02.509666+00:00,Simulated Annealing,6,6,12,4,32,64,16,is,32,34798,9039,25759,0,59.2,48.0,89.6,137.6,208.847,-12.29,3.03
2026-08-22T16:46:02.509666+00:00,Simulated Annealing,6,7,12,4,64,64,16,is,32,34934,9039,25895,0,59.2,48.0,115.2,163.2,175.401,-26.33,3.03
2026-08-22T16:46:02.509666+00:00,Simulated Annealing,6,8,12,4,8,64,16,os,32,23196,7742,15454,0,82.04,48.0,70.4,118.4,364.112,52.92,52.92
2026-08-22T16:46:02.509666+00:00,Simulated Annealing,6,9,12,4,8,64,128,os,32,23196,7742,15454,0,82.04,48.0,160.0,208.0,207.264,-12.95,52.92
2026-08-22T16:46:02.509666+00:00,Simulated Annealing,6,10,12,24,8,64,16,os,32,6664,2034,4630,0,52.79,288.0,70.4,358.4,418.694,75.85,75.85
2026-08-22T16:46:02.509666+00:00,Simulated Annealing,6,11,12,24,8,64,16,is,32,8330,2379,5951,0,43.51,288.0,70.4,358.4,334.955,40.68,75.85
2026-08-22T16:46:02.509666+00:00,Simulated Annealing,6,12,12,24,8,64,16,os,16,7296,2306,4990,0,52.79,288.0,70.4,358.4,382.426,60.62,75.85
2026-08-22T16:46:02.509666+00:00,Simulated Annealing,6,13,32,24,8,64,16,os,32,3316,978,2338,0,45.97,768.0,70.4,838.4,359.695,51.07,75.85
2026-08-22T16:46:02.509666+00:00,Simulated Annealing,6,14,12,24,8,64,16,os,12,8793,2488,6305,1075,47.36,288.0,70.4,358.4,317.318,33.27,75.85
2026-08-22T16:46:02.509666+00:00,Simulated Annealing,6,15,16,24,8,64,16,os,32,5128,1494,3634,0,54.29,384.0,70.4,454.4,429.154,80.24,80.24
2026-08-22T16:46:02.509666+00:00,Simulated Annealing,6,16,16,24,8,64,16,is,32,6809,1799,5010,0,42.73,384.0,70.4,454.4,323.205,35.74,80.24
2026-08-22T16:46:02.509666+00:00,Simulated Annealing,6,17,4,24,8,64,16,os,32,17188,4590,12598,0,59.85,96.0,70.4,166.4,349.64,46.85,80.24
2026-08-22T16:46:02.509666+00:00,Simulated Annealing,6,18,16,32,8,64,16,os,32,3130,1134,1996,0,67.04,512.0,70.4,582.4,548.573,130.4,130.4
2026-08-22T16:46:02.509666+00:00,Simulated Annealing,6,19,16,32,8,16,16,os,32,3130,1134,1996,0,67.04,512.0,32.0,544.0,587.296,146.66,146.66
2026-08-22T16:46:02.509666+00:00,Simulated Annealing,6,20,16,32,8,16,128,os,32,3130,1134,1996,0,67.04,512.0,121.6,633.6,504.244,111.78,146.66
2026-08-22T16:46:02.509666+00:00,Simulated Annealing,6,21,16,32,8,16,16,is,32,8368,1391,6977,2411,35.18,512.0,32.0,544.0,219.674,-7.74,146.66
2026-08-22T16:46:02.509666+00:00,Simulated Annealing,6,22,32,32,8,16,16,os,32,2074,758,1316,0,56.93,1024.0,32.0,1056.0,456.591,91.77,146.66
2026-08-22T16:46:02.509666+00:00,Simulated Annealing,6,23,16,32,8,32,16,os,32,3130,1134,1996,0,67.04,512.0,44.8,556.8,573.795,140.99,146.66
2026-08-22T16:46:02.509666+00:00,Simulated Annealing,6,24,8,32,8,16,16,os,32,5448,1886,3562,0,70.96,256.0,32.0,288.0,637.339,167.68,167.68
2026-08-22T16:46:02.509666+00:00,Simulated Annealing,6,25,8,32,8,16,256,os,32,5448,1886,3562,0,70.96,256.0,224.0,480.0,382.403,60.61,167.68
2026-08-22T16:46:02.509666+00:00,Simulated Annealing,6,26,24,32,8,16,16,os,32,2436,962,1474,0,60.53,768.0,32.0,800.0,513.136,115.51,167.68
2026-08-22T16:46:02.509666+00:00,Simulated Annealing,6,27,8,48,8,16,16,os,32,6128,2206,3922,0,42.34,384.0,32.0,416.0,392.273,64.75,167.68
2026-08-22T16:46:02.509666+00:00,Simulated Annealing,6,28,8,16,8,16,16,os,32,9268,3006,6262,0,80.6,128.0,32.0,160.0,674.363,183.23,183.23
2026-08-22T16:46:02.509666+00:00,Simulated Annealing,6,29,8,16,8,16,16,os,32,9268,3006,6262,0,80.6,128.0,32.0,160.0,674.363,183.23,183.23
2026-08-22T16:46:02.509666+00:00,Simulated Annealing,6,30,8,12,8,16,16,os,32,13258,4206,9052,0,74.21,96.0,32.0,128.0,589.267,147.49,183.23
2026-08-22T16:46:02.509666+00:00,Simulated Annealing,6,31,8,16,128,16,16,os,32,9772,3006,6766,0,80.6,128.0,128.0,256.0,399.739,67.89,183.23
2026-08-22T16:46:02.509666+00:00,Simulated Annealing,6,32,8,16,8,16,128,os,32,9268,3006,6262,0,80.6,128.0,121.6,249.6,432.284,81.56,183.23
2026-08-22T16:46:02.509666+00:00,Simulated Annealing,6,33,8,16,8,128,16,os,32,9268,3006,6262,0,80.6,128.0,121.6,249.6,432.284,81.56,183.23
2026-08-22T16:46:02.509666+00:00,Simulated Annealing,6,34,8,64,8,16,16,os,32,5576,1326,4250,0,40.73,512.0,32.0,544.0,329.669,38.46,183.23
2026-08-22T16:46:02.509666+00:00,Simulated Annealing,6,35,8,16,8,128,16,os,32,9268,3006,6262,0,80.6,128.0,121.6,249.6,432.284,81.56,183.23
2026-08-22T16:46:02.509666+00:00,Simulated Annealing,6,36,8,16,8,8,16,os,32,9252,3006,6246,0,80.6,128.0,25.6,153.6,703.677,195.54,195.54
2026-08-22T16:46:02.509666+00:00,Simulated Annealing,6,37,8,16,8,16,16,os,32,9268,3006,6262,0,80.6,128.0,32.0,160.0,674.363,183.23,195.54
2026-08-22T16:46:02.509666+00:00,Simulated Annealing,6,38,64,16,8,8,16,os,32,3228,822,2406,804,37.75,1024.0,25.6,1049.6,295.15,23.96,195.54
2026-08-22T16:46:02.509666+00:00,Simulated Annealing,6,39,8,16,8,8,16,os,16,9780,3262,6518,0,80.6,128.0,25.6,153.6,665.687,179.58,195.54
2026-08-22T16:46:02.509666+00:00,Simulated Annealing,6,40,8,16,8,8,64,os,32,9252,3006,6246,0,80.6,128.0,64.0,192.0,562.941,136.43,195.54
2026-08-22T16:46:02.509666+00:00,Simulated Annealing,6,41,8,16,8,8,16,os,32,9252,3006,6246,0,80.6,128.0,25.6,153.6,703.677,195.54,195.54
2026-08-22T16:46:02.509666+00:00,Simulated Annealing,6,42,8,24,8,8,16,os,32,9044,2510,6534,0,57.86,192.0,25.6,217.6,508.137,113.41,195.54
2026-08-22T16:46:02.509666+00:00,Simulated Annealing,6,43,8,16,8,8,16,ws,32,9966,3391,6575,0,75.44,128.0,25.6,153.6,653.263,174.37,195.54
2026-08-22T16:46:02.509666+00:00,Simulated Annealing,6,44,8,16,8,8,8,os,32,9125,3006,6119,0,80.6,128.0,19.2,147.2,744.491,212.68,212.68
2026-08-22T16:46:02.509666+00:00,Simulated Annealing,6,45,8,16,128,8,8,os,32,9645,3006,6639,0,80.6,128.0,115.2,243.2,426.319,79.05,212.68
2026-08-22T16:46:02.509666+00:00,Simulated Annealing,6,46,8,24,8,8,8,os,32,8917,2510,6407,0,57.86,192.0,19.2,211.2,530.991,123.01,212.68
2026-08-22T16:46:02.509666+00:00,Simulated Annealing,6,47,8,16,128,8,8,os,32,9645,3006,6639,0,80.6,128.0,115.2,243.2,426.319,79.05,212.68
2026-08-22T16:46:02.509666+00:00,Simulated Annealing,6,48,8,16,8,64,8,os,32,9141,3006,6135,0,80.6,128.0,64.0,192.0,569.777,139.3,212.68
2026-08-22T16:46:02.509666+00:00,Simulated Annealing,6,49,8,16,128,8,8,os,32,9645,3006,6639,0,80.6,128.0,115.2,243.2,426.319,79.05,212.68
2026-08-22T16:46:02.509666+00:00,Simulated Annealing,6,50,8,16,8,64,8,os,32,9141,3006,6135,0,80.6,128.0,64.0,192.0,569.777,139.3,212.68
2026-08-22T16:46:02.509666+00:00,Simulated Annealing,6,51,8,16,8,64,8,os,32,9141,3006,6135,0,80.6,128.0,64.0,192.0,569.777,139.3,212.68
2026-08-22T16:46:02.509666+00:00,Simulated Annealing,6,52,8,16,8,8,8,os,16,9525,3262,6263,0,80.6,128.0,19.2,147.2,713.226,199.55,212.68
2026-08-22T16:46:02.509666+00:00,Simulated Annealing,6,53,8,16,8,8,8,ws,32,9710,3263,6447,0,75.44,128.0,19.2,147.2,699.637,193.84,212.68
2026-08-22T16:46:02.509666+00:00,Simulated Annealing,6,54,8,16,8,8,64,os,32,9252,3006,6246,0,80.6,128.0,64.0,192.0,562.941,136.43,212.68
2026-08-22T16:46:02.509666+00:00,Simulated Annealing,6,55,8,16,32,8,8,os,32,9509,3006,6503,0,80.6,128.0,38.4,166.4,631.992,165.43,212.68
2026-08-22T16:46:02.509666+00:00,Simulated Annealing,6,56,8,16,8,256,8,os,32,9141,3006,6135,0,80.6,128.0,217.6,345.6,316.543,32.95,212.68
2026-08-22T16:46:02.509666+00:00,Simulated Annealing,6,57,8,16,8,8,8,os,12,9793,3434,6359,0,80.6,128.0,19.2,147.2,693.708,191.35,212.68
2026-08-22T16:46:02.509666+00:00,Simulated Annealing,6,58,8,16,8,8,64,os,32,9252,3006,6246,0,80.6,128.0,64.0,192.0,562.941,136.43,212.68
2026-08-22T16:46:02.509666+00:00,Simulated Annealing,6,59,8,4,8,8,8,os,32,32045,9726,22319,0,90.0,32.0,19.2,51.2,609.494,155.98,212.68
2026-08-22T16:46:02.509666+00:00,Simulated Annealing,6,60,8,16,8,8,8,os,32,9125,3006,6119,0,80.6,128.0,19.2,147.2,744.491,212.68,212.68
2026-08-22T16:46:02.509666+00:00,Simulated Annealing,6,61,8,16,32,8,8,os,32,9509,3006,6503,0,80.6,128.0,38.4,166.4,631.992,165.43,212.68
2026-08-22T16:46:02.509666+00:00,Simulated Annealing,6,62,8,16,8,128,8,os,32,9141,3006,6135,0,80.6,128.0,115.2,243.2,449.824,88.92,212.68
2026-08-22T16:46:02.509666+00:00,Simulated Annealing,6,63,8,12,8,8,8,os,32,13081,4190,8891,0,74.21,96.0,19.2,115.2,663.6,178.71,212.68
2026-08-22T16:46:02.509666+00:00,Simulated Annealing,6,64,8,16,8,8,8,os,32,9125,3006,6119,0,80.6,128.0,19.2,147.2,744.491,212.68,212.68
2026-08-22T16:46:02.509666+00:00,Simulated Annealing,6,65,8,16,8,8,8,os,24,9259,3092,6167,0,80.6,128.0,19.2,147.2,733.716,208.16,212.68
2026-08-22T16:46:02.509666+00:00,Simulated Annealing,6,66,8,16,8,16,8,os,32,9141,3006,6135,0,80.6,128.0,25.6,153.6,712.221,199.13,212.68
2026-08-22T16:46:02.509666+00:00,Simulated Annealing,6,67,8,16,16,8,8,os,32,9253,3006,6247,0,80.6,128.0,25.6,153.6,703.601,195.51,212.68
2026-08-22T16:46:02.509666+00:00,Simulated Annealing,6,68,8,32,8,8,8,os,32,20167,1886,18281,14862,38.54,256.0,19.2,275.2,180.182,-24.32,212.68
2026-08-22T16:46:02.509666+00:00,Simulated Annealing,6,69,8,16,8,8,8,is,32,13466,3263,10203,0,59.86,128.0,19.2,147.2,504.491,111.88,212.68
2026-08-22T16:46:02.509666+00:00,Simulated Annealing,6,70,4,16,8,8,8,os,32,17309,5502,11807,0,83.48,64.0,19.2,83.2,694.392,191.64,212.68
2026-08-22T16:46:02.509666+00:00,Simulated Annealing,6,71,8,16,8,256,8,os,32,9141,3006,6135,0,80.6,128.0,217.6,345.6,316.543,32.95,212.68
2026-08-22T16:46:02.509666+00:00,Simulated Annealing,6,72,8,16,8,8,8,ws,32,9710,3263,6447,0,75.44,128.0,19.2,147.2,699.637,193.84,212.68
2026-08-22T16:46:02.509666+00:00,Simulated Annealing,6,73,8,8,8,8,8,os,32,16765,5246,11519,0,86.61,64.0,19.2,83.2,716.924,201.1,212.68
2026-08-22T16:46:02.509666+00:00,Simulated Annealing,6,74,8,16,8,8,8,os,32,9125,3006,6119,0,80.6,128.0,19.2,147.2,744.491,212.68,212.68
2026-08-22T16:46:02.509666+00:00,Simulated Annealing,6,75,8,16,8,8,8,os,32,9125,3006,6119,0,80.6,128.0,19.2,147.2,744.491,212.68,212.68
2026-08-22T16:46:02.509666+00:00,Simulated Annealing,6,76,12,16,8,8,8,os,32,6637,2414,4223,0,73.98,192.0,19.2,211.2,713.402,199.62,212.68
2026-08-22T16:46:02.509666+00:00,Simulated Annealing,6,77,8,64,8,8,8,os,32,19655,1326,18329,14334,27.47,512.0,19.2,531.2,95.779,-59.77,212.68
2026-08-22T16:46:02.509666+00:00,Simulated Annealing,6,78,8,16,8,64,8,os,32,9141,3006,6135,0,80.6,128.0,64.0,192.0,569.777,139.3,212.68
2026-08-22T16:46:02.509666+00:00,Simulated Annealing,6,79,8,16,8,256,8,os,32,9141,3006,6135,0,80.6,128.0,217.6,345.6,316.543,32.95,212.68
2026-08-22T16:46:02.509666+00:00,Simulated Annealing,6,80,8,16,8,8,8,os,12,9793,3434,6359,0,80.6,128.0,19.2,147.2,693.708,191.35,212.68
2026-08-22T16:46:02.509666+00:00,Simulated Annealing,6,81,8,16,32,8,8,os,32,9509,3006,6503,0,80.6,128.0,38.4,166.4,631.992,165.43,212.68
2026-08-22T16:46:02.509666+00:00,Simulated Annealing,6,82,24,16,8,8,8,os,32,3805,1478,2327,0,67.49,384.0,19.2,403.2,651.816,173.76,212.68
2026-08-22T16:46:02.509666+00:00,Simulated Annealing,6,83,8,16,8,64,8,os,32,9141,3006,6135,0,80.6,128.0,64.0,192.0,569.777,139.3,212.68
2026-08-22T16:46:02.509666+00:00,Simulated Annealing,6,84,8,16,8,8,8,os,32,9125,3006,6119,0,80.6,128.0,19.2,147.2,744.491,212.68,212.68
2026-08-22T16:46:02.509666+00:00,Simulated Annealing,6,85,8,16,8,8,8,os,32,9125,3006,6119,0,80.6,128.0,19.2,147.2,744.491,212.68,212.68
2026-08-22T16:46:02.509666+00:00,Simulated Annealing,6,86,12,16,8,8,8,os,32,6637,2414,4223,0,73.98,192.0,19.2,211.2,713.402,199.62,212.68
2026-08-22T16:46:02.509666+00:00,Simulated Annealing,6,87,4,16,8,8,8,os,32,17309,5502,11807,0,83.48,64.0,19.2,83.2,694.392,191.64,212.68
2026-08-22T16:46:02.509666+00:00,Simulated Annealing,6,88,8,16,8,8,8,ws,32,9710,3263,6447,0,75.44,128.0,19.2,147.2,699.637,193.84,212.68
2026-08-22T16:46:02.509666+00:00,Simulated Annealing,6,89,8,16,8,8,8,os,32,9125,3006,6119,0,80.6,128.0,19.2,147.2,744.491,212.68,212.68
2026-08-22T16:46:02.509666+00:00,Simulated Annealing,6,90,8,16,8,8,8,ws,32,9710,3263,6447,0,75.44,128.0,19.2,147.2,699.637,193.84,212.68
2026-08-22T16:46:02.509666+00:00,Simulated Annealing,6,91,8,64,8,8,8,os,32,19655,1326,18329,14334,27.47,512.0,19.2,531.2,95.779,-59.77,212.68
2026-08-22T16:46:02.509666+00:00,Simulated Annealing,6,92,8,16,8,8,8,ws,32,9710,3263,6447,0,75.44,128.0,19.2,147.2,699.637,193.84,212.68
2026-08-22T16:46:02.509666+00:00,Simulated Annealing,6,93,8,16,128,8,8,os,32,9645,3006,6639,0,80.6,128.0,115.2,243.2,426.319,79.05,212.68
2026-08-22T16:46:02.509666+00:00,Simulated Annealing,6,94,8,12,8,8,8,os,32,13081,4190,8891,0,74.21,96.0,19.2,115.2,663.6,178.71,212.68
2026-08-22T16:46:02.509666+00:00,Simulated Annealing,6,95,8,16,8,8,8,ws,32,9710,3263,6447,0,75.44,128.0,19.2,147.2,699.637,193.84,212.68
2026-08-22T16:46:02.509666+00:00,Simulated Annealing,6,96,8,16,8,8,8,os,16,9525,3262,6263,0,80.6,128.0,19.2,147.2,713.226,199.55,212.68
2026-08-22T16:46:02.509666+00:00,Simulated Annealing,6,97,8,12,8,8,8,os,32,13081,4190,8891,0,74.21,96.0,19.2,115.2,663.6,178.71,212.68
2026-08-22T16:46:02.509666+00:00,Simulated Annealing,6,98,8,32,8,8,8,os,32,20167,1886,18281,14862,38.54,256.0,19.2,275.2,180.182,-24.32,212.68
2026-08-22T16:46:02.509666+00:00,Simulated Annealing,6,99,8,16,8,8,128,os,32,9252,3006,6246,0,80.6,128.0,115.2,243.2,444.427,86.66,212.68
2026-08-22T16:46:02.509666+00:00,Simulated Annealing,6,100,8,16,8,8,8,os,24,9259,3092,6167,0,80.6,128.0,19.2,147.2,733.716,208.16,212.68
2026-08-22T16:46:02.509666+00:00,Simulated Annealing,7,1,16,48,16,32,8,ws,12,5996,1988,4008,950,29.7,768.0,44.8,812.8,205.189,-13.82,101.95
2026-08-22T16:46:02.509666+00:00,Simulated Annealing,7,2,8,16,16,32,8,ws,12,11297,3689,7608,245,73.88,128.0,44.8,172.8,512.263,115.15,115.15
2026-08-22T16:46:02.509666+00:00,Simulated Annealing,7,3,8,16,128,32,8,ws,12,12342,3689,8653,245,73.88,128.0,134.4,262.4,308.781,29.69,115.15
2026-08-22T16:46:02.509666+00:00,Simulated Annealing,7,4,8,16,16,32,16,ws,12,11745,4031,7714,0,75.44,128.0,51.2,179.2,475.126,99.55,115.15
2026-08-22T16:46:02.509666+00:00,Simulated Annealing,7,5,8,16,16,64,16,ws,12,11745,4031,7714,0,75.44,128.0,76.8,204.8,415.735,74.61,115.15
2026-08-22T16:46:02.509666+00:00,Simulated Annealing,7,6,48,16,16,32,16,ws,12,6120,2585,3535,860,30.4,768.0,51.2,819.2,199.461,-16.23,115.15
2026-08-22T16:46:02.509666+00:00,Simulated Annealing,7,7,8,16,16,32,8,ws,12,11297,3689,7608,245,73.88,128.0,44.8,172.8,512.263,115.15,115.15
2026-08-22T16:46:02.509666+00:00,Simulated Annealing,7,8,8,4,16,32,8,ws,12,35270,11177,24093,0,83.47,32.0,44.8,76.8,369.176,55.05,115.15
2026-08-22T16:46:02.509666+00:00,Simulated Annealing,7,9,8,16,16,8,8,ws,12,11297,3689,7608,245,73.88,128.0,25.6,153.6,576.296,142.04,142.04
2026-08-22T16:46:02.509666+00:00,Simulated Annealing,7,10,8,4,16,8,8,ws,12,35270,11177,24093,0,83.47,32.0,25.6,57.6,492.235,106.74,142.04
2026-08-22T16:46:02.509666+00:00,Simulated Annealing,7,11,8,24,16,8,8,ws,12,12000,3128,8872,1434,49.54,192.0,25.6,217.6,382.966,60.84,142.04
2026-08-22T16:46:02.509666+00:00,Simulated Annealing,7,12,8,16,16,8,8,ws,12,11297,3689,7608,245,73.88,128.0,25.6,153.6,576.296,142.04,142.04
2026-08-22T16:46:02.509666+00:00,Simulated Annealing,7,13,8,16,16,8,256,ws,12,19936,6079,13857,0,75.44,128.0,224.0,352.0,142.501,-40.15,142.04
2026-08-22T16:46:02.509666+00:00,Simulated Annealing,7,14,8,16,16,8,128,ws,12,17181,6079,11102,0,75.44,128.0,121.6,249.6,233.188,-2.06,142.04
2026-08-22T16:46:02.509666+00:00,Simulated Annealing,7,15,8,16,8,8,8,ws,12,10956,3689,7267,245,73.88,128.0,19.2,147.2,620.069,160.43,160.43
2026-08-22T16:46:02.509666+00:00,Simulated Annealing,7,16,8,16,8,8,256,ws,12,19595,6079,13516,0,75.44,128.0,217.6,345.6,147.666,-37.98,160.43
2026-08-22T16:46:02.509666+00:00,Simulated Annealing,7,17,16,16,8,8,8,ws,12,8400,2442,5958,1892,53.51,256.0,19.2,275.2,432.586,81.68,160.43
2026-08-22T16:46:02.509666+00:00,Simulated Annealing,7,18,8,16,8,8,64,ws,12,14386,6079,8307,0,75.44,128.0,64.0,192.0,362.042,52.06,160.43
2026-08-22T16:46:02.509666+00:00,Simulated Annealing,7,19,8,16,8,128,8,ws,12,10998,3689,7309,245,73.88,128.0,115.2,243.2,373.872,57.02,160.43
2026-08-22T16:46:02.509666+00:00,Simulated Annealing,7,20,8,16,32,8,8,ws,12,12304,3689,8615,568,72.0,128.0,38.4,166.4,488.428,105.14,160.43
2026-08-22T16:46:02.509666+00:00,Simulated Annealing,7,21,8,16,8,8,8,ws,12,10956,3689,7267,245,73.88,128.0,19.2,147.2,620.069,160.43,160.43
2026-08-22T16:46:02.509666+00:00,Simulated Annealing,7,22,8,16,128,8,8,ws,12,12342,3689,8653,245,73.88,128.0,115.2,243.2,333.158,39.92,160.43
2026-08-22T16:46:02.509666+00:00,Simulated Annealing,7,23,8,16,256,8,8,ws,12,12342,3689,8653,245,73.88,128.0,217.6,345.6,234.445,-1.53,160.43
2026-08-22T16:46:02.509666+00:00,Simulated Annealing,7,24,8,16,8,8,8,ws,12,10956,3689,7267,245,73.88,128.0,19.2,147.2,620.069,160.43,160.43
2026-08-22T16:46:02.509666+00:00,Simulated Annealing,7,25,8,16,8,16,8,ws,12,10998,3689,7309,245,73.88,128.0,25.6,153.6,591.964,148.62,160.43
2026-08-22T16:46:02.509666+00:00,Simulated Annealing,7,26,8,64,8,8,8,ws,12,10130,3003,7127,3223,23.09,512.0,19.2,531.2,185.837,-21.95,160.43
2026-08-22T16:46:02.509666+00:00,Simulated Annealing,7,27,8,16,8,8,8,ws,12,10956,3689,7267,245,73.88,128.0,19.2,147.2,620.069,160.43,160.43
2026-08-22T16:46:02.509666+00:00,Simulated Annealing,7,28,8,16,8,8,32,ws,12,12768,4714,8054,0,75.44,128.0,38.4,166.4,470.678,97.68,160.43
2026-08-22T16:46:02.509666+00:00,Simulated Annealing,7,29,8,16,128,8,8,ws,12,12342,3689,8653,245,73.88,128.0,115.2,243.2,333.158,39.92,160.43
2026-08-22T16:46:02.509666+00:00,Simulated Annealing,7,30,8,16,8,8,8,ws,16,10222,3519,6703,0,75.44,128.0,19.2,147.2,664.594,179.13,179.13
2026-08-22T16:46:02.509666+00:00,Simulated Annealing,7,31,8,16,8,8,8,ws,16,10222,3519,6703,0,75.44,128.0,19.2,147.2,664.594,179.13,179.13
2026-08-22T16:46:02.509666+00:00,Simulated Annealing,7,32,8,16,8,256,8,ws,16,10254,3519,6735,0,75.44,128.0,217.6,345.6,282.184,18.52,179.13
2026-08-22T16:46:02.509666+00:00,Simulated Annealing,7,33,24,16,8,8,8,ws,16,5088,2023,3065,146,55.6,384.0,19.2,403.2,487.453,104.73,179.13
2026-08-22T16:46:02.509666+00:00,Simulated Annealing,7,34,8,16,8,8,8,os,16,9525,3262,6263,0,80.6,128.0,19.2,147.2,713.226,199.55,199.55
2026-08-22T16:46:02.509666+00:00,Simulated Annealing,7,35,8,16,256,8,8,os,16,10565,3262,7303,0,80.6,128.0,217.6,345.6,273.878,15.03,199.55
2026-08-22T16:46:02.509666+00:00,Simulated Annealing,7,36,8,16,8,8,8,os,16,9525,3262,6263,0,80.6,128.0,19.2,147.2,713.226,199.55,199.55
2026-08-22T16:46:02.509666+00:00,Simulated Annealing,7,37,8,16,8,32,8,os,16,9557,3262,6295,0,80.6,128.0,38.4,166.4,628.818,164.1,199.55
2026-08-22T16:46:02.509666+00:00,Simulated Annealing,7,38,64,16,8,8,8,os,16,5395,1078,4317,2698,30.62,1024.0,19.2,1043.2,177.681,-25.38,199.55
2026-08-22T16:46:02.509666+00:00,Simulated Annealing,7,39,8,16,8,8,8,os,12,9793,3434,6359,0,80.6,128.0,19.2,147.2,693.708,191.35,199.55
2026-08-22T16:46:02.509666+00:00,Simulated Annealing,7,40,8,48,8,8,8,os,16,38789,2398,36391,32540,20.48,384.0,19.2,403.2,63.94,-73.15,199.55
2026-08-22T16:46:02.509666+00:00,Simulated Annealing,7,41,8,16,8,8,8,os,16,9525,3262,6263,0,80.6,128.0,19.2,147.2,713.226,199.55,199.55
2026-08-22T16:46:02.509666+00:00,Simulated Annealing,7,42,8,16,8,64,8,os,16,9557,3262,6295,0,80.6,128.0,64.0,192.0,544.976,128.89,199.55
2026-08-22T16:46:02.509666+00:00,Simulated Annealing,7,43,8,48,8,8,8,os,16,38789,2398,36391,32540,20.48,384.0,19.2,403.2,63.94,-73.15,199.55
2026-08-22T16:46:02.509666+00:00,Simulated Annealing,7,44,8,16,256,8,8,os,16,10565,3262,7303,0,80.6,128.0,217.6,345.6,273.878,15.03,199.55
2026-08-22T16:46:02.509666+00:00,Simulated Annealing,7,45,8,16,256,8,8,os,16,10565,3262,7303,0,80.6,128.0,217.6,345.6,273.878,15.03,199.55
2026-08-22T16:46:02.509666+00:00,Simulated Annealing,7,46,8,12,8,8,8,os,16,13481,4446,9035,0,74.21,96.0,19.2,115.2,643.91,170.44,199.55
2026-08-22T16:46:02.509666+00:00,Simulated Annealing,7,47,8,16,8,8,8,os,16,9525,3262,6263,0,80.6,128.0,19.2,147.2,713.226,199.55,199.55
2026-08-22T16:46:02.509666+00:00,Simulated Annealing,7,48,64,16,8,8,8,os,16,5395,1078,4317,2698,30.62,1024.0,19.2,1043.2,177.681,-25.38,199.55
2026-08-22T16:46:02.509666+00:00,Simulated Annealing,7,49,8,24,8,8,8,os,16,9317,2766,6551,0,57.86,192.0,19.2,211.2,508.195,113.44,199.55
2026-08-22T16:46:02.509666+00:00,Simulated Annealing,7,50,8,48,8,8,8,os,16,38789,2398,36391,32540,20.48,384.0,19.2,403.2,63.94,-73.15,199.55
2026-08-22T16:46:02.509666+00:00,Simulated Annealing,7,51,8,16,8,8,128,os,16,9780,3262,6518,0,80.6,128.0,115.2,243.2,420.434,76.58,199.55
2026-08-22T16:46:02.509666+00:00,Simulated Annealing,7,52,8,4,8,8,8,os,16,32445,9982,22463,0,90.0,32.0,19.2,51.2,601.98,152.83,199.55
2026-08-22T16:46:02.509666+00:00,Simulated Annealing,7,53,8,16,8,8,8,os,32,9125,3006,6119,0,80.6,128.0,19.2,147.2,744.491,212.68,212.68
2026-08-22T16:46:02.509666+00:00,Simulated Annealing,7,54,8,16,8,8,8,os,24,9259,3092,6167,0,80.6,128.0,19.2,147.2,733.716,208.16,212.68
2026-08-22T16:46:02.509666+00:00,Simulated Annealing,7,55,8,16,8,64,8,os,32,9141,3006,6135,0,80.6,128.0,64.0,192.0,569.777,139.3,212.68
2026-08-22T16:46:02.509666+00:00,Simulated Annealing,7,56,8,16,8,8,8,os,32,9125,3006,6119,0,80.6,128.0,19.2,147.2,744.491,212.68,212.68
2026-08-22T16:46:02.509666+00:00,Simulated Annealing,7,57,16,16,8,8,8,os,32,5033,1758,3275,0,75.46,256.0,19.2,275.2,721.979,203.23,212.68
2026-08-22T16:46:02.509666+00:00,Simulated Annealing,7,58,32,16,8,8,8,os,32,3177,1134,2043,0,63.25,512.0,19.2,531.2,592.55,148.87,212.68
2026-08-22T16:46:02.509666+00:00,Simulated Annealing,7,59,4,16,8,8,8,os,32,17309,5502,11807,0,83.48,64.0,19.2,83.2,694.392,191.64,212.68
2026-08-22T16:46:02.509666+00:00,Simulated Annealing,7,60,8,16,8,8,8,os,32,9125,3006,6119,0,80.6,128.0,19.2,147.2,744.491,212.68,212.68
2026-08-22T16:46:02.509666+00:00,Simulated Annealing,7,61,8,16,8,8,8,os,32,9125,3006,6119,0,80.6,128.0,19.2,147.2,744.491,212.68,212.68
2026-08-22T16:46:02.509666+00:00,Simulated Annealing,7,62,8,48,8,8,8,os,32,20481,2142,18339,14632,22.84,384.0,19.2,403.2,121.096,-49.14,212.68
2026-08-22T16:46:02.509666+00:00,Simulated Annealing,7,63,8,16,32,8,8,os,32,9509,3006,6503,0,80.6,128.0,38.4,166.4,631.992,165.43,212.68
2026-08-22T16:46:02.509666+00:00,Simulated Annealing,7,64,8,16,8,8,8,os,32,9125,3006,6119,0,80.6,128.0,19.2,147.2,744.491,212.68,212.68
2026-08-22T16:46:02.509666+00:00,Simulated Annealing,7,65,8,16,8,64,8,os,32,9141,3006,6135,0,80.6,128.0,64.0,192.0,569.777,139.3,212.68
2026-08-22T16:46:02.509666+00:00,Simulated Annealing,7,66,8,16,8,8,8,os,32,9125,3006,6119,0,80.6,128.0,19.2,147.2,744.491,212.68,212.68
2026-08-22T16:46:02.509666+00:00,Simulated Annealing,7,67,8,16,8,8,8,os,32,9125,3006,6119,0,80.6,128.0,19.2,147.2,744.491,212.68,212.68
2026-08-22T16:46:02.509666+00:00,Simulated Annealing,7,68,8,16,8,256,8,os,32,9141,3006,6135,0,80.6,128.0,217.6,345.6,316.543,32.95,212.68
2026-08-22T16:46:02.509666+00:00,Simulated Annealing,7,69,16,16,8,8,8,os,32,5033,1758,3275,0,75.46,256.0,19.2,275.2,721.979,203.23,212.68
2026-08-22T16:46:02.509666+00:00,Simulated Annealing,7,70,8,16,8,8,32,os,32,9252,3006,6246,0,80.6,128.0,38.4,166.4,649.548,172.81,212.68
2026-08-22T16:46:02.509666+00:00,Simulated Annealing,7,71,8,16,8,8,8,os,32,9125,3006,6119,0,80.6,128.0,19.2,147.2,744.491,212.68,212.68
2026-08-22T16:46:02.509666+00:00,Simulated Annealing,7,72,8,16,256,8,8,os,32,9645,3006,6639,0,80.6,128.0,217.6,345.6,300.002,26.0,212.68
2026-08-22T16:46:02.509666+00:00,Simulated Annealing,7,73,8,16,8,8,8,os,32,9125,3006,6119,0,80.6,128.0,19.2,147.2,744.491,212.68,212.68
2026-08-22T16:46:02.509666+00:00,Simulated Annealing,7,74,8,32,8,8,8,os,32,20167,1886,18281,14862,38.54,256.0,19.2,275.2,180.182,-24.32,212.68
2026-08-22T16:46:02.509666+00:00,Simulated Annealing,7,75,8,16,8,8,128,os,32,9252,3006,6246,0,80.6,128.0,115.2,243.2,444.427,86.66,212.68
2026-08-22T16:46:02.509666+00:00,Simulated Annealing,7,76,8,16,256,8,8,os,32,9645,3006,6639,0,80.6,128.0,217.6,345.6,300.002,26.0,212.68
2026-08-22T16:46:02.509666+00:00,Simulated Annealing,7,77,8,16,8,8,8,os,8,12193,3774,8419,1868,70.27,128.0,19.2,147.2,557.162,134.0,212.68
2026-08-22T16:46:02.509666+00:00,Simulated Annealing,7,78,8,16,8,8,8,os,16,9525,3262,6263,0,80.6,128.0,19.2,147.2,713.226,199.55,212.68
2026-08-22T16:46:02.509666+00:00,Simulated Annealing,7,79,8,16,8,8,8,os,32,9125,3006,6119,0,80.6,128.0,19.2,147.2,744.491,212.68,212.68
2026-08-22T16:46:02.509666+00:00,Simulated Annealing,7,80,8,16,256,8,8,os,32,9645,3006,6639,0,80.6,128.0,217.6,345.6,300.002,26.0,212.68
2026-08-22T16:46:02.509666+00:00,Simulated Annealing,7,81,24,16,8,8,8,os,32,3805,1478,2327,0,67.49,384.0,19.2,403.2,651.816,173.76,212.68
2026-08-22T16:46:02.509666+00:00,Simulated Annealing,7,82,8,32,8,8,8,os,32,20167,1886,18281,14862,38.54,256.0,19.2,275.2,180.182,-24.32,212.68
2026-08-22T16:46:02.509666+00:00,Simulated Annealing,7,83,8,16,8,8,8,os,32,9125,3006,6119,0,80.6,128.0,19.2,147.2,744.491,212.68,212.68
2026-08-22T16:46:02.509666+00:00,Simulated Annealing,7,84,8,16,8,8,8,os,32,9125,3006,6119,0,80.6,128.0,19.2,147.2,744.491,212.68,212.68
2026-08-22T16:46:02.509666+00:00,Simulated Annealing,7,85,8,64,8,8,8,os,32,19655,1326,18329,14334,27.47,512.0,19.2,531.2,95.779,-59.77,212.68
2026-08-22T16:46:02.509666+00:00,Simulated Annealing,7,86,8,64,8,8,8,os,32,19655,1326,18329,14334,27.47,512.0,19.2,531.2,95.779,-59.77,212.68
2026-08-22T16:46:02.509666+00:00,Simulated Annealing,7,87,8,16,8,8,8,os,32,9125,3006,6119,0,80.6,128.0,19.2,147.2,744.491,212.68,212.68
2026-08-22T16:46:02.509666+00:00,Simulated Annealing,7,88,8,16,8,8,8,os,32,9125,3006,6119,0,80.6,128.0,19.2,147.2,744.491,212.68,212.68
2026-08-22T16:46:02.509666+00:00,Simulated Annealing,7,89,8,16,8,8,8,os,32,9125,3006,6119,0,80.6,128.0,19.2,147.2,744.491,212.68,212.68
2026-08-22T16:46:02.509666+00:00,Simulated Annealing,7,90,8,16,8,8,8,os,32,9125,3006,6119,0,80.6,128.0,19.2,147.2,744.491,212.68,212.68
2026-08-22T16:46:02.509666+00:00,Simulated Annealing,7,91,8,16,8,16,8,os,32,9141,3006,6135,0,80.6,128.0,25.6,153.6,712.221,199.13,212.68
2026-08-22T16:46:02.509666+00:00,Simulated Annealing,7,92,8,16,8,8,8,os,32,9125,3006,6119,0,80.6,128.0,19.2,147.2,744.491,212.68,212.68
2026-08-22T16:46:02.509666+00:00,Simulated Annealing,7,93,8,16,8,8,8,os,32,9125,3006,6119,0,80.6,128.0,19.2,147.2,744.491,212.68,212.68
2026-08-22T16:46:02.509666+00:00,Simulated Annealing,7,94,8,16,8,8,8,ws,32,9710,3263,6447,0,75.44,128.0,19.2,147.2,699.637,193.84,212.68
2026-08-22T16:46:02.509666+00:00,Simulated Annealing,7,95,8,12,8,8,8,os,32,13081,4190,8891,0,74.21,96.0,19.2,115.2,663.6,178.71,212.68
2026-08-22T16:46:02.509666+00:00,Simulated Annealing,7,96,8,16,8,8,64,os,32,9252,3006,6246,0,80.6,128.0,64.0,192.0,562.941,136.43,212.68
2026-08-22T16:46:02.509666+00:00,Simulated Annealing,7,97,8,64,8,8,8,os,32,19655,1326,18329,14334,27.47,512.0,19.2,531.2,95.779,-59.77,212.68
2026-08-22T16:46:02.509666+00:00,Simulated Annealing,7,98,8,16,16,8,8,os,32,9253,3006,6247,0,80.6,128.0,25.6,153.6,703.601,195.51,212.68
2026-08-22T16:46:02.509666+00:00,Simulated Annealing,7,99,8,4,8,8,8,os,32,32045,9726,22319,0,90.0,32.0,19.2,51.2,609.494,155.98,212.68
2026-08-22T16:46:02.509666+00:00,Simulated Annealing,7,100,8,16,8,8,8,is,32,13466,3263,10203,0,59.86,128.0,19.2,147.2,504.491,111.88,212.68
2026-08-22T16:46:02.509666+00:00,Simulated Annealing,8,1,12,16,64,32,32,os,32,7300,2430,4870,0,73.98,192.0,102.4,294.4,465.307,95.43,148.18
2026-08-22T16:46:02.509666+00:00,Simulated Annealing,8,2,12,16,8,32,32,ws,32,7534,2831,4703,0,67.47,192.0,57.6,249.6,531.777,123.34,148.18
2026-08-22T16:46:02.509666+00:00,Simulated Annealing,8,3,12,16,8,32,32,os,32,6780,2414,4366,0,73.98,192.0,57.6,249.6,590.916,148.18,148.18
2026-08-22T16:46:02.509666+00:00,Simulated Annealing,8,4,64,16,8,32,32,os,32,3244,822,2422,804,37.75,1024.0,57.6,1081.6,285.005,19.7,148.18
2026-08-22T16:46:02.509666+00:00,Simulated Annealing,8,5,12,16,8,64,32,os,32,6780,2414,4366,0,73.98,192.0,83.2,275.2,535.947,125.09,148.18
2026-08-22T16:46:02.509666+00:00,Simulated Annealing,8,6,12,16,8,32,32,os,16,7433,2670,4763,109,72.88,192.0,57.6,249.6,539.003,126.38,148.18
2026-08-22T16:46:02.509666+00:00,Simulated Annealing,8,7,12,4,8,32,32,os,32,23196,7742,15454,0,82.04,48.0,57.6,105.6,408.247,71.46,148.18
2026-08-22T16:46:02.509666+00:00,Simulated Annealing,8,8,12,16,8,32,64,os,32,6780,2414,4366,0,73.98,192.0,83.2,275.2,535.947,125.09,148.18
2026-08-22T16:46:02.509666+00:00,Simulated Annealing,8,9,12,16,8,256,32,os,32,6780,2414,4366,0,73.98,192.0,236.8,428.8,343.966,44.46,148.18
2026-08-22T16:46:02.509666+00:00,Simulated Annealing,8,10,12,16,8,32,32,os,32,6780,2414,4366,0,73.98,192.0,57.6,249.6,590.916,148.18,148.18
2026-08-22T16:46:02.509666+00:00,Simulated Annealing,8,11,48,16,8,32,32,os,32,3542,1262,2280,758,38.62,768.0,57.6,825.6,341.965,43.62,148.18
2026-08-22T16:46:02.509666+00:00,Simulated Annealing,8,12,12,16,8,8,32,os,32,6764,2414,4350,0,73.98,192.0,38.4,230.4,641.673,169.5,169.5
2026-08-22T16:46:02.509666+00:00,Simulated Annealing,8,13,12,16,8,8,32,ws,32,7518,2831,4687,0,67.47,192.0,38.4,230.4,577.318,142.47,169.5
2026-08-22T16:46:02.509666+00:00,Simulated Annealing,8,14,12,16,8,8,32,ws,32,7518,2831,4687,0,67.47,192.0,38.4,230.4,577.318,142.47,169.5
2026-08-22T16:46:02.509666+00:00,Simulated Annealing,8,15,12,16,8,8,32,is,32,11840,2831,9009,1130,47.79,192.0,38.4,230.4,366.578,53.96,169.5
2026-08-22T16:46:02.509666+00:00,Simulated Annealing,8,16,12,16,8,8,16,os,32,6764,2414,4350,0,73.98,192.0,25.6,217.6,679.419,185.35,185.35
2026-08-22T16:46:02.509666+00:00,Simulated Annealing,8,17,12,16,8,8,8,os,32,6637,2414,4223,0,73.98,192.0,19.2,211.2,713.402,199.62,199.62
2026-08-22T16:46:02.509666+00:00,Simulated Annealing,8,18,12,16,8,8,8,os,32,6637,2414,4223,0,73.98,192.0,19.2,211.2,713.402,199.62,199.62
2026-08-22T16:46:02.509666+00:00,Simulated Annealing,8,19,12,12,8,8,8,os,32,9469,3350,6119,0,67.97,144.0,19.2,163.2,647.106,171.78,199.62
2026-08-22T16:46:02.509666+00:00,Simulated Annealing,8,20,12,16,8,8,64,os,32,6764,2414,4350,0,73.98,192.0,64.0,256.0,577.506,142.55,199.62
2026-08-22T16:46:02.509666+00:00,Simulated Annealing,8,21,12,16,8,32,8,os,32,6653,2414,4239,0,73.98,192.0,38.4,230.4,652.379,174.0,199.62
2026-08-22T16:46:02.509666+00:00,Simulated Annealing,8,22,12,16,8,8,8,os,16,7146,2670,4476,109,72.88,192.0,19.2,211.2,662.587,178.28,199.62
2026-08-22T16:46:02.509666+00:00,Simulated Annealing,8,23,12,16,8,8,8,os,24,6771,2500,4271,0,73.98,192.0,19.2,211.2,699.283,193.69,199.62
2026-08-22T16:46:02.509666+00:00,Simulated Annealing,8,24,12,16,8,8,8,os,24,6771,2500,4271,0,73.98,192.0,19.2,211.2,699.283,193.69,199.62
2026-08-22T16:46:02.509666+00:00,Simulated Annealing,8,25,12,16,8,8,8,os,24,6771,2500,4271,0,73.98,192.0,19.2,211.2,699.283,193.69,199.62
2026-08-22T16:46:02.509666+00:00,Simulated Annealing,8,26,12,24,8,8,8,os,24,6567,2104,4463,0,52.79,288.0,19.2,307.2,495.692,108.19,199.62
2026-08-22T16:46:02.509666+00:00,Simulated Annealing,8,27,12,16,8,8,32,os,24,6941,2500,4441,0,73.98,192.0,38.4,230.4,625.31,162.63,199.62
2026-08-22T16:46:02.509666+00:00,Simulated Annealing,8,28,16,16,8,8,8,os,24,5167,1844,3323,0,75.46,256.0,19.2,275.2,703.255,195.36,199.62
2026-08-22T16:46:02.509666+00:00,Simulated Annealing,8,29,16,16,16,8,8,os,24,5338,1844,3494,0,75.46,256.0,25.6,281.6,665.256,179.4,199.62
2026-08-22T16:46:02.509666+00:00,Simulated Annealing,8,30,16,16,32,8,8,os,24,7027,1844,5183,1348,63.0,256.0,38.4,294.4,483.384,103.02,199.62
2026-08-22T16:46:02.509666+00:00,Simulated Annealing,8,31,48,16,8,8,8,os,24,4351,1348,3003,1466,32.94,768.0,19.2,787.2,291.962,22.62,199.62
2026-08-22T16:46:02.509666+00:00,Simulated Annealing,8,32,16,16,256,8,8,os,24,5860,1844,4016,0,75.46,256.0,217.6,473.6,360.322,51.33,199.62
2026-08-22T16:46:02.509666+00:00,Simulated Annealing,8,33,16,48,8,8,8,os,24,13176,1348,11828,9714,20.68,768.0,19.2,787.2,96.412,-59.51,199.62
2026-08-22T16:46:02.509666+00:00,Simulated Annealing,8,34,16,16,8,8,8,ws,24,5822,2100,3722,0,67.01,256.0,19.2,275.2,624.136,162.13,199.62
2026-08-22T16:46:02.509666+00:00,Simulated Annealing,8,35,16,16,8,8,8,os,8,11036,2526,8510,4698,50.62,256.0,19.2,275.2,329.261,38.29,199.62
2026-08-22T16:46:02.509666+00:00,Simulated Annealing,8,36,48,16,8,8,8,os,24,4351,1348,3003,1466,32.94,768.0,19.2,787.2,291.962,22.62,199.62
2026-08-22T16:46:02.509666+00:00,Simulated Annealing,8,37,16,48,8,8,8,os,24,13176,1348,11828,9714,20.68,768.0,19.2,787.2,96.412,-59.51,199.62
2026-08-22T16:46:02.509666+00:00,Simulated Annealing,8,38,16,48,8,8,8,os,24,13176,1348,11828,9714,20.68,768.0,19.2,787.2,96.412,-59.51,199.62
2026-08-22T16:46:02.509666+00:00,Simulated Annealing,8,39,16,16,8,64,8,os,24,5188,1844,3344,0,75.46,256.0,64.0,320.0,602.352,152.98,199.62
2026-08-22T16:46:02.509666+00:00,Simulated Annealing,8,40,24,16,8,8,8,os,24,3939,1564,2375,0,67.49,384.0,19.2,403.2,629.642,164.45,199.62
2026-08-22T16:46:02.509666+00:00,Simulated Annealing,8,41,8,16,8,8,8,os,24,9259,3092,6167,0,80.6,128.0,19.2,147.2,733.716,208.16,208.16
2026-08-22T16:46:02.509666+00:00,Simulated Annealing,8,42,8,16,8,8,8,ws,24,9882,3348,6534,0,75.44,128.0,19.2,147.2,687.46,188.73,208.16
2026-08-22T16:46:02.509666+00:00,Simulated Annealing,8,43,8,16,8,8,32,os,24,9429,3092,6337,0,80.6,128.0,38.4,166.4,637.354,167.68,208.16
2026-08-22T16:46:02.509666+00:00,Simulated Annealing,8,44,8,16,8,8,64,os,24,9429,3092,6337,0,80.6,128.0,64.0,192.0,552.374,131.99,208.16
2026-08-22T16:46:02.509666+00:00,Simulated Annealing,8,45,8,16,8,8,8,os,24,9259,3092,6167,0,80.6,128.0,19.2,147.2,733.716,208.16,208.16
2026-08-22T16:46:02.509666+00:00,Simulated Annealing,8,46,8,32,8,8,8,os,24,26327,1972,24355,20888,36.76,256.0,19.2,275.2,138.023,-42.03,208.16
2026-08-22T16:46:02.509666+00:00,Simulated Annealing,8,47,8,16,8,8,8,os,24,9259,3092,6167,0,80.6,128.0,19.2,147.2,733.716,208.16,208.16
2026-08-22T16:46:02.509666+00:00,Simulated Annealing,8,48,8,16,32,8,8,os,24,9771,3092,6679,0,80.6,128.0,38.4,166.4,615.046,158.32,208.16
2026-08-22T16:46:02.509666+00:00,Simulated Annealing,8,49,64,16,8,8,8,os,24,3903,908,2995,1472,34.13,1024.0,19.2,1043.2,245.603,3.15,208.16
2026-08-22T16:46:02.509666+00:00,Simulated Annealing,8,50,8,16,8,8,8,os,24,9259,3092,6167,0,80.6,128.0,19.2,147.2,733.716,208.16,208.16
2026-08-22T16:46:02.509666+00:00,Simulated Annealing,8,51,8,16,8,8,8,os,24,9259,3092,6167,0,80.6,128.0,19.2,147.2,733.716,208.16,208.16
2026-08-22T16:46:02.509666+00:00,Simulated Annealing,8,52,8,16,64,8,8,os,24,9952,3092,6860,0,80.6,128.0,64.0,192.0,523.345,119.8,208.16
2026-08-22T16:46:02.509666+00:00,Simulated Annealing,8,53,16,16,8,8,8,os,24,5167,1844,3323,0,75.46,256.0,19.2,275.2,703.255,195.36,208.16
2026-08-22T16:46:02.509666+00:00,Simulated Annealing,8,54,8,16,8,64,8,os,24,9280,3092,6188,0,80.6,128.0,64.0,192.0,561.243,135.72,208.16
2026-08-22T16:46:02.509666+00:00,Simulated Annealing,8,55,8,16,8,8,8,os,24,9259,3092,6167,0,80.6,128.0,19.2,147.2,733.716,208.16,208.16
2026-08-22T16:46:02.509666+00:00,Simulated Annealing,8,56,8,16,8,8,8,os,24,9259,3092,6167,0,80.6,128.0,19.2,147.2,733.716,208.16,208.16
2026-08-22T16:46:02.509666+00:00,Simulated Annealing,8,57,8,16,8,8,8,os,24,9259,3092,6167,0,80.6,128.0,19.2,147.2,733.716,208.16,208.16
2026-08-22T16:46:02.509666+00:00,Simulated Annealing,8,58,64,16,8,8,8,os,24,3903,908,2995,1472,34.13,1024.0,19.2,1043.2,245.603,3.15,208.16
2026-08-22T16:46:02.509666+00:00,Simulated Annealing,8,59,8,16,8,8,8,os,12,9793,3434,6359,0,80.6,128.0,19.2,147.2,693.708,191.35,208.16
2026-08-22T16:46:02.509666+00:00,Simulated Annealing,8,60,16,16,8,8,8,os,24,5167,1844,3323,0,75.46,256.0,19.2,275.2,703.255,195.36,208.16
2026-08-22T16:46:02.509666+00:00,Simulated Annealing,8,61,8,16,8,8,8,os,24,9259,3092,6167,0,80.6,128.0,19.2,147.2,733.716,208.16,208.16
2026-08-22T16:46:02.509666+00:00,Simulated Annealing,8,62,4,16,8,8,8,os,24,17443,5588,11855,0,83.48,64.0,19.2,83.2,689.058,189.4,208.16
2026-08-22T16:46:02.509666+00:00,Simulated Annealing,8,63,8,16,8,8,8,os,16,9525,3262,6263,0,80.6,128.0,19.2,147.2,713.226,199.55,208.16
2026-08-22T16:46:02.509666+00:00,Simulated Annealing,8,64,8,16,8,8,8,is,24,15137,3348,11789,1534,56.44,128.0,19.2,147.2,448.8,88.49,208.16
2026-08-22T16:46:02.509666+00:00,Simulated Annealing,8,65,8,16,8,8,8,is,24,15137,3348,11789,1534,56.44,128.0,19.2,147.2,448.8,88.49,208.16
2026-08-22T16:46:02.509666+00:00,Simulated Annealing,8,66,8,32,8,8,8,os,24,26327,1972,24355,20888,36.76,256.0,19.2,275.2,138.023,-42.03,208.16
2026-08-22T16:46:02.509666+00:00,Simulated Annealing,8,67,8,16,8,8,8,is,24,15137,3348,11789,1534,56.44,128.0,19.2,147.2,448.8,88.49,208.16
2026-08-22T16:46:02.509666+00:00,Simulated Annealing,8,68,24,16,8,8,8,os,24,3939,1564,2375,0,67.49,384.0,19.2,403.2,629.642,164.45,208.16
2026-08-22T16:46:02.509666+00:00,Simulated Annealing,8,69,32,16,8,8,8,os,24,3365,1220,2145,54,62.3,512.0,19.2,531.2,559.444,134.96,208.16
2026-08-22T16:46:02.509666+00:00,Simulated Annealing,8,70,8,16,8,16,8,os,24,9280,3092,6188,0,80.6,128.0,25.6,153.6,701.554,194.65,208.16
2026-08-22T16:46:02.509666+00:00,Simulated Annealing,8,71,48,16,8,8,8,os,24,4351,1348,3003,1466,32.94,768.0,19.2,787.2,291.962,22.62,208.16
2026-08-22T16:46:02.509666+00:00,Simulated Annealing,8,72,8,16,256,8,8,os,24,9952,3092,6860,0,80.6,128.0,217.6,345.6,290.747,22.11,208.16
2026-08-22T16:46:02.509666+00:00,Simulated Annealing,8,73,8,16,8,8,32,os,24,9429,3092,6337,0,80.6,128.0,38.4,166.4,637.354,167.68,208.16
2026-08-22T16:46:02.509666+00:00,Simulated Annealing,8,74,8,16,32,8,8,os,24,9771,3092,6679,0,80.6,128.0,38.4,166.4,615.046,158.32,208.16
2026-08-22T16:46:02.509666+00:00,Simulated Annealing,8,75,16,16,8,8,8,os,24,5167,1844,3323,0,75.46,256.0,19.2,275.2,703.255,195.36,208.16
2026-08-22T16:46:02.509666+00:00,Simulated Annealing,8,76,8,16,8,128,8,os,24,9280,3092,6188,0,80.6,128.0,115.2,243.2,443.086,86.09,208.16
2026-08-22T16:46:02.509666+00:00,Simulated Annealing,8,77,8,16,16,8,8,os,24,9430,3092,6338,0,80.6,128.0,25.6,153.6,690.394,189.96,208.16
2026-08-22T16:46:02.509666+00:00,Simulated Annealing,8,78,8,16,8,8,64,os,24,9429,3092,6337,0,80.6,128.0,64.0,192.0,552.374,131.99,208.16
2026-08-22T16:46:02.509666+00:00,Simulated Annealing,8,79,8,16,8,8,8,is,24,15137,3348,11789,1534,56.44,128.0,19.2,147.2,448.8,88.49,208.16
2026-08-22T16:46:02.509666+00:00,Simulated Annealing,8,80,8,16,8,8,8,os,24,9259,3092,6167,0,80.6,128.0,19.2,147.2,733.716,208.16,208.16
2026-08-22T16:46:02.509666+00:00,Simulated Annealing,8,81,8,16,8,8,128,os,24,9429,3092,6337,0,80.6,128.0,115.2,243.2,436.085,83.15,208.16
2026-08-22T16:46:02.509666+00:00,Simulated Annealing,8,82,8,16,8,16,8,os,24,9280,3092,6188,0,80.6,128.0,25.6,153.6,701.554,194.65,208.16
2026-08-22T16:46:02.509666+00:00,Simulated Annealing,8,83,8,16,8,8,128,os,24,9429,3092,6337,0,80.6,128.0,115.2,243.2,436.085,83.15,208.16
2026-08-22T16:46:02.509666+00:00,Simulated Annealing,8,84,8,16,16,8,8,os,24,9430,3092,6338,0,80.6,128.0,25.6,153.6,690.394,189.96,208.16
2026-08-22T16:46:02.509666+00:00,Simulated Annealing,8,85,8,16,8,8,8,os,24,9259,3092,6167,0,80.6,128.0,19.2,147.2,733.716,208.16,208.16
2026-08-22T16:46:02.509666+00:00,Simulated Annealing,8,86,8,16,8,8,8,os,4,21778,4798,16980,9478,54.0,128.0,19.2,147.2,311.942,31.01,208.16
2026-08-22T16:46:02.509666+00:00,Simulated Annealing,8,87,8,16,8,8,8,os,12,9793,3434,6359,0,80.6,128.0,19.2,147.2,693.708,191.35,208.16
2026-08-22T16:46:02.509666+00:00,Simulated Annealing,8,88,8,16,128,8,8,os,24,9952,3092,6860,0,80.6,128.0,115.2,243.2,413.167,73.53,208.16
2026-08-22T16:46:02.509666+00:00,Simulated Annealing,8,89,8,16,8,8,8,os,24,9259,3092,6167,0,80.6,128.0,19.2,147.2,733.716,208.16,208.16
2026-08-22T16:46:02.509666+00:00,Simulated Annealing,8,90,8,16,8,8,8,os,24,9259,3092,6167,0,80.6,128.0,19.2,147.2,733.716,208.16,208.16
2026-08-22T16:46:02.509666+00:00,Simulated Annealing,8,91,8,16,8,8,8,os,24,9259,3092,6167,0,80.6,128.0,19.2,147.2,733.716,208.16,208.16
2026-08-22T16:46:02.509666+00:00,Simulated Annealing,8,92,8,16,8,8,8,os,24,9259,3092,6167,0,80.6,128.0,19.2,147.2,733.716,208.16,208.16
2026-08-22T16:46:02.509666+00:00,Simulated Annealing,8,93,8,32,8,8,8,os,24,26327,1972,24355,20888,36.76,256.0,19.2,275.2,138.023,-42.03,208.16
2026-08-22T16:46:02.509666+00:00,Simulated Annealing,8,94,8,16,8,8,8,os,24,9259,3092,6167,0,80.6,128.0,19.2,147.2,733.716,208.16,208.16
2026-08-22T16:46:02.509666+00:00,Simulated Annealing,8,95,8,16,8,8,8,ws,24,9882,3348,6534,0,75.44,128.0,19.2,147.2,687.46,188.73,208.16
2026-08-22T16:46:02.509666+00:00,Simulated Annealing,8,96,8,16,8,8,8,os,24,9259,3092,6167,0,80.6,128.0,19.2,147.2,733.716,208.16,208.16
2026-08-22T16:46:02.509666+00:00,Simulated Annealing,8,97,8,4,8,8,8,os,24,32179,9812,22367,0,90.0,32.0,19.2,51.2,606.956,154.92,208.16
2026-08-22T16:46:02.509666+00:00,Simulated Annealing,8,98,8,16,8,8,8,os,24,9259,3092,6167,0,80.6,128.0,19.2,147.2,733.716,208.16,208.16
2026-08-22T16:46:02.509666+00:00,Simulated Annealing,8,99,8,16,8,64,8,os,24,9280,3092,6188,0,80.6,128.0,64.0,192.0,561.243,135.72,208.16
2026-08-22T16:46:02.509666+00:00,Simulated Annealing,8,100,8,16,128,8,8,os,24,9952,3092,6860,0,80.6,128.0,115.2,243.2,413.167,73.53,208.16
2026-08-22T16:46:02.509666+00:00,Simulated Annealing,9,1,32,4,256,64,32,ws,4,23093,7230,15863,0,55.48,128.0,281.6,409.6,105.721,-55.6,-48.79
2026-08-22T16:46:02.509666+00:00,Simulated Annealing,9,2,32,4,256,64,32,ws,4,23093,7230,15863,0,55.48,128.0,281.6,409.6,105.721,-55.6,-48.79
2026-08-22T16:46:02.509666+00:00,Simulated Annealing,9,3,4,48,128,16,16,is,32,14296,4223,10073,0,36.69,192.0,128.0,320.0,218.593,-8.19,-8.19
2026-08-22T16:46:02.509666+00:00,Simulated Annealing,9,4,4,48,128,16,16,is,32,14296,4223,10073,0,36.69,192.0,128.0,320.0,218.593,-8.19,-8.19
2026-08-22T16:46:02.509666+00:00,Simulated Annealing,9,5,4,48,128,16,16,ws,32,12158,4223,7935,0,42.33,192.0,128.0,320.0,257.032,7.95,7.95
2026-08-22T16:46:02.509666+00:00,Simulated Annealing,9,6,4,48,128,16,16,os,32,11740,3966,7774,0,43.46,192.0,128.0,320.0,266.184,11.8,11.8
2026-08-22T16:46:02.509666+00:00,Simulated Annealing,9,7,4,64,128,16,16,os,32,10684,2334,8350,0,41.77,256.0,128.0,384.0,243.745,2.37,11.8
2026-08-22T16:46:02.509666+00:00,Simulated Annealing,9,8,4,48,128,16,16,os,32,11740,3966,7774,0,43.46,192.0,128.0,320.0,266.184,11.8,11.8
2026-08-22T16:46:02.509666+00:00,Simulated Annealing,9,9,8,48,128,16,16,os,32,6560,2206,4354,0,42.34,384.0,128.0,512.0,297.732,25.05,25.05
2026-08-22T16:46:02.509666+00:00,Simulated Annealing,9,10,8,8,128,16,16,os,32,17412,5246,12166,0,86.61,64.0,128.0,192.0,299.123,25.63,25.63
2026-08-22T16:46:02.509666+00:00,Simulated Annealing,9,11,8,8,128,16,16,os,32,17412,5246,12166,0,86.61,64.0,128.0,192.0,299.123,25.63,25.63
2026-08-22T16:46:02.509666+00:00,Simulated Annealing,9,12,8,8,128,16,16,ws,32,18610,5887,12723,0,80.59,64.0,128.0,192.0,279.867,17.54,25.63
2026-08-22T16:46:02.509666+00:00,Simulated Annealing,9,13,8,16,128,16,16,os,32,9772,3006,6766,0,80.6,128.0,128.0,256.0,399.739,67.89,67.89
2026-08-22T16:46:02.509666+00:00,Simulated Annealing,9,14,8,16,128,16,16,os,32,9772,3006,6766,0,80.6,128.0,128.0,256.0,399.739,67.89,67.89
2026-08-22T16:46:02.509666+00:00,Simulated Annealing,9,15,8,16,128,16,16,os,12,11520,3434,8086,0,80.6,128.0,128.0,256.0,339.084,42.41,67.89
2026-08-22T16:46:02.509666+00:00,Simulated Annealing,9,16,8,16,128,32,16,os,32,9772,3006,6766,0,80.6,128.0,140.8,268.8,380.704,59.89,67.89
2026-08-22T16:46:02.509666+00:00,Simulated Annealing,9,17,16,16,128,16,16,os,32,5680,1758,3922,0,75.46,256.0,128.0,384.0,458.48,92.56,92.56
2026-08-22T16:46:02.509666+00:00,Simulated Annealing,9,18,16,16,128,16,16,ws,32,6426,2143,4283,0,67.01,256.0,128.0,384.0,405.255,70.2,92.56
2026-08-22T16:46:02.509666+00:00,Simulated Annealing,9,19,48,16,128,16,16,os,32,3352,1326,2026,0,51.93,768.0,128.0,896.0,332.957,39.84,92.56
2026-08-22T16:46:02.509666+00:00,Simulated Annealing,9,20,16,4,128,16,16,os,32,17956,5502,12454,0,83.48,64.0,128.0,192.0,290.061,21.82,92.56
2026-08-22T16:46:02.509666+00:00,Simulated Annealing,9,21,16,16,128,16,16,ws,32,6426,2143,4283,0,67.01,256.0,128.0,384.0,405.255,70.2,92.56
2026-08-22T16:46:02.509666+00:00,Simulated Annealing,9,22,8,16,128,16,16,os,32,9772,3006,6766,0,80.6,128.0,128.0,256.0,399.739,67.89,92.56
2026-08-22T16:46:02.509666+00:00,Simulated Annealing,9,23,16,16,128,16,16,os,32,5680,1758,3922,0,75.46,256.0,128.0,384.0,458.48,92.56,92.56
2026-08-22T16:46:02.509666+00:00,Simulated Annealing,9,24,12,16,128,16,16,os,32,7300,2430,4870,0,73.98,192.0,128.0,320.0,428.082,79.79,92.56
2026-08-22T16:46:02.509666+00:00,Simulated Annealing,9,25,8,16,128,16,16,os,32,9772,3006,6766,0,80.6,128.0,128.0,256.0,399.739,67.89,92.56
2026-08-22T16:46:02.509666+00:00,Simulated Annealing,9,26,16,16,128,16,16,os,32,5680,1758,3922,0,75.46,256.0,128.0,384.0,458.48,92.56,92.56
2026-08-22T16:46:02.509666+00:00,Simulated Annealing,9,27,16,16,128,16,16,os,32,5680,1758,3922,0,75.46,256.0,128.0,384.0,458.48,92.56,92.56
2026-08-22T16:46:02.509666+00:00,Simulated Annealing,9,28,12,16,128,16,16,os,32,7300,2430,4870,0,73.98,192.0,128.0,320.0,428.082,79.79,92.56
2026-08-22T16:46:02.509666+00:00,Simulated Annealing,9,29,4,16,32,32,64,ws,4,54598,14719,39879,15127,56.36,64.0,102.4,166.4,110.07,-53.77,92.56
2026-08-22T16:46:02.509666+00:00,Simulated Annealing,9,30,64,16,8,16,32,ws,8,14666,1846,12820,8802,18.63,1024.0,44.8,1068.8,63.796,-73.21,92.56
2026-08-22T16:46:02.509666+00:00,Simulated Annealing,9,31,16,16,128,16,16,os,32,5680,1758,3922,0,75.46,256.0,128.0,384.0,458.48,92.56,92.56
2026-08-22T16:46:02.509666+00:00,Simulated Annealing,9,32,16,16,128,16,8,os,32,5553,1758,3795,0,75.46,256.0,121.6,377.6,476.914,100.3,100.3
2026-08-22T16:46:02.509666+00:00,Simulated Annealing,9,33,48,16,128,16,8,os,32,3297,1326,1971,0,51.93,768.0,121.6,889.6,340.947,43.2,100.3
2026-08-22T16:46:02.509666+00:00,Simulated Annealing,9,34,16,12,128,16,8,os,32,7683,2430,5253,0,69.27,192.0,121.6,313.6,415.043,74.32,100.3
2026-08-22T16:46:02.509666+00:00,Simulated Annealing,9,35,32,16,128,16,8,os,32,3769,1134,2635,0,63.25,512.0,121.6,633.6,418.754,75.87,100.3
2026-08-22T16:46:02.509666+00:00,Simulated Annealing,9,36,16,16,128,16,128,os,32,5680,1758,3922,0,75.46,256.0,217.6,473.6,371.741,56.13,100.3
2026-08-22T16:46:02.509666+00:00,Simulated Annealing,9,37,16,16,128,16,8,ws,32,6170,2015,4155,0,67.01,256.0,121.6,377.6,429.223,80.27,100.3
2026-08-22T16:46:02.509666+00:00,Simulated Annealing,9,38,32,16,128,16,8,os,32,3769,1134,2635,0,63.25,512.0,121.6,633.6,418.754,75.87,100.3
2026-08-22T16:46:02.509666+00:00,Simulated Annealing,9,39,16,16,128,16,8,os,32,5553,1758,3795,0,75.46,256.0,121.6,377.6,476.914,100.3,100.3
2026-08-22T16:46:02.509666+00:00,Simulated Annealing,9,40,4,8,32,128,128,os,12,34078,10154,23924,0,90.0,32.0,230.4,262.4,111.831,-53.03,100.3
2026-08-22T16:46:02.509666+00:00,Simulated Annealing,9,41,16,16,128,16,32,os,32,5680,1758,3922,0,75.46,256.0,140.8,396.8,443.69,86.35,100.3
2026-08-22T16:46:02.509666+00:00,Simulated Annealing,9,42,16,16,128,16,8,os,32,5553,1758,3795,0,75.46,256.0,121.6,377.6,476.914,100.3,100.3
2026-08-22T16:46:02.509666+00:00,Simulated Annealing,9,43,16,16,32,16,8,os,32,5707,1758,3949,290,71.95,256.0,44.8,300.8,582.525,144.66,144.66
2026-08-22T16:46:02.509666+00:00,Simulated Annealing,9,44,16,16,32,16,8,os,4,33527,3550,29977,22622,39.1,256.0,44.8,300.8,99.158,-58.35,144.66
2026-08-22T16:46:02.509666+00:00,Simulated Annealing,9,45,16,16,8,16,8,os,32,5049,1758,3291,0,75.46,256.0,25.6,281.6,703.335,195.4,195.4
2026-08-22T16:46:02.509666+00:00,Simulated Annealing,9,46,16,16,8,16,8,os,32,5049,1758,3291,0,75.46,256.0,25.6,281.6,703.335,195.4,195.4
2026-08-22T16:46:02.509666+00:00,Simulated Annealing,9,47,16,16,8,16,8,os,24,5188,1844,3344,0,75.46,256.0,25.6,281.6,684.49,187.48,195.4
2026-08-22T16:46:02.509666+00:00,Simulated Annealing,9,48,16,16,8,32,8,os,32,5049,1758,3291,0,75.46,256.0,38.4,294.4,672.755,182.55,195.4
2026-08-22T16:46:02.509666+00:00,Simulated Annealing,9,49,16,8,8,16,8,os,32,9141,3006,6135,0,80.6,128.0,25.6,153.6,712.221,199.13,199.13
2026-08-22T16:46:02.509666+00:00,Simulated Annealing,9,50,16,8,8,256,8,os,32,9141,3006,6135,0,80.6,128.0,217.6,345.6,316.543,32.95,199.13
2026-08-22T16:46:02.509666+00:00,Simulated Annealing,9,51,16,8,8,16,8,os,16,12783,3262,9521,3226,65.39,128.0,25.6,153.6,509.303,113.9,199.13
2026-08-22T16:46:02.509666+00:00,Simulated Annealing,9,52,16,8,8,16,8,os,24,9802,3092,6710,522,77.12,128.0,25.6,153.6,664.193,178.96,199.13
2026-08-22T16:46:02.509666+00:00,Simulated Annealing,9,53,16,8,8,16,8,os,32,9141,3006,6135,0,80.6,128.0,25.6,153.6,712.221,199.13,199.13
2026-08-22T16:46:02.509666+00:00,Simulated Annealing,9,54,16,8,8,16,8,os,12,15967,3434,12533,6132,58.63,128.0,25.6,153.6,407.742,71.25,199.13
2026-08-22T16:46:02.509666+00:00,Simulated Annealing,9,55,16,8,8,16,8,os,8,22561,3774,18787,12172,51.51,128.0,25.6,153.6,288.57,21.2,199.13
2026-08-22T16:46:02.509666+00:00,Simulated Annealing,9,56,16,8,8,16,8,os,32,9141,3006,6135,0,80.6,128.0,25.6,153.6,712.221,199.13,199.13
2026-08-22T16:46:02.509666+00:00,Simulated Annealing,9,57,4,8,8,16,8,os,32,32061,9726,22335,0,90.0,32.0,25.6,57.6,541.502,127.43,199.13
2026-08-22T16:46:02.509666+00:00,Simulated Annealing,9,58,16,48,8,16,8,os,32,3460,1326,2134,0,40.26,768.0,25.6,793.6,364.185,52.96,199.13
2026-08-22T16:46:02.509666+00:00,Simulated Annealing,9,59,32,8,8,16,8,os,32,5685,1886,3799,0,67.01,256.0,25.6,281.6,624.65,162.35,199.13
2026-08-22T16:46:02.509666+00:00,Simulated Annealing,9,60,16,8,8,128,8,os,32,9141,3006,6135,0,80.6,128.0,115.2,243.2,449.824,88.92,199.13
2026-08-22T16:46:02.509666+00:00,Simulated Annealing,9,61,24,8,8,16,8,os,32,6845,2510,4335,0,71.66,192.0,25.6,217.6,671.379,181.97,199.13
2026-08-22T16:46:02.509666+00:00,Simulated Annealing,9,62,48,8,8,16,8,os,32,7565,2142,5423,2888,34.51,384.0,25.6,409.6,322.724,35.54,199.13
2026-08-22T16:46:02.509666+00:00,Simulated Annealing,9,63,16,8,8,16,8,is,32,15021,3519,11502,0,54.24,128.0,25.6,153.6,433.421,82.03,199.13
2026-08-22T16:46:02.509666+00:00,Simulated Annealing,9,64,16,8,8,128,8,os,32,9141,3006,6135,0,80.6,128.0,115.2,243.2,449.824,88.92,199.13
2026-08-22T16:46:02.509666+00:00,Simulated Annealing,9,65,16,24,8,16,8,os,32,5001,1494,3507,0,54.29,384.0,25.6,409.6,488.184,105.03,199.13
2026-08-22T16:46:02.509666+00:00,Simulated Annealing,9,66,16,8,8,16,64,os,32,9268,3006,6262,0,80.6,128.0,70.4,198.4,543.841,128.41,199.13
2026-08-22T16:46:02.509666+00:00,Simulated Annealing,9,67,24,8,8,16,8,os,32,6845,2510,4335,0,71.66,192.0,25.6,217.6,671.379,181.97,199.13
2026-08-22T16:46:02.509666+00:00,Simulated Annealing,9,68,16,8,8,16,8,os,32,9141,3006,6135,0,80.6,128.0,25.6,153.6,712.221,199.13,199.13
2026-08-22T16:46:02.509666+00:00,Simulated Annealing,9,69,16,8,8,16,8,os,8,22561,3774,18787,12172,51.51,128.0,25.6,153.6,288.57,21.2,199.13
2026-08-22T16:46:02.509666+00:00,Simulated Annealing,9,70,16,12,8,16,8,os,32,7197,2430,4767,0,69.27,192.0,25.6,217.6,638.542,168.18,199.13
2026-08-22T16:46:02.509666+00:00,Simulated Annealing,9,71,16,8,8,16,128,os,32,9268,3006,6262,0,80.6,128.0,121.6,249.6,432.284,81.56,199.13
2026-08-22T16:46:02.509666+00:00,Simulated Annealing,9,72,12,8,8,16,8,os,32,12125,4190,7935,0,79.15,96.0,25.6,121.6,678.242,184.86,199.13
2026-08-22T16:46:02.509666+00:00,Simulated Annealing,9,73,16,8,8,16,32,os,32,9268,3006,6262,0,80.6,128.0,44.8,172.8,624.411,162.25,199.13
2026-08-22T16:46:02.509666+00:00,Simulated Annealing,9,74,16,8,8,16,8,ws,32,10274,3519,6755,0,70.95,128.0,25.6,153.6,633.679,166.14,199.13
2026-08-22T16:46:02.509666+00:00,Simulated Annealing,9,75,16,8,8,16,64,os,32,9268,3006,6262,0,80.6,128.0,70.4,198.4,543.841,128.41,199.13
2026-08-22T16:46:02.509666+00:00,Simulated Annealing,9,76,16,8,8,16,128,os,32,9268,3006,6262,0,80.6,128.0,121.6,249.6,432.284,81.56,199.13
2026-08-22T16:46:02.509666+00:00,Simulated Annealing,9,77,16,8,8,16,8,os,4,42657,4798,37859,30604,44.31,128.0,25.6,153.6,152.622,-35.9,199.13
2026-08-22T16:46:02.509666+00:00,Simulated Annealing,9,78,16,8,8,16,128,os,32,9268,3006,6262,0,80.6,128.0,121.6,249.6,432.284,81.56,199.13
2026-08-22T16:46:02.509666+00:00,Simulated Annealing,9,79,16,8,8,16,8,os,32,9141,3006,6135,0,80.6,128.0,25.6,153.6,712.221,199.13,199.13
2026-08-22T16:46:02.509666+00:00,Simulated Annealing,9,80,8,8,8,16,8,os,32,16781,5246,11535,0,86.61,64.0,25.6,89.6,665.08,179.33,199.13
2026-08-22T16:46:02.509666+00:00,Simulated Annealing,9,81,16,8,8,8,8,os,32,9125,3006,6119,0,80.6,128.0,19.2,147.2,744.491,212.68,212.68
2026-08-22T16:46:02.509666+00:00,Simulated Annealing,9,82,16,8,8,256,8,os,32,9141,3006,6135,0,80.6,128.0,217.6,345.6,316.543,32.95,212.68
2026-08-22T16:46:02.509666+00:00,Simulated Annealing,9,83,16,8,8,8,8,is,32,21784,3519,18265,6782,45.69,128.0,19.2,147.2,311.856,30.98,212.68
2026-08-22T16:46:02.509666+00:00,Simulated Annealing,9,84,16,64,8,8,8,os,32,9680,822,8858,6708,26.3,1024.0,19.2,1043.2,99.028,-58.41,212.68
2026-08-22T16:46:02.509666+00:00,Simulated Annealing,9,85,16,8,8,8,8,os,32,9125,3006,6119,0,80.6,128.0,19.2,147.2,744.491,212.68,212.68
2026-08-22T16:46:02.509666+00:00,Simulated Annealing,9,86,16,8,8,16,8,os,32,9141,3006,6135,0,80.6,128.0,25.6,153.6,712.221,199.13,212.68
2026-08-22T16:46:02.509666+00:00,Simulated Annealing,9,87,16,8,8,8,8,os,32,9125,3006,6119,0,80.6,128.0,19.2,147.2,744.491,212.68,212.68
2026-08-22T16:46:02.509666+00:00,Simulated Annealing,9,88,16,8,8,8,8,os,32,9125,3006,6119,0,80.6,128.0,19.2,147.2,744.491,212.68,212.68
2026-08-22T16:46:02.509666+00:00,Simulated Annealing,9,89,8,8,8,8,8,os,32,16765,5246,11519,0,86.61,64.0,19.2,83.2,716.924,201.1,212.68
2026-08-22T16:46:02.509666+00:00,Simulated Annealing,9,90,16,8,8,8,16,os,32,9252,3006,6246,0,80.6,128.0,25.6,153.6,703.677,195.54,212.68
2026-08-22T16:46:02.509666+00:00,Simulated Annealing,9,91,32,8,8,8,8,os,32,5669,1886,3783,0,67.01,256.0,19.2,275.2,640.981,169.21,212.68
2026-08-22T16:46:02.509666+00:00,Simulated Annealing,9,92,16,8,8,8,128,os,32,9252,3006,6246,0,80.6,128.0,115.2,243.2,444.427,86.66,212.68
2026-08-22T16:46:02.509666+00:00,Simulated Annealing,9,93,16,8,8,8,8,ws,32,10258,3519,6739,0,70.95,128.0,19.2,147.2,662.261,178.15,212.68
2026-08-22T16:46:02.509666+00:00,Simulated Annealing,9,94,16,8,8,8,8,os,12,15925,3434,12491,6132,58.63,128.0,19.2,147.2,426.592,79.17,212.68
2026-08-22T16:46:02.509666+00:00,Simulated Annealing,9,95,16,8,8,128,8,os,32,9141,3006,6135,0,80.6,128.0,115.2,243.2,449.824,88.92,212.68
2026-08-22T16:46:02.509666+00:00,Simulated Annealing,9,96,16,8,8,64,8,os,32,9141,3006,6135,0,80.6,128.0,64.0,192.0,569.777,139.3,212.68
2026-08-22T16:46:02.509666+00:00,Simulated Annealing,9,97,32,8,8,8,8,os,32,5669,1886,3783,0,67.01,256.0,19.2,275.2,640.981,169.21,212.68
2026-08-22T16:46:02.509666+00:00,Simulated Annealing,9,98,16,8,8,16,8,os,32,9141,3006,6135,0,80.6,128.0,25.6,153.6,712.221,199.13,212.68
2026-08-22T16:46:02.509666+00:00,Simulated Annealing,9,99,16,8,8,8,8,os,32,9125,3006,6119,0,80.6,128.0,19.2,147.2,744.491,212.68,212.68
2026-08-22T16:46:02.509666+00:00,Simulated Annealing,9,100,8,8,8,8,8,os,32,16765,5246,11519,0,86.61,64.0,19.2,83.2,716.924,201.1,212.68
2026-08-22T16:46:02.509666+00:00,Genetic Algorithm,0,1,24,4,32,16,32,os,16,40372,4862,35510,26040,41.72,96.0,64.0,160.0,154.81,-34.98,-34.98
2026-08-22T16:46:02.509666+00:00,Genetic Algorithm,0,2,24,16,32,8,128,ws,4,26846,5734,21112,7634,31.14,384.0,134.4,518.4,71.855,-69.82,-34.98
2026-08-22T16:46:02.509666+00:00,Genetic Algorithm,0,3,4,16,32,8,128,os,24,18125,5588,12537,0,83.48,64.0,134.4,198.4,278.087,16.79,16.79
2026-08-22T16:46:02.509666+00:00,Genetic Algorithm,0,4,12,32,128,16,8,is,8,14329,3975,10354,2507,27.26,384.0,121.6,505.6,138.031,-42.03,16.79
2026-08-22T16:46:02.509666+00:00,Genetic Algorithm,0,5,32,32,8,16,8,is,32,7381,887,6494,3105,25.47,1024.0,25.6,1049.6,129.081,-45.79,16.79
2026-08-22T16:46:02.509666+00:00,Genetic Algorithm,0,6,32,12,128,128,128,is,16,11548,2454,9094,0,34.21,384.0,307.2,691.2,125.282,-47.38,16.79
2026-08-22T16:46:02.509666+00:00,Genetic Algorithm,0,7,24,12,8,32,64,ws,32,7382,2722,4660,0,52.43,288.0,83.2,371.2,364.937,53.27,53.27
2026-08-22T16:46:02.509666+00:00,Genetic Algorithm,0,8,16,8,32,128,32,ws,32,11237,3902,7335,0,70.95,128.0,153.6,281.6,316.022,32.73,53.27
2026-08-22T16:46:02.509666+00:00,Genetic Algorithm,0,9,32,12,8,64,32,is,32,8765,2038,6727,0,34.21,384.0,83.2,467.2,244.2,2.56,53.27
2026-08-22T16:46:02.509666+00:00,Genetic Algorithm,0,10,16,48,8,128,8,os,12,4600,1860,2740,32,39.87,768.0,115.2,883.2,246.141,3.38,53.27
2026-08-22T16:46:02.509666+00:00,Genetic Algorithm,0,11,64,8,8,64,16,ws,12,20463,2266,18197,14009,19.91,512.0,70.4,582.4,83.909,-64.76,53.27
2026-08-22T16:46:02.509666+00:00,Genetic Algorithm,0,12,12,12,32,8,16,ws,32,11038,3927,7111,0,61.77,144.0,44.8,188.8,479.852,101.53,101.53
2026-08-22T16:46:02.509666+00:00,Genetic Algorithm,0,13,4,16,32,8,128,os,24,18125,5588,12537,0,83.48,64.0,134.4,198.4,278.087,16.79,101.53
2026-08-22T16:46:02.509666+00:00,Genetic Algorithm,0,14,48,12,32,8,16,ws,32,5875,2486,3389,452,32.49,576.0,44.8,620.8,274.183,15.16,101.53
2026-08-22T16:46:02.509666+00:00,Genetic Algorithm,0,15,24,12,32,8,16,ws,32,6710,2467,4243,0,52.43,288.0,44.8,332.8,447.81,88.08,101.53
2026-08-22T16:46:02.509666+00:00,Genetic Algorithm,0,16,16,12,8,128,64,ws,32,8653,3198,5455,0,61.26,192.0,160.0,352.0,328.315,37.89,101.53
2026-08-22T16:46:02.509666+00:00,Genetic Algorithm,0,17,24,12,8,32,64,ws,32,7382,2722,4660,0,52.43,288.0,83.2,371.2,364.937,53.27,101.53
2026-08-22T16:46:02.509666+00:00,Genetic Algorithm,0,18,12,12,32,128,32,ws,32,11038,3927,7111,0,61.77,144.0,153.6,297.6,304.422,27.86,101.53
2026-08-22T16:46:02.509666+00:00,Genetic Algorithm,0,19,8,12,32,8,16,ws,32,14514,4703,9811,0,69.26,96.0,44.8,140.8,489.339,105.52,105.52
2026-08-22T16:46:02.509666+00:00,Genetic Algorithm,0,20,12,8,8,64,64,os,8,19056,4958,14098,5172,61.39,96.0,108.8,204.8,256.235,7.62,105.52
2026-08-22T16:46:02.509666+00:00,Genetic Algorithm,0,21,8,12,32,128,32,is,32,18383,4975,13408,0,59.2,96.0,153.6,249.6,217.941,-8.47,105.52
2026-08-22T16:46:02.509666+00:00,Genetic Algorithm,0,22,8,12,16,32,16,ws,32,14274,4719,9555,0,69.26,96.0,51.2,147.2,475.934,99.89,105.52
2026-08-22T16:46:02.509666+00:00,Genetic Algorithm,0,23,8,12,16,32,16,ws,32,14274,4719,9555,0,69.26,96.0,51.2,147.2,475.934,99.89,105.52
2026-08-22T16:46:02.509666+00:00,Genetic Algorithm,0,24,8,12,32,256,16,ws,32,14530,4719,9811,0,69.26,96.0,243.2,339.2,202.898,-14.78,105.52
2026-08-22T16:46:02.509666+00:00,Genetic Algorithm,0,25,8,12,64,32,64,ws,12,19790,7433,12357,0,69.26,96.0,128.0,224.0,225.583,-5.26,105.52
2026-08-22T16:46:02.509666+00:00,Genetic Algorithm,0,26,8,12,32,8,16,ws,32,14514,4703,9811,0,69.26,96.0,44.8,140.8,489.339,105.52,105.52
2026-08-22T16:46:02.509666+00:00,Genetic Algorithm,0,27,8,12,128,32,16,ws,32,14666,4719,9947,0,69.26,96.0,140.8,236.8,287.943,20.93,105.52
2026-08-22T16:46:02.509666+00:00,Genetic Algorithm,0,28,24,12,8,32,16,ws,32,6360,2467,3893,0,52.43,288.0,44.8,332.8,472.454,98.43,105.52
2026-08-22T16:46:02.509666+00:00,Genetic Algorithm,0,29,12,12,32,8,16,ws,32,11038,3927,7111,0,61.77,144.0,44.8,188.8,479.852,101.53,105.52
2026-08-22T16:46:02.509666+00:00,Genetic Algorithm,0,30,12,12,8,256,16,ws,16,11512,4327,7185,70,61.38,144.0,224.0,368.0,236.049,-0.86,105.52
2026-08-22T16:46:02.509666+00:00,Genetic Algorithm,0,31,24,12,8,8,64,ws,32,7332,2706,4626,0,52.43,288.0,64.0,352.0,387.467,62.73,105.52
2026-08-22T16:46:02.509666+00:00,Genetic Algorithm,0,32,12,12,32,64,16,ws,32,11038,3927,7111,0,61.77,144.0,89.6,233.6,387.826,62.88,105.52
2026-08-22T16:46:02.509666+00:00,Genetic Algorithm,0,33,8,12,32,8,16,ws,32,14514,4703,9811,0,69.26,96.0,44.8,140.8,489.339,105.52,105.52
2026-08-22T16:46:02.509666+00:00,Genetic Algorithm,0,34,8,12,32,8,16,ws,32,14514,4703,9811,0,69.26,96.0,44.8,140.8,489.339,105.52,105.52
2026-08-22T16:46:02.509666+00:00,Genetic Algorithm,0,35,8,12,32,32,16,ws,32,14530,4719,9811,0,69.26,96.0,64.0,160.0,430.145,80.66,105.52
2026-08-22T16:46:02.509666+00:00,Genetic Algorithm,0,36,4,12,32,8,16,is,32,30446,8271,22175,0,66.69,48.0,44.8,92.8,353.934,48.65,105.52
2026-08-22T16:46:02.509666+00:00,Genetic Algorithm,0,37,4,12,32,8,16,ws,32,26326,8255,18071,0,74.2,48.0,44.8,92.8,409.324,71.91,105.52
2026-08-22T16:46:02.509666+00:00,Genetic Algorithm,0,38,12,12,64,8,16,ws,32,11174,3927,7247,0,61.77,144.0,70.4,214.4,417.414,75.31,105.52
2026-08-22T16:46:02.509666+00:00,Genetic Algorithm,0,39,16,12,32,8,16,ws,32,8644,2927,5717,0,61.26,192.0,44.8,236.8,488.544,105.19,105.52
2026-08-22T16:46:02.509666+00:00,Genetic Algorithm,0,40,8,12,32,8,128,ws,8,28487,8926,19561,2716,60.67,96.0,134.4,230.4,152.36,-36.01,105.52
2026-08-22T16:46:02.509666+00:00,Genetic Algorithm,0,41,8,12,32,64,16,ws,32,14530,4719,9811,0,69.26,96.0,89.6,185.6,370.814,55.74,105.52
2026-08-22T16:46:02.509666+00:00,Genetic Algorithm,0,42,8,12,32,8,16,ws,32,14514,4703,9811,0,69.26,96.0,44.8,140.8,489.339,105.52,105.52
2026-08-22T16:46:02.509666+00:00,Genetic Algorithm,0,43,24,24,32,256,16,os,32,5200,1260,3940,1006,40.54,576.0,243.2,819.2,234.751,-1.41,105.52
2026-08-22T16:46:02.509666+00:00,Genetic Algorithm,0,44,16,12,32,8,16,os,32,8804,2414,6390,1146,61.75,192.0,44.8,236.8,479.665,101.46,105.52
2026-08-22T16:46:02.509666+00:00,Genetic Algorithm,0,45,8,12,32,8,16,ws,32,14514,4703,9811,0,69.26,96.0,44.8,140.8,489.339,105.52,105.52
2026-08-22T16:46:02.509666+00:00,Genetic Algorithm,0,46,8,12,64,128,32,ws,32,15178,4975,10203,0,69.26,96.0,179.2,275.2,239.407,0.55,105.52
2026-08-22T16:46:02.509666+00:00,Genetic Algorithm,0,47,8,12,64,8,16,ws,32,14650,4703,9947,0,69.26,96.0,70.4,166.4,410.213,72.29,105.52
2026-08-22T16:46:02.509666+00:00,Genetic Algorithm,0,48,8,48,64,8,64,is,24,10300,3636,6664,0,33.96,384.0,108.8,492.8,197.012,-17.26,105.52
2026-08-22T16:46:02.509666+00:00,Genetic Algorithm,0,49,8,12,32,8,16,ws,32,14514,4703,9811,0,69.26,96.0,44.8,140.8,489.339,105.52,105.52
2026-08-22T16:46:02.509666+00:00,Genetic Algorithm,0,50,8,12,32,8,16,ws,4,38494,10201,28293,13475,42.66,96.0,44.8,140.8,184.503,-22.51,105.52
2026-08-22T16:46:02.509666+00:00,Genetic Algorithm,0,51,8,8,64,8,64,ws,32,19797,6654,13143,0,80.59,64.0,108.8,172.8,292.319,22.77,105.52
2026-08-22T16:46:02.509666+00:00,Genetic Algorithm,0,52,48,8,32,128,128,is,32,11280,3102,8178,0,24.8,384.0,230.4,614.4,144.291,-39.4,105.52
2026-08-22T16:46:02.509666+00:00,Genetic Algorithm,0,53,8,12,32,8,16,ws,32,14514,4703,9811,0,69.26,96.0,44.8,140.8,489.339,105.52,105.52
2026-08-22T16:46:02.509666+00:00,Genetic Algorithm,0,54,8,4,32,8,16,ws,32,34750,10879,23871,0,83.47,32.0,44.8,76.8,374.7,57.37,105.52
2026-08-22T16:46:02.509666+00:00,Genetic Algorithm,0,55,8,12,32,8,8,ws,32,14298,4575,9723,0,69.26,96.0,38.4,134.4,520.386,118.56,118.56
2026-08-22T16:46:02.509666+00:00,Genetic Algorithm,0,56,8,12,32,8,8,ws,32,14298,4575,9723,0,69.26,96.0,38.4,134.4,520.386,118.56,118.56
2026-08-22T16:46:02.509666+00:00,Genetic Algorithm,0,57,8,4,256,8,16,ws,32,34886,10879,24007,0,83.47,32.0,224.0,256.0,111.972,-52.97,118.56
2026-08-22T16:46:02.509666+00:00,Genetic Algorithm,0,58,8,12,32,8,16,os,24,13897,4276,9621,0,74.21,96.0,44.8,140.8,511.065,114.64,118.56
2026-08-22T16:46:02.509666+00:00,Genetic Algorithm,0,59,8,8,32,8,256,ws,24,23128,7039,16089,0,80.59,64.0,236.8,300.8,143.742,-39.63,118.56
2026-08-22T16:46:02.509666+00:00,Genetic Algorithm,0,60,8,12,32,8,128,ws,32,15705,5470,10235,0,69.26,96.0,134.4,230.4,276.363,16.07,118.56
2026-08-22T16:46:02.509666+00:00,Genetic Algorithm,0,61,8,12,32,8,128,ws,32,15705,5470,10235,0,69.26,96.0,134.4,230.4,276.363,16.07,118.56
2026-08-22T16:46:02.509666+00:00,Genetic Algorithm,0,62,4,12,32,8,8,ws,32,26198,8127,18071,0,74.2,48.0,38.4,86.4,441.792,85.55,118.56
2026-08-22T16:46:02.509666+00:00,Genetic Algorithm,0,63,8,48,32,8,8,is,4,34366,10019,24347,18315,9.86,384.0,38.4,422.4,68.889,-71.07,118.56
2026-08-22T16:46:02.509666+00:00,Genetic Algorithm,0,64,8,48,32,8,16,is,32,8258,2463,5795,0,33.96,384.0,44.8,428.8,282.404,18.61,118.56
2026-08-22T16:46:02.509666+00:00,Genetic Algorithm,0,65,8,12,32,8,8,ws,8,20144,5345,14799,3124,59.7,96.0,38.4,134.4,369.364,55.13,118.56
2026-08-22T16:46:02.509666+00:00,Genetic Algorithm,0,66,8,12,32,64,256,ws,32,17768,5486,12282,0,69.26,96.0,281.6,377.6,149.049,-37.4,118.56
2026-08-22T16:46:02.509666+00:00,Genetic Algorithm,0,67,8,12,32,8,16,os,4,58038,5982,52056,38062,42.08,96.0,44.8,140.8,122.373,-48.6,118.56
2026-08-22T16:46:02.509666+00:00,Genetic Algorithm,0,68,8,12,32,8,16,ws,32,14514,4703,9811,0,69.26,96.0,44.8,140.8,489.339,105.52,118.56
2026-08-22T16:46:02.509666+00:00,Genetic Algorithm,0,69,8,12,32,16,8,ws,8,20208,5409,14799,3124,59.7,96.0,44.8,140.8,351.458,47.61,118.56
2026-08-22T16:46:02.509666+00:00,Genetic Algorithm,0,70,8,12,32,128,8,ws,32,14314,4591,9723,0,69.26,96.0,134.4,230.4,303.219,27.35,118.56
2026-08-22T16:46:02.509666+00:00,Genetic Algorithm,0,71,8,12,32,8,64,os,32,13592,4190,9402,0,74.21,96.0,83.2,179.2,410.562,72.43,118.56
2026-08-22T16:46:02.509666+00:00,Genetic Algorithm,0,72,8,12,32,8,16,ws,4,38494,10201,28293,13475,42.66,96.0,44.8,140.8,184.503,-22.51,118.56
2026-08-22T16:46:02.509666+00:00,Genetic Algorithm,0,73,8,12,32,8,8,ws,32,14298,4575,9723,0,69.26,96.0,38.4,134.4,520.386,118.56,118.56
2026-08-22T16:46:02.509666+00:00,Genetic Algorithm,0,74,8,12,32,8,16,ws,32,14514,4703,9811,0,69.26,96.0,44.8,140.8,489.339,105.52,118.56
2026-08-22T16:46:02.509666+00:00,Genetic Algorithm,0,75,8,48,32,8,8,ws,32,6554,2271,4283,0,40.25,384.0,38.4,422.4,361.218,51.71,118.56
2026-08-22T16:46:02.509666+00:00,Genetic Algorithm,0,76,8,4,128,64,8,ws,12,36315,11177,25138,0,83.47,32.0,160.0,192.0,143.421,-39.76,118.56
2026-08-22T16:46:02.509666+00:00,Genetic Algorithm,0,77,12,12,64,64,8,ws,16,11902,4071,7831,0,61.77,144.0,108.8,252.8,332.356,39.59,118.56
2026-08-22T16:46:02.509666+00:00,Genetic Algorithm,0,78,8,12,8,8,16,ws,32,14130,4703,9427,0,69.26,96.0,25.6,121.6,582.002,144.44,144.44
2026-08-22T16:46:02.509666+00:00,Genetic Algorithm,0,79,8,24,8,32,16,ws,32,9722,2847,6875,0,54.28,192.0,44.8,236.8,434.373,82.43,144.44
2026-08-22T16:46:02.509666+00:00,Genetic Algorithm,0,80,12,32,64,8,8,ws,32,4774,1687,3087,0,60.5,384.0,64.0,448.0,467.562,96.37,144.44
2026-08-22T16:46:02.509666+00:00,Genetic Algorithm,0,81,8,12,64,8,8,is,32,17798,4591,13207,0,59.2,96.0,64.0,160.0,351.163,47.49,144.44
2026-08-22T16:46:02.509666+00:00,Genetic Algorithm,0,82,12,8,8,8,256,ws,32,15612,5406,10206,0,71.65,96.0,217.6,313.6,204.252,-14.22,144.44
2026-08-22T16:46:02.509666+00:00,Genetic Algorithm,0,83,8,12,8,8,16,is,32,17471,4703,12768,0,59.2,96.0,25.6,121.6,470.705,97.69,144.44
2026-08-22T16:46:02.509666+00:00,Genetic Algorithm,0,84,48,12,128,8,64,is,24,19796,2572,17224,10818,14.81,576.0,160.0,736.0,68.635,-71.17,144.44
2026-08-22T16:46:02.509666+00:00,Genetic Algorithm,0,85,8,12,64,8,16,ws,32,14650,4703,9947,0,69.26,96.0,70.4,166.4,410.213,72.29,144.44
2026-08-22T16:46:02.509666+00:00,Genetic Algorithm,0,86,8,12,8,64,16,ws,16,14998,5119,9879,0,69.26,96.0,70.4,166.4,400.694,68.29,144.44
2026-08-22T16:46:02.509666+00:00,Genetic Algorithm,0,87,8,12,32,8,8,ws,32,14298,4575,9723,0,69.26,96.0,38.4,134.4,520.386,118.56,144.44
2026-08-22T16:46:02.509666+00:00,Genetic Algorithm,0,88,16,12,32,8,256,ws,32,10010,3182,6828,0,61.26,192.0,236.8,428.8,232.976,-2.15,144.44
2026-08-22T16:46:02.509666+00:00,Genetic Algorithm,0,89,8,12,32,8,16,ws,8,20789,5856,14933,2716,60.67,96.0,44.8,140.8,341.636,43.48,144.44
2026-08-22T16:46:02.509666+00:00,Genetic Algorithm,0,90,48,12,32,64,8,ws,32,5620,2359,3261,452,32.49,576.0,83.2,659.2,269.927,13.37,144.44
2026-08-22T16:46:02.509666+00:00,Genetic Algorithm,0,91,4,12,32,8,8,ws,32,26198,8127,18071,0,74.2,48.0,38.4,86.4,441.792,85.55,144.44
2026-08-22T16:46:02.509666+00:00,Genetic Algorithm,0,92,8,12,32,8,16,ws,32,14514,4703,9811,0,69.26,96.0,44.8,140.8,489.339,105.52,144.44
2026-08-22T16:46:02.509666+00:00,Genetic Algorithm,0,93,8,12,32,8,8,os,32,13465,4190,9275,0,74.21,96.0,38.4,134.4,552.579,132.08,144.44
2026-08-22T16:46:02.509666+00:00,Genetic Algorithm,0,94,8,12,8,8,16,ws,32,14130,4703,9427,0,69.26,96.0,25.6,121.6,582.002,144.44,144.44
2026-08-22T16:46:02.509666+00:00,Genetic Algorithm,0,95,8,12,8,8,8,os,32,13081,4190,8891,0,74.21,96.0,19.2,115.2,663.6,178.71,178.71
2026-08-22T16:46:02.509666+00:00,Genetic Algorithm,0,96,8,12,128,8,8,ws,32,14434,4575,9859,0,69.26,96.0,115.2,211.2,328.034,37.77,178.71
2026-08-22T16:46:02.509666+00:00,Genetic Algorithm,0,97,48,12,8,8,8,ws,32,5864,2295,3569,1144,28.14,576.0,19.2,595.2,286.512,20.33,178.71
2026-08-22T16:46:02.509666+00:00,Genetic Algorithm,0,98,8,12,8,8,8,ws,32,13914,4575,9339,0,69.26,96.0,19.2,115.2,623.872,162.02,178.71
2026-08-22T16:46:02.509666+00:00,Genetic Algorithm,0,99,8,64,8,8,8,is,32,9342,1391,7951,1852,30.87,512.0,19.2,531.2,201.513,-15.37,178.71
2026-08-22T16:46:02.509666+00:00,Genetic Algorithm,0,100,8,12,8,64,16,ws,32,14180,4719,9461,0,69.26,96.0,70.4,166.4,423.809,78.0,178.71
2026-08-22T16:46:02.509666+00:00,Genetic Algorithm,1,1,8,16,16,64,32,is,12,16699,4714,11985,0,59.86,128.0,89.6,217.6,275.201,15.58,15.58
2026-08-22T16:46:02.509666+00:00,Genetic Algorithm,1,2,48,16,256,8,16,os,32,3352,1326,2026,0,51.93,768.0,224.0,992.0,300.735,26.31,26.31
2026-08-22T16:46:02.509666+00:00,Genetic Algorithm,1,3,4,32,16,64,64,ws,8,26923,7871,19052,7125,50.34,128.0,115.2,243.2,152.726,-35.86,26.31
2026-08-22T16:46:02.509666+00:00,Genetic Algorithm,1,4,12,32,32,32,64,is,4,24563,8710,15853,966,38.23,384.0,102.4,486.4,83.7,-64.85,26.31
2026-08-22T16:46:02.509666+00:00,Genetic Algorithm,1,5,8,8,256,8,64,ws,32,19797,6654,13143,0,80.59,64.0,262.4,326.4,154.757,-35.0,26.31
2026-08-22T16:46:02.509666+00:00,Genetic Algorithm,1,6,32,16,64,64,256,ws,32,5176,1518,3658,0,51.76,512.0,307.2,819.2,235.839,-0.95,26.31
2026-08-22T16:46:02.509666+00:00,Genetic Algorithm,1,7,24,32,128,32,64,ws,16,6260,1906,4354,0,52.51,768.0,179.2,947.2,168.649,-29.17,26.31
2026-08-22T16:46:02.509666+00:00,Genetic Algorithm,1,8,32,8,64,256,32,os,24,6762,1972,4790,0,67.01,256.0,281.6,537.6,275.084,15.53,26.31
2026-08-22T16:46:02.509666+00:00,Genetic Algorithm,1,9,16,64,256,32,8,os,16,4548,1078,3470,0,38.8,1024.0,236.8,1260.8,174.395,-26.76,26.31
2026-08-22T16:46:02.509666+00:00,Genetic Algorithm,1,10,12,8,64,32,256,is,4,44204,11806,32398,0,56.08,96.0,281.6,377.6,59.911,-74.84,26.31
2026-08-22T16:46:02.509666+00:00,Genetic Algorithm,1,11,4,64,128,128,64,is,24,16813,3679,13134,0,35.66,256.0,256.0,512.0,116.168,-51.21,26.31
2026-08-22T16:46:02.509666+00:00,Genetic Algorithm,1,12,32,16,8,16,256,is,24,7931,1647,6284,162,35.23,512.0,224.0,736.0,171.315,-28.05,26.31
2026-08-22T16:46:02.509666+00:00,Genetic Algorithm,1,13,8,16,16,64,32,is,12,16699,4714,11985,0,59.86,128.0,89.6,217.6,275.201,15.58,26.31
2026-08-22T16:46:02.509666+00:00,Genetic Algorithm,1,14,32,16,64,16,256,ws,24,5785,1647,4138,0,51.76,512.0,268.8,780.8,221.389,-7.02,26.31
2026-08-22T16:46:02.509666+00:00,Genetic Algorithm,1,15,32,16,64,16,256,ws,24,5785,1647,4138,0,51.76,512.0,268.8,780.8,221.389,-7.02,26.31
2026-08-22T16:46:02.509666+00:00,Genetic Algorithm,1,16,32,16,64,64,256,ws,32,5176,1518,3658,0,51.76,512.0,307.2,819.2,235.839,-0.95,26.31
2026-08-22T16:46:02.509666+00:00,Genetic Algorithm,1,17,32,16,64,16,128,ws,24,5785,1647,4138,0,51.76,512.0,166.4,678.4,254.807,7.02,26.31
2026-08-22T16:46:02.509666+00:00,Genetic Algorithm,1,18,12,16,8,16,256,is,12,17428,4878,12550,0,50.76,192.0,224.0,416.0,137.93,-42.07,26.31
2026-08-22T16:46:02.509666+00:00,Genetic Algorithm,1,19,48,16,16,8,16,os,12,6817,1860,4957,2656,28.05,768.0,32.0,800.0,183.365,-22.99,26.31
2026-08-22T16:46:02.509666+00:00,Genetic Algorithm,1,20,12,16,256,64,16,ws,32,8054,2847,5207,0,67.47,192.0,268.8,460.8,269.449,13.17,26.31
2026-08-22T16:46:02.509666+00:00,Genetic Algorithm,1,21,8,8,16,256,32,is,12,26555,7210,19345,0,66.85,64.0,243.2,307.2,122.584,-48.52,26.31
2026-08-22T16:46:02.509666+00:00,Genetic Algorithm,1,22,8,16,16,64,32,is,12,16699,4714,11985,0,59.86,128.0,89.6,217.6,275.201,15.58,26.31
2026-08-22T16:46:02.509666+00:00,Genetic Algorithm,1,23,8,16,16,64,32,is,12,16699,4714,11985,0,59.86,128.0,89.6,217.6,275.201,15.58,26.31
2026-08-22T16:46:02.509666+00:00,Genetic Algorithm,1,24,32,16,256,8,16,os,32,3896,1134,2762,0,63.25,512.0,224.0,736.0,348.741,46.47,46.47
2026-08-22T16:46:02.509666+00:00,Genetic Algorithm,1,25,8,16,256,64,32,is,32,14741,3647,11094,0,59.86,128.0,281.6,409.6,165.62,-30.44,46.47
2026-08-22T16:46:02.509666+00:00,Genetic Algorithm,1,26,48,12,256,8,16,os,32,4390,1782,2608,0,47.25,576.0,224.0,800.0,284.738,19.59,46.47
2026-08-22T16:46:02.509666+00:00,Genetic Algorithm,1,27,32,32,16,256,16,os,12,3979,1186,2793,698,44.21,1024.0,230.4,1254.4,200.35,-15.85,46.47
2026-08-22T16:46:02.509666+00:00,Genetic Algorithm,1,28,8,24,16,64,32,is,12,14153,4196,9957,441,49.5,192.0,89.6,281.6,250.911,5.38,46.47
2026-08-22T16:46:02.509666+00:00,Genetic Algorithm,1,29,8,48,64,8,32,ws,4,29747,7135,22612,9369,23.55,384.0,83.2,467.2,71.954,-69.78,46.47
2026-08-22T16:46:02.509666+00:00,Genetic Algorithm,1,30,48,16,256,8,16,os,12,5206,1860,3346,0,51.93,768.0,224.0,992.0,193.635,-18.67,46.47
2026-08-22T16:46:02.509666+00:00,Genetic Algorithm,1,31,16,32,128,128,8,ws,24,4234,1348,2886,0,60.39,512.0,211.2,723.2,326.581,37.16,46.47
2026-08-22T16:46:02.509666+00:00,Genetic Algorithm,1,32,8,16,8,8,32,is,12,29128,4714,24414,13142,45.23,128.0,38.4,166.4,206.317,-13.35,46.47
2026-08-22T16:46:02.509666+00:00,Genetic Algorithm,1,33,8,16,256,8,16,os,12,11520,3434,8086,0,80.6,128.0,224.0,352.0,246.607,3.57,46.47
2026-08-22T16:46:02.509666+00:00,Genetic Algorithm,1,34,48,8,128,16,64,is,12,13963,3849,10114,0,24.8,384.0,166.4,550.4,130.12,-45.35,46.47
2026-08-22T16:46:02.509666+00:00,Genetic Algorithm,1,35,48,16,16,8,16,os,12,6817,1860,4957,2656,28.05,768.0,32.0,800.0,183.365,-22.99,46.47
2026-08-22T16:46:02.509666+00:00,Genetic Algorithm,1,36,32,16,128,32,32,ws,32,4665,1518,3147,0,51.76,512.0,153.6,665.6,322.059,35.26,46.47
2026-08-22T16:46:02.509666+00:00,Genetic Algorithm,1,37,4,32,128,64,32,is,24,18088,4116,13972,0,51.96,128.0,179.2,307.2,179.965,-24.42,46.47
2026-08-22T16:46:02.509666+00:00,Genetic Algorithm,1,38,32,32,8,8,32,os,8,20344,1526,18818,16702,27.27,1024.0,38.4,1062.4,46.267,-80.57,46.47
2026-08-22T16:46:02.509666+00:00,Genetic Algorithm,1,39,32,16,256,64,32,is,32,7323,1518,5805,0,35.65,512.0,281.6,793.6,172.072,-27.73,46.47
2026-08-22T16:46:02.509666+00:00,Genetic Algorithm,1,40,32,16,128,32,32,ws,32,4665,1518,3147,0,51.76,512.0,153.6,665.6,322.059,35.26,46.47
2026-08-22T16:46:02.509666+00:00,Genetic Algorithm,1,41,32,16,128,32,32,is,32,7323,1518,5805,0,35.65,512.0,153.6,665.6,205.162,-13.83,46.47
2026-08-22T16:46:02.509666+00:00,Genetic Algorithm,1,42,32,16,128,8,32,os,32,3896,1134,2762,0,63.25,512.0,134.4,646.4,397.082,66.77,66.77
2026-08-22T16:46:02.509666+00:00,Genetic Algorithm,1,43,8,16,16,16,32,os,32,9380,3006,6374,0,80.6,128.0,51.2,179.2,594.921,149.86,149.86
2026-08-22T16:46:02.509666+00:00,Genetic Algorithm,1,44,32,16,128,8,16,os,32,3896,1134,2762,0,63.25,512.0,121.6,633.6,405.103,70.14,149.86
2026-08-22T16:46:02.509666+00:00,Genetic Algorithm,1,45,32,16,128,32,16,ws,4,15897,4206,11691,0,51.76,512.0,140.8,652.8,96.362,-59.53,149.86
2026-08-22T16:46:02.509666+00:00,Genetic Algorithm,1,46,48,16,256,8,32,ws,32,4440,1838,2602,0,40.63,768.0,236.8,1004.8,224.149,-5.86,149.86
2026-08-22T16:46:02.509666+00:00,Genetic Algorithm,1,47,32,16,128,128,16,os,32,3896,1134,2762,0,63.25,512.0,217.6,729.6,351.8,47.75,149.86
2026-08-22T16:46:02.509666+00:00,Genetic Algorithm,1,48,48,16,256,16,16,os,4,11136,3566,7570,0,51.93,768.0,230.4,998.4,89.943,-62.22,149.86
2026-08-22T16:46:02.509666+00:00,Genetic Algorithm,1,49,32,32,8,16,32,os,16,2974,1014,1960,356,48.84,1024.0,44.8,1068.8,314.603,32.13,149.86
2026-08-22T16:46:02.509666+00:00,Genetic Algorithm,1,50,32,16,128,32,16,ws,12,6852,2159,4693,0,51.76,512.0,140.8,652.8,223.564,-6.1,149.86
2026-08-22T16:46:02.509666+00:00,Genetic Algorithm,1,51,32,16,128,8,8,is,32,10820,1391,9429,3752,30.0,512.0,115.2,627.2,147.356,-38.11,149.86
2026-08-22T16:46:02.509666+00:00,Genetic Algorithm,1,52,64,16,128,16,8,os,24,3412,908,2504,0,46.92,1024.0,121.6,1145.6,255.834,7.45,149.86
2026-08-22T16:46:02.509666+00:00,Genetic Algorithm,1,53,32,12,128,16,16,os,32,5194,1542,3652,0,57.83,384.0,128.0,512.0,376.035,57.93,149.86
2026-08-22T16:46:02.509666+00:00,Genetic Algorithm,1,54,32,16,128,32,32,ws,32,4665,1518,3147,0,51.76,512.0,153.6,665.6,322.059,35.26,149.86
2026-08-22T16:46:02.509666+00:00,Genetic Algorithm,1,55,64,8,16,8,64,is,12,52483,2266,50217,39420,17.51,512.0,70.4,582.4,32.716,-86.26,149.86
2026-08-22T16:46:02.509666+00:00,Genetic Algorithm,1,56,32,16,128,8,16,os,32,3896,1134,2762,0,63.25,512.0,121.6,633.6,405.103,70.14,149.86
2026-08-22T16:46:02.509666+00:00,Genetic Algorithm,1,57,32,12,128,64,32,os,32,5194,1542,3652,0,57.83,384.0,179.2,563.2,341.85,43.57,149.86
2026-08-22T16:46:02.509666+00:00,Genetic Algorithm,1,58,32,12,16,8,16,os,32,4714,1526,3188,0,57.83,384.0,32.0,416.0,509.938,114.17,149.86
2026-08-22T16:46:02.509666+00:00,Genetic Algorithm,1,59,12,4,16,128,32,os,32,23324,7758,15566,0,82.04,48.0,140.8,188.8,227.088,-4.62,149.86
2026-08-22T16:46:02.509666+00:00,Genetic Algorithm,1,60,4,64,16,128,16,is,16,17657,4654,13003,2574,25.67,256.0,128.0,384.0,147.486,-38.06,149.86
2026-08-22T16:46:02.509666+00:00,Genetic Algorithm,1,61,8,12,16,16,32,os,32,13352,4206,9146,0,74.21,96.0,51.2,147.2,508.799,113.69,149.86
2026-08-22T16:46:02.509666+00:00,Genetic Algorithm,1,62,8,24,16,16,16,os,32,9188,2526,6662,0,57.86,192.0,38.4,230.4,472.385,98.4,149.86
2026-08-22T16:46:02.509666+00:00,Genetic Algorithm,1,63,32,16,128,8,128,os,32,3896,1134,2762,0,63.25,512.0,211.2,723.2,354.914,49.06,149.86
2026-08-22T16:46:02.509666+00:00,Genetic Algorithm,1,64,8,16,16,16,32,os,32,9380,3006,6374,0,80.6,128.0,51.2,179.2,594.921,149.86,149.86
2026-08-22T16:46:02.509666+00:00,Genetic Algorithm,1,65,8,12,16,8,8,os,24,13386,4276,9110,0,74.21,96.0,25.6,121.6,614.35,158.02,158.02
2026-08-22T16:46:02.509666+00:00,Genetic Algorithm,1,66,12,12,128,8,16,os,32,10132,3366,6766,0,67.97,144.0,121.6,265.6,371.601,56.07,158.02
2026-08-22T16:46:02.509666+00:00,Genetic Algorithm,1,67,8,16,16,16,32,os,24,9600,3092,6508,0,80.6,128.0,51.2,179.2,581.287,144.14,158.02
2026-08-22T16:46:02.509666+00:00,Genetic Algorithm,1,68,8,16,16,16,64,os,32,9380,3006,6374,0,80.6,128.0,76.8,204.8,520.556,118.63,158.02
2026-08-22T16:46:02.509666+00:00,Genetic Algorithm,1,69,32,12,16,8,16,os,32,4714,1526,3188,0,57.83,384.0,32.0,416.0,509.938,114.17,158.02
2026-08-22T16:46:02.509666+00:00,Genetic Algorithm,1,70,8,16,16,16,32,os,24,9600,3092,6508,0,80.6,128.0,51.2,179.2,581.287,144.14,158.02
2026-08-22T16:46:02.509666+00:00,Genetic Algorithm,1,71,8,12,16,64,8,os,24,13407,4297,9110,0,74.21,96.0,70.4,166.4,448.245,88.26,158.02
2026-08-22T16:46:02.509666+00:00,Genetic Algorithm,1,72,16,16,64,64,128,ws,12,12068,3466,8602,0,67.01,256.0,204.8,460.8,179.826,-24.47,158.02
2026-08-22T16:46:02.509666+00:00,Genetic Algorithm,1,73,8,48,16,8,32,os,32,20736,2142,18594,14632,22.84,384.0,44.8,428.8,112.466,-52.77,158.02
2026-08-22T16:46:02.509666+00:00,Genetic Algorithm,1,74,8,16,64,16,32,os,32,9772,3006,6766,0,80.6,128.0,89.6,217.6,470.281,97.52,158.02
2026-08-22T16:46:02.509666+00:00,Genetic Algorithm,1,75,8,16,16,8,8,os,24,9430,3092,6338,0,80.6,128.0,25.6,153.6,690.394,189.96,189.96
2026-08-22T16:46:02.509666+00:00,Genetic Algorithm,1,76,24,16,16,16,32,os,32,4076,1494,2582,0,67.49,384.0,51.2,435.2,563.738,136.77,189.96
2026-08-22T16:46:02.509666+00:00,Genetic Algorithm,1,77,8,16,16,16,32,os,32,9380,3006,6374,0,80.6,128.0,51.2,179.2,594.921,149.86,189.96
2026-08-22T16:46:02.509666+00:00,Genetic Algorithm,1,78,8,8,16,16,64,os,8,18988,6014,12974,0,86.61,64.0,76.8,140.8,374.04,57.09,189.96
2026-08-22T16:46:02.509666+00:00,Genetic Algorithm,1,79,8,12,16,16,32,os,24,13577,4297,9280,0,74.21,96.0,51.2,147.2,500.367,110.15,189.96
2026-08-22T16:46:02.509666+00:00,Genetic Algorithm,1,80,32,16,16,32,16,os,24,3700,1220,2480,48,62.41,512.0,51.2,563.2,479.883,101.55,189.96
2026-08-22T16:46:02.509666+00:00,Genetic Algorithm,1,81,8,16,16,8,32,os,24,9600,3092,6508,0,80.6,128.0,44.8,172.8,602.816,153.18,189.96
2026-08-22T16:46:02.509666+00:00,Genetic Algorithm,1,82,8,12,16,8,8,ws,24,14222,4660,9562,0,69.26,96.0,25.6,121.6,578.237,142.86,189.96
2026-08-22T16:46:02.509666+00:00,Genetic Algorithm,1,83,8,32,16,8,8,os,24,26498,1972,24526,20888,36.76,256.0,25.6,281.6,134.015,-43.71,189.96
2026-08-22T16:46:02.509666+00:00,Genetic Algorithm,1,84,8,16,16,128,8,os,24,9430,3092,6338,0,80.6,128.0,121.6,249.6,424.858,78.44,189.96
2026-08-22T16:46:02.509666+00:00,Genetic Algorithm,1,85,24,32,16,8,32,os,24,8995,1069,7926,6206,29.98,768.0,44.8,812.8,136.778,-42.55,189.96
2026-08-22T16:46:02.509666+00:00,Genetic Algorithm,1,86,8,16,16,16,8,is,4,33787,9681,24106,14337,27.97,128.0,32.0,160.0,184.982,-22.31,189.96
2026-08-22T16:46:02.509666+00:00,Genetic Algorithm,1,87,8,8,16,32,32,os,32,17020,5246,11774,0,86.61,64.0,64.0,128.0,459.019,92.78,189.96
2026-08-22T16:46:02.509666+00:00,Genetic Algorithm,1,88,8,16,16,128,32,os,32,9380,3006,6374,0,80.6,128.0,140.8,268.8,396.614,66.58,189.96
2026-08-22T16:46:02.509666+00:00,Genetic Algorithm,1,89,8,16,8,8,8,os,24,9259,3092,6167,0,80.6,128.0,19.2,147.2,733.716,208.16,208.16
2026-08-22T16:46:02.509666+00:00,Genetic Algorithm,1,90,8,16,16,8,64,os,24,9600,3092,6508,0,80.6,128.0,70.4,198.4,525.034,120.51,208.16
2026-08-22T16:46:02.509666+00:00,Genetic Algorithm,1,91,12,24,16,8,8,os,32,6577,2034,4543,0,52.79,288.0,25.6,313.6,484.837,103.63,208.16
2026-08-22T16:46:02.509666+00:00,Genetic Algorithm,1,92,8,16,8,128,8,os,24,9280,3092,6188,0,80.6,128.0,115.2,243.2,443.086,86.09,208.16
2026-08-22T16:46:02.509666+00:00,Genetic Algorithm,1,93,8,16,8,8,8,os,16,9525,3262,6263,0,80.6,128.0,19.2,147.2,713.226,199.55,208.16
2026-08-22T16:46:02.509666+00:00,Genetic Algorithm,1,94,8,4,16,32,8,os,24,32350,9812,22538,0,90.0,32.0,44.8,76.8,402.499,69.05,208.16
2026-08-22T16:46:02.509666+00:00,Genetic Algorithm,1,95,8,16,16,8,32,os,24,9600,3092,6508,0,80.6,128.0,44.8,172.8,602.816,153.18,208.16
2026-08-22T16:46:02.509666+00:00,Genetic Algorithm,1,96,8,12,8,8,8,ws,12,14730,5001,9729,0,69.26,96.0,19.2,115.2,589.311,147.51,208.16
2026-08-22T16:46:02.509666+00:00,Genetic Algorithm,1,97,24,16,8,8,8,os,16,4653,1734,2919,440,60.85,384.0,19.2,403.2,533.024,123.87,208.16
2026-08-22T16:46:02.509666+00:00,Genetic Algorithm,1,98,8,4,8,8,8,is,24,60361,10836,49525,16914,60.05,32.0,19.2,51.2,323.574,35.9,208.16
2026-08-22T16:46:02.509666+00:00,Genetic Algorithm,1,99,8,12,8,8,16,os,8,16788,4958,11830,1996,66.87,96.0,25.6,121.6,489.855,105.74,208.16
2026-08-22T16:46:02.509666+00:00,Genetic Algorithm,1,100,8,12,16,8,16,is,32,17615,4719,12896,0,59.2,96.0,32.0,128.0,443.514,86.27,208.16
2026-08-22T16:46:02.509666+00:00,Genetic Algorithm,2,1,4,24,64,256,64,os,24,17975,4681,13294,0,59.85,96.0,307.2,403.2,137.978,-42.05,-42.05
2026-08-22T16:46:02.509666+00:00,Genetic Algorithm,2,2,4,64,64,64,256,is,12,27707,7946,19761,0,35.66,256.0,307.2,563.2,64.084,-73.09,-42.05
2026-08-22T16:46:02.509666+00:00,Genetic Algorithm,2,3,4,64,8,128,16,ws,4,59966,17717,42249,40136,7.53,256.0,121.6,377.6,44.163,-81.45,-42.05
2026-08-22T16:46:02.509666+00:00,Genetic Algorithm,2,4,16,48,32,8,32,ws,32,4555,1774,2781,0,36.67,768.0,57.6,825.6,265.914,11.68,11.68
2026-08-22T16:46:02.509666+00:00,Genetic Algorithm,2,5,8,48,16,16,16,os,12,7369,2740,4629,0,42.34,384.0,38.4,422.4,321.268,34.93,34.93
2026-08-22T16:46:02.509666+00:00,Genetic Algorithm,2,6,16,8,256,16,16,os,24,10122,3092,7030,0,80.6,128.0,230.4,358.4,275.655,15.77,34.93
2026-08-22T16:46:02.509666+00:00,Genetic Algorithm,2,7,12,32,8,256,16,is,32,7886,1815,6071,576,39.19,384.0,224.0,608.0,208.564,-12.4,34.93
2026-08-22T16:46:02.509666+00:00,Genetic Algorithm,2,8,64,16,8,8,16,is,4,74331,2870,71461,64332,16.02,1024.0,25.6,1049.6,12.818,-94.62,34.93
2026-08-22T16:46:02.509666+00:00,Genetic Algorithm,2,9,12,8,128,64,32,os,32,12772,4206,8566,0,79.15,96.0,179.2,275.2,284.507,19.49,34.93
2026-08-22T16:46:02.509666+00:00,Genetic Algorithm,2,10,64,16,8,32,32,ws,16,7761,1334,6427,3561,21.69,1024.0,57.6,1081.6,119.128,-49.97,34.93
2026-08-22T16:46:02.509666+00:00,Genetic Algorithm,2,11,4,16,8,8,16,os,8,19020,6270,12750,0,83.48,64.0,25.6,89.6,586.788,146.45,146.45
2026-08-22T16:46:02.509666+00:00,Genetic Algorithm,2,12,64,4,256,8,64,os,8,12172,3102,9070,0,50.35,256.0,262.4,518.4,158.479,-33.44,146.45
2026-08-22T16:46:02.509666+00:00,Genetic Algorithm,2,13,4,16,8,8,16,os,8,19020,6270,12750,0,83.48,64.0,25.6,89.6,586.788,146.45,146.45
2026-08-22T16:46:02.509666+00:00,Genetic Algorithm,2,14,12,8,128,64,32,os,32,12772,4206,8566,0,79.15,96.0,179.2,275.2,284.507,19.49,146.45
2026-08-22T16:46:02.509666+00:00,Genetic Algorithm,2,15,4,16,8,8,16,os,8,19020,6270,12750,0,83.48,64.0,25.6,89.6,586.788,146.45,146.45
2026-08-22T16:46:02.509666+00:00,Genetic Algorithm,2,16,8,48,16,16,16,os,24,6409,2313,4096,0,42.34,384.0,38.4,422.4,369.391,55.14,146.45
2026-08-22T16:46:02.509666+00:00,Genetic Algorithm,2,17,8,4,8,8,16,os,8,36056,10494,25562,2300,85.61,32.0,25.6,57.6,481.504,102.23,146.45
2026-08-22T16:46:02.509666+00:00,Genetic Algorithm,2,18,4,12,8,128,16,ws,24,26199,8404,17795,0,74.2,48.0,121.6,169.6,225.055,-5.48,146.45
2026-08-22T16:46:02.509666+00:00,Genetic Algorithm,2,19,4,32,8,16,16,os,8,11716,4158,7558,0,73.12,128.0,32.0,160.0,533.459,124.05,146.45
2026-08-22T16:46:02.509666+00:00,Genetic Algorithm,2,20,12,8,128,64,32,ws,32,14102,4911,9191,0,71.65,96.0,179.2,275.2,257.674,8.22,146.45
2026-08-22T16:46:02.509666+00:00,Genetic Algorithm,2,21,8,48,8,256,8,ws,8,16142,5155,10987,7124,19.26,384.0,217.6,601.6,102.976,-56.75,146.45
2026-08-22T16:46:02.509666+00:00,Genetic Algorithm,2,22,4,16,8,8,16,os,8,19020,6270,12750,0,83.48,64.0,25.6,89.6,586.788,146.45,146.45
2026-08-22T16:46:02.509666+00:00,Genetic Algorithm,2,23,16,64,32,8,16,is,12,9804,1655,8149,2904,25.42,1024.0,44.8,1068.8,95.433,-59.92,146.45
2026-08-22T16:46:02.509666+00:00,Genetic Algorithm,2,24,4,16,8,8,256,os,32,17436,5502,11934,0,83.48,64.0,217.6,281.6,203.667,-14.46,146.45
2026-08-22T16:46:02.509666+00:00,Genetic Algorithm,2,25,64,16,8,8,16,is,8,37821,1846,35975,30062,16.48,1024.0,25.6,1049.6,25.191,-89.42,146.45
2026-08-22T16:46:02.509666+00:00,Genetic Algorithm,2,26,4,16,8,8,16,os,8,19020,6270,12750,0,83.48,64.0,25.6,89.6,586.788,146.45,146.45
2026-08-22T16:46:02.509666+00:00,Genetic Algorithm,2,27,12,16,8,8,16,os,8,12076,3182,8894,3728,53.75,192.0,25.6,217.6,380.556,59.83,146.45
2026-08-22T16:46:02.509666+00:00,Genetic Algorithm,2,28,4,16,8,8,16,is,24,23819,6015,17804,0,66.85,64.0,25.6,89.6,468.564,96.79,146.45
2026-08-22T16:46:02.509666+00:00,Genetic Algorithm,2,29,4,16,8,128,16,is,8,30887,9419,21468,3471,56.3,64.0,121.6,185.6,174.44,-26.74,146.45
2026-08-22T16:46:02.509666+00:00,Genetic Algorithm,2,30,64,16,8,128,16,os,8,10586,1590,8996,6514,26.7,1024.0,121.6,1145.6,82.458,-65.37,146.45
2026-08-22T16:46:02.509666+00:00,Genetic Algorithm,2,31,12,16,8,8,32,os,8,12076,3182,8894,3728,53.75,192.0,38.4,230.4,359.414,50.95,146.45
2026-08-22T16:46:02.509666+00:00,Genetic Algorithm,2,32,4,4,8,8,16,os,8,63228,18942,44286,0,93.72,16.0,25.6,41.6,380.187,59.68,146.45
2026-08-22T16:46:02.509666+00:00,Genetic Algorithm,2,33,8,16,64,8,16,ws,16,11774,3775,7999,0,75.44,128.0,70.4,198.4,428.089,79.79,146.45
2026-08-22T16:46:02.509666+00:00,Genetic Algorithm,2,34,4,16,16,8,16,os,8,19532,6270,13262,0,83.48,64.0,32.0,96.0,533.313,123.99,146.45
2026-08-22T16:46:02.509666+00:00,Genetic Algorithm,2,35,4,16,8,8,16,os,8,19020,6270,12750,0,83.48,64.0,25.6,89.6,586.788,146.45,146.45
2026-08-22T16:46:02.509666+00:00,Genetic Algorithm,2,36,4,12,8,8,16,os,8,26660,8510,18150,0,76.98,48.0,25.6,73.6,509.638,114.04,146.45
2026-08-22T16:46:02.509666+00:00,Genetic Algorithm,2,37,4,16,8,16,16,os,12,18360,5930,12430,0,83.48,64.0,32.0,96.0,567.357,138.29,146.45
2026-08-22T16:46:02.509666+00:00,Genetic Algorithm,2,38,4,16,8,8,16,os,8,19020,6270,12750,0,83.48,64.0,25.6,89.6,586.788,146.45,146.45
2026-08-22T16:46:02.509666+00:00,Genetic Algorithm,2,39,4,16,8,8,8,os,8,18509,6270,12239,0,83.48,64.0,19.2,83.2,649.372,172.73,172.73
2026-08-22T16:46:02.509666+00:00,Genetic Algorithm,2,40,4,4,32,128,8,is,4,80030,20991,59039,0,81.34,16.0,134.4,150.4,83.081,-65.11,172.73
2026-08-22T16:46:02.509666+00:00,Genetic Algorithm,2,41,4,16,8,8,16,os,4,21132,7294,13838,0,83.48,64.0,25.6,89.6,528.143,121.82,172.73
2026-08-22T16:46:02.509666+00:00,Genetic Algorithm,2,42,12,8,8,8,16,ws,4,36196,7583,28613,17702,43.53,96.0,25.6,121.6,227.199,-4.58,172.73
2026-08-22T16:46:02.509666+00:00,Genetic Algorithm,2,43,4,16,8,256,8,ws,8,30363,9142,21221,10029,53.01,64.0,217.6,281.6,116.956,-50.88,172.73
2026-08-22T16:46:02.509666+00:00,Genetic Algorithm,2,44,4,24,8,64,16,os,8,19084,5406,13678,0,59.85,96.0,70.4,166.4,314.903,32.26,172.73
2026-08-22T16:46:02.509666+00:00,Genetic Algorithm,2,45,4,16,8,8,16,os,8,19020,6270,12750,0,83.48,64.0,25.6,89.6,586.788,146.45,172.73
2026-08-22T16:46:02.509666+00:00,Genetic Algorithm,2,46,24,4,32,128,16,os,8,77044,5406,71638,60856,36.62,96.0,140.8,236.8,54.812,-76.98,172.73
2026-08-22T16:46:02.509666+00:00,Genetic Algorithm,2,47,4,16,8,8,32,os,8,19020,6270,12750,0,83.48,64.0,38.4,102.4,513.44,115.64,172.73
2026-08-22T16:46:02.509666+00:00,Genetic Algorithm,2,48,4,16,64,8,16,os,8,21100,6270,14830,0,83.48,64.0,70.4,134.4,352.629,48.1,172.73
2026-08-22T16:46:02.509666+00:00,Genetic Algorithm,2,49,4,16,8,8,8,ws,8,30299,9142,21157,10029,53.01,64.0,19.2,83.2,396.687,66.61,172.73
2026-08-22T16:46:02.509666+00:00,Genetic Algorithm,2,50,24,16,8,8,8,os,8,8237,2246,5991,3000,44.58,384.0,19.2,403.2,301.1,26.46,172.73
2026-08-22T16:46:02.509666+00:00,Genetic Algorithm,2,51,4,16,8,32,16,os,8,19084,6270,12814,0,83.48,64.0,44.8,108.8,481.617,102.28,172.73
2026-08-22T16:46:02.509666+00:00,Genetic Algorithm,2,52,4,16,8,8,16,os,8,19020,6270,12750,0,83.48,64.0,25.6,89.6,586.788,146.45,172.73
2026-08-22T16:46:02.509666+00:00,Genetic Algorithm,2,53,16,48,32,8,128,os,8,39122,2030,37092,32616,18.2,768.0,134.4,902.4,28.326,-88.1,172.73
2026-08-22T16:46:02.509666+00:00,Genetic Algorithm,2,54,4,16,128,8,16,os,8,21100,6270,14830,0,83.48,64.0,121.6,185.6,255.352,7.25,172.73
2026-08-22T16:46:02.509666+00:00,Genetic Algorithm,2,55,4,48,8,256,16,os,8,13348,4926,8422,0,43.46,192.0,224.0,416.0,180.09,-24.36,172.73
2026-08-22T16:46:02.509666+00:00,Genetic Algorithm,2,56,4,16,8,8,8,os,8,18509,6270,12239,0,83.48,64.0,19.2,83.2,649.372,172.73,172.73
2026-08-22T16:46:02.509666+00:00,Genetic Algorithm,2,57,4,16,8,16,8,os,8,18573,6270,12303,0,83.48,64.0,25.6,89.6,600.911,152.38,172.73
2026-08-22T16:46:02.509666+00:00,Genetic Algorithm,2,58,4,16,8,8,8,is,16,23894,6015,17879,0,66.85,64.0,19.2,83.2,503.023,111.27,172.73
2026-08-22T16:46:02.509666+00:00,Genetic Algorithm,2,59,8,16,8,8,256,os,8,12704,3774,8930,1868,70.27,128.0,217.6,345.6,227.764,-4.34,172.73
2026-08-22T16:46:02.509666+00:00,Genetic Algorithm,2,60,4,16,8,32,8,ws,8,30363,9142,21221,10029,53.01,64.0,38.4,102.4,321.629,35.08,172.73
2026-08-22T16:46:02.509666+00:00,Genetic Algorithm,2,61,16,16,8,64,16,os,8,11506,2526,8980,4698,50.62,256.0,70.4,326.4,266.272,11.83,172.73
2026-08-22T16:46:02.509666+00:00,Genetic Algorithm,2,62,4,16,64,64,8,os,8,20589,6270,14319,0,83.48,64.0,108.8,172.8,281.074,18.05,172.73
2026-08-22T16:46:02.509666+00:00,Genetic Algorithm,2,63,4,16,16,32,8,ws,8,30811,9142,21669,10029,53.01,64.0,44.8,108.8,298.308,25.29,172.73
2026-08-22T16:46:02.509666+00:00,Genetic Algorithm,2,64,8,16,8,8,16,os,8,12704,3774,8930,1868,70.27,128.0,25.6,153.6,512.47,115.23,172.73
2026-08-22T16:46:02.509666+00:00,Genetic Algorithm,2,65,4,16,8,8,256,ws,8,40539,14206,26333,0,80.59,64.0,217.6,281.6,87.598,-63.21,172.73
2026-08-22T16:46:02.509666+00:00,Genetic Algorithm,2,66,4,4,8,16,8,os,8,62781,18942,43839,0,93.72,16.0,25.6,41.6,382.894,60.81,172.73
2026-08-22T16:46:02.509666+00:00,Genetic Algorithm,2,67,12,8,8,16,8,os,8,18545,4958,13587,5172,61.39,96.0,25.6,121.6,443.445,86.24,172.73
2026-08-22T16:46:02.509666+00:00,Genetic Algorithm,2,68,12,16,8,16,16,os,8,12140,3182,8958,3728,53.75,192.0,32.0,224.0,367.734,54.45,172.73
2026-08-22T16:46:02.509666+00:00,Genetic Algorithm,2,69,4,48,8,8,32,os,8,152854,4670,148184,140114,19.89,192.0,38.4,230.4,28.395,-88.07,172.73
2026-08-22T16:46:02.509666+00:00,Genetic Algorithm,2,70,4,16,8,8,8,os,8,18509,6270,12239,0,83.48,64.0,19.2,83.2,649.372,172.73,172.73
2026-08-22T16:46:02.509666+00:00,Genetic Algorithm,2,71,4,16,8,8,8,os,8,18509,6270,12239,0,83.48,64.0,19.2,83.2,649.372,172.73,172.73
2026-08-22T16:46:02.509666+00:00,Genetic Algorithm,2,72,4,16,8,8,8,os,24,17443,5588,11855,0,83.48,64.0,19.2,83.2,689.058,189.4,189.4
2026-08-22T16:46:02.509666+00:00,Genetic Algorithm,2,73,4,16,8,8,8,os,32,17309,5502,11807,0,83.48,64.0,19.2,83.2,694.392,191.64,191.64
2026-08-22T16:46:02.509666+00:00,Genetic Algorithm,2,74,4,16,32,256,16,os,8,22070,6270,15800,1514,78.37,64.0,243.2,307.2,147.495,-38.05,191.64
2026-08-22T16:46:02.509666+00:00,Genetic Algorithm,2,75,4,16,8,256,8,os,4,20237,7294,12943,0,83.48,64.0,217.6,281.6,175.477,-26.3,191.64
2026-08-22T16:46:02.509666+00:00,Genetic Algorithm,2,76,4,16,256,16,8,os,4,24269,7294,16975,0,83.48,64.0,224.0,288.0,143.072,-39.91,191.64
2026-08-22T16:46:02.509666+00:00,Genetic Algorithm,2,77,12,16,8,8,8,os,16,7146,2670,4476,109,72.88,192.0,19.2,211.2,662.587,178.28,191.64
2026-08-22T16:46:02.509666+00:00,Genetic Algorithm,2,78,4,16,8,8,8,os,32,17309,5502,11807,0,83.48,64.0,19.2,83.2,694.392,191.64,191.64
2026-08-22T16:46:02.509666+00:00,Genetic Algorithm,2,79,4,16,8,32,8,os,12,18019,5930,12089,0,83.48,64.0,38.4,102.4,541.963,127.62,191.64
2026-08-22T16:46:02.509666+00:00,Genetic Algorithm,2,80,8,16,8,8,8,is,4,80095,9681,70414,62470,19.26,128.0,19.2,147.2,84.818,-64.38,191.64
2026-08-22T16:46:02.509666+00:00,Genetic Algorithm,2,81,4,12,8,8,8,is,24,30065,8212,21853,0,66.69,48.0,19.2,67.2,494.959,107.88,191.64
2026-08-22T16:46:02.509666+00:00,Genetic Algorithm,2,82,4,16,8,16,32,os,8,19084,6270,12814,0,83.48,64.0,44.8,108.8,481.617,102.28,191.64
2026-08-22T16:46:02.509666+00:00,Genetic Algorithm,2,83,4,16,8,8,8,os,16,17709,5758,11951,0,83.48,64.0,19.2,83.2,678.707,185.05,191.64
2026-08-22T16:46:02.509666+00:00,Genetic Algorithm,2,84,4,16,8,8,8,os,8,18509,6270,12239,0,83.48,64.0,19.2,83.2,649.372,172.73,191.64
2026-08-22T16:46:02.509666+00:00,Genetic Algorithm,2,85,32,16,8,8,8,os,8,7887,1902,5985,3318,41.54,512.0,19.2,531.2,238.688,0.25,191.64
2026-08-22T16:46:02.509666+00:00,Genetic Algorithm,2,86,64,16,8,8,8,os,24,3903,908,2995,1472,34.13,1024.0,19.2,1043.2,245.603,3.15,191.64
2026-08-22T16:46:02.509666+00:00,Genetic Algorithm,2,87,4,4,8,8,8,os,24,61651,18260,43391,0,93.72,16.0,19.2,35.2,460.805,93.54,191.64
2026-08-22T16:46:02.509666+00:00,Genetic Algorithm,2,88,4,64,8,8,8,os,16,76645,2590,74055,66208,26.38,256.0,19.2,275.2,47.41,-80.09,191.64
2026-08-22T16:46:02.509666+00:00,Genetic Algorithm,2,89,4,16,8,8,8,os,32,17309,5502,11807,0,83.48,64.0,19.2,83.2,694.392,191.64,191.64
2026-08-22T16:46:02.509666+00:00,Genetic Algorithm,2,90,4,16,8,8,8,os,32,17309,5502,11807,0,83.48,64.0,19.2,83.2,694.392,191.64,191.64
2026-08-22T16:46:02.509666+00:00,Genetic Algorithm,2,91,12,16,8,8,8,os,16,7146,2670,4476,109,72.88,192.0,19.2,211.2,662.587,178.28,191.64
2026-08-22T16:46:02.509666+00:00,Genetic Algorithm,2,92,4,16,8,8,8,os,32,17309,5502,11807,0,83.48,64.0,19.2,83.2,694.392,191.64,191.64
2026-08-22T16:46:02.509666+00:00,Genetic Algorithm,2,93,8,24,8,8,8,os,32,8917,2510,6407,0,57.86,192.0,19.2,211.2,530.991,123.01,191.64
2026-08-22T16:46:02.509666+00:00,Genetic Algorithm,2,94,4,16,8,8,8,ws,32,17902,5759,12143,0,80.59,64.0,19.2,83.2,671.39,181.98,191.64
2026-08-22T16:46:02.509666+00:00,Genetic Algorithm,2,95,4,16,8,8,64,os,32,17436,5502,11934,0,83.48,64.0,64.0,128.0,448.067,88.19,191.64
2026-08-22T16:46:02.509666+00:00,Genetic Algorithm,2,96,4,64,8,64,8,os,32,10197,2334,7863,0,41.77,256.0,64.0,320.0,306.463,28.71,191.64
2026-08-22T16:46:02.509666+00:00,Genetic Algorithm,2,97,4,16,8,8,32,os,32,17436,5502,11934,0,83.48,64.0,38.4,102.4,560.084,135.23,191.64
2026-08-22T16:46:02.509666+00:00,Genetic Algorithm,2,98,4,16,16,8,8,os,12,18318,5930,12388,0,83.48,64.0,25.6,89.6,609.276,155.89,191.64
2026-08-22T16:46:02.509666+00:00,Genetic Algorithm,2,99,12,24,8,8,8,os,24,6567,2104,4463,0,52.79,288.0,19.2,307.2,495.692,108.19,191.64
2026-08-22T16:46:02.509666+00:00,Genetic Algorithm,2,100,4,32,16,8,8,os,32,40691,3390,37301,30622,39.66,128.0,25.6,153.6,159.996,-32.8,191.64
2026-08-22T16:46:02.509666+00:00,Genetic Algorithm,3,1,12,24,8,8,256,os,24,6737,2104,4633,0,52.79,288.0,217.6,505.6,293.58,23.3,23.3
2026-08-22T16:46:02.509666+00:00,Genetic Algorithm,3,2,64,8,128,128,16,is,32,11625,1838,9787,0,23.4,512.0,217.6,729.6,117.902,-50.48,23.3
2026-08-22T16:46:02.509666+00:00,Genetic Algorithm,3,3,48,8,128,16,64,is,24,11926,3252,8674,0,24.8,384.0,166.4,550.4,152.344,-36.02,23.3
2026-08-22T16:46:02.509666+00:00,Genetic Algorithm,3,4,8,12,256,64,8,os,8,16425,5022,11403,0,74.21,96.0,262.4,358.4,169.874,-28.65,23.3
2026-08-22T16:46:02.509666+00:00,Genetic Algorithm,3,5,16,64,8,128,8,is,16,26834,1467,25367,21585,19.61,1024.0,115.2,1139.2,32.713,-86.26,23.3
2026-08-22T16:46:02.509666+00:00,Genetic Algorithm,3,6,64,12,128,32,64,ws,24,5837,1573,4264,0,31.12,768.0,179.2,947.2,180.871,-24.04,23.3
2026-08-22T16:46:02.509666+00:00,Genetic Algorithm,3,7,32,8,128,128,128,is,24,13657,2655,11002,0,38.01,256.0,307.2,563.2,130.012,-45.4,23.3
2026-08-22T16:46:02.509666+00:00,Genetic Algorithm,3,8,64,4,128,128,64,ws,24,11746,3444,8302,0,36.21,256.0,256.0,512.0,166.28,-30.16,23.3
2026-08-22T16:46:02.509666+00:00,Genetic Algorithm,3,9,4,32,32,64,256,ws,32,15227,5438,9789,0,70.95,128.0,281.6,409.6,160.334,-32.66,23.3
2026-08-22T16:46:02.509666+00:00,Genetic Algorithm,3,10,64,12,256,64,8,is,4,15160,3386,11774,0,21.15,768.0,262.4,1030.4,64.017,-73.11,23.3
2026-08-22T16:46:02.509666+00:00,Genetic Algorithm,3,11,4,8,8,64,8,is,8,41646,11007,30639,0,75.81,32.0,64.0,96.0,250.124,5.05,23.3
2026-08-22T16:46:02.509666+00:00,Genetic Algorithm,3,12,32,8,32,64,32,is,4,20153,5214,14939,0,38.01,256.0,102.4,358.4,138.45,-41.85,23.3
2026-08-22T16:46:02.509666+00:00,Genetic Algorithm,3,13,4,16,64,8,256,ws,12,33394,11306,22088,0,80.59,64.0,262.4,326.4,91.745,-61.47,23.3
2026-08-22T16:46:02.509666+00:00,Genetic Algorithm,3,14,16,24,128,8,64,ws,24,7057,2268,4789,0,48.37,384.0,160.0,544.0,260.484,9.4,23.3
2026-08-22T16:46:02.509666+00:00,Genetic Algorithm,3,15,32,12,64,64,128,os,24,5573,1633,3940,0,57.83,384.0,204.8,588.8,304.75,27.99,27.99
2026-08-22T16:46:02.509666+00:00,Genetic Algorithm,3,16,12,24,128,8,64,is,24,12395,3194,9201,1784,38.57,288.0,160.0,448.0,180.084,-24.37,27.99
2026-08-22T16:46:02.509666+00:00,Genetic Algorithm,3,17,32,12,64,128,128,os,24,5573,1633,3940,0,57.83,384.0,256.0,640.0,280.37,17.75,27.99
2026-08-22T16:46:02.509666+00:00,Genetic Algorithm,3,18,32,12,64,64,128,os,24,5573,1633,3940,0,57.83,384.0,204.8,588.8,304.75,27.99,27.99
2026-08-22T16:46:02.509666+00:00,Genetic Algorithm,3,19,4,24,8,128,32,ws,24,18578,5385,13193,0,57.86,96.0,134.4,230.4,233.625,-1.88,27.99
2026-08-22T16:46:02.509666+00:00,Genetic Algorithm,3,20,32,24,16,64,64,os,24,3613,1069,2544,32,45.62,768.0,115.2,883.2,313.381,31.62,31.62
2026-08-22T16:46:02.509666+00:00,Genetic Algorithm,3,21,4,4,8,64,8,is,8,75230,19967,55263,0,81.34,16.0,64.0,80.0,166.157,-30.22,31.62
2026-08-22T16:46:02.509666+00:00,Genetic Algorithm,3,22,32,12,64,64,128,ws,32,6762,2054,4708,0,47.05,384.0,204.8,588.8,251.164,5.49,31.62
2026-08-22T16:46:02.509666+00:00,Genetic Algorithm,3,23,12,24,16,64,256,os,24,6929,2125,4804,0,52.79,288.0,268.8,556.8,259.197,8.86,31.62
2026-08-22T16:46:02.509666+00:00,Genetic Algorithm,3,24,32,24,64,64,8,ws,24,4626,1261,3365,0,37.77,768.0,108.8,876.8,246.544,3.55,31.62
2026-08-22T16:46:02.509666+00:00,Genetic Algorithm,3,25,32,12,64,16,64,os,24,5573,1633,3940,0,57.83,384.0,115.2,499.2,359.448,50.97,50.97
2026-08-22T16:46:02.509666+00:00,Genetic Algorithm,3,26,12,48,16,8,256,os,24,18205,1825,16380,13424,19.19,576.0,224.0,800.0,68.662,-71.16,50.97
2026-08-22T16:46:02.509666+00:00,Genetic Algorithm,3,27,32,8,16,64,64,os,24,6208,1972,4236,64,66.39,256.0,115.2,371.2,433.951,82.26,82.26
2026-08-22T16:46:02.509666+00:00,Genetic Algorithm,3,28,32,32,64,8,16,os,24,8026,844,7182,5002,30.82,1024.0,70.4,1094.4,113.848,-52.18,82.26
2026-08-22T16:46:02.509666+00:00,Genetic Algorithm,3,29,32,12,64,64,128,os,24,5573,1633,3940,0,57.83,384.0,204.8,588.8,304.75,27.99,82.26
2026-08-22T16:46:02.509666+00:00,Genetic Algorithm,3,30,32,24,16,128,64,is,24,7541,1432,6109,1269,27.97,768.0,166.4,934.4,141.918,-40.4,82.26
2026-08-22T16:46:02.509666+00:00,Genetic Algorithm,3,31,32,12,64,64,128,os,24,5573,1633,3940,0,57.83,384.0,204.8,588.8,304.75,27.99,82.26
2026-08-22T16:46:02.509666+00:00,Genetic Algorithm,3,32,32,12,64,16,128,os,8,8602,2358,6244,0,57.83,384.0,166.4,550.4,211.214,-11.29,82.26
2026-08-22T16:46:02.509666+00:00,Genetic Algorithm,3,33,32,24,16,64,128,os,24,3613,1069,2544,32,45.62,768.0,166.4,934.4,296.21,24.41,82.26
2026-08-22T16:46:02.509666+00:00,Genetic Algorithm,3,34,32,24,256,16,64,os,24,4199,1069,3130,0,45.97,768.0,268.8,1036.8,229.699,-3.53,82.26
2026-08-22T16:46:02.509666+00:00,Genetic Algorithm,3,35,64,12,16,32,256,is,8,11168,2298,8870,0,21.15,768.0,243.2,1011.2,88.55,-62.81,82.26
2026-08-22T16:46:02.509666+00:00,Genetic Algorithm,3,36,24,8,16,128,64,os,24,7325,2617,4708,0,71.66,192.0,166.4,358.4,380.912,59.98,82.26
2026-08-22T16:46:02.509666+00:00,Genetic Algorithm,3,37,32,12,64,16,64,is,16,11548,2454,9094,0,34.21,384.0,115.2,499.2,173.468,-27.14,82.26
2026-08-22T16:46:02.509666+00:00,Genetic Algorithm,3,38,24,8,16,64,64,os,24,7325,2617,4708,0,71.66,192.0,115.2,307.2,444.397,86.64,86.64
2026-08-22T16:46:02.509666+00:00,Genetic Algorithm,3,39,24,8,16,32,64,os,4,28280,4430,23850,16476,38.64,192.0,89.6,281.6,125.571,-47.26,86.64
2026-08-22T16:46:02.509666+00:00,Genetic Algorithm,3,40,24,8,8,64,64,os,24,7642,2596,5046,488,67.33,192.0,108.8,300.8,435.026,82.71,86.64
2026-08-22T16:46:02.509666+00:00,Genetic Algorithm,3,41,64,12,64,64,64,ws,24,5837,1573,4264,0,31.12,768.0,153.6,921.6,185.895,-21.93,86.64
2026-08-22T16:46:02.509666+00:00,Genetic Algorithm,3,42,48,8,64,128,64,ws,24,7642,3252,4390,0,42.13,384.0,204.8,588.8,222.242,-6.66,86.64
2026-08-22T16:46:02.509666+00:00,Genetic Algorithm,3,43,24,8,8,64,64,os,24,7642,2596,5046,488,67.33,192.0,108.8,300.8,435.026,82.71,86.64
2026-08-22T16:46:02.509666+00:00,Genetic Algorithm,3,44,4,8,64,8,256,is,12,68588,15786,52802,18366,62.55,32.0,262.4,294.4,49.524,-79.2,86.64
2026-08-22T16:46:02.509666+00:00,Genetic Algorithm,3,45,24,8,8,64,64,os,16,9854,2766,7088,2338,56.81,192.0,108.8,300.8,337.372,41.69,86.64
2026-08-22T16:46:02.509666+00:00,Genetic Algorithm,3,46,32,12,64,16,64,os,24,5573,1633,3940,0,57.83,384.0,115.2,499.2,359.448,50.97,86.64
2026-08-22T16:46:02.509666+00:00,Genetic Algorithm,3,47,32,8,64,16,64,os,24,6762,1972,4790,0,67.01,256.0,115.2,371.2,398.398,67.32,86.64
2026-08-22T16:46:02.509666+00:00,Genetic Algorithm,3,48,16,8,8,128,64,os,24,9972,3092,6880,522,77.12,128.0,160.0,288.0,348.197,46.24,86.64
2026-08-22T16:46:02.509666+00:00,Genetic Algorithm,3,49,24,8,16,16,64,ws,24,9778,3534,6244,0,60.49,192.0,76.8,268.8,380.47,59.8,86.64
2026-08-22T16:46:02.509666+00:00,Genetic Algorithm,3,50,24,8,64,16,64,ws,4,23900,7054,16846,0,60.49,192.0,115.2,307.2,136.201,-42.8,86.64
2026-08-22T16:46:02.509666+00:00,Genetic Algorithm,3,51,32,8,16,16,16,os,24,6208,1972,4236,64,66.39,256.0,38.4,294.4,547.155,129.8,129.8
2026-08-22T16:46:02.509666+00:00,Genetic Algorithm,3,52,4,8,16,16,16,os,32,32300,9726,22574,0,90.0,32.0,38.4,70.4,439.769,84.7,129.8
2026-08-22T16:46:02.509666+00:00,Genetic Algorithm,3,53,4,8,16,16,64,os,32,32300,9726,22574,0,90.0,32.0,76.8,108.8,284.557,19.51,129.8
2026-08-22T16:46:02.509666+00:00,Genetic Algorithm,3,54,32,8,256,16,16,ws,16,9045,2910,6135,0,54.18,256.0,230.4,486.4,227.299,-4.54,129.8
2026-08-22T16:46:02.509666+00:00,Genetic Algorithm,3,55,32,8,16,16,8,os,24,6038,1972,4066,64,66.39,256.0,32.0,288.0,575.062,141.52,141.52
2026-08-22T16:46:02.509666+00:00,Genetic Algorithm,3,56,24,8,16,64,64,os,24,7325,2617,4708,0,71.66,192.0,115.2,307.2,444.397,86.64,141.52
2026-08-22T16:46:02.509666+00:00,Genetic Algorithm,3,57,32,8,16,16,8,os,24,6038,1972,4066,64,66.39,256.0,32.0,288.0,575.062,141.52,141.52
2026-08-22T16:46:02.509666+00:00,Genetic Algorithm,3,58,32,8,16,16,256,ws,24,8235,2655,5580,0,54.18,256.0,230.4,486.4,249.656,4.85,141.52
2026-08-22T16:46:02.509666+00:00,Genetic Algorithm,3,59,48,4,16,64,16,ws,8,16075,6974,9101,1566,36.61,192.0,76.8,268.8,231.43,-2.8,141.52
2026-08-22T16:46:02.509666+00:00,Genetic Algorithm,3,60,32,8,16,16,8,os,16,7941,2142,5799,1616,56.05,256.0,32.0,288.0,437.253,83.64,141.52
2026-08-22T16:46:02.509666+00:00,Genetic Algorithm,3,61,4,12,16,16,64,ws,32,27532,9039,18493,0,74.2,48.0,76.8,124.8,291.037,22.23,141.52
2026-08-22T16:46:02.509666+00:00,Genetic Algorithm,3,62,24,8,16,64,64,os,24,7325,2617,4708,0,71.66,192.0,115.2,307.2,444.397,86.64,141.52
2026-08-22T16:46:02.509666+00:00,Genetic Algorithm,3,63,24,8,16,16,64,is,24,14314,3534,10780,0,42.72,192.0,76.8,268.8,259.902,9.16,141.52
2026-08-22T16:46:02.509666+00:00,Genetic Algorithm,3,64,24,8,16,64,64,os,24,7325,2617,4708,0,71.66,192.0,115.2,307.2,444.397,86.64,141.52
2026-08-22T16:46:02.509666+00:00,Genetic Algorithm,3,65,32,16,16,16,8,os,24,3530,1220,2310,48,62.41,512.0,32.0,544.0,520.747,118.71,141.52
2026-08-22T16:46:02.509666+00:00,Genetic Algorithm,3,66,32,16,16,64,8,os,24,3530,1220,2310,48,62.41,512.0,70.4,582.4,486.412,104.29,141.52
2026-08-22T16:46:02.509666+00:00,Genetic Algorithm,3,67,32,8,16,16,8,os,8,14139,2654,11485,6736,43.88,256.0,32.0,288.0,245.578,3.14,141.52
2026-08-22T16:46:02.509666+00:00,Genetic Algorithm,3,68,48,8,128,16,8,os,24,5573,2313,3260,0,54.47,384.0,121.6,505.6,354.898,49.06,141.52
2026-08-22T16:46:02.509666+00:00,Genetic Algorithm,3,69,32,4,16,16,64,os,24,11886,3476,8410,758,65.57,128.0,76.8,204.8,410.804,72.53,141.52
2026-08-22T16:46:02.509666+00:00,Genetic Algorithm,3,70,32,16,16,16,8,os,24,3530,1220,2310,48,62.41,512.0,32.0,544.0,520.747,118.71,141.52
2026-08-22T16:46:02.509666+00:00,Genetic Algorithm,3,71,8,64,16,16,8,os,24,5626,1412,4214,0,40.73,512.0,32.0,544.0,326.739,37.23,141.52
2026-08-22T16:46:02.509666+00:00,Genetic Algorithm,3,72,32,8,16,16,8,os,24,6038,1972,4066,64,66.39,256.0,32.0,288.0,575.062,141.52,141.52
2026-08-22T16:46:02.509666+00:00,Genetic Algorithm,3,73,32,8,16,64,256,os,16,8196,2142,6054,1616,56.05,256.0,268.8,524.8,232.49,-2.36,141.52
2026-08-22T16:46:02.509666+00:00,Genetic Algorithm,3,74,32,32,16,128,8,os,24,2355,844,1511,16,56.45,1024.0,121.6,1145.6,370.66,55.67,141.52
2026-08-22T16:46:02.509666+00:00,Genetic Algorithm,3,75,32,8,16,16,8,is,24,12111,2484,9627,0,38.01,256.0,32.0,288.0,286.7,20.41,141.52
2026-08-22T16:46:02.509666+00:00,Genetic Algorithm,3,76,32,8,16,16,8,os,24,6038,1972,4066,64,66.39,256.0,32.0,288.0,575.062,141.52,141.52
2026-08-22T16:46:02.509666+00:00,Genetic Algorithm,3,77,32,8,16,16,8,os,24,6038,1972,4066,64,66.39,256.0,32.0,288.0,575.062,141.52,141.52
2026-08-22T16:46:02.509666+00:00,Genetic Algorithm,3,78,64,8,256,8,8,os,24,5152,1412,3740,0,49.15,512.0,217.6,729.6,266.035,11.73,141.52
2026-08-22T16:46:02.509666+00:00,Genetic Algorithm,3,79,32,16,16,32,8,os,24,3530,1220,2310,48,62.41,512.0,44.8,556.8,508.775,113.68,141.52
2026-08-22T16:46:02.509666+00:00,Genetic Algorithm,3,80,32,8,256,16,8,os,24,6592,1972,4620,0,67.01,256.0,224.0,480.0,316.04,32.73,141.52
2026-08-22T16:46:02.509666+00:00,Genetic Algorithm,3,81,16,8,16,16,128,os,24,9600,3092,6508,0,80.6,128.0,128.0,256.0,406.901,70.9,141.52
2026-08-22T16:46:02.509666+00:00,Genetic Algorithm,3,82,32,8,8,16,8,os,24,5878,1972,3906,54,66.49,256.0,25.6,281.6,604.14,153.74,153.74
2026-08-22T16:46:02.509666+00:00,Genetic Algorithm,3,83,32,16,8,16,8,os,24,3386,1220,2166,54,62.3,512.0,25.6,537.6,549.356,130.73,153.74
2026-08-22T16:46:02.509666+00:00,Genetic Algorithm,3,84,12,8,64,8,256,os,32,12772,4206,8566,0,79.15,96.0,262.4,358.4,218.461,-8.25,153.74
2026-08-22T16:46:02.509666+00:00,Genetic Algorithm,3,85,32,8,128,16,64,ws,24,8853,2655,6198,0,54.18,256.0,166.4,422.4,267.415,12.31,153.74
2026-08-22T16:46:02.509666+00:00,Genetic Algorithm,3,86,32,8,256,16,8,os,32,6261,1886,4375,0,67.01,256.0,224.0,480.0,332.748,39.75,153.74
2026-08-22T16:46:02.509666+00:00,Genetic Algorithm,3,87,32,8,16,256,8,os,24,6038,1972,4066,64,66.39,256.0,224.0,480.0,345.037,44.91,153.74
2026-08-22T16:46:02.509666+00:00,Genetic Algorithm,3,88,32,8,8,16,8,os,16,7705,2142,5563,1604,56.11,256.0,25.6,281.6,460.887,93.57,153.74
2026-08-22T16:46:02.509666+00:00,Genetic Algorithm,3,89,32,16,16,16,8,os,24,3530,1220,2310,48,62.41,512.0,32.0,544.0,520.747,118.71,153.74
2026-08-22T16:46:02.509666+00:00,Genetic Algorithm,3,90,32,8,16,16,8,is,24,12111,2484,9627,0,38.01,256.0,32.0,288.0,286.7,20.41,153.74
2026-08-22T16:46:02.509666+00:00,Genetic Algorithm,3,91,32,16,256,16,8,os,24,4100,1220,2880,0,63.25,512.0,224.0,736.0,331.389,39.18,153.74
2026-08-22T16:46:02.509666+00:00,Genetic Algorithm,3,92,32,8,8,16,128,is,24,13007,2655,10352,0,38.01,256.0,121.6,377.6,203.606,-14.49,153.74
2026-08-22T16:46:02.509666+00:00,Genetic Algorithm,3,93,24,8,8,16,16,os,24,7642,2596,5046,488,67.33,192.0,32.0,224.0,584.178,145.35,153.74
2026-08-22T16:46:02.509666+00:00,Genetic Algorithm,3,94,32,8,16,16,8,os,16,7941,2142,5799,1616,56.05,256.0,32.0,288.0,437.253,83.64,153.74
2026-08-22T16:46:02.509666+00:00,Genetic Algorithm,3,95,32,32,16,64,8,os,24,2355,844,1511,16,56.45,1024.0,70.4,1094.4,388.001,62.96,153.74
2026-08-22T16:46:02.509666+00:00,Genetic Algorithm,3,96,32,8,16,8,8,is,8,76916,3167,73749,63226,25.68,256.0,25.6,281.6,46.169,-80.61,153.74
2026-08-22T16:46:02.509666+00:00,Genetic Algorithm,3,97,32,8,8,64,8,os,24,5878,1972,3906,54,66.49,256.0,64.0,320.0,531.643,123.29,153.74
2026-08-22T16:46:02.509666+00:00,Genetic Algorithm,3,98,32,8,16,64,128,os,24,6208,1972,4236,64,66.39,256.0,166.4,422.4,381.351,60.16,153.74
2026-08-22T16:46:02.509666+00:00,Genetic Algorithm,3,99,32,8,128,16,8,os,24,6592,1972,4620,0,67.01,256.0,121.6,377.6,401.745,68.73,153.74
2026-08-22T16:46:02.509666+00:00,Genetic Algorithm,3,100,32,12,16,16,8,is,24,8824,2017,6807,0,34.21,384.0,32.0,416.0,272.421,14.42,153.74
2026-08-22T16:46:02.509666+00:00,Genetic Algorithm,4,1,12,16,128,64,64,is,4,28117,9742,18375,0,50.76,192.0,204.8,396.8,89.631,-62.36,-62.36
2026-08-22T16:46:02.509666+00:00,Genetic Algorithm,4,2,16,8,32,128,32,ws,8,20085,5822,14263,4576,54.68,128.0,153.6,281.6,176.805,-25.74,-25.74
2026-08-22T16:46:02.509666+00:00,Genetic Algorithm,4,3,8,4,64,64,16,os,12,34440,10154,24286,0,90.0,32.0,115.2,147.2,197.255,-17.15,-17.15
2026-08-22T16:46:02.509666+00:00,Genetic Algorithm,4,4,24,8,16,128,32,ws,4,32589,7054,25535,15920,32.47,192.0,140.8,332.8,92.203,-61.28,-17.15
2026-08-22T16:46:02.509666+00:00,Genetic Algorithm,4,5,32,12,16,64,64,ws,16,8322,2454,5868,648,42.68,384.0,115.2,499.2,240.712,1.1,1.1
2026-08-22T16:46:02.509666+00:00,Genetic Algorithm,4,6,8,32,8,16,16,is,32,9421,2143,7278,0,47.57,256.0,32.0,288.0,368.562,54.79,54.79
2026-08-22T16:46:02.509666+00:00,Genetic Algorithm,4,7,4,64,64,8,32,ws,16,16422,4894,11528,1822,34.05,256.0,83.2,339.2,179.522,-24.6,54.79
2026-08-22T16:46:02.509666+00:00,Genetic Algorithm,4,8,4,32,64,8,128,is,4,70698,20670,50028,22964,38.67,128.0,160.0,288.0,49.113,-79.37,54.79
2026-08-22T16:46:02.509666+00:00,Genetic Algorithm,4,9,4,8,64,32,128,os,24,33042,9812,23230,0,90.0,32.0,179.2,211.2,143.298,-39.82,54.79
2026-08-22T16:46:02.509666+00:00,Genetic Algorithm,4,10,24,8,128,16,32,os,24,7847,2617,5230,0,71.66,192.0,140.8,332.8,382.924,60.83,60.83
2026-08-22T16:46:02.509666+00:00,Genetic Algorithm,4,11,48,12,16,16,128,ws,24,5810,2636,3174,8,36.68,576.0,128.0,704.0,244.484,2.68,60.83
2026-08-22T16:46:02.509666+00:00,Genetic Algorithm,4,12,16,4,16,256,8,os,4,62229,7294,54935,41096,48.86,64.0,224.0,288.0,55.797,-76.57,60.83
2026-08-22T16:46:02.509666+00:00,Genetic Algorithm,4,13,24,8,8,32,16,is,24,12799,3193,9606,0,42.72,192.0,44.8,236.8,329.946,38.58,60.83
2026-08-22T16:46:02.509666+00:00,Genetic Algorithm,4,14,24,8,64,32,32,os,24,7847,2617,5230,0,71.66,192.0,102.4,294.4,432.871,81.8,81.8
2026-08-22T16:46:02.509666+00:00,Genetic Algorithm,4,15,12,16,16,32,16,ws,12,9075,3513,5562,0,67.47,192.0,51.2,243.2,453.096,90.3,90.3
2026-08-22T16:46:02.509666+00:00,Genetic Algorithm,4,16,24,32,128,16,32,os,24,3311,1069,2242,0,60.53,768.0,140.8,908.8,332.332,39.58,90.3
2026-08-22T16:46:02.509666+00:00,Genetic Algorithm,4,17,12,16,128,64,16,ws,12,10120,3513,6607,0,67.47,192.0,166.4,358.4,275.709,15.8,90.3
2026-08-22T16:46:02.509666+00:00,Genetic Algorithm,4,18,4,12,16,32,32,os,12,26341,8212,18129,0,76.98,48.0,64.0,112.0,338.961,42.36,90.3
2026-08-22T16:46:02.509666+00:00,Genetic Algorithm,4,19,12,16,32,32,16,ws,12,11378,3513,7865,1620,56.76,192.0,64.0,256.0,343.316,44.19,90.3
2026-08-22T16:46:02.509666+00:00,Genetic Algorithm,4,20,12,16,16,32,32,is,32,10854,2847,8007,0,50.76,192.0,64.0,256.0,359.89,51.15,90.3
2026-08-22T16:46:02.509666+00:00,Genetic Algorithm,4,21,8,32,128,16,32,is,32,10509,2399,8110,0,47.57,256.0,140.8,396.8,239.81,0.72,90.3
2026-08-22T16:46:02.509666+00:00,Genetic Algorithm,4,22,48,16,16,128,32,ws,12,6802,2585,4217,860,30.4,768.0,140.8,908.8,161.769,-32.06,90.3
2026-08-22T16:46:02.509666+00:00,Genetic Algorithm,4,23,24,16,64,128,32,os,12,6242,1948,4294,0,67.49,384.0,179.2,563.2,284.455,19.47,90.3
2026-08-22T16:46:02.509666+00:00,Genetic Algorithm,4,24,12,8,32,128,16,ws,24,14333,5044,9289,0,71.65,96.0,140.8,236.8,294.633,23.74,90.3
2026-08-22T16:46:02.509666+00:00,Genetic Algorithm,4,25,8,12,16,32,16,ws,32,14274,4719,9555,0,69.26,96.0,51.2,147.2,475.934,99.89,99.89
2026-08-22T16:46:02.509666+00:00,Genetic Algorithm,4,26,24,8,16,32,32,os,32,7100,2526,4574,0,71.66,192.0,64.0,256.0,550.176,131.07,131.07
2026-08-22T16:46:02.509666+00:00,Genetic Algorithm,4,27,12,64,16,32,8,os,24,4209,1189,3020,0,37.16,768.0,44.8,812.8,292.306,22.77,131.07
2026-08-22T16:46:02.509666+00:00,Genetic Algorithm,4,28,64,8,64,32,32,os,24,5322,1412,3910,0,49.15,512.0,102.4,614.4,305.826,28.44,131.07
2026-08-22T16:46:02.509666+00:00,Genetic Algorithm,4,29,8,8,16,32,32,ws,32,18730,6143,12587,0,80.59,64.0,64.0,128.0,417.112,75.18,131.07
2026-08-22T16:46:02.509666+00:00,Genetic Algorithm,4,30,24,16,16,32,128,os,32,4076,1494,2582,0,67.49,384.0,140.8,524.8,467.49,96.34,131.07
2026-08-22T16:46:02.509666+00:00,Genetic Algorithm,4,31,24,12,16,32,16,ws,32,6454,2467,3987,0,52.43,288.0,51.2,339.2,456.789,91.85,131.07
2026-08-22T16:46:02.509666+00:00,Genetic Algorithm,4,32,8,12,16,32,16,is,8,20352,5920,14432,0,59.2,96.0,51.2,147.2,333.799,40.19,131.07
2026-08-22T16:46:02.509666+00:00,Genetic Algorithm,4,33,24,12,16,128,32,is,32,9809,2722,7087,0,38.51,288.0,140.8,428.8,237.75,-0.15,131.07
2026-08-22T16:46:02.509666+00:00,Genetic Algorithm,4,34,24,12,16,32,16,os,32,5636,2034,3602,0,61.78,288.0,51.2,339.2,523.086,119.69,131.07
2026-08-22T16:46:02.509666+00:00,Genetic Algorithm,4,35,24,16,16,32,16,ws,32,4606,1783,2823,0,57.56,384.0,51.2,435.2,498.87,109.52,131.07
2026-08-22T16:46:02.509666+00:00,Genetic Algorithm,4,36,64,16,16,32,128,os,12,7857,1250,6607,4210,28.42,1024.0,140.8,1164.8,109.268,-54.11,131.07
2026-08-22T16:46:02.509666+00:00,Genetic Algorithm,4,37,24,24,16,32,16,ws,32,4396,1477,2919,0,41.32,576.0,51.2,627.2,362.691,52.33,131.07
2026-08-22T16:46:02.509666+00:00,Genetic Algorithm,4,38,24,8,8,32,16,os,32,6972,2510,4462,0,71.66,192.0,44.8,236.8,605.705,154.39,154.39
2026-08-22T16:46:02.509666+00:00,Genetic Algorithm,4,39,16,4,8,32,16,os,32,17452,5502,11950,0,83.48,64.0,44.8,108.8,526.655,121.19,154.39
2026-08-22T16:46:02.509666+00:00,Genetic Algorithm,4,40,32,16,16,32,128,os,32,3432,1134,2298,0,63.25,512.0,140.8,652.8,446.347,87.46,154.39
2026-08-22T16:46:02.509666+00:00,Genetic Algorithm,4,41,4,24,16,32,16,os,12,18349,5044,13305,0,59.85,96.0,51.2,147.2,370.237,55.5,154.39
2026-08-22T16:46:02.509666+00:00,Genetic Algorithm,4,42,24,8,8,32,16,os,24,7642,2596,5046,488,67.33,192.0,44.8,236.8,552.6,132.09,154.39
2026-08-22T16:46:02.509666+00:00,Genetic Algorithm,4,43,16,8,8,32,16,os,24,9972,3092,6880,522,77.12,128.0,44.8,172.8,580.329,143.73,154.39
2026-08-22T16:46:02.509666+00:00,Genetic Algorithm,4,44,24,12,16,32,32,ws,32,6965,2722,4243,0,52.43,288.0,64.0,352.0,407.884,71.31,154.39
2026-08-22T16:46:02.509666+00:00,Genetic Algorithm,4,45,24,8,8,128,16,os,32,6972,2510,4462,0,71.66,192.0,121.6,313.6,457.369,92.09,154.39
2026-08-22T16:46:02.509666+00:00,Genetic Algorithm,4,46,24,12,16,32,128,os,32,5636,2034,3602,0,61.78,288.0,140.8,428.8,413.785,73.79,154.39
2026-08-22T16:46:02.509666+00:00,Genetic Algorithm,4,47,24,8,256,32,16,ws,24,8935,3193,5742,0,60.49,192.0,243.2,435.2,257.168,8.01,154.39
2026-08-22T16:46:02.509666+00:00,Genetic Algorithm,4,48,32,8,128,32,16,os,24,6762,1972,4790,0,67.01,256.0,140.8,396.8,372.695,56.53,154.39
2026-08-22T16:46:02.509666+00:00,Genetic Algorithm,4,49,8,12,16,32,16,ws,32,14274,4719,9555,0,69.26,96.0,51.2,147.2,475.934,99.89,154.39
2026-08-22T16:46:02.509666+00:00,Genetic Algorithm,4,50,8,12,16,32,8,os,32,13225,4206,9019,0,74.21,96.0,44.8,140.8,537.034,125.55,154.39
2026-08-22T16:46:02.509666+00:00,Genetic Algorithm,4,51,24,8,256,32,16,os,32,7492,2526,4966,0,71.66,192.0,243.2,435.2,306.7,28.81,154.39
2026-08-22T16:46:02.509666+00:00,Genetic Algorithm,4,52,24,8,8,8,64,os,32,6956,2510,4446,0,71.66,192.0,64.0,256.0,561.566,135.85,154.39
2026-08-22T16:46:02.509666+00:00,Genetic Algorithm,4,53,16,8,8,32,16,os,24,9972,3092,6880,522,77.12,128.0,44.8,172.8,580.329,143.73,154.39
2026-08-22T16:46:02.509666+00:00,Genetic Algorithm,4,54,16,8,256,32,16,os,24,10122,3092,7030,0,80.6,128.0,243.2,371.2,266.15,11.78,154.39
2026-08-22T16:46:02.509666+00:00,Genetic Algorithm,4,55,16,32,8,32,8,os,24,3245,1220,2025,0,67.04,512.0,38.4,550.4,559.895,135.15,154.39
2026-08-22T16:46:02.509666+00:00,Genetic Algorithm,4,56,16,12,8,32,16,os,4,33186,4334,28852,21816,38.16,192.0,44.8,236.8,127.252,-46.56,154.39
2026-08-22T16:46:02.509666+00:00,Genetic Algorithm,4,57,24,12,8,32,16,ws,32,6360,2467,3893,0,52.43,288.0,44.8,332.8,472.454,98.43,154.39
2026-08-22T16:46:02.509666+00:00,Genetic Algorithm,4,58,16,8,64,256,64,os,24,10122,3092,7030,0,80.6,128.0,307.2,435.2,227.01,-4.66,154.39
2026-08-22T16:46:02.509666+00:00,Genetic Algorithm,4,59,24,8,8,32,16,os,24,7642,2596,5046,488,67.33,192.0,44.8,236.8,552.6,132.09,154.39
2026-08-22T16:46:02.509666+00:00,Genetic Algorithm,4,60,24,8,16,32,128,os,24,7325,2617,4708,0,71.66,192.0,140.8,332.8,410.213,72.29,154.39
2026-08-22T16:46:02.509666+00:00,Genetic Algorithm,4,61,16,32,8,64,8,os,24,3245,1220,2025,0,67.04,512.0,64.0,576.0,535.011,124.7,154.39
2026-08-22T16:46:02.509666+00:00,Genetic Algorithm,4,62,4,8,128,8,64,ws,32,35284,11135,24149,0,86.6,32.0,160.0,192.0,147.612,-38.0,154.39
2026-08-22T16:46:02.509666+00:00,Genetic Algorithm,4,63,16,8,8,32,64,os,32,9268,3006,6262,0,80.6,128.0,83.2,211.2,510.881,114.57,154.39
2026-08-22T16:46:02.509666+00:00,Genetic Algorithm,4,64,16,8,64,32,32,os,32,9772,3006,6766,0,80.6,128.0,102.4,230.4,444.155,86.54,154.39
2026-08-22T16:46:02.509666+00:00,Genetic Algorithm,4,65,16,4,8,32,8,os,24,19348,5588,13760,1884,77.3,64.0,38.4,102.4,504.736,111.99,154.39
2026-08-22T16:46:02.509666+00:00,Genetic Algorithm,4,66,12,12,256,32,64,os,32,10132,3366,6766,0,67.97,144.0,281.6,425.6,231.901,-2.6,154.39
2026-08-22T16:46:02.509666+00:00,Genetic Algorithm,4,67,16,8,8,8,64,os,24,9951,3092,6859,522,77.12,128.0,64.0,192.0,523.398,119.82,154.39
2026-08-22T16:46:02.509666+00:00,Genetic Algorithm,4,68,24,8,8,32,16,os,24,7642,2596,5046,488,67.33,192.0,44.8,236.8,552.6,132.09,154.39
2026-08-22T16:46:02.509666+00:00,Genetic Algorithm,4,69,24,8,256,32,16,os,32,7492,2526,4966,0,71.66,192.0,243.2,435.2,306.7,28.81,154.39
2026-08-22T16:46:02.509666+00:00,Genetic Algorithm,4,70,32,8,8,32,16,os,24,6048,1972,4076,54,66.49,256.0,44.8,300.8,549.681,130.86,154.39
2026-08-22T16:46:02.509666+00:00,Genetic Algorithm,4,71,24,8,8,32,16,os,4,33050,4302,28748,22270,36.81,192.0,44.8,236.8,127.775,-46.34,154.39
2026-08-22T16:46:02.509666+00:00,Genetic Algorithm,4,72,32,8,8,32,128,os,12,10044,2314,7730,3324,50.0,256.0,134.4,390.4,255.025,7.11,154.39
2026-08-22T16:46:02.509666+00:00,Genetic Algorithm,4,73,24,8,8,32,16,os,24,7642,2596,5046,488,67.33,192.0,44.8,236.8,552.6,132.09,154.39
2026-08-22T16:46:02.509666+00:00,Genetic Algorithm,4,74,24,8,8,32,16,os,24,7642,2596,5046,488,67.33,192.0,44.8,236.8,552.6,132.09,154.39
2026-08-22T16:46:02.509666+00:00,Genetic Algorithm,4,75,24,24,8,256,16,os,24,4109,1351,2758,0,48.28,576.0,224.0,800.0,304.21,27.77,154.39
2026-08-22T16:46:02.509666+00:00,Genetic Algorithm,4,76,24,8,8,32,128,os,24,7642,2596,5046,488,67.33,192.0,134.4,326.4,400.906,68.38,154.39
2026-08-22T16:46:02.509666+00:00,Genetic Algorithm,4,77,16,8,8,32,16,os,24,9972,3092,6880,522,77.12,128.0,44.8,172.8,580.329,143.73,154.39
2026-08-22T16:46:02.509666+00:00,Genetic Algorithm,4,78,24,8,64,32,16,ws,24,8935,3193,5742,0,60.49,192.0,89.6,281.6,397.441,66.92,154.39
2026-08-22T16:46:02.509666+00:00,Genetic Algorithm,4,79,48,8,8,32,16,os,16,13324,2398,10926,7976,26.44,384.0,44.8,428.8,175.029,-26.49,154.39
2026-08-22T16:46:02.509666+00:00,Genetic Algorithm,4,80,32,8,8,64,16,os,24,6048,1972,4076,54,66.49,256.0,70.4,326.4,506.568,112.76,154.39
2026-08-22T16:46:02.509666+00:00,Genetic Algorithm,4,81,12,24,16,32,16,is,24,8724,2512,6212,0,43.51,288.0,51.2,339.2,337.931,41.93,154.39
2026-08-22T16:46:02.509666+00:00,Genetic Algorithm,4,82,16,12,8,32,8,os,24,7391,2521,4870,44,68.92,192.0,38.4,230.4,587.238,146.64,154.39
2026-08-22T16:46:02.509666+00:00,Genetic Algorithm,4,83,16,12,8,32,8,os,24,7391,2521,4870,44,68.92,192.0,38.4,230.4,587.238,146.64,154.39
2026-08-22T16:46:02.509666+00:00,Genetic Algorithm,4,84,16,8,8,32,16,os,24,9972,3092,6880,522,77.12,128.0,44.8,172.8,580.329,143.73,154.39
2026-08-22T16:46:02.509666+00:00,Genetic Algorithm,4,85,16,16,8,32,32,os,24,5358,1844,3514,0,75.46,256.0,57.6,313.6,595.143,149.96,154.39
2026-08-22T16:46:02.509666+00:00,Genetic Algorithm,4,86,16,8,8,32,16,os,24,9972,3092,6880,522,77.12,128.0,44.8,172.8,580.329,143.73,154.39
2026-08-22T16:46:02.509666+00:00,Genetic Algorithm,4,87,4,16,8,32,32,os,24,17634,5588,12046,0,83.48,64.0,57.6,121.6,466.354,95.87,154.39
2026-08-22T16:46:02.509666+00:00,Genetic Algorithm,4,88,24,8,8,64,256,os,32,6972,2510,4462,0,71.66,192.0,262.4,454.4,315.649,32.57,154.39
2026-08-22T16:46:02.509666+00:00,Genetic Algorithm,4,89,16,12,8,32,8,os,24,7391,2521,4870,44,68.92,192.0,38.4,230.4,587.238,146.64,154.39
2026-08-22T16:46:02.509666+00:00,Genetic Algorithm,4,90,16,16,8,64,8,os,24,5188,1844,3344,0,75.46,256.0,64.0,320.0,602.352,152.98,154.39
2026-08-22T16:46:02.509666+00:00,Genetic Algorithm,4,91,16,16,8,32,32,os,24,5358,1844,3514,0,75.46,256.0,57.6,313.6,595.143,149.96,154.39
2026-08-22T16:46:02.509666+00:00,Genetic Algorithm,4,92,4,8,128,32,128,os,12,34440,10154,24286,0,90.0,32.0,230.4,262.4,110.656,-53.53,154.39
2026-08-22T16:46:02.509666+00:00,Genetic Algorithm,4,93,16,16,8,32,16,os,8,11506,2526,8980,4698,50.62,256.0,44.8,300.8,288.933,21.35,154.39
2026-08-22T16:46:02.509666+00:00,Genetic Algorithm,4,94,16,8,8,32,16,os,4,43680,4798,38882,30604,44.31,128.0,44.8,172.8,132.487,-44.36,154.39
2026-08-22T16:46:02.509666+00:00,Genetic Algorithm,4,95,24,8,8,32,8,os,32,6845,2510,4335,0,71.66,192.0,38.4,230.4,634.08,166.31,166.31
2026-08-22T16:46:02.509666+00:00,Genetic Algorithm,4,96,16,16,16,32,128,os,24,5508,1844,3664,0,75.46,256.0,140.8,396.8,457.546,92.17,166.31
2026-08-22T16:46:02.509666+00:00,Genetic Algorithm,4,97,32,32,32,32,128,os,12,5266,1186,4080,1302,39.35,1024.0,153.6,1177.6,161.258,-32.27,166.31
2026-08-22T16:46:02.509666+00:00,Genetic Algorithm,4,98,16,8,8,32,16,os,24,9972,3092,6880,522,77.12,128.0,44.8,172.8,580.329,143.73,166.31
2026-08-22T16:46:02.509666+00:00,Genetic Algorithm,4,99,24,8,32,128,16,os,32,11216,2526,8690,3860,51.78,192.0,140.8,332.8,267.904,12.52,166.31
2026-08-22T16:46:02.509666+00:00,Genetic Algorithm,4,100,32,16,8,16,32,os,16,4620,1390,3230,756,53.53,512.0,44.8,556.8,388.74,63.27,166.31
2026-08-22T16:46:02.509666+00:00,Genetic Algorithm,5,1,12,32,32,64,64,ws,16,8045,3238,4807,0,60.5,384.0,128.0,512.0,242.775,1.96,1.96
2026-08-22T16:46:02.509666+00:00,Genetic Algorithm,5,2,16,48,8,256,32,os,16,4218,1646,2572,0,40.26,768.0,236.8,1004.8,235.947,-0.9,1.96
2026-08-22T16:46:02.509666+00:00,Genetic Algorithm,5,3,48,4,64,16,32,ws,24,13026,5780,7246,0,42.93,192.0,89.6,281.6,272.619,14.5,14.5
2026-08-22T16:46:02.509666+00:00,Genetic Algorithm,5,4,4,12,32,16,128,os,8,34540,8574,25966,6280,66.08,48.0,140.8,188.8,153.347,-35.6,14.5
2026-08-22T16:46:02.509666+00:00,Genetic Algorithm,5,5,32,8,16,8,16,ws,12,11285,3167,8118,2602,42.73,256.0,32.0,288.0,307.685,29.23,29.23
2026-08-22T16:46:02.509666+00:00,Genetic Algorithm,5,6,12,24,256,32,32,ws,8,13768,3800,9968,0,48.27,288.0,256.0,544.0,133.515,-43.92,29.23
2026-08-22T16:46:02.509666+00:00,Genetic Algorithm,5,7,4,24,16,256,16,ws,16,19433,5314,14119,874,56.06,96.0,230.4,326.4,157.656,-33.79,29.23
2026-08-22T16:46:02.509666+00:00,Genetic Algorithm,5,8,8,32,16,8,32,ws,32,6538,2399,4139,0,67.01,256.0,44.8,300.8,508.484,113.56,113.56
2026-08-22T16:46:02.509666+00:00,Genetic Algorithm,5,9,8,8,32,128,16,is,4,33368,8576,24792,897,65.4,64.0,140.8,204.8,146.332,-38.54,113.56
2026-08-22T16:46:02.509666+00:00,Genetic Algorithm,5,10,16,64,16,64,8,os,32,3156,822,2334,0,38.8,1024.0,70.4,1094.4,289.526,21.6,113.56
2026-08-22T16:46:02.509666+00:00,Genetic Algorithm,5,11,32,8,32,64,8,ws,32,7682,2399,5283,412,51.52,256.0,83.2,339.2,383.769,61.18,113.56
2026-08-22T16:46:02.509666+00:00,Genetic Algorithm,5,12,12,24,64,256,32,is,32,8834,2379,6455,0,43.51,288.0,281.6,569.6,198.734,-16.53,113.56
2026-08-22T16:46:02.509666+00:00,Genetic Algorithm,5,13,16,4,16,256,16,os,32,17564,5502,12062,0,83.48,64.0,230.4,294.4,193.392,-18.78,113.56
2026-08-22T16:46:02.509666+00:00,Genetic Algorithm,5,14,32,8,32,64,8,ws,32,7682,2399,5283,412,51.52,256.0,83.2,339.2,383.769,61.18,113.56
2026-08-22T16:46:02.509666+00:00,Genetic Algorithm,5,15,48,4,64,8,32,ws,24,13026,5780,7246,0,42.93,192.0,83.2,275.2,278.959,17.16,113.56
2026-08-22T16:46:02.509666+00:00,Genetic Algorithm,5,16,8,32,16,8,32,ws,32,6538,2399,4139,0,67.01,256.0,44.8,300.8,508.484,113.56,113.56
2026-08-22T16:46:02.509666+00:00,Genetic Algorithm,5,17,48,4,64,8,32,ws,24,13026,5780,7246,0,42.93,192.0,83.2,275.2,278.959,17.16,113.56
2026-08-22T16:46:02.509666+00:00,Genetic Algorithm,5,18,8,32,128,8,32,ws,32,6930,2399,4531,0,67.01,256.0,134.4,390.4,369.621,55.24,113.56
2026-08-22T16:46:02.509666+00:00,Genetic Algorithm,5,19,8,32,64,8,64,ws,32,7521,2910,4611,0,67.01,256.0,108.8,364.8,364.477,53.08,113.56
2026-08-22T16:46:02.509666+00:00,Genetic Algorithm,5,20,32,8,32,64,32,ws,12,12760,3167,9593,3394,40.78,256.0,102.4,358.4,218.666,-8.16,113.56
2026-08-22T16:46:02.509666+00:00,Genetic Algorithm,5,21,8,24,32,64,32,ws,32,10530,3103,7427,0,54.28,192.0,102.4,294.4,322.577,35.48,113.56
2026-08-22T16:46:02.509666+00:00,Genetic Algorithm,5,22,32,32,16,8,32,ws,24,3039,1143,1896,0,47.54,1024.0,44.8,1068.8,307.874,29.31,113.56
2026-08-22T16:46:02.509666+00:00,Genetic Algorithm,5,23,32,8,64,8,16,ws,32,7733,2526,5207,0,54.18,256.0,70.4,326.4,396.188,66.4,113.56
2026-08-22T16:46:02.509666+00:00,Genetic Algorithm,5,24,8,32,16,8,32,ws,32,6538,2399,4139,0,67.01,256.0,44.8,300.8,508.484,113.56,113.56
2026-08-22T16:46:02.509666+00:00,Genetic Algorithm,5,25,8,32,16,8,8,ws,32,5770,2015,3755,0,67.01,256.0,25.6,281.6,615.448,158.48,158.48
2026-08-22T16:46:02.509666+00:00,Genetic Algorithm,5,26,8,32,16,8,32,ws,32,6538,2399,4139,0,67.01,256.0,44.8,300.8,508.484,113.56,158.48
2026-08-22T16:46:02.509666+00:00,Genetic Algorithm,5,27,64,12,128,32,32,ws,24,5837,1573,4264,0,31.12,768.0,153.6,921.6,185.895,-21.93,158.48
2026-08-22T16:46:02.509666+00:00,Genetic Algorithm,5,28,24,32,16,256,32,os,32,2564,978,1586,0,60.53,768.0,243.2,1011.2,385.696,61.99,158.48
2026-08-22T16:46:02.509666+00:00,Genetic Algorithm,5,29,8,32,16,8,256,ws,32,9176,2910,6266,0,67.01,256.0,224.0,480.0,227.042,-4.64,158.48
2026-08-22T16:46:02.509666+00:00,Genetic Algorithm,5,30,16,32,8,8,256,ws,16,6986,2286,4700,0,60.39,512.0,217.6,729.6,196.194,-17.6,158.48
2026-08-22T16:46:02.509666+00:00,Genetic Algorithm,5,31,12,16,8,8,16,ws,32,7518,2831,4687,0,67.47,192.0,25.6,217.6,611.278,156.73,158.48
2026-08-22T16:46:02.509666+00:00,Genetic Algorithm,5,32,12,32,16,8,16,ws,32,4638,1815,2823,0,60.5,384.0,32.0,416.0,518.294,117.68,158.48
2026-08-22T16:46:02.509666+00:00,Genetic Algorithm,5,33,8,32,16,8,32,is,32,10045,2399,7646,0,47.57,256.0,44.8,300.8,330.957,39.0,158.48
2026-08-22T16:46:02.509666+00:00,Genetic Algorithm,5,34,12,32,8,8,32,ws,32,4552,1799,2753,0,60.5,384.0,38.4,422.4,520.084,118.43,158.48
2026-08-22T16:46:02.509666+00:00,Genetic Algorithm,5,35,12,16,16,64,32,ws,32,7662,2847,4815,0,67.47,192.0,89.6,281.6,463.474,94.66,158.48
2026-08-22T16:46:02.509666+00:00,Genetic Algorithm,5,36,8,32,8,8,16,ws,4,29784,9685,20099,16158,18.94,256.0,25.6,281.6,119.23,-49.92,158.48
2026-08-22T16:46:02.509666+00:00,Genetic Algorithm,5,37,12,32,8,8,32,ws,32,4552,1799,2753,0,60.5,384.0,38.4,422.4,520.084,118.43,158.48
2026-08-22T16:46:02.509666+00:00,Genetic Algorithm,5,38,12,32,8,8,32,ws,4,18920,6086,12834,3803,38.11,384.0,38.4,422.4,125.128,-47.45,158.48
2026-08-22T16:46:02.509666+00:00,Genetic Algorithm,5,39,24,8,128,64,64,is,8,20276,4942,15334,0,42.72,192.0,204.8,396.8,124.293,-47.8,158.48
2026-08-22T16:46:02.509666+00:00,Genetic Algorithm,5,40,12,32,8,8,32,ws,32,4552,1799,2753,0,60.5,384.0,38.4,422.4,520.084,118.43,158.48
2026-08-22T16:46:02.509666+00:00,Genetic Algorithm,5,41,12,32,8,8,256,os,32,13670,1526,12144,9642,34.13,384.0,217.6,601.6,121.597,-48.93,158.48
2026-08-22T16:46:02.509666+00:00,Genetic Algorithm,5,42,4,32,8,8,32,ws,32,11014,3903,7111,0,70.95,128.0,38.4,166.4,545.634,129.16,158.48
2026-08-22T16:46:02.509666+00:00,Genetic Algorithm,5,43,12,32,128,8,32,ws,24,5616,1948,3668,0,60.5,384.0,134.4,518.4,343.485,44.26,158.48
2026-08-22T16:46:02.509666+00:00,Genetic Algorithm,5,44,8,32,16,8,8,ws,32,5770,2015,3755,0,67.01,256.0,25.6,281.6,615.448,158.48,158.48
2026-08-22T16:46:02.509666+00:00,Genetic Algorithm,5,45,8,16,16,8,8,ws,32,9838,3263,6575,0,75.44,128.0,25.6,153.6,661.762,177.94,177.94
2026-08-22T16:46:02.509666+00:00,Genetic Algorithm,5,46,32,32,16,8,16,ws,24,2951,1143,1808,0,47.54,1024.0,32.0,1056.0,320.898,34.78,177.94
2026-08-22T16:46:02.509666+00:00,Genetic Algorithm,5,47,8,32,16,8,16,ws,32,6026,2143,3883,0,67.01,256.0,32.0,288.0,576.207,142.0,177.94
2026-08-22T16:46:02.509666+00:00,Genetic Algorithm,5,48,8,32,8,8,8,ws,32,5642,2015,3627,0,67.01,256.0,19.2,275.2,644.048,170.5,177.94
2026-08-22T16:46:02.509666+00:00,Genetic Algorithm,5,49,16,32,16,8,256,ws,32,5050,1646,3404,0,60.39,512.0,224.0,736.0,269.049,13.0,177.94
2026-08-22T16:46:02.509666+00:00,Genetic Algorithm,5,50,8,32,16,8,16,os,32,20422,1886,18536,14862,38.54,256.0,32.0,288.0,170.024,-28.59,177.94
2026-08-22T16:46:02.509666+00:00,Genetic Algorithm,5,51,8,16,32,8,8,ws,32,10094,3263,6831,0,75.44,128.0,38.4,166.4,595.365,150.05,177.94
2026-08-22T16:46:02.509666+00:00,Genetic Algorithm,5,52,8,32,16,8,16,is,32,9533,2143,7390,0,47.57,256.0,32.0,288.0,364.232,52.98,177.94
2026-08-22T16:46:02.509666+00:00,Genetic Algorithm,5,53,8,16,8,32,16,ws,32,9982,3391,6591,0,75.44,128.0,44.8,172.8,579.747,143.49,177.94
2026-08-22T16:46:02.509666+00:00,Genetic Algorithm,5,54,32,16,256,64,16,is,8,11043,2670,8373,0,35.65,512.0,268.8,780.8,115.977,-51.29,177.94
2026-08-22T16:46:02.509666+00:00,Genetic Algorithm,5,55,8,64,16,64,8,os,32,5481,1326,4155,0,40.73,512.0,70.4,582.4,313.27,31.57,177.94
2026-08-22T16:46:02.509666+00:00,Genetic Algorithm,5,56,12,24,8,8,16,ws,32,7242,2363,4879,0,48.27,288.0,25.6,313.6,440.317,84.93,177.94
2026-08-22T16:46:02.509666+00:00,Genetic Algorithm,5,57,8,32,16,8,16,ws,32,6026,2143,3883,0,67.01,256.0,32.0,288.0,576.207,142.0,177.94
2026-08-22T16:46:02.509666+00:00,Genetic Algorithm,5,58,32,8,32,8,256,ws,4,33662,5214,28448,14314,30.86,256.0,236.8,492.8,60.282,-74.68,177.94
2026-08-22T16:46:02.509666+00:00,Genetic Algorithm,5,59,8,16,8,64,8,ws,32,9726,3263,6463,0,75.44,128.0,64.0,192.0,535.506,124.91,177.94
2026-08-22T16:46:02.509666+00:00,Genetic Algorithm,5,60,24,32,8,8,8,is,16,11224,1363,9861,6114,24.64,768.0,19.2,787.2,113.179,-52.47,177.94
2026-08-22T16:46:02.509666+00:00,Genetic Algorithm,5,61,8,16,32,8,8,ws,32,10094,3263,6831,0,75.44,128.0,38.4,166.4,595.365,150.05,177.94
2026-08-22T16:46:02.509666+00:00,Genetic Algorithm,5,62,8,16,8,8,8,ws,32,9710,3263,6447,0,75.44,128.0,19.2,147.2,699.637,193.84,193.84
2026-08-22T16:46:02.509666+00:00,Genetic Algorithm,5,63,8,32,16,8,8,ws,16,8200,2540,5660,1419,55.78,256.0,25.6,281.6,433.065,81.88,193.84
2026-08-22T16:46:02.509666+00:00,Genetic Algorithm,5,64,8,32,8,256,8,ws,32,5658,2015,3643,0,67.01,256.0,217.6,473.6,373.186,56.74,193.84
2026-08-22T16:46:02.509666+00:00,Genetic Algorithm,5,65,24,16,16,8,8,ws,32,4606,1783,2823,0,57.56,384.0,25.6,409.6,530.049,122.62,193.84
2026-08-22T16:46:02.509666+00:00,Genetic Algorithm,5,66,64,16,8,64,8,ws,32,4098,1078,3020,1113,27.01,1024.0,64.0,1088.0,224.284,-5.8,193.84
2026-08-22T16:46:02.509666+00:00,Genetic Algorithm,5,67,8,32,8,8,8,is,32,9194,2015,7179,0,47.57,256.0,19.2,275.2,395.227,65.99,193.84
2026-08-22T16:46:02.509666+00:00,Genetic Algorithm,5,68,8,32,32,8,8,ws,32,6026,2015,4011,0,67.01,256.0,38.4,294.4,563.681,136.74,193.84
2026-08-22T16:46:02.509666+00:00,Genetic Algorithm,5,69,12,48,256,8,8,is,24,6652,2033,4619,0,29.85,576.0,217.6,793.6,189.429,-20.44,193.84
2026-08-22T16:46:02.509666+00:00,Genetic Algorithm,5,70,8,12,16,8,8,ws,4,32148,9741,22407,12249,38.59,96.0,25.6,121.6,255.807,7.44,193.84
2026-08-22T16:46:02.509666+00:00,Genetic Algorithm,5,71,8,16,16,8,8,ws,4,31834,9681,22153,16164,29.26,128.0,25.6,153.6,204.511,-14.11,193.84
2026-08-22T16:46:02.509666+00:00,Genetic Algorithm,5,72,8,16,16,8,8,ws,32,9838,3263,6575,0,75.44,128.0,25.6,153.6,661.762,177.94,193.84
2026-08-22T16:46:02.509666+00:00,Genetic Algorithm,5,73,16,12,16,64,16,ws,32,8404,2943,5461,0,61.26,192.0,76.8,268.8,442.675,85.92,193.84
2026-08-22T16:46:02.509666+00:00,Genetic Algorithm,5,74,32,24,64,64,256,ws,12,8103,1965,6138,0,37.77,768.0,307.2,1075.2,114.78,-51.79,193.84
2026-08-22T16:46:02.509666+00:00,Genetic Algorithm,5,75,8,16,8,8,8,ws,32,9710,3263,6447,0,75.44,128.0,19.2,147.2,699.637,193.84,193.84
2026-08-22T16:46:02.509666+00:00,Genetic Algorithm,5,76,8,64,8,8,8,ws,32,5562,1391,4171,0,38.78,512.0,19.2,531.2,338.463,42.15,193.84
2026-08-22T16:46:02.509666+00:00,Genetic Algorithm,5,77,48,16,16,64,8,os,32,3001,1326,1675,96,49.4,768.0,70.4,838.4,397.45,66.93,193.84
2026-08-22T16:46:02.509666+00:00,Genetic Algorithm,5,78,8,16,16,8,8,ws,12,11297,3689,7608,245,73.88,128.0,25.6,153.6,576.296,142.04,193.84
2026-08-22T16:46:02.509666+00:00,Genetic Algorithm,5,79,8,4,16,8,8,ws,32,34366,10751,23615,0,83.47,32.0,25.6,57.6,505.183,112.17,193.84
2026-08-22T16:46:02.509666+00:00,Genetic Algorithm,5,80,8,16,8,8,64,ws,32,11093,4158,6935,0,75.44,128.0,64.0,192.0,469.515,97.19,193.84
2026-08-22T16:46:02.509666+00:00,Genetic Algorithm,5,81,8,32,16,8,8,ws,16,8200,2540,5660,1419,55.78,256.0,25.6,281.6,433.065,81.88,193.84
2026-08-22T16:46:02.509666+00:00,Genetic Algorithm,5,82,48,16,32,8,8,ws,32,4222,1711,2511,428,34.41,768.0,38.4,806.4,293.718,23.36,193.84
2026-08-22T16:46:02.509666+00:00,Genetic Algorithm,5,83,8,64,8,8,8,ws,32,5562,1391,4171,0,38.78,512.0,19.2,531.2,338.463,42.15,193.84
2026-08-22T16:46:02.509666+00:00,Genetic Algorithm,5,84,32,16,8,8,8,ws,16,4746,1647,3099,464,46.71,512.0,19.2,531.2,396.656,66.59,193.84
2026-08-22T16:46:02.509666+00:00,Genetic Algorithm,5,85,8,32,8,8,8,ws,32,5642,2015,3627,0,67.01,256.0,19.2,275.2,644.048,170.5,193.84
2026-08-22T16:46:02.509666+00:00,Genetic Algorithm,5,86,64,16,8,8,8,ws,32,4082,1078,3004,1113,27.01,1024.0,19.2,1043.2,234.833,-1.37,193.84
2026-08-22T16:46:02.509666+00:00,Genetic Algorithm,5,87,8,16,64,16,8,os,32,9645,3006,6639,0,80.6,128.0,70.4,198.4,522.584,119.48,193.84
2026-08-22T16:46:02.509666+00:00,Genetic Algorithm,5,88,16,16,16,8,8,is,8,38498,2784,35714,28236,32.86,256.0,25.6,281.6,92.242,-61.26,193.84
2026-08-22T16:46:02.509666+00:00,Genetic Algorithm,5,89,8,16,64,8,8,ws,4,34970,9681,25289,16164,29.26,128.0,64.0,192.0,148.937,-37.45,193.84
2026-08-22T16:46:02.509666+00:00,Genetic Algorithm,5,90,64,4,16,8,8,ws,32,13547,3358,10189,3310,29.61,256.0,25.6,281.6,262.135,10.09,193.84
2026-08-22T16:46:02.509666+00:00,Genetic Algorithm,5,91,12,12,128,8,8,ws,16,11902,4071,7831,0,61.77,144.0,115.2,259.2,324.149,36.14,193.84
2026-08-22T16:46:02.509666+00:00,Genetic Algorithm,5,92,4,16,8,8,8,ws,32,17902,5759,12143,0,80.59,64.0,19.2,83.2,671.39,181.98,193.84
2026-08-22T16:46:02.509666+00:00,Genetic Algorithm,5,93,12,16,8,8,8,ws,8,13084,4014,9070,3451,49.76,192.0,19.2,211.2,361.881,51.99,193.84
2026-08-22T16:46:02.509666+00:00,Genetic Algorithm,5,94,48,16,256,8,8,ws,16,5002,2031,2971,0,40.63,768.0,217.6,985.6,202.841,-14.81,193.84
2026-08-22T16:46:02.509666+00:00,Genetic Algorithm,5,95,8,32,128,8,8,ws,32,6162,2015,4147,0,67.01,256.0,115.2,371.2,437.19,83.62,193.84
2026-08-22T16:46:02.509666+00:00,Genetic Algorithm,5,96,64,16,8,8,8,os,32,3101,822,2279,804,37.75,1024.0,19.2,1043.2,309.123,29.83,193.84
2026-08-22T16:46:02.509666+00:00,Genetic Algorithm,5,97,8,16,16,8,8,ws,32,9838,3263,6575,0,75.44,128.0,25.6,153.6,661.762,177.94,193.84
2026-08-22T16:46:02.509666+00:00,Genetic Algorithm,5,98,8,32,64,8,8,ws,32,6162,2015,4147,0,67.01,256.0,64.0,320.0,507.141,113.0,193.84
2026-08-22T16:46:02.509666+00:00,Genetic Algorithm,5,99,64,16,16,8,256,ws,16,7952,1334,6618,3528,21.73,1024.0,224.0,1248.0,100.765,-57.68,193.84
2026-08-22T16:46:02.509666+00:00,Genetic Algorithm,5,100,48,16,128,8,8,ws,12,5733,2244,3489,0,40.63,768.0,115.2,883.2,197.496,-17.05,193.84
2026-08-22T16:46:02.509666+00:00,Genetic Algorithm,6,1,64,4,16,64,16,is,16,21973,3614,18359,0,23.91,256.0,76.8,332.8,136.75,-42.57,-42.57
2026-08-22T16:46:02.509666+00:00,Genetic Algorithm,6,2,4,48,128,8,64,os,4,305558,5694,299864,286546,19.31,192.0,160.0,352.0,9.297,-96.1,-42.57
2026-08-22T16:46:02.509666+00:00,Genetic Algorithm,6,3,32,12,128,32,16,is,12,11362,2721,8641,0,34.21,384.0,140.8,524.8,167.707,-29.56,-29.56
2026-08-22T16:46:02.509666+00:00,Genetic Algorithm,6,4,12,48,8,8,128,ws,12,11512,3996,7516,0,36.6,576.0,115.2,691.2,125.674,-47.22,-29.56
2026-08-22T16:46:02.509666+00:00,Genetic Algorithm,6,5,4,16,8,32,256,ws,24,23495,8404,15091,0,80.59,64.0,236.8,300.8,141.497,-40.57,-29.56
2026-08-22T16:46:02.509666+00:00,Genetic Algorithm,6,6,4,4,8,16,8,os,24,61672,18260,43412,0,93.72,16.0,25.6,41.6,389.779,63.7,63.7
2026-08-22T16:46:02.509666+00:00,Genetic Algorithm,6,7,8,24,16,16,256,ws,12,19706,5561,14145,0,54.28,192.0,230.4,422.4,120.137,-49.54,63.7
2026-08-22T16:46:02.509666+00:00,Genetic Algorithm,6,8,64,8,16,256,32,ws,32,7344,1838,5506,1484,29.62,512.0,243.2,755.2,180.304,-24.27,63.7
2026-08-22T16:46:02.509666+00:00,Genetic Algorithm,6,9,32,8,64,8,32,os,24,6762,1972,4790,0,67.01,256.0,83.2,339.2,435.982,83.11,83.11
2026-08-22T16:46:02.509666+00:00,Genetic Algorithm,6,10,16,64,32,8,256,os,16,19678,1078,18600,15292,24.45,1024.0,236.8,1260.8,40.306,-83.07,83.11
2026-08-22T16:46:02.509666+00:00,Genetic Algorithm,6,11,16,12,128,128,16,os,8,11002,3246,7756,0,69.27,192.0,217.6,409.6,221.906,-6.8,83.11
2026-08-22T16:46:02.509666+00:00,Genetic Algorithm,6,12,4,8,128,32,64,is,12,46962,13055,33907,0,75.81,32.0,179.2,211.2,100.823,-57.65,83.11
2026-08-22T16:46:02.509666+00:00,Genetic Algorithm,6,13,64,8,64,8,32,os,32,4900,1326,3574,0,49.15,512.0,83.2,595.2,342.879,44.01,83.11
2026-08-22T16:46:02.509666+00:00,Genetic Algorithm,6,14,16,12,128,128,128,os,8,11002,3246,7756,0,69.27,192.0,307.2,499.2,182.076,-23.53,83.11
2026-08-22T16:46:02.509666+00:00,Genetic Algorithm,6,15,64,16,128,128,32,ws,12,6676,1506,5170,0,34.44,1024.0,230.4,1254.4,119.412,-49.85,83.11
2026-08-22T16:46:02.509666+00:00,Genetic Algorithm,6,16,32,8,8,8,32,os,24,6027,1972,4055,54,66.49,256.0,38.4,294.4,563.587,136.7,136.7
2026-08-22T16:46:02.509666+00:00,Genetic Algorithm,6,17,24,8,64,8,128,is,24,29681,3513,26168,14866,31.27,192.0,160.0,352.0,95.715,-59.8,136.7
2026-08-22T16:46:02.509666+00:00,Genetic Algorithm,6,18,32,8,64,8,32,os,24,6762,1972,4790,0,67.01,256.0,83.2,339.2,435.982,83.11,136.7
2026-08-22T16:46:02.509666+00:00,Genetic Algorithm,6,19,32,24,64,8,32,is,24,10066,1432,8634,3954,24.75,768.0,83.2,851.2,116.711,-50.98,136.7
2026-08-22T16:46:02.509666+00:00,Genetic Algorithm,6,20,4,32,8,16,32,is,24,17320,4116,13204,0,51.96,128.0,44.8,172.8,334.125,40.33,136.7
2026-08-22T16:46:02.509666+00:00,Genetic Algorithm,6,21,32,8,8,8,256,ws,24,8064,2655,5409,0,54.18,256.0,217.6,473.6,261.841,9.97,136.7
2026-08-22T16:46:02.509666+00:00,Genetic Algorithm,6,22,32,8,8,8,32,os,24,6027,1972,4055,54,66.49,256.0,38.4,294.4,563.587,136.7,136.7
2026-08-22T16:46:02.509666+00:00,Genetic Algorithm,6,23,8,8,256,8,8,os,24,17592,5332,12260,0,86.61,64.0,217.6,281.6,201.861,-15.22,136.7
2026-08-22T16:46:02.509666+00:00,Genetic Algorithm,6,24,32,8,8,128,32,os,24,6048,1972,4076,54,66.49,256.0,134.4,390.4,423.524,77.88,136.7
2026-08-22T16:46:02.509666+00:00,Genetic Algorithm,6,25,16,8,64,8,32,os,32,9772,3006,6766,0,80.6,128.0,83.2,211.2,484.532,103.5,136.7
2026-08-22T16:46:02.509666+00:00,Genetic Algorithm,6,26,32,8,8,8,8,os,24,5857,1972,3885,54,66.49,256.0,19.2,275.2,620.407,160.57,160.57
2026-08-22T16:46:02.509666+00:00,Genetic Algorithm,6,27,16,8,128,8,8,os,24,9952,3092,6860,0,80.6,128.0,115.2,243.2,413.167,73.53,160.57
2026-08-22T16:46:02.509666+00:00,Genetic Algorithm,6,28,32,8,64,32,8,os,24,6592,1972,4620,0,67.01,256.0,83.2,339.2,447.226,87.83,160.57
2026-08-22T16:46:02.509666+00:00,Genetic Algorithm,6,29,32,8,8,64,16,os,24,6048,1972,4076,54,66.49,256.0,70.4,326.4,506.568,112.76,160.57
2026-08-22T16:46:02.509666+00:00,Genetic Algorithm,6,30,32,8,8,8,64,os,12,10002,2314,7688,3324,50.0,256.0,64.0,320.0,312.438,31.22,160.57
2026-08-22T16:46:02.509666+00:00,Genetic Algorithm,6,31,16,4,64,8,32,os,24,18306,5588,12718,0,83.48,64.0,83.2,147.2,371.107,55.86,160.57
2026-08-22T16:46:02.509666+00:00,Genetic Algorithm,6,32,32,8,256,8,32,is,24,28091,2655,25436,15116,29.23,256.0,236.8,492.8,72.237,-69.66,160.57
2026-08-22T16:46:02.509666+00:00,Genetic Algorithm,6,33,32,8,128,16,8,os,24,6592,1972,4620,0,67.01,256.0,121.6,377.6,401.745,68.73,160.57
2026-08-22T16:46:02.509666+00:00,Genetic Algorithm,6,34,8,16,256,16,64,os,12,11520,3434,8086,0,80.6,128.0,268.8,396.8,218.764,-8.12,160.57
2026-08-22T16:46:02.509666+00:00,Genetic Algorithm,6,35,4,32,256,8,32,is,32,17461,3903,13558,0,51.96,128.0,236.8,364.8,156.991,-34.06,160.57
2026-08-22T16:46:02.509666+00:00,Genetic Algorithm,6,36,32,8,64,8,32,os,24,6762,1972,4790,0,67.01,256.0,83.2,339.2,435.982,83.11,160.57
2026-08-22T16:46:02.509666+00:00,Genetic Algorithm,6,37,32,8,64,32,8,os,24,6592,1972,4620,0,67.01,256.0,83.2,339.2,447.226,87.83,160.57
2026-08-22T16:46:02.509666+00:00,Genetic Algorithm,6,38,32,8,8,8,32,os,24,6027,1972,4055,54,66.49,256.0,38.4,294.4,563.587,136.7,160.57
2026-08-22T16:46:02.509666+00:00,Genetic Algorithm,6,39,32,8,64,8,32,os,24,6762,1972,4790,0,67.01,256.0,83.2,339.2,435.982,83.11,160.57
2026-08-22T16:46:02.509666+00:00,Genetic Algorithm,6,40,24,8,256,32,8,os,24,7677,2617,5060,0,71.66,192.0,236.8,428.8,303.776,27.58,160.57
2026-08-22T16:46:02.509666+00:00,Genetic Algorithm,6,41,32,8,8,8,16,os,12,10002,2314,7688,3324,50.0,256.0,25.6,281.6,355.043,49.12,160.57
2026-08-22T16:46:02.509666+00:00,Genetic Algorithm,6,42,4,8,8,64,16,os,24,32370,9812,22558,0,90.0,32.0,70.4,102.4,301.688,26.71,160.57
2026-08-22T16:46:02.509666+00:00,Genetic Algorithm,6,43,16,8,64,8,32,os,32,9772,3006,6766,0,80.6,128.0,83.2,211.2,484.532,103.5,160.57
2026-08-22T16:46:02.509666+00:00,Genetic Algorithm,6,44,32,24,8,8,128,is,24,12448,1411,11037,6368,23.34,768.0,115.2,883.2,90.958,-61.8,160.57
2026-08-22T16:46:02.509666+00:00,Genetic Algorithm,6,45,32,8,64,8,32,is,24,28091,2655,25436,15116,29.23,256.0,83.2,339.2,104.949,-55.92,160.57
2026-08-22T16:46:02.509666+00:00,Genetic Algorithm,6,46,32,8,8,64,16,os,24,6048,1972,4076,54,66.49,256.0,70.4,326.4,506.568,112.76,160.57
2026-08-22T16:46:02.509666+00:00,Genetic Algorithm,6,47,32,16,8,64,16,os,24,3556,1220,2336,54,62.3,512.0,70.4,582.4,482.855,102.8,160.57
2026-08-22T16:46:02.509666+00:00,Genetic Algorithm,6,48,32,8,8,8,32,ws,24,7382,2655,4727,0,54.18,256.0,38.4,294.4,460.138,93.26,160.57
2026-08-22T16:46:02.509666+00:00,Genetic Algorithm,6,49,32,8,16,8,32,os,24,6208,1972,4236,64,66.39,256.0,44.8,300.8,535.514,124.91,160.57
2026-08-22T16:46:02.509666+00:00,Genetic Algorithm,6,50,32,8,8,8,32,os,24,6027,1972,4055,54,66.49,256.0,38.4,294.4,563.587,136.7,160.57
2026-08-22T16:46:02.509666+00:00,Genetic Algorithm,6,51,32,8,8,8,32,os,24,6027,1972,4055,54,66.49,256.0,38.4,294.4,563.587,136.7,160.57
2026-08-22T16:46:02.509666+00:00,Genetic Algorithm,6,52,32,4,8,32,32,os,24,11724,3476,8248,746,65.62,128.0,57.6,185.6,459.564,93.01,160.57
2026-08-22T16:46:02.509666+00:00,Genetic Algorithm,6,53,48,8,32,8,8,os,24,13570,2313,11257,8178,26.28,384.0,38.4,422.4,174.46,-26.73,160.57
2026-08-22T16:46:02.509666+00:00,Genetic Algorithm,6,54,32,8,8,128,32,is,12,13327,3167,10160,0,38.01,256.0,134.4,390.4,192.202,-19.28,160.57
2026-08-22T16:46:02.509666+00:00,Genetic Algorithm,6,55,32,8,8,8,32,os,32,5796,1886,3910,0,67.01,256.0,38.4,294.4,586.049,146.14,160.57
2026-08-22T16:46:02.509666+00:00,Genetic Algorithm,6,56,32,8,8,256,8,ws,24,7061,2484,4577,0,54.18,256.0,217.6,473.6,299.035,25.59,160.57
2026-08-22T16:46:02.509666+00:00,Genetic Algorithm,6,57,32,8,8,8,8,os,32,5669,1886,3783,0,67.01,256.0,19.2,275.2,640.981,169.21,169.21
2026-08-22T16:46:02.509666+00:00,Genetic Algorithm,6,58,32,8,8,8,32,os,16,7928,2142,5786,1604,56.11,256.0,38.4,294.4,428.448,79.95,169.21
2026-08-22T16:46:02.509666+00:00,Genetic Algorithm,6,59,32,8,8,8,8,os,24,5857,1972,3885,54,66.49,256.0,19.2,275.2,620.407,160.57,169.21
2026-08-22T16:46:02.509666+00:00,Genetic Algorithm,6,60,32,8,8,8,8,os,32,5669,1886,3783,0,67.01,256.0,19.2,275.2,640.981,169.21,169.21
2026-08-22T16:46:02.509666+00:00,Genetic Algorithm,6,61,32,32,8,8,8,os,24,7170,844,6326,5002,30.82,1024.0,19.2,1043.2,133.694,-43.85,169.21
2026-08-22T16:46:02.509666+00:00,Genetic Algorithm,6,62,48,8,8,8,8,os,24,9371,2228,7143,4576,30.52,384.0,19.2,403.2,264.663,11.16,169.21
2026-08-22T16:46:02.509666+00:00,Genetic Algorithm,6,63,8,8,8,8,8,os,24,16899,5332,11567,0,86.61,64.0,19.2,83.2,711.239,198.72,198.72
2026-08-22T16:46:02.509666+00:00,Genetic Algorithm,6,64,32,8,8,8,128,is,24,28080,2655,25425,15116,29.23,256.0,115.2,371.2,95.939,-59.71,198.72
2026-08-22T16:46:02.509666+00:00,Genetic Algorithm,6,65,32,8,8,8,32,os,32,5796,1886,3910,0,67.01,256.0,38.4,294.4,586.049,146.14,198.72
2026-08-22T16:46:02.509666+00:00,Genetic Algorithm,6,66,32,8,8,32,8,ws,24,7061,2484,4577,0,54.18,256.0,38.4,294.4,481.056,102.04,198.72
2026-08-22T16:46:02.509666+00:00,Genetic Algorithm,6,67,8,32,16,256,8,ws,4,31504,9525,21979,19926,14.88,256.0,224.0,480.0,66.129,-72.23,198.72
2026-08-22T16:46:02.509666+00:00,Genetic Algorithm,6,68,32,8,8,8,32,os,32,5796,1886,3910,0,67.01,256.0,38.4,294.4,586.049,146.14,198.72
2026-08-22T16:46:02.509666+00:00,Genetic Algorithm,6,69,32,8,8,8,8,os,32,5669,1886,3783,0,67.01,256.0,19.2,275.2,640.981,169.21,198.72
2026-08-22T16:46:02.509666+00:00,Genetic Algorithm,6,70,8,4,128,8,8,os,16,33485,9982,23503,0,90.0,32.0,115.2,147.2,202.881,-14.79,198.72
2026-08-22T16:46:02.509666+00:00,Genetic Algorithm,6,71,32,8,8,8,8,os,32,5669,1886,3783,0,67.01,256.0,19.2,275.2,640.981,169.21,198.72
2026-08-22T16:46:02.509666+00:00,Genetic Algorithm,6,72,48,12,256,32,8,os,16,5247,2102,3145,0,47.25,576.0,236.8,812.8,234.48,-1.52,198.72
2026-08-22T16:46:02.509666+00:00,Genetic Algorithm,6,73,8,64,8,8,8,os,32,19655,1326,18329,14334,27.47,512.0,19.2,531.2,95.779,-59.77,198.72
2026-08-22T16:46:02.509666+00:00,Genetic Algorithm,6,74,32,8,8,16,8,os,8,13657,2654,11003,6724,43.9,256.0,25.6,281.6,260.023,9.21,198.72
2026-08-22T16:46:02.509666+00:00,Genetic Algorithm,6,75,32,8,8,16,8,os,24,5878,1972,3906,54,66.49,256.0,25.6,281.6,604.14,153.74,198.72
2026-08-22T16:46:02.509666+00:00,Genetic Algorithm,6,76,48,8,16,8,8,os,32,6457,2206,4251,1604,39.8,384.0,25.6,409.6,378.102,58.8,198.72
2026-08-22T16:46:02.509666+00:00,Genetic Algorithm,6,77,24,8,16,8,8,is,32,21534,3087,18447,8808,33.66,192.0,25.6,217.6,213.411,-10.37,198.72
2026-08-22T16:46:02.509666+00:00,Genetic Algorithm,6,78,48,8,8,8,256,os,24,9541,2228,7313,4576,30.52,384.0,217.6,601.6,174.22,-26.83,198.72
2026-08-22T16:46:02.509666+00:00,Genetic Algorithm,6,79,32,24,256,8,8,os,24,4008,1048,2960,0,45.97,768.0,217.6,985.6,253.146,6.32,198.72
2026-08-22T16:46:02.509666+00:00,Genetic Algorithm,6,80,8,48,8,32,8,os,12,6968,2740,4228,0,42.34,384.0,38.4,422.4,339.757,42.7,198.72
2026-08-22T16:46:02.509666+00:00,Genetic Algorithm,6,81,32,8,8,8,128,os,32,5796,1886,3910,0,67.01,256.0,115.2,371.2,464.797,95.21,198.72
2026-08-22T16:46:02.509666+00:00,Genetic Algorithm,6,82,8,8,8,8,8,os,16,17165,5502,11663,0,86.61,64.0,19.2,83.2,700.217,194.09,198.72
2026-08-22T16:46:02.509666+00:00,Genetic Algorithm,6,83,8,8,8,8,8,os,16,17165,5502,11663,0,86.61,64.0,19.2,83.2,700.217,194.09,198.72
2026-08-22T16:46:02.509666+00:00,Genetic Algorithm,6,84,8,8,8,8,64,os,16,17420,5502,11918,0,86.61,64.0,64.0,128.0,448.479,88.36,198.72
2026-08-22T16:46:02.509666+00:00,Genetic Algorithm,6,85,8,8,8,8,8,is,16,42370,6015,36355,18540,51.6,64.0,19.2,83.2,283.673,19.14,198.72
2026-08-22T16:46:02.509666+00:00,Genetic Algorithm,6,86,32,8,8,32,256,os,32,5812,1886,3926,0,67.01,256.0,236.8,492.8,349.143,46.64,198.72
2026-08-22T16:46:02.509666+00:00,Genetic Algorithm,6,87,8,8,8,8,32,os,4,35450,7038,28412,14862,60.79,64.0,38.4,102.4,275.476,15.7,198.72
2026-08-22T16:46:02.509666+00:00,Genetic Algorithm,6,88,32,8,8,8,8,os,32,5669,1886,3783,0,67.01,256.0,19.2,275.2,640.981,169.21,198.72
2026-08-22T16:46:02.509666+00:00,Genetic Algorithm,6,89,8,8,8,8,128,os,16,17420,5502,11918,0,86.61,64.0,115.2,179.2,320.342,34.54,198.72
2026-08-22T16:46:02.509666+00:00,Genetic Algorithm,6,90,8,16,8,8,8,os,16,9525,3262,6263,0,80.6,128.0,19.2,147.2,713.226,199.55,199.55
2026-08-22T16:46:02.509666+00:00,Genetic Algorithm,6,91,48,4,64,256,16,is,4,29397,8766,20631,0,25.48,192.0,268.8,460.8,73.822,-69.0,199.55
2026-08-22T16:46:02.509666+00:00,Genetic Algorithm,6,92,8,8,16,8,128,is,24,32219,7039,25180,6618,58.71,64.0,121.6,185.6,167.228,-29.77,199.55
2026-08-22T16:46:02.509666+00:00,Genetic Algorithm,6,93,8,8,8,8,8,os,24,16899,5332,11567,0,86.61,64.0,19.2,83.2,711.239,198.72,199.55
2026-08-22T16:46:02.509666+00:00,Genetic Algorithm,6,94,32,8,8,8,8,os,16,7673,2142,5531,1604,56.11,256.0,19.2,275.2,473.572,98.9,199.55
2026-08-22T16:46:02.509666+00:00,Genetic Algorithm,6,95,8,16,8,8,8,os,16,9525,3262,6263,0,80.6,128.0,19.2,147.2,713.226,199.55,199.55
2026-08-22T16:46:02.509666+00:00,Genetic Algorithm,6,96,8,16,8,8,8,os,16,9525,3262,6263,0,80.6,128.0,19.2,147.2,713.226,199.55,199.55
2026-08-22T16:46:02.509666+00:00,Genetic Algorithm,6,97,64,16,8,8,8,os,4,19803,2614,17189,14706,24.6,1024.0,19.2,1043.2,48.406,-79.67,199.55
2026-08-22T16:46:02.509666+00:00,Genetic Algorithm,6,98,8,8,8,8,8,os,8,20043,6014,14029,2078,79.57,64.0,19.2,83.2,599.672,151.86,199.55
2026-08-22T16:46:02.509666+00:00,Genetic Algorithm,6,99,8,16,8,8,8,os,16,9525,3262,6263,0,80.6,128.0,19.2,147.2,713.226,199.55,199.55
2026-08-22T16:46:02.509666+00:00,Genetic Algorithm,6,100,8,16,256,8,8,os,8,12405,3774,8631,0,80.6,128.0,217.6,345.6,233.254,-2.03,199.55
2026-08-22T16:46:02.509666+00:00,Genetic Algorithm,7,1,16,16,16,32,8,ws,12,6914,2442,4472,58,66.38,256.0,44.8,300.8,480.831,101.95,101.95
2026-08-22T16:46:02.509666+00:00,Genetic Algorithm,7,2,8,24,64,64,64,is,24,13152,4004,9148,0,50.76,192.0,153.6,345.6,220.006,-7.6,101.95
2026-08-22T16:46:02.509666+00:00,Genetic Algorithm,7,3,24,8,16,16,32,ws,4,32589,7054,25535,15920,32.47,192.0,51.2,243.2,126.173,-47.01,101.95
2026-08-22T16:46:02.509666+00:00,Genetic Algorithm,7,4,4,24,8,16,256,ws,16,24773,8894,15879,0,57.86,96.0,224.0,320.0,126.145,-47.02,101.95
2026-08-22T16:46:02.509666+00:00,Genetic Algorithm,7,5,4,48,8,32,128,is,24,17605,6676,10929,0,36.69,192.0,134.4,326.4,174.026,-26.91,101.95
2026-08-22T16:46:02.509666+00:00,Genetic Algorithm,7,6,48,8,8,64,16,os,4,47308,3934,43374,38696,20.19,384.0,70.4,454.4,46.519,-80.46,101.95
2026-08-22T16:46:02.509666+00:00,Genetic Algorithm,7,7,4,64,256,8,32,is,16,18925,4894,14031,1111,30.87,256.0,236.8,492.8,107.224,-54.97,101.95
2026-08-22T16:46:02.509666+00:00,Genetic Algorithm,7,8,16,48,128,8,64,is,8,17693,3950,13743,6366,19.66,768.0,160.0,928.0,60.905,-74.42,101.95
2026-08-22T16:46:02.509666+00:00,Genetic Algorithm,7,9,64,8,8,16,128,os,12,11318,1754,9564,6230,31.27,512.0,121.6,633.6,139.449,-41.43,101.95
2026-08-22T16:46:02.509666+00:00,Genetic Algorithm,7,10,4,24,128,128,8,is,4,64052,17859,46193,36230,18.07,96.0,211.2,307.2,50.821,-78.66,101.95
2026-08-22T16:46:02.509666+00:00,Genetic Algorithm,7,11,32,24,64,128,16,ws,8,8509,2498,6011,0,37.77,768.0,166.4,934.4,125.773,-47.18,101.95
2026-08-22T16:46:02.509666+00:00,Genetic Algorithm,7,12,12,12,8,32,8,is,8,14950,4615,10335,0,50.05,144.0,38.4,182.4,366.719,54.02,101.95
2026-08-22T16:46:02.509666+00:00,Genetic Algorithm,7,13,16,24,16,32,8,is,24,6900,1777,5123,0,42.73,384.0,44.8,428.8,337.984,41.95,101.95
2026-08-22T16:46:02.509666+00:00,Genetic Algorithm,7,14,12,24,64,64,8,is,24,8904,2341,6563,0,43.51,288.0,108.8,396.8,283.037,18.87,101.95
2026-08-22T16:46:02.509666+00:00,Genetic Algorithm,7,15,12,24,8,32,8,is,24,8232,2341,5891,0,43.51,288.0,38.4,326.4,372.173,56.31,101.95
2026-08-22T16:46:02.509666+00:00,Genetic Algorithm,7,16,64,12,8,32,32,ws,8,22726,2298,20428,15516,16.49,768.0,57.6,825.6,53.298,-77.62,101.95
2026-08-22T16:46:02.509666+00:00,Genetic Algorithm,7,17,8,16,8,128,32,os,24,9450,3092,6358,0,80.6,128.0,134.4,262.4,403.278,69.37,101.95
2026-08-22T16:46:02.509666+00:00,Genetic Algorithm,7,18,12,12,64,16,8,is,4,26948,7840,19108,3996,38.22,144.0,70.4,214.4,173.081,-27.31,101.95
2026-08-22T16:46:02.509666+00:00,Genetic Algorithm,7,19,16,24,64,64,8,is,24,7422,1777,5645,0,42.73,384.0,108.8,492.8,273.406,14.83,101.95
2026-08-22T16:46:02.509666+00:00,Genetic Algorithm,7,20,16,16,16,128,8,is,8,12701,2784,9917,2111,44.48,256.0,121.6,377.6,208.512,-12.43,101.95
2026-08-22T16:46:02.509666+00:00,Genetic Algorithm,7,21,8,16,8,128,16,is,24,13990,3519,10471,0,59.86,128.0,121.6,249.6,286.377,20.28,101.95
2026-08-22T16:46:02.509666+00:00,Genetic Algorithm,7,22,12,16,16,32,8,is,24,10794,2809,7985,0,50.76,192.0,44.8,236.8,391.233,64.32,101.95
2026-08-22T16:46:02.509666+00:00,Genetic Algorithm,7,23,12,8,16,32,8,ws,24,13650,4873,8777,0,71.65,96.0,44.8,140.8,520.313,118.53,118.53
2026-08-22T16:46:02.509666+00:00,Genetic Algorithm,7,24,12,8,16,32,8,ws,24,13650,4873,8777,0,71.65,96.0,44.8,140.8,520.313,118.53,118.53
2026-08-22T16:46:02.509666+00:00,Genetic Algorithm,7,25,4,24,8,32,8,ws,24,17771,4873,12898,0,57.86,96.0,38.4,134.4,418.686,75.85,118.53
2026-08-22T16:46:02.509666+00:00,Genetic Algorithm,7,26,12,12,8,64,8,is,8,14950,4615,10335,0,50.05,144.0,64.0,208.0,321.585,35.06,118.53
2026-08-22T16:46:02.509666+00:00,Genetic Algorithm,7,27,8,16,16,32,32,os,24,9600,3092,6508,0,80.6,128.0,64.0,192.0,542.535,127.86,127.86
2026-08-22T16:46:02.509666+00:00,Genetic Algorithm,7,28,8,16,8,32,32,is,8,18365,5567,12798,0,59.86,128.0,57.6,185.6,293.38,23.22,127.86
2026-08-22T16:46:02.509666+00:00,Genetic Algorithm,7,29,12,8,8,32,8,ws,4,35702,7985,27717,18104,41.06,96.0,38.4,134.4,208.405,-12.47,127.86
2026-08-22T16:46:02.509666+00:00,Genetic Algorithm,7,30,8,16,16,32,32,is,24,14821,3860,10961,0,59.86,128.0,64.0,192.0,351.416,47.59,127.86
2026-08-22T16:46:02.509666+00:00,Genetic Algorithm,7,31,12,8,64,32,32,ws,24,14514,5044,9470,0,71.65,96.0,102.4,198.4,347.273,45.85,127.86
2026-08-22T16:46:02.509666+00:00,Genetic Algorithm,7,32,16,64,256,32,8,ws,12,6754,1680,5074,848,30.44,1024.0,236.8,1260.8,117.434,-50.68,127.86
2026-08-22T16:46:02.509666+00:00,Genetic Algorithm,7,33,12,8,16,32,16,is,24,19032,5044,13988,0,56.08,96.0,51.2,147.2,356.95,49.92,127.86
2026-08-22T16:46:02.509666+00:00,Genetic Algorithm,7,34,12,8,32,16,64,os,24,15822,4297,11525,2876,67.14,96.0,89.6,185.6,340.534,43.02,127.86
2026-08-22T16:46:02.509666+00:00,Genetic Algorithm,7,35,12,48,16,32,16,ws,24,5369,2204,3165,0,36.6,576.0,51.2,627.2,296.962,24.72,127.86
2026-08-22T16:46:02.509666+00:00,Genetic Algorithm,7,36,8,4,16,128,32,os,24,32520,9812,22708,0,90.0,32.0,140.8,172.8,177.953,-25.26,127.86
2026-08-22T16:46:02.509666+00:00,Genetic Algorithm,7,37,16,16,8,32,8,ws,4,23682,5621,18061,13296,28.22,256.0,38.4,294.4,143.431,-39.76,127.86
2026-08-22T16:46:02.509666+00:00,Genetic Algorithm,7,38,4,16,16,32,8,is,24,23764,5844,17920,0,66.85,64.0,44.8,108.8,386.769,62.44,127.86
2026-08-22T16:46:02.509666+00:00,Genetic Algorithm,7,39,8,24,16,32,8,ws,24,9743,2809,6934,0,54.28,192.0,44.8,236.8,433.437,82.04,127.86
2026-08-22T16:46:02.509666+00:00,Genetic Algorithm,7,40,12,24,16,256,8,ws,24,7326,2341,4985,0,48.27,288.0,224.0,512.0,266.602,11.97,127.86
2026-08-22T16:46:02.509666+00:00,Genetic Algorithm,7,41,32,16,16,32,8,is,24,6873,1476,5397,0,35.65,512.0,44.8,556.8,261.309,9.75,127.86
2026-08-22T16:46:02.509666+00:00,Genetic Algorithm,7,42,4,16,16,32,8,is,24,23764,5844,17920,0,66.85,64.0,44.8,108.8,386.769,62.44,127.86
2026-08-22T16:46:02.509666+00:00,Genetic Algorithm,7,43,8,24,32,32,8,ws,16,10992,2991,8001,318,53.05,192.0,57.6,249.6,364.484,53.08,127.86
2026-08-22T16:46:02.509666+00:00,Genetic Algorithm,7,44,12,8,16,32,8,ws,24,13650,4873,8777,0,71.65,96.0,44.8,140.8,520.313,118.53,127.86
2026-08-22T16:46:02.509666+00:00,Genetic Algorithm,7,45,24,24,32,32,8,ws,24,5060,1567,3493,116,40.35,576.0,57.6,633.6,311.914,31.0,127.86
2026-08-22T16:46:02.509666+00:00,Genetic Algorithm,7,46,12,8,8,128,8,ws,4,35702,7985,27717,18104,41.06,96.0,115.2,211.2,132.621,-44.3,127.86
2026-08-22T16:46:02.509666+00:00,Genetic Algorithm,7,47,12,8,16,32,8,ws,4,32598,8113,24485,13482,43.92,96.0,44.8,140.8,217.874,-8.49,127.86
2026-08-22T16:46:02.509666+00:00,Genetic Algorithm,7,48,12,24,16,32,8,ws,24,7326,2341,4985,0,48.27,288.0,44.8,332.8,410.157,72.26,127.86
2026-08-22T16:46:02.509666+00:00,Genetic Algorithm,7,49,12,8,16,32,8,os,24,12435,4297,8138,0,79.15,96.0,44.8,140.8,571.152,139.88,139.88
2026-08-22T16:46:02.509666+00:00,Genetic Algorithm,7,50,12,8,16,128,64,ws,24,15357,5726,9631,0,71.65,96.0,166.4,262.4,248.159,4.23,139.88
2026-08-22T16:46:02.509666+00:00,Genetic Algorithm,7,51,12,8,256,32,8,ws,24,14172,4873,9299,0,71.65,96.0,236.8,332.8,212.024,-10.95,139.88
2026-08-22T16:46:02.509666+00:00,Genetic Algorithm,7,52,24,12,8,32,8,is,24,9355,2557,6798,0,38.51,288.0,38.4,326.4,327.496,37.55,139.88
2026-08-22T16:46:02.509666+00:00,Genetic Algorithm,7,53,16,16,16,128,8,ws,24,5993,2100,3893,0,67.01,256.0,121.6,377.6,441.9,85.6,139.88
2026-08-22T16:46:02.509666+00:00,Genetic Algorithm,7,54,12,16,16,32,8,ws,8,11974,4078,7896,1765,55.89,192.0,44.8,236.8,352.679,48.12,139.88
2026-08-22T16:46:02.509666+00:00,Genetic Algorithm,7,55,16,8,16,16,8,ws,24,10601,3604,6997,0,70.95,128.0,32.0,160.0,589.567,147.61,147.61
2026-08-22T16:46:02.509666+00:00,Genetic Algorithm,7,56,12,8,16,32,8,ws,24,13650,4873,8777,0,71.65,96.0,44.8,140.8,520.313,118.53,147.61
2026-08-22T16:46:02.509666+00:00,Genetic Algorithm,7,57,24,4,128,8,8,ws,24,16135,5833,10302,0,62.07,96.0,115.2,211.2,293.452,23.25,147.61
2026-08-22T16:46:02.509666+00:00,Genetic Algorithm,7,58,16,8,16,16,8,ws,4,29143,5312,23831,14080,43.95,128.0,32.0,160.0,214.46,-9.93,147.61
2026-08-22T16:46:02.509666+00:00,Genetic Algorithm,7,59,12,8,256,32,8,ws,24,14172,4873,9299,0,71.65,96.0,236.8,332.8,212.024,-10.95,147.61
2026-08-22T16:46:02.509666+00:00,Genetic Algorithm,7,60,16,8,16,16,8,ws,4,29143,5312,23831,14080,43.95,128.0,32.0,160.0,214.46,-9.93,147.61
2026-08-22T16:46:02.509666+00:00,Genetic Algorithm,7,61,16,8,16,32,8,ws,16,11026,3775,7251,0,70.95,128.0,44.8,172.8,524.854,120.44,147.61
2026-08-22T16:46:02.509666+00:00,Genetic Algorithm,7,62,8,16,16,32,32,os,8,11348,3774,7574,0,80.6,128.0,64.0,192.0,458.965,92.76,147.61
2026-08-22T16:46:02.509666+00:00,Genetic Algorithm,7,63,12,64,16,32,8,ws,24,4489,1262,3227,0,34.64,768.0,44.8,812.8,274.073,15.11,147.61
2026-08-22T16:46:02.509666+00:00,Genetic Algorithm,7,64,12,8,32,32,64,ws,16,17997,6334,11663,880,67.71,96.0,102.4,198.4,280.065,17.63,147.61
2026-08-22T16:46:02.509666+00:00,Genetic Algorithm,7,65,8,12,16,32,8,ws,32,14058,4591,9467,0,69.26,96.0,44.8,140.8,505.212,112.19,147.61
2026-08-22T16:46:02.509666+00:00,Genetic Algorithm,7,66,8,32,16,32,32,os,24,5780,1972,3808,0,70.96,256.0,64.0,320.0,540.657,127.07,147.61
2026-08-22T16:46:02.509666+00:00,Genetic Algorithm,7,67,12,12,16,32,8,ws,32,10526,3799,6727,0,61.77,144.0,44.8,188.8,503.193,111.34,147.61
2026-08-22T16:46:02.509666+00:00,Genetic Algorithm,7,68,8,24,16,32,32,os,8,11204,3342,7862,0,57.86,192.0,64.0,256.0,348.648,46.43,147.61
2026-08-22T16:46:02.509666+00:00,Genetic Algorithm,7,69,16,4,16,16,8,ws,24,19812,6612,13200,0,73.11,64.0,32.0,96.0,525.776,120.82,147.61
2026-08-22T16:46:02.509666+00:00,Genetic Algorithm,7,70,12,8,16,32,8,ws,24,13650,4873,8777,0,71.65,96.0,44.8,140.8,520.313,118.53,147.61
2026-08-22T16:46:02.509666+00:00,Genetic Algorithm,7,71,16,16,16,16,8,ws,24,5993,2100,3893,0,67.01,256.0,32.0,288.0,579.38,143.34,147.61
2026-08-22T16:46:02.509666+00:00,Genetic Algorithm,7,72,16,16,16,16,8,ws,32,5778,2015,3763,0,67.01,256.0,32.0,288.0,600.938,152.39,152.39
2026-08-22T16:46:02.509666+00:00,Genetic Algorithm,7,73,12,16,16,16,8,os,32,6781,2430,4351,0,73.98,192.0,32.0,224.0,658.352,176.5,176.5
2026-08-22T16:46:02.509666+00:00,Genetic Algorithm,7,74,12,16,16,16,8,is,32,10598,2719,7879,0,50.76,192.0,32.0,224.0,421.239,76.92,176.5
2026-08-22T16:46:02.509666+00:00,Genetic Algorithm,7,75,16,8,16,16,128,ws,24,12736,4116,8620,0,70.95,128.0,128.0,256.0,306.709,28.82,176.5
2026-08-22T16:46:02.509666+00:00,Genetic Algorithm,7,76,12,8,8,32,256,is,8,29036,8158,20878,0,56.08,96.0,236.8,332.8,103.486,-56.54,176.5
2026-08-22T16:46:02.509666+00:00,Genetic Algorithm,7,77,16,32,16,16,8,ws,32,3468,1263,2205,0,60.39,512.0,32.0,544.0,530.056,122.62,176.5
2026-08-22T16:46:02.509666+00:00,Genetic Algorithm,7,78,4,16,16,16,32,ws,24,19197,6356,12841,0,80.59,64.0,51.2,115.2,452.183,89.91,176.5
2026-08-22T16:46:02.509666+00:00,Genetic Algorithm,7,79,12,16,16,32,8,ws,24,7602,2809,4793,0,67.47,192.0,44.8,236.8,555.508,133.31,176.5
2026-08-22T16:46:02.509666+00:00,Genetic Algorithm,7,80,16,8,16,16,8,ws,16,11026,3775,7251,0,70.95,128.0,32.0,160.0,566.842,138.07,176.5
2026-08-22T16:46:02.509666+00:00,Genetic Algorithm,7,81,16,8,16,16,8,os,24,9430,3092,6338,0,80.6,128.0,32.0,160.0,662.778,178.36,178.36
2026-08-22T16:46:02.509666+00:00,Genetic Algorithm,7,82,12,8,16,16,8,os,32,12253,4206,8047,0,79.15,96.0,32.0,128.0,637.599,167.79,178.36
2026-08-22T16:46:02.509666+00:00,Genetic Algorithm,7,83,16,8,16,16,8,ws,32,10386,3519,6867,0,70.95,128.0,32.0,160.0,601.772,152.74,178.36
2026-08-22T16:46:02.509666+00:00,Genetic Algorithm,7,84,12,8,16,32,8,os,32,12253,4206,8047,0,79.15,96.0,44.8,140.8,579.635,143.44,178.36
2026-08-22T16:46:02.509666+00:00,Genetic Algorithm,7,85,24,16,16,16,128,os,16,5202,1766,3436,454,60.67,384.0,128.0,512.0,375.457,57.69,178.36
2026-08-22T16:46:02.509666+00:00,Genetic Algorithm,7,86,12,8,16,8,8,os,32,12253,4206,8047,0,79.15,96.0,25.6,121.6,671.157,181.88,181.88
2026-08-22T16:46:02.509666+00:00,Genetic Algorithm,7,87,16,8,16,16,8,ws,32,10386,3519,6867,0,70.95,128.0,32.0,160.0,601.772,152.74,181.88
2026-08-22T16:46:02.509666+00:00,Genetic Algorithm,7,88,16,16,16,16,8,os,32,5161,1758,3403,0,75.46,256.0,32.0,288.0,672.781,182.56,182.56
2026-08-22T16:46:02.509666+00:00,Genetic Algorithm,7,89,12,32,16,32,8,ws,4,22729,7623,15106,12155,15.22,384.0,44.8,428.8,102.604,-56.91,182.56
2026-08-22T16:46:02.509666+00:00,Genetic Algorithm,7,90,16,16,16,16,8,os,32,5161,1758,3403,0,75.46,256.0,32.0,288.0,672.781,182.56,182.56
2026-08-22T16:46:02.509666+00:00,Genetic Algorithm,7,91,16,16,16,16,8,os,32,5161,1758,3403,0,75.46,256.0,32.0,288.0,672.781,182.56,182.56
2026-08-22T16:46:02.509666+00:00,Genetic Algorithm,7,92,16,8,16,16,8,os,32,9253,3006,6247,0,80.6,128.0,32.0,160.0,675.457,183.69,183.69
2026-08-22T16:46:02.509666+00:00,Genetic Algorithm,7,93,16,8,16,16,8,os,32,9253,3006,6247,0,80.6,128.0,32.0,160.0,675.457,183.69,183.69
2026-08-22T16:46:02.509666+00:00,Genetic Algorithm,7,94,16,24,8,64,8,os,32,5001,1494,3507,0,54.29,384.0,64.0,448.0,446.339,87.46,183.69
2026-08-22T16:46:02.509666+00:00,Genetic Algorithm,7,95,4,16,16,16,16,os,32,17564,5502,12062,0,83.48,64.0,38.4,102.4,556.002,133.52,183.69
2026-08-22T16:46:02.509666+00:00,Genetic Algorithm,7,96,4,8,16,16,8,os,32,32173,9726,22447,0,90.0,32.0,32.0,64.0,485.656,103.97,183.69
2026-08-22T16:46:02.509666+00:00,Genetic Algorithm,7,97,16,8,16,8,8,os,32,9253,3006,6247,0,80.6,128.0,25.6,153.6,703.601,195.51,195.51
2026-08-22T16:46:02.509666+00:00,Genetic Algorithm,7,98,8,8,16,8,8,os,24,17070,5332,11738,0,86.61,64.0,25.6,89.6,653.82,174.6,195.51
2026-08-22T16:46:02.509666+00:00,Genetic Algorithm,7,99,16,8,16,16,8,is,32,15133,3519,11614,0,54.24,128.0,32.0,160.0,413.005,73.46,195.51
2026-08-22T16:46:02.509666+00:00,Genetic Algorithm,7,100,16,8,32,16,8,os,24,14519,3092,11427,4748,61.4,128.0,44.8,172.8,398.584,67.4,195.51
2026-08-22T16:46:02.509666+00:00,Genetic Algorithm,8,1,12,16,8,32,32,os,32,6780,2414,4366,0,73.98,192.0,57.6,249.6,590.916,148.18,148.18
2026-08-22T16:46:02.509666+00:00,Genetic Algorithm,8,2,16,64,8,256,32,os,16,3938,1078,2860,0,38.8,1024.0,236.8,1260.8,201.409,-15.41,148.18
2026-08-22T16:46:02.509666+00:00,Genetic Algorithm,8,3,16,64,64,8,128,is,4,41994,5750,36244,15564,21.99,1024.0,160.0,1184.0,20.112,-91.55,148.18
2026-08-22T16:46:02.509666+00:00,Genetic Algorithm,8,4,8,12,64,16,128,is,12,24523,7433,17090,0,59.2,96.0,166.4,262.4,155.404,-34.73,148.18
2026-08-22T16:46:02.509666+00:00,Genetic Algorithm,8,5,12,4,16,16,256,os,12,27007,8212,18795,2562,75.46,48.0,230.4,278.4,133.001,-44.14,148.18
2026-08-22T16:46:02.509666+00:00,Genetic Algorithm,8,6,4,16,64,64,16,os,24,18306,5588,12718,0,83.48,64.0,115.2,179.2,304.838,28.03,148.18
2026-08-22T16:46:02.509666+00:00,Genetic Algorithm,8,7,4,64,8,256,8,os,24,10384,2420,7964,0,41.77,256.0,217.6,473.6,203.34,-14.6,148.18
2026-08-22T16:46:02.509666+00:00,Genetic Algorithm,8,8,8,16,32,64,256,is,24,18724,4543,14181,0,59.86,128.0,281.6,409.6,130.389,-45.24,148.18
2026-08-22T16:46:02.509666+00:00,Genetic Algorithm,8,9,12,24,128,32,16,os,32,7096,2034,5062,0,52.79,288.0,140.8,428.8,328.648,38.03,148.18
2026-08-22T16:46:02.509666+00:00,Genetic Algorithm,8,10,32,24,64,16,64,os,8,7228,1794,5434,0,45.97,768.0,115.2,883.2,156.647,-34.21,148.18
2026-08-22T16:46:02.509666+00:00,Genetic Algorithm,8,11,12,8,64,16,64,os,24,13127,4297,8830,0,79.15,96.0,115.2,211.2,360.695,51.49,148.18
2026-08-22T16:46:02.509666+00:00,Genetic Algorithm,8,12,24,8,64,128,64,is,8,20276,4942,15334,0,42.72,192.0,204.8,396.8,124.293,-47.8,148.18
2026-08-22T16:46:02.509666+00:00,Genetic Algorithm,8,13,12,64,32,8,32,os,4,102278,3002,99276,91414,21.1,768.0,57.6,825.6,11.843,-95.03,148.18
2026-08-22T16:46:02.509666+00:00,Genetic Algorithm,8,14,24,32,32,32,64,is,8,11764,2962,8802,0,33.15,768.0,102.4,870.4,97.662,-58.98,148.18
2026-08-22T16:46:02.509666+00:00,Genetic Algorithm,8,15,24,8,128,16,64,os,32,7492,2526,4966,0,71.66,192.0,166.4,358.4,372.421,56.41,148.18
2026-08-22T16:46:02.509666+00:00,Genetic Algorithm,8,16,12,16,64,32,64,os,24,7655,2521,5134,0,73.98,192.0,128.0,320.0,408.23,71.45,148.18
2026-08-22T16:46:02.509666+00:00,Genetic Algorithm,8,17,12,8,8,32,64,os,12,14532,4618,9914,1372,72.48,96.0,83.2,179.2,384.005,61.28,148.18
2026-08-22T16:46:02.509666+00:00,Genetic Algorithm,8,18,12,16,128,64,32,os,32,7300,2430,4870,0,73.98,192.0,179.2,371.2,369.036,54.99,148.18
2026-08-22T16:46:02.509666+00:00,Genetic Algorithm,8,19,4,8,8,32,64,os,12,33096,10154,22942,0,90.0,32.0,83.2,115.2,262.284,10.16,148.18
2026-08-22T16:46:02.509666+00:00,Genetic Algorithm,8,20,12,16,64,32,64,os,24,7655,2521,5134,0,73.98,192.0,128.0,320.0,408.23,71.45,148.18
2026-08-22T16:46:02.509666+00:00,Genetic Algorithm,8,21,12,16,64,32,32,os,24,7655,2521,5134,0,73.98,192.0,102.4,294.4,443.728,86.36,148.18
2026-08-22T16:46:02.509666+00:00,Genetic Algorithm,8,22,24,8,64,32,64,os,24,7847,2617,5230,0,71.66,192.0,128.0,320.0,398.241,67.26,148.18
2026-08-22T16:46:02.509666+00:00,Genetic Algorithm,8,23,12,8,8,32,64,is,12,22594,6942,15652,0,56.08,96.0,83.2,179.2,246.984,3.73,148.18
2026-08-22T16:46:02.509666+00:00,Genetic Algorithm,8,24,32,16,64,32,8,os,24,4100,1220,2880,0,63.25,512.0,83.2,595.2,409.782,72.11,148.18
2026-08-22T16:46:02.509666+00:00,Genetic Algorithm,8,25,12,48,256,32,16,ws,32,5462,2055,3407,0,36.6,576.0,243.2,819.2,223.49,-6.14,148.18
2026-08-22T16:46:02.509666+00:00,Genetic Algorithm,8,26,12,16,8,32,32,os,32,6780,2414,4366,0,73.98,192.0,57.6,249.6,590.916,148.18,148.18
2026-08-22T16:46:02.509666+00:00,Genetic Algorithm,8,27,32,16,8,32,32,os,32,3320,1134,2186,0,63.25,512.0,57.6,569.6,528.801,122.09,148.18
2026-08-22T16:46:02.509666+00:00,Genetic Algorithm,8,28,32,16,8,32,32,os,32,3320,1134,2186,0,63.25,512.0,57.6,569.6,528.801,122.09,148.18
2026-08-22T16:46:02.509666+00:00,Genetic Algorithm,8,29,4,12,8,32,32,os,32,25126,7758,17368,0,76.98,48.0,57.6,105.6,376.888,58.29,148.18
2026-08-22T16:46:02.509666+00:00,Genetic Algorithm,8,30,12,16,8,32,32,os,32,6780,2414,4366,0,73.98,192.0,57.6,249.6,590.916,148.18,148.18
2026-08-22T16:46:02.509666+00:00,Genetic Algorithm,8,31,12,16,8,32,32,os,32,6780,2414,4366,0,73.98,192.0,57.6,249.6,590.916,148.18,148.18
2026-08-22T16:46:02.509666+00:00,Genetic Algorithm,8,32,64,16,8,128,32,ws,32,4481,1078,3403,1113,27.01,1024.0,134.4,1158.4,192.649,-19.09,148.18
2026-08-22T16:46:02.509666+00:00,Genetic Algorithm,8,33,12,4,8,32,32,os,8,40716,8510,32206,15888,58.73,48.0,57.6,105.6,232.579,-2.32,148.18
2026-08-22T16:46:02.509666+00:00,Genetic Algorithm,8,34,12,16,256,32,32,is,8,15660,4278,11382,0,50.76,192.0,256.0,448.0,142.538,-40.14,148.18
2026-08-22T16:46:02.509666+00:00,Genetic Algorithm,8,35,12,16,8,32,32,os,32,6780,2414,4366,0,73.98,192.0,57.6,249.6,590.916,148.18,148.18
2026-08-22T16:46:02.509666+00:00,Genetic Algorithm,8,36,12,16,8,32,16,os,12,8915,2842,6073,1227,64.19,192.0,44.8,236.8,473.693,98.95,148.18
2026-08-22T16:46:02.509666+00:00,Genetic Algorithm,8,37,16,16,8,32,32,os,16,6532,2014,4518,812,66.93,256.0,57.6,313.6,488.178,105.03,148.18
2026-08-22T16:46:02.509666+00:00,Genetic Algorithm,8,38,12,16,8,32,32,os,32,6780,2414,4366,0,73.98,192.0,57.6,249.6,590.916,148.18,148.18
2026-08-22T16:46:02.509666+00:00,Genetic Algorithm,8,39,12,16,64,32,128,os,32,7300,2430,4870,0,73.98,192.0,179.2,371.2,369.036,54.99,148.18
2026-08-22T16:46:02.509666+00:00,Genetic Algorithm,8,40,12,16,8,32,128,ws,32,9580,3342,6238,0,67.47,192.0,134.4,326.4,319.804,34.32,148.18
2026-08-22T16:46:02.509666+00:00,Genetic Algorithm,8,41,8,16,8,32,8,os,32,9141,3006,6135,0,80.6,128.0,38.4,166.4,657.435,176.12,176.12
2026-08-22T16:46:02.509666+00:00,Genetic Algorithm,8,42,12,16,8,64,32,os,32,6780,2414,4366,0,73.98,192.0,83.2,275.2,535.947,125.09,176.12
2026-08-22T16:46:02.509666+00:00,Genetic Algorithm,8,43,12,16,8,64,32,os,32,6780,2414,4366,0,73.98,192.0,83.2,275.2,535.947,125.09,176.12
2026-08-22T16:46:02.509666+00:00,Genetic Algorithm,8,44,8,16,8,32,8,os,32,9141,3006,6135,0,80.6,128.0,38.4,166.4,657.435,176.12,176.12
2026-08-22T16:46:02.509666+00:00,Genetic Algorithm,8,45,24,16,8,32,8,os,4,15533,3270,12263,8120,36.3,384.0,38.4,422.4,152.413,-35.99,176.12
2026-08-22T16:46:02.509666+00:00,Genetic Algorithm,8,46,64,16,8,8,8,os,32,3101,822,2279,804,37.75,1024.0,19.2,1043.2,309.123,29.83,176.12
2026-08-22T16:46:02.509666+00:00,Genetic Algorithm,8,47,12,16,8,32,32,os,4,22464,4206,18258,11876,42.45,192.0,57.6,249.6,178.348,-25.09,176.12
2026-08-22T16:46:02.509666+00:00,Genetic Algorithm,8,48,12,16,8,32,128,os,32,6780,2414,4366,0,73.98,192.0,134.4,326.4,451.877,89.79,176.12
2026-08-22T16:46:02.509666+00:00,Genetic Algorithm,8,49,12,16,8,32,32,os,32,6780,2414,4366,0,73.98,192.0,57.6,249.6,590.916,148.18,176.12
2026-08-22T16:46:02.509666+00:00,Genetic Algorithm,8,50,24,16,8,32,32,os,32,3948,1478,2470,0,67.49,384.0,57.6,441.6,573.58,140.9,176.12
2026-08-22T16:46:02.509666+00:00,Genetic Algorithm,8,51,8,48,8,32,8,os,32,6001,2206,3795,0,42.34,384.0,38.4,422.4,394.505,65.69,176.12
2026-08-22T16:46:02.509666+00:00,Genetic Algorithm,8,52,8,16,8,32,8,os,32,9141,3006,6135,0,80.6,128.0,38.4,166.4,657.435,176.12,176.12
2026-08-22T16:46:02.509666+00:00,Genetic Algorithm,8,53,8,16,8,32,8,os,4,21906,4798,17108,9478,54.0,128.0,38.4,166.4,274.337,15.22,176.12
2026-08-22T16:46:02.509666+00:00,Genetic Algorithm,8,54,12,16,8,8,32,os,32,6764,2414,4350,0,73.98,192.0,38.4,230.4,641.673,169.5,176.12
2026-08-22T16:46:02.509666+00:00,Genetic Algorithm,8,55,8,16,8,64,16,os,32,9268,3006,6262,0,80.6,128.0,70.4,198.4,543.841,128.41,176.12
2026-08-22T16:46:02.509666+00:00,Genetic Algorithm,8,56,12,16,64,8,16,ws,32,8054,2847,5207,0,67.47,192.0,70.4,262.4,473.178,98.73,176.12
2026-08-22T16:46:02.509666+00:00,Genetic Algorithm,8,57,8,32,8,32,8,ws,12,10309,3161,7148,3301,44.39,256.0,38.4,294.4,329.493,38.38,176.12
2026-08-22T16:46:02.509666+00:00,Genetic Algorithm,8,58,12,16,8,8,32,os,32,6764,2414,4350,0,73.98,192.0,38.4,230.4,641.673,169.5,176.12
2026-08-22T16:46:02.509666+00:00,Genetic Algorithm,8,59,8,16,32,32,8,os,32,9509,3006,6503,0,80.6,128.0,57.6,185.6,566.614,137.97,176.12
2026-08-22T16:46:02.509666+00:00,Genetic Algorithm,8,60,12,16,8,32,32,os,24,6962,2500,4462,0,73.98,192.0,57.6,249.6,575.468,141.69,176.12
2026-08-22T16:46:02.509666+00:00,Genetic Algorithm,8,61,8,16,8,32,8,os,32,9141,3006,6135,0,80.6,128.0,38.4,166.4,657.435,176.12,176.12
2026-08-22T16:46:02.509666+00:00,Genetic Algorithm,8,62,12,16,8,256,8,os,32,6653,2414,4239,0,73.98,192.0,217.6,409.6,366.963,54.12,176.12
2026-08-22T16:46:02.509666+00:00,Genetic Algorithm,8,63,64,16,8,8,32,os,32,3228,822,2406,804,37.75,1024.0,38.4,1062.4,291.594,22.47,176.12
2026-08-22T16:46:02.509666+00:00,Genetic Algorithm,8,64,8,16,8,16,8,ws,24,9903,3348,6555,0,75.44,128.0,25.6,153.6,657.419,176.11,176.12
2026-08-22T16:46:02.509666+00:00,Genetic Algorithm,8,65,8,16,8,32,8,os,24,9280,3092,6188,0,80.6,128.0,38.4,166.4,647.588,171.98,176.12
2026-08-22T16:46:02.509666+00:00,Genetic Algorithm,8,66,8,16,128,32,8,os,8,12405,3774,8631,0,80.6,128.0,134.4,262.4,307.213,29.03,176.12
2026-08-22T16:46:02.509666+00:00,Genetic Algorithm,8,67,12,16,8,16,8,ws,24,7431,2788,4643,0,67.47,192.0,25.6,217.6,618.435,159.74,176.12
2026-08-22T16:46:02.509666+00:00,Genetic Algorithm,8,68,8,8,8,32,8,is,16,23862,6015,17847,0,66.85,64.0,38.4,102.4,409.254,71.88,176.12
2026-08-22T16:46:02.509666+00:00,Genetic Algorithm,8,69,8,16,8,32,8,os,32,9141,3006,6135,0,80.6,128.0,38.4,166.4,657.435,176.12,176.12
2026-08-22T16:46:02.509666+00:00,Genetic Algorithm,8,70,8,16,8,32,8,os,32,9141,3006,6135,0,80.6,128.0,38.4,166.4,657.435,176.12,176.12
2026-08-22T16:46:02.509666+00:00,Genetic Algorithm,8,71,12,16,8,32,8,ws,24,7431,2788,4643,0,67.47,192.0,38.4,230.4,584.077,145.31,176.12
2026-08-22T16:46:02.509666+00:00,Genetic Algorithm,8,72,8,16,8,64,128,os,32,9268,3006,6262,0,80.6,128.0,160.0,288.0,374.646,57.35,176.12
2026-08-22T16:46:02.509666+00:00,Genetic Algorithm,8,73,8,16,8,128,8,ws,12,10998,3689,7309,245,73.88,128.0,115.2,243.2,373.872,57.02,176.12
2026-08-22T16:46:02.509666+00:00,Genetic Algorithm,8,74,12,24,256,8,8,os,32,6969,2034,4935,0,52.79,288.0,217.6,505.6,283.807,19.2,176.12
2026-08-22T16:46:02.509666+00:00,Genetic Algorithm,8,75,8,16,8,32,8,os,32,9141,3006,6135,0,80.6,128.0,38.4,166.4,657.435,176.12,176.12
2026-08-22T16:46:02.509666+00:00,Genetic Algorithm,8,76,48,16,16,128,8,ws,32,3538,1711,1827,0,40.63,768.0,121.6,889.6,317.722,33.44,176.12
2026-08-22T16:46:02.509666+00:00,Genetic Algorithm,8,77,8,16,8,32,256,os,32,9268,3006,6262,0,80.6,128.0,236.8,364.8,295.773,24.22,176.12
2026-08-22T16:46:02.509666+00:00,Genetic Algorithm,8,78,8,48,8,32,64,is,32,9399,3166,6233,470,32.52,384.0,83.2,467.2,227.728,-4.36,176.12
2026-08-22T16:46:02.509666+00:00,Genetic Algorithm,8,79,8,16,8,32,8,os,4,21906,4798,17108,9478,54.0,128.0,38.4,166.4,274.337,15.22,176.12
2026-08-22T16:46:02.509666+00:00,Genetic Algorithm,8,80,64,16,32,32,128,os,32,5002,822,4180,2194,31.77,1024.0,153.6,1177.6,169.769,-28.7,176.12
2026-08-22T16:46:02.509666+00:00,Genetic Algorithm,8,81,12,16,64,32,8,os,24,7485,2521,4964,0,73.98,192.0,83.2,275.2,485.467,103.89,176.12
2026-08-22T16:46:02.509666+00:00,Genetic Algorithm,8,82,8,24,8,32,8,os,32,9021,2526,6495,0,57.86,192.0,38.4,230.4,481.13,102.07,176.12
2026-08-22T16:46:02.509666+00:00,Genetic Algorithm,8,83,4,16,8,32,8,ws,12,20425,6185,14240,1417,76.0,64.0,38.4,102.4,478.121,100.81,176.12
2026-08-22T16:46:02.509666+00:00,Genetic Algorithm,8,84,24,16,8,8,8,ws,32,4462,1767,2695,0,57.56,384.0,19.2,403.2,555.84,133.45,176.12
2026-08-22T16:46:02.509666+00:00,Genetic Algorithm,8,85,8,16,8,32,8,os,32,9141,3006,6135,0,80.6,128.0,38.4,166.4,657.435,176.12,176.12
2026-08-22T16:46:02.509666+00:00,Genetic Algorithm,8,86,12,16,8,32,8,os,8,11720,3182,8538,3728,53.75,192.0,38.4,230.4,370.331,55.54,176.12
2026-08-22T16:46:02.509666+00:00,Genetic Algorithm,8,87,8,16,8,32,8,os,32,9141,3006,6135,0,80.6,128.0,38.4,166.4,657.435,176.12,176.12
2026-08-22T16:46:02.509666+00:00,Genetic Algorithm,8,88,8,16,8,32,8,os,32,9141,3006,6135,0,80.6,128.0,38.4,166.4,657.435,176.12,176.12
2026-08-22T16:46:02.509666+00:00,Genetic Algorithm,8,89,8,16,8,32,8,os,32,9141,3006,6135,0,80.6,128.0,38.4,166.4,657.435,176.12,176.12
2026-08-22T16:46:02.509666+00:00,Genetic Algorithm,8,90,8,16,8,32,256,os,16,9812,3262,6550,0,80.6,128.0,236.8,364.8,279.375,17.34,176.12
2026-08-22T16:46:02.509666+00:00,Genetic Algorithm,8,91,8,16,8,32,256,os,32,9268,3006,6262,0,80.6,128.0,236.8,364.8,295.773,24.22,176.12
2026-08-22T16:46:02.509666+00:00,Genetic Algorithm,8,92,12,8,8,32,256,os,32,12252,4190,8062,0,79.15,96.0,236.8,332.8,245.25,3.0,176.12
2026-08-22T16:46:02.509666+00:00,Genetic Algorithm,8,93,16,48,8,32,32,os,32,3538,1326,2212,0,40.26,768.0,57.6,825.6,342.352,43.79,176.12
2026-08-22T16:46:02.509666+00:00,Genetic Algorithm,8,94,8,16,8,16,8,os,32,9141,3006,6135,0,80.6,128.0,25.6,153.6,712.221,199.13,199.13
2026-08-22T16:46:02.509666+00:00,Genetic Algorithm,8,95,8,16,8,8,8,os,32,9125,3006,6119,0,80.6,128.0,19.2,147.2,744.491,212.68,212.68
2026-08-22T16:46:02.509666+00:00,Genetic Algorithm,8,96,24,16,8,32,256,os,32,3948,1478,2470,0,67.49,384.0,236.8,620.8,408.01,71.36,212.68
2026-08-22T16:46:02.509666+00:00,Genetic Algorithm,8,97,8,32,256,8,8,os,32,20687,1886,18801,14862,38.54,256.0,217.6,473.6,102.068,-57.13,212.68
2026-08-22T16:46:02.509666+00:00,Genetic Algorithm,8,98,8,16,8,32,8,os,12,9835,3434,6401,0,80.6,128.0,38.4,166.4,611.044,156.63,212.68
2026-08-22T16:46:02.509666+00:00,Genetic Algorithm,8,99,8,16,8,32,8,is,32,13482,3263,10219,0,59.86,128.0,38.4,166.4,445.751,87.21,212.68
2026-08-22T16:46:02.509666+00:00,Genetic Algorithm,8,100,8,16,8,32,8,os,32,9141,3006,6135,0,80.6,128.0,38.4,166.4,657.435,176.12,212.68
2026-08-22T16:46:02.509666+00:00,Genetic Algorithm,9,1,32,4,256,64,8,ws,4,21006,6207,14799,0,55.48,128.0,262.4,390.4,121.94,-48.79,-48.79
2026-08-22T16:46:02.509666+00:00,Genetic Algorithm,9,2,64,16,64,16,32,os,24,3582,908,2674,0,46.92,1024.0,89.6,1113.6,250.695,5.29,5.29
2026-08-22T16:46:02.509666+00:00,Genetic Algorithm,9,3,16,64,32,16,16,is,8,9302,2167,7135,598,28.39,1024.0,51.2,1075.2,99.985,-58.01,5.29
2026-08-22T16:46:02.509666+00:00,Genetic Algorithm,9,4,12,48,32,64,8,os,8,7756,2742,5014,266,36.97,576.0,83.2,659.2,195.589,-17.85,5.29
2026-08-22T16:46:02.509666+00:00,Genetic Algorithm,9,5,8,16,64,32,64,os,32,9772,3006,6766,0,80.6,128.0,128.0,256.0,399.739,67.89,67.89
2026-08-22T16:46:02.509666+00:00,Genetic Algorithm,9,6,8,64,64,32,128,is,24,10487,2671,7816,0,33.47,512.0,179.2,691.2,137.957,-42.06,67.89
2026-08-22T16:46:02.509666+00:00,Genetic Algorithm,9,7,4,4,32,128,64,is,4,94213,28159,66054,0,81.34,16.0,179.2,195.2,54.376,-77.16,67.89
2026-08-22T16:46:02.509666+00:00,Genetic Algorithm,9,8,16,24,32,32,256,ws,24,8262,2289,5973,0,48.37,384.0,256.0,640.0,189.119,-20.57,67.89
2026-08-22T16:46:02.509666+00:00,Genetic Algorithm,9,9,32,24,16,64,256,ws,32,4572,1298,3274,0,37.77,768.0,268.8,1036.8,210.959,-11.4,67.89
2026-08-22T16:46:02.509666+00:00,Genetic Algorithm,9,10,32,8,8,16,8,os,8,13657,2654,11003,6724,43.9,256.0,25.6,281.6,260.023,9.21,67.89
2026-08-22T16:46:02.509666+00:00,Genetic Algorithm,9,11,64,12,128,128,128,os,24,4493,1189,3304,0,42.67,768.0,307.2,1075.2,207.002,-13.06,67.89
2026-08-22T16:46:02.509666+00:00,Genetic Algorithm,9,12,4,48,128,16,16,is,32,14296,4223,10073,0,36.69,192.0,128.0,320.0,218.593,-8.19,67.89
2026-08-22T16:46:02.509666+00:00,Genetic Algorithm,9,13,4,48,8,16,8,ws,32,11502,4095,7407,0,42.33,192.0,25.6,217.6,399.547,67.81,67.89
2026-08-22T16:46:02.509666+00:00,Genetic Algorithm,9,14,8,16,128,16,64,os,4,17108,4798,12310,0,80.6,128.0,166.4,294.4,198.547,-16.61,67.89
2026-08-22T16:46:02.509666+00:00,Genetic Algorithm,9,15,12,24,8,64,256,ws,32,9392,2890,6502,0,48.27,288.0,262.4,550.4,193.448,-18.75,67.89
2026-08-22T16:46:02.509666+00:00,Genetic Algorithm,9,16,4,64,32,32,128,os,12,12070,2762,9308,0,41.77,256.0,153.6,409.6,202.271,-15.05,67.89
2026-08-22T16:46:02.509666+00:00,Genetic Algorithm,9,17,48,16,64,16,32,os,8,6688,2286,4402,0,51.93,768.0,89.6,857.6,174.349,-26.77,67.89
2026-08-22T16:46:02.509666+00:00,Genetic Algorithm,9,18,8,8,64,32,64,os,32,17412,5246,12166,0,86.61,64.0,128.0,192.0,299.123,25.63,67.89
2026-08-22T16:46:02.509666+00:00,Genetic Algorithm,9,19,4,4,8,256,8,ws,32,63758,19199,44559,0,90.0,16.0,217.6,233.6,67.142,-71.8,67.89
2026-08-22T16:46:02.509666+00:00,Genetic Algorithm,9,20,8,8,64,32,64,os,32,17412,5246,12166,0,86.61,64.0,128.0,192.0,299.123,25.63,67.89
2026-08-22T16:46:02.509666+00:00,Genetic Algorithm,9,21,4,32,128,16,32,os,4,17924,5182,12742,0,73.12,128.0,140.8,268.8,207.556,-12.83,67.89
2026-08-22T16:46:02.509666+00:00,Genetic Algorithm,9,22,64,8,8,32,8,os,8,15817,2094,13723,10454,28.88,512.0,38.4,550.4,114.868,-51.76,67.89
2026-08-22T16:46:02.509666+00:00,Genetic Algorithm,9,23,8,4,64,32,64,os,32,32692,9726,22966,0,90.0,32.0,128.0,160.0,191.178,-19.71,67.89
2026-08-22T16:46:02.509666+00:00,Genetic Algorithm,9,24,4,4,8,8,8,ws,32,63742,19199,44543,0,90.0,16.0,19.2,35.2,445.689,87.19,87.19
2026-08-22T16:46:02.509666+00:00,Genetic Algorithm,9,25,8,16,64,32,64,os,4,17108,4798,12310,0,80.6,128.0,128.0,256.0,228.329,-4.1,87.19
2026-08-22T16:46:02.509666+00:00,Genetic Algorithm,9,26,16,16,16,16,128,ws,4,31022,6878,24144,8310,40.16,256.0,128.0,384.0,83.946,-64.74,87.19
2026-08-22T16:46:02.509666+00:00,Genetic Algorithm,9,27,16,32,16,16,32,os,24,3462,1220,2242,0,67.04,512.0,51.2,563.2,512.874,115.4,115.4
2026-08-22T16:46:02.509666+00:00,Genetic Algorithm,9,28,16,32,16,64,32,os,24,3462,1220,2242,0,67.04,512.0,89.6,601.6,480.137,101.65,115.4
2026-08-22T16:46:02.509666+00:00,Genetic Algorithm,9,29,8,16,16,32,8,ws,32,9838,3263,6575,0,75.44,128.0,44.8,172.8,588.233,147.05,147.05
2026-08-22T16:46:02.509666+00:00,Genetic Algorithm,9,30,4,16,64,32,64,ws,32,20142,6655,13487,0,80.59,64.0,128.0,192.0,258.581,8.6,147.05
2026-08-22T16:46:02.509666+00:00,Genetic Algorithm,9,31,8,4,8,8,8,ws,32,34238,10751,23487,0,83.47,32.0,19.2,51.2,570.455,139.59,147.05
2026-08-22T16:46:02.509666+00:00,Genetic Algorithm,9,32,16,4,8,8,8,ws,32,19486,6527,12959,0,73.11,64.0,19.2,83.2,616.814,159.06,159.06
2026-08-22T16:46:02.509666+00:00,Genetic Algorithm,9,33,8,16,8,8,16,ws,32,9966,3391,6575,0,75.44,128.0,25.6,153.6,653.263,174.37,174.37
2026-08-22T16:46:02.509666+00:00,Genetic Algorithm,9,34,16,4,8,8,256,ws,8,48224,8830,39394,20884,48.04,64.0,217.6,281.6,73.638,-69.07,174.37
2026-08-22T16:46:02.509666+00:00,Genetic Algorithm,9,35,8,16,64,256,64,os,32,9772,3006,6766,0,80.6,128.0,307.2,435.2,235.141,-1.24,174.37
2026-08-22T16:46:02.509666+00:00,Genetic Algorithm,9,36,8,4,16,8,8,ws,32,34366,10751,23615,0,83.47,32.0,25.6,57.6,505.183,112.17,174.37
2026-08-22T16:46:02.509666+00:00,Genetic Algorithm,9,37,4,4,8,8,64,ws,32,65054,20095,44959,0,90.0,16.0,64.0,80.0,192.148,-19.3,174.37
2026-08-22T16:46:02.509666+00:00,Genetic Algorithm,9,38,8,16,8,8,16,ws,32,9966,3391,6575,0,75.44,128.0,25.6,153.6,653.263,174.37,174.37
2026-08-22T16:46:02.509666+00:00,Genetic Algorithm,9,39,4,4,8,8,8,ws,32,63742,19199,44543,0,90.0,16.0,19.2,35.2,445.689,87.19,174.37
2026-08-22T16:46:02.509666+00:00,Genetic Algorithm,9,40,8,16,32,32,8,is,32,13850,3263,10587,0,59.86,128.0,57.6,185.6,389.02,63.39,174.37
2026-08-22T16:46:02.509666+00:00,Genetic Algorithm,9,41,8,24,32,8,16,ws,32,10002,2831,7171,0,54.28,192.0,44.8,236.8,422.213,77.33,174.37
2026-08-22T16:46:02.509666+00:00,Genetic Algorithm,9,42,8,4,8,32,8,ws,4,60974,12543,48431,23204,61.31,32.0,38.4,70.4,232.961,-2.16,174.37
2026-08-22T16:46:02.509666+00:00,Genetic Algorithm,9,43,8,4,8,16,16,os,24,32370,9812,22558,0,90.0,32.0,32.0,64.0,482.7,102.73,174.37
2026-08-22T16:46:02.509666+00:00,Genetic Algorithm,9,44,8,16,256,8,16,os,32,9772,3006,6766,0,80.6,128.0,224.0,352.0,290.719,22.1,174.37
2026-08-22T16:46:02.509666+00:00,Genetic Algorithm,9,45,8,4,8,64,16,ws,32,34382,10879,23503,0,83.47,32.0,70.4,102.4,284.033,19.29,174.37
2026-08-22T16:46:02.509666+00:00,Genetic Algorithm,9,46,8,4,8,8,8,ws,32,34238,10751,23487,0,83.47,32.0,19.2,51.2,570.455,139.59,174.37
2026-08-22T16:46:02.509666+00:00,Genetic Algorithm,9,47,16,4,8,32,8,ws,32,19502,6527,12975,0,73.11,64.0,38.4,102.4,500.75,110.31,174.37
2026-08-22T16:46:02.509666+00:00,Genetic Algorithm,9,48,16,4,8,8,8,ws,32,19486,6527,12959,0,73.11,64.0,19.2,83.2,616.814,159.06,174.37
2026-08-22T16:46:02.509666+00:00,Genetic Algorithm,9,49,16,4,64,8,8,ws,16,21020,6783,14237,0,73.11,64.0,64.0,128.0,371.67,56.1,174.37
2026-08-22T16:46:02.509666+00:00,Genetic Algorithm,9,50,24,4,64,256,8,ws,32,15798,5743,10055,0,62.07,96.0,262.4,358.4,176.616,-25.82,174.37
2026-08-22T16:46:02.509666+00:00,Genetic Algorithm,9,51,8,32,256,8,16,ws,32,6418,2143,4275,0,67.01,256.0,224.0,480.0,324.608,36.33,174.37
2026-08-22T16:46:02.509666+00:00,Genetic Algorithm,9,52,64,16,8,32,16,ws,32,4226,1078,3148,1113,27.01,1024.0,44.8,1068.8,221.398,-7.01,174.37
2026-08-22T16:46:02.509666+00:00,Genetic Algorithm,9,53,8,16,8,8,16,ws,32,9966,3391,6575,0,75.44,128.0,25.6,153.6,653.263,174.37,174.37
2026-08-22T16:46:02.509666+00:00,Genetic Algorithm,9,54,4,4,8,8,8,ws,8,65086,19967,45119,0,90.0,16.0,19.2,35.2,436.485,83.32,174.37
2026-08-22T16:46:02.509666+00:00,Genetic Algorithm,9,55,8,16,8,16,16,ws,32,9982,3391,6591,0,75.44,128.0,32.0,160.0,626.127,162.97,174.37
2026-08-22T16:46:02.509666+00:00,Genetic Algorithm,9,56,8,32,8,8,16,ws,12,10408,3466,6942,2415,51.32,256.0,25.6,281.6,341.193,43.3,174.37
2026-08-22T16:46:02.509666+00:00,Genetic Algorithm,9,57,8,8,8,128,16,ws,32,18106,5887,12219,0,80.59,64.0,121.6,185.6,297.577,24.98,174.37
2026-08-22T16:46:02.509666+00:00,Genetic Algorithm,9,58,8,16,8,8,16,ws,32,9966,3391,6575,0,75.44,128.0,25.6,153.6,653.263,174.37,174.37
2026-08-22T16:46:02.509666+00:00,Genetic Algorithm,9,59,8,4,32,8,16,is,4,311752,13567,298185,261434,42.56,32.0,44.8,76.8,41.767,-82.46,174.37
2026-08-22T16:46:02.509666+00:00,Genetic Algorithm,9,60,8,4,32,8,16,ws,32,34750,10879,23871,0,83.47,32.0,44.8,76.8,374.7,57.37,174.37
2026-08-22T16:46:02.509666+00:00,Genetic Algorithm,9,61,8,16,16,8,16,ws,32,10094,3391,6703,0,75.44,128.0,32.0,160.0,619.18,160.05,174.37
2026-08-22T16:46:02.509666+00:00,Genetic Algorithm,9,62,8,16,8,128,16,ws,32,9982,3391,6591,0,75.44,128.0,121.6,249.6,401.363,68.57,174.37
2026-08-22T16:46:02.509666+00:00,Genetic Algorithm,9,63,16,4,8,8,8,is,32,43696,6527,37169,15642,46.66,64.0,19.2,83.2,275.065,15.53,174.37
2026-08-22T16:46:02.509666+00:00,Genetic Algorithm,9,64,48,12,8,8,16,ws,32,6119,2422,3697,1144,28.14,576.0,25.6,601.6,271.651,14.09,174.37
2026-08-22T16:46:02.509666+00:00,Genetic Algorithm,9,65,8,16,8,8,16,ws,32,9966,3391,6575,0,75.44,128.0,25.6,153.6,653.263,174.37,174.37
2026-08-22T16:46:02.509666+00:00,Genetic Algorithm,9,66,8,16,8,8,16,ws,32,9966,3391,6575,0,75.44,128.0,25.6,153.6,653.263,174.37,174.37
2026-08-22T16:46:02.509666+00:00,Genetic Algorithm,9,67,8,16,8,8,16,ws,32,9966,3391,6575,0,75.44,128.0,25.6,153.6,653.263,174.37,174.37
2026-08-22T16:46:02.509666+00:00,Genetic Algorithm,9,68,8,16,8,8,16,ws,32,9966,3391,6575,0,75.44,128.0,25.6,153.6,653.263,174.37,174.37
2026-08-22T16:46:02.509666+00:00,Genetic Algorithm,9,69,8,16,8,8,16,ws,32,9966,3391,6575,0,75.44,128.0,25.6,153.6,653.263,174.37,174.37
2026-08-22T16:46:02.509666+00:00,Genetic Algorithm,9,70,8,16,8,64,16,ws,32,9982,3391,6591,0,75.44,128.0,70.4,198.4,504.941,112.07,174.37
2026-08-22T16:46:02.509666+00:00,Genetic Algorithm,9,71,8,16,8,8,32,ws,32,10478,3647,6831,0,75.44,128.0,38.4,166.4,573.546,140.89,174.37
2026-08-22T16:46:02.509666+00:00,Genetic Algorithm,9,72,8,16,8,8,16,ws,32,9966,3391,6575,0,75.44,128.0,25.6,153.6,653.263,174.37,174.37
2026-08-22T16:46:02.509666+00:00,Genetic Algorithm,9,73,8,16,8,8,16,ws,32,9966,3391,6575,0,75.44,128.0,25.6,153.6,653.263,174.37,174.37
2026-08-22T16:46:02.509666+00:00,Genetic Algorithm,9,74,8,16,8,8,256,os,32,9252,3006,6246,0,80.6,128.0,217.6,345.6,312.745,31.35,174.37
2026-08-22T16:46:02.509666+00:00,Genetic Algorithm,9,75,8,16,128,8,16,ws,32,10486,3391,7095,0,75.44,128.0,121.6,249.6,382.072,60.47,174.37
2026-08-22T16:46:02.509666+00:00,Genetic Algorithm,9,76,8,16,8,64,16,ws,32,9982,3391,6591,0,75.44,128.0,70.4,198.4,504.941,112.07,174.37
2026-08-22T16:46:02.509666+00:00,Genetic Algorithm,9,77,8,16,8,8,16,ws,16,10734,3775,6959,0,75.44,128.0,25.6,153.6,606.523,154.74,174.37
2026-08-22T16:46:02.509666+00:00,Genetic Algorithm,9,78,64,12,8,8,16,ws,32,6368,1466,4902,2061,23.49,768.0,25.6,793.6,197.877,-16.89,174.37
2026-08-22T16:46:02.509666+00:00,Genetic Algorithm,9,79,8,16,8,8,16,os,12,10134,3434,6700,0,80.6,128.0,25.6,153.6,642.433,169.82,174.37
2026-08-22T16:46:02.509666+00:00,Genetic Algorithm,9,80,8,16,8,256,16,ws,32,9982,3391,6591,0,75.44,128.0,224.0,352.0,284.603,19.53,174.37
2026-08-22T16:46:02.509666+00:00,Genetic Algorithm,9,81,12,32,8,8,16,ws,16,5989,2183,3806,278,56.69,384.0,25.6,409.6,407.648,71.21,174.37
2026-08-22T16:46:02.509666+00:00,Genetic Algorithm,9,82,8,16,8,8,256,ws,32,13140,4158,8982,0,75.44,128.0,217.6,345.6,220.207,-7.51,174.37
2026-08-22T16:46:02.509666+00:00,Genetic Algorithm,9,83,32,16,8,8,16,ws,32,4073,1518,2555,0,51.76,512.0,25.6,537.6,456.695,91.81,174.37
2026-08-22T16:46:02.509666+00:00,Genetic Algorithm,9,84,32,16,8,8,16,ws,32,4073,1518,2555,0,51.76,512.0,25.6,537.6,456.695,91.81,174.37
2026-08-22T16:46:02.509666+00:00,Genetic Algorithm,9,85,8,16,8,8,16,ws,32,9966,3391,6575,0,75.44,128.0,25.6,153.6,653.263,174.37,174.37
2026-08-22T16:46:02.509666+00:00,Genetic Algorithm,9,86,8,48,8,8,256,ws,32,9592,3166,6426,0,40.25,384.0,217.6,601.6,173.294,-27.22,174.37
2026-08-22T16:46:02.509666+00:00,Genetic Algorithm,9,87,8,16,8,8,16,ws,32,9966,3391,6575,0,75.44,128.0,25.6,153.6,653.263,174.37,174.37
2026-08-22T16:46:02.509666+00:00,Genetic Algorithm,9,88,8,16,8,8,16,ws,32,9966,3391,6575,0,75.44,128.0,25.6,153.6,653.263,174.37,174.37
2026-08-22T16:46:02.509666+00:00,Genetic Algorithm,9,89,64,16,8,8,16,ws,24,5214,1164,4050,1930,24.44,1024.0,25.6,1049.6,182.728,-23.26,174.37
2026-08-22T16:46:02.509666+00:00,Genetic Algorithm,9,90,8,16,256,8,16,ws,16,11774,3775,7999,0,75.44,128.0,224.0,352.0,241.287,1.34,174.37
2026-08-22T16:46:02.509666+00:00,Genetic Algorithm,9,91,8,16,8,8,16,ws,32,9966,3391,6575,0,75.44,128.0,25.6,153.6,653.263,174.37,174.37
2026-08-22T16:46:02.509666+00:00,Genetic Algorithm,9,92,8,16,8,8,16,ws,8,15102,4543,10559,2632,63.19,128.0,25.6,153.6,431.096,81.06,174.37
2026-08-22T16:46:02.509666+00:00,Genetic Algorithm,9,93,8,16,128,8,128,ws,32,11811,4158,7653,0,75.44,128.0,211.2,339.2,249.607,4.83,174.37
2026-08-22T16:46:02.509666+00:00,Genetic Algorithm,9,94,8,16,8,8,16,ws,32,9966,3391,6575,0,75.44,128.0,25.6,153.6,653.263,174.37,174.37
2026-08-22T16:46:02.509666+00:00,Genetic Algorithm,9,95,4,16,8,8,16,ws,32,18086,5887,12199,0,80.59,64.0,25.6,89.6,617.091,159.17,174.37
2026-08-22T16:46:02.509666+00:00,Genetic Algorithm,9,96,8,16,8,32,16,ws,32,9982,3391,6591,0,75.44,128.0,44.8,172.8,579.747,143.49,174.37
2026-08-22T16:46:02.509666+00:00,Genetic Algorithm,9,97,8,16,8,8,16,ws,32,9966,3391,6575,0,75.44,128.0,25.6,153.6,653.263,174.37,174.37
2026-08-22T16:46:02.509666+00:00,Genetic Algorithm,9,98,8,32,8,8,64,ws,32,7001,2910,4091,0,67.01,256.0,64.0,320.0,446.365,87.47,174.37
2026-08-22T16:46:02.509666+00:00,Genetic Algorithm,9,99,8,16,8,8,16,ws,32,9966,3391,6575,0,75.44,128.0,25.6,153.6,653.263,174.37,174.37
2026-08-22T16:46:02.509666+00:00,Genetic Algorithm,9,100,8,16,8,8,128,ws,32,11291,4158,7133,0,75.44,128.0,115.2,243.2,364.17,52.95,174.37
2026-08-22T16:46:02.509666+00:00,Bayesian Optimization (GP-BO),0,1,24,4,32,16,32,os,16,40372,4862,35510,26040,41.72,96.0,64.0,160.0,154.81,-34.98,-34.98
2026-08-22T16:46:02.509666+00:00,Bayesian Optimization (GP-BO),0,2,24,16,32,8,128,ws,4,26846,5734,21112,7634,31.14,384.0,134.4,518.4,71.855,-69.82,-34.98
2026-08-22T16:46:02.509666+00:00,Bayesian Optimization (GP-BO),0,3,4,16,32,8,128,os,24,18125,5588,12537,0,83.48,64.0,134.4,198.4,278.087,16.79,16.79
2026-08-22T16:46:02.509666+00:00,Bayesian Optimization (GP-BO),0,4,12,32,128,16,8,is,8,14329,3975,10354,2507,27.26,384.0,121.6,505.6,138.031,-42.03,16.79
2026-08-22T16:46:02.509666+00:00,Bayesian Optimization (GP-BO),0,5,32,32,8,16,8,is,32,7381,887,6494,3105,25.47,1024.0,25.6,1049.6,129.081,-45.79,16.79
2026-08-22T16:46:02.509666+00:00,Bayesian Optimization (GP-BO),0,6,8,4,32,32,128,os,24,33795,9812,23983,934,88.11,32.0,153.6,185.6,159.43,-33.04,16.79
2026-08-22T16:46:02.509666+00:00,Bayesian Optimization (GP-BO),0,7,8,32,64,16,128,os,32,5952,1886,4066,0,70.96,256.0,166.4,422.4,397.753,67.05,67.05
2026-08-22T16:46:02.509666+00:00,Bayesian Optimization (GP-BO),0,8,12,64,32,16,64,os,32,4368,1098,3270,0,37.16,768.0,89.6,857.6,266.952,12.12,67.05
2026-08-22T16:46:02.509666+00:00,Bayesian Optimization (GP-BO),0,9,12,48,64,64,64,os,32,4996,1782,3214,0,39.33,576.0,153.6,729.6,274.342,15.22,67.05
2026-08-22T16:46:02.509666+00:00,Bayesian Optimization (GP-BO),0,10,32,24,64,32,128,os,32,3820,978,2842,0,45.97,768.0,179.2,947.2,276.373,16.07,67.05
2026-08-22T16:46:02.509666+00:00,Bayesian Optimization (GP-BO),0,11,8,48,256,32,64,is,32,9497,3230,6267,0,33.96,384.0,281.6,665.6,158.198,-33.56,67.05
2026-08-22T16:46:02.509666+00:00,Bayesian Optimization (GP-BO),0,12,12,16,64,8,256,ws,32,10100,3358,6742,0,67.47,192.0,262.4,454.4,217.892,-8.49,67.05
2026-08-22T16:46:02.509666+00:00,Bayesian Optimization (GP-BO),0,13,12,32,64,8,128,os,32,14206,1542,12664,9642,34.13,384.0,160.0,544.0,129.399,-45.65,67.05
2026-08-22T16:46:02.509666+00:00,Bayesian Optimization (GP-BO),0,14,4,64,16,32,256,os,32,10324,2334,7990,0,41.77,256.0,243.2,499.2,194.034,-18.51,67.05
2026-08-22T16:46:02.509666+00:00,Bayesian Optimization (GP-BO),0,15,12,16,32,64,128,os,32,7164,2430,4734,0,73.98,192.0,179.2,371.2,376.042,57.94,67.05
2026-08-22T16:46:02.509666+00:00,Bayesian Optimization (GP-BO),0,16,12,24,16,64,256,os,32,6704,2034,4670,0,52.79,288.0,268.8,556.8,267.896,12.51,67.05
2026-08-22T16:46:02.509666+00:00,Bayesian Optimization (GP-BO),0,17,8,24,64,16,128,os,24,9935,2617,7318,0,57.86,192.0,166.4,358.4,280.843,17.95,67.05
2026-08-22T16:46:02.509666+00:00,Bayesian Optimization (GP-BO),0,18,8,48,64,16,128,os,32,6560,2206,4354,0,42.34,384.0,166.4,550.4,276.96,16.32,67.05
2026-08-22T16:46:02.509666+00:00,Bayesian Optimization (GP-BO),0,19,4,16,32,64,32,os,32,17820,5502,12318,0,83.48,64.0,102.4,166.4,337.24,41.64,67.05
2026-08-22T16:46:02.509666+00:00,Bayesian Optimization (GP-BO),0,20,4,24,16,128,128,ws,32,20573,6702,13871,0,57.86,96.0,217.6,313.6,154.998,-34.9,67.05
2026-08-22T16:46:02.509666+00:00,Bayesian Optimization (GP-BO),0,21,8,24,32,16,32,is,32,11593,3103,8490,0,50.76,192.0,64.0,256.0,336.949,41.52,67.05
2026-08-22T16:46:02.509666+00:00,Bayesian Optimization (GP-BO),0,22,8,48,16,16,64,os,32,6168,2206,3962,0,42.34,384.0,76.8,460.8,351.838,47.77,67.05
2026-08-22T16:46:02.509666+00:00,Bayesian Optimization (GP-BO),0,23,8,16,64,32,128,is,32,15393,4158,11235,0,59.86,128.0,179.2,307.2,211.473,-11.18,67.05
2026-08-22T16:46:02.509666+00:00,Bayesian Optimization (GP-BO),0,24,8,24,16,16,64,os,32,9188,2526,6662,0,57.86,192.0,76.8,268.8,404.902,70.06,70.06
2026-08-22T16:46:02.509666+00:00,Bayesian Optimization (GP-BO),0,25,4,12,8,8,32,ws,32,26364,8511,17853,0,74.2,48.0,38.4,86.4,439.011,84.38,84.38
2026-08-22T16:46:02.509666+00:00,Bayesian Optimization (GP-BO),0,26,24,4,8,8,8,ws,32,15262,5727,9535,0,62.07,96.0,19.2,115.2,568.769,138.88,138.88
2026-08-22T16:46:02.509666+00:00,Bayesian Optimization (GP-BO),0,27,24,4,16,128,8,ws,32,15406,5743,9663,0,62.07,96.0,121.6,217.6,298.299,25.28,138.88
2026-08-22T16:46:02.509666+00:00,Bayesian Optimization (GP-BO),0,28,48,12,8,32,8,ws,32,5914,2311,3603,1144,28.14,576.0,38.4,614.4,275.212,15.59,138.88
2026-08-22T16:46:02.509666+00:00,Bayesian Optimization (GP-BO),0,29,12,8,8,16,16,os,24,12434,4276,8158,0,79.15,96.0,32.0,128.0,628.318,163.89,163.89
2026-08-22T16:46:02.509666+00:00,Bayesian Optimization (GP-BO),0,30,16,8,8,32,16,os,16,13038,3262,9776,3226,65.39,128.0,44.8,172.8,443.859,86.42,163.89
2026-08-22T16:46:02.509666+00:00,Bayesian Optimization (GP-BO),0,31,24,8,8,8,8,os,16,9567,2766,6801,2338,56.81,192.0,19.2,211.2,494.915,107.86,163.89
2026-08-22T16:46:02.509666+00:00,Bayesian Optimization (GP-BO),0,32,4,4,8,64,8,is,32,73838,19199,54639,0,81.34,16.0,64.0,80.0,169.29,-28.9,163.89
2026-08-22T16:46:02.509666+00:00,Bayesian Optimization (GP-BO),0,33,8,4,8,16,8,os,12,32755,10154,22601,0,90.0,32.0,25.6,57.6,530.029,122.61,163.89
2026-08-22T16:46:02.509666+00:00,Bayesian Optimization (GP-BO),0,34,8,4,8,8,32,os,16,32700,9982,22718,0,90.0,32.0,38.4,70.4,434.39,82.44,163.89
2026-08-22T16:46:02.509666+00:00,Bayesian Optimization (GP-BO),0,35,8,4,8,8,16,os,16,32700,9982,22718,0,90.0,32.0,25.6,57.6,530.921,122.98,163.89
2026-08-22T16:46:02.509666+00:00,Bayesian Optimization (GP-BO),0,36,8,4,8,16,8,ws,24,34396,10836,23560,0,83.47,32.0,25.6,57.6,504.742,111.99,163.89
2026-08-22T16:46:02.509666+00:00,Bayesian Optimization (GP-BO),0,37,8,8,16,8,16,ws,32,18218,5887,12331,0,80.59,64.0,32.0,96.0,571.779,140.14,163.89
2026-08-22T16:46:02.509666+00:00,Bayesian Optimization (GP-BO),0,38,16,12,32,16,8,os,32,8693,2430,6263,1146,61.75,192.0,44.8,236.8,485.79,104.03,163.89
2026-08-22T16:46:02.509666+00:00,Bayesian Optimization (GP-BO),0,39,4,8,8,8,8,os,12,32713,10154,22559,0,90.0,32.0,19.2,51.2,597.049,150.76,163.89
2026-08-22T16:46:02.509666+00:00,Bayesian Optimization (GP-BO),0,40,4,32,8,16,8,os,32,9957,3390,6567,0,73.12,128.0,25.6,153.6,653.853,174.61,174.61
2026-08-22T16:46:02.509666+00:00,Bayesian Optimization (GP-BO),0,41,8,4,8,8,8,os,32,32045,9726,22319,0,90.0,32.0,19.2,51.2,609.494,155.98,174.61
2026-08-22T16:46:02.509666+00:00,Bayesian Optimization (GP-BO),0,42,8,32,8,8,16,os,16,38792,2142,36650,32832,34.98,256.0,25.6,281.6,91.543,-61.55,174.61
2026-08-22T16:46:02.509666+00:00,Bayesian Optimization (GP-BO),0,43,4,48,8,16,8,ws,32,11502,4095,7407,0,42.33,192.0,25.6,217.6,399.547,67.81,174.61
2026-08-22T16:46:02.509666+00:00,Bayesian Optimization (GP-BO),0,44,12,12,256,8,16,ws,32,11174,3927,7247,0,61.77,144.0,224.0,368.0,243.189,2.14,174.61
2026-08-22T16:46:02.509666+00:00,Bayesian Optimization (GP-BO),0,45,4,12,16,8,8,os,8,26661,8510,18151,0,76.98,48.0,25.6,73.6,509.619,114.04,174.61
2026-08-22T16:46:02.509666+00:00,Bayesian Optimization (GP-BO),0,46,4,12,8,8,8,ws,24,25961,8212,17749,0,74.2,48.0,19.2,67.2,573.204,140.74,174.61
2026-08-22T16:46:02.509666+00:00,Bayesian Optimization (GP-BO),0,47,4,8,32,16,8,ws,8,36062,11007,25055,0,86.6,32.0,44.8,76.8,361.068,51.65,174.61
2026-08-22T16:46:02.509666+00:00,Bayesian Optimization (GP-BO),0,48,4,16,8,8,8,os,32,17309,5502,11807,0,83.48,64.0,19.2,83.2,694.392,191.64,191.64
2026-08-22T16:46:02.509666+00:00,Bayesian Optimization (GP-BO),0,49,4,12,16,32,8,ws,24,26153,8233,17920,0,74.2,48.0,44.8,92.8,412.032,73.05,191.64
2026-08-22T16:46:02.509666+00:00,Bayesian Optimization (GP-BO),0,50,16,12,16,16,8,os,32,7291,2430,4861,0,69.27,192.0,32.0,224.0,612.301,157.16,191.64
2026-08-22T16:46:02.509666+00:00,Bayesian Optimization (GP-BO),0,51,64,4,8,16,8,is,4,24565,5150,19415,0,23.91,256.0,25.6,281.6,144.561,-39.29,191.64
2026-08-22T16:46:02.509666+00:00,Bayesian Optimization (GP-BO),0,52,4,4,64,8,8,os,4,68477,19966,48511,0,93.72,16.0,64.0,80.0,182.543,-23.33,191.64
2026-08-22T16:46:02.509666+00:00,Bayesian Optimization (GP-BO),0,53,48,4,8,128,8,ws,8,51170,6207,44963,38388,17.08,192.0,115.2,307.2,63.616,-73.28,191.64
2026-08-22T16:46:02.509666+00:00,Bayesian Optimization (GP-BO),0,54,16,24,16,64,8,os,32,5041,1494,3547,0,54.29,384.0,70.4,454.4,436.561,83.35,191.64
2026-08-22T16:46:02.509666+00:00,Bayesian Optimization (GP-BO),0,55,4,32,8,128,8,os,24,10096,3476,6620,0,73.12,128.0,115.2,243.2,407.274,71.05,191.64
2026-08-22T16:46:02.509666+00:00,Bayesian Optimization (GP-BO),0,56,12,24,8,16,8,ws,32,7090,2251,4839,0,48.27,288.0,25.6,313.6,449.757,88.89,191.64
2026-08-22T16:46:02.509666+00:00,Bayesian Optimization (GP-BO),0,57,4,8,8,256,8,is,4,61074,18121,42953,15524,52.97,32.0,217.6,249.6,65.599,-72.45,191.64
2026-08-22T16:46:02.509666+00:00,Bayesian Optimization (GP-BO),0,58,16,8,16,8,8,os,32,9253,3006,6247,0,80.6,128.0,25.6,153.6,703.601,195.51,195.51
2026-08-22T16:46:02.509666+00:00,Bayesian Optimization (GP-BO),0,59,4,8,16,8,8,os,16,32701,9982,22719,0,90.0,32.0,25.6,57.6,530.905,122.98,195.51
2026-08-22T16:46:02.509666+00:00,Bayesian Optimization (GP-BO),0,60,48,4,8,128,64,is,32,20244,5630,14614,0,25.48,192.0,160.0,352.0,140.333,-41.06,195.51
2026-08-22T16:46:02.509666+00:00,Bayesian Optimization (GP-BO),0,61,4,16,8,32,8,os,16,17741,5758,11983,0,83.48,64.0,38.4,102.4,550.455,131.19,195.51
2026-08-22T16:46:02.509666+00:00,Bayesian Optimization (GP-BO),0,62,4,64,64,128,8,ws,8,32134,8935,23199,17392,13.45,256.0,160.0,416.0,74.807,-68.58,195.51
2026-08-22T16:46:02.509666+00:00,Bayesian Optimization (GP-BO),0,63,64,8,128,64,128,is,4,21232,3630,17602,0,23.4,512.0,256.0,768.0,61.326,-74.24,195.51
2026-08-22T16:46:02.509666+00:00,Bayesian Optimization (GP-BO),0,64,8,24,16,8,8,is,32,10569,2719,7850,0,50.76,192.0,25.6,217.6,434.818,82.62,195.51
2026-08-22T16:46:02.509666+00:00,Bayesian Optimization (GP-BO),0,65,12,12,8,32,32,os,32,9646,3366,6280,0,67.97,144.0,57.6,201.6,514.236,115.98,195.51
2026-08-22T16:46:02.509666+00:00,Bayesian Optimization (GP-BO),0,66,32,12,128,128,128,ws,32,6762,2054,4708,0,47.05,384.0,307.2,691.2,213.954,-10.14,195.51
2026-08-22T16:46:02.509666+00:00,Bayesian Optimization (GP-BO),0,67,8,8,16,8,8,ws,24,18178,5844,12334,0,80.59,64.0,25.6,89.6,613.968,157.86,195.51
2026-08-22T16:46:02.509666+00:00,Bayesian Optimization (GP-BO),0,68,12,8,16,8,8,ws,24,13650,4873,8777,0,71.65,96.0,25.6,121.6,602.468,153.03,195.51
2026-08-22T16:46:02.509666+00:00,Bayesian Optimization (GP-BO),0,69,64,4,8,8,64,ws,32,17168,3358,13810,6676,26.28,256.0,64.0,320.0,182.025,-23.55,195.51
2026-08-22T16:46:02.509666+00:00,Bayesian Optimization (GP-BO),0,70,8,8,8,8,8,is,24,30169,5844,24325,6618,58.71,64.0,19.2,83.2,398.397,67.32,195.51
2026-08-22T16:46:02.509666+00:00,Bayesian Optimization (GP-BO),0,71,12,4,8,8,32,os,32,23180,7742,15438,0,82.04,48.0,38.4,86.4,499.313,109.71,195.51
2026-08-22T16:46:02.509666+00:00,Bayesian Optimization (GP-BO),0,72,4,16,16,8,16,os,32,17564,5502,12062,0,83.48,64.0,32.0,96.0,593.069,149.09,195.51
2026-08-22T16:46:02.509666+00:00,Bayesian Optimization (GP-BO),0,73,4,4,8,16,8,ws,4,67006,20991,46015,0,90.0,16.0,25.6,41.6,358.751,50.67,195.51
2026-08-22T16:46:02.509666+00:00,Bayesian Optimization (GP-BO),0,74,12,24,8,16,8,os,32,6537,2034,4503,0,52.79,288.0,25.6,313.6,487.804,104.87,195.51
2026-08-22T16:46:02.509666+00:00,Bayesian Optimization (GP-BO),0,75,64,12,64,8,8,is,32,14181,1482,12699,5884,17.69,768.0,64.0,832.0,84.756,-64.4,195.51
2026-08-22T16:46:02.509666+00:00,Bayesian Optimization (GP-BO),0,76,4,4,8,8,8,os,4,64317,19966,44351,0,93.72,16.0,19.2,35.2,441.704,85.51,195.51
2026-08-22T16:46:02.509666+00:00,Bayesian Optimization (GP-BO),0,77,16,8,8,8,8,ws,32,10258,3519,6739,0,70.95,128.0,19.2,147.2,662.261,178.15,195.51
2026-08-22T16:46:02.509666+00:00,Bayesian Optimization (GP-BO),0,78,12,8,16,16,8,os,24,12435,4297,8138,0,79.15,96.0,32.0,128.0,628.267,163.87,195.51
2026-08-22T16:46:02.509666+00:00,Bayesian Optimization (GP-BO),0,79,4,4,64,16,256,is,4,117316,36350,80966,0,81.34,16.0,268.8,284.8,29.93,-87.43,195.51
2026-08-22T16:46:02.509666+00:00,Bayesian Optimization (GP-BO),0,80,24,8,8,8,8,os,24,7451,2596,4855,488,67.33,192.0,19.2,211.2,635.465,166.89,195.51
2026-08-22T16:46:02.509666+00:00,Bayesian Optimization (GP-BO),0,81,32,32,16,256,32,os,32,2186,758,1428,0,56.93,1024.0,243.2,1267.2,360.998,51.62,195.51
2026-08-22T16:46:02.509666+00:00,Bayesian Optimization (GP-BO),0,82,4,64,8,64,8,is,32,13622,2399,11223,0,35.66,256.0,64.0,320.0,229.408,-3.65,195.51
2026-08-22T16:46:02.509666+00:00,Bayesian Optimization (GP-BO),0,83,24,8,8,8,16,os,32,6956,2510,4446,0,71.66,192.0,25.6,217.6,660.665,177.48,195.51
2026-08-22T16:46:02.509666+00:00,Bayesian Optimization (GP-BO),0,84,16,16,16,8,8,ws,32,5778,2015,3763,0,67.01,256.0,25.6,281.6,614.596,158.13,195.51
2026-08-22T16:46:02.509666+00:00,Bayesian Optimization (GP-BO),0,85,16,4,64,8,8,ws,32,20006,6527,13479,0,73.11,64.0,64.0,128.0,390.508,64.01,195.51
2026-08-22T16:46:02.509666+00:00,Bayesian Optimization (GP-BO),0,86,8,4,64,256,64,ws,4,52573,19710,32863,0,83.47,32.0,307.2,339.2,56.077,-76.45,195.51
2026-08-22T16:46:02.509666+00:00,Bayesian Optimization (GP-BO),0,87,12,12,8,16,8,os,16,10154,3638,6516,185,66.81,144.0,25.6,169.6,580.68,143.88,195.51
2026-08-22T16:46:02.509666+00:00,Bayesian Optimization (GP-BO),0,88,16,32,32,128,8,ws,32,3724,1263,2461,0,60.39,512.0,134.4,646.4,415.422,74.47,195.51
2026-08-22T16:46:02.509666+00:00,Bayesian Optimization (GP-BO),0,89,4,16,8,8,128,is,32,26389,7678,18711,0,66.85,64.0,115.2,179.2,211.465,-11.19,195.51
2026-08-22T16:46:02.509666+00:00,Bayesian Optimization (GP-BO),0,90,4,16,32,16,8,os,32,17693,5502,12191,0,83.48,64.0,44.8,108.8,519.481,118.18,195.51
2026-08-22T16:46:02.509666+00:00,Bayesian Optimization (GP-BO),0,91,4,48,128,16,8,os,32,11613,3966,7647,0,43.46,192.0,121.6,313.6,274.587,15.32,195.51
2026-08-22T16:46:02.509666+00:00,Bayesian Optimization (GP-BO),0,92,4,8,128,128,8,ws,32,33702,10239,23463,0,86.6,32.0,211.2,243.2,122.006,-48.76,195.51
2026-08-22T16:46:02.509666+00:00,Bayesian Optimization (GP-BO),0,93,12,64,8,256,8,ws,4,23161,7409,15752,12591,7.56,768.0,217.6,985.6,43.807,-81.6,195.51
2026-08-22T16:46:02.509666+00:00,Bayesian Optimization (GP-BO),0,94,4,4,256,8,16,is,32,74470,19327,55143,0,81.34,16.0,224.0,240.0,55.951,-76.5,195.51
2026-08-22T16:46:02.509666+00:00,Bayesian Optimization (GP-BO),0,95,48,12,8,16,8,os,32,5211,1734,3477,1482,33.01,576.0,25.6,601.6,318.986,33.97,195.51
2026-08-22T16:46:02.509666+00:00,Bayesian Optimization (GP-BO),0,96,4,4,32,8,8,os,32,61901,18174,43727,0,93.72,16.0,38.4,54.4,296.964,24.72,195.51
2026-08-22T16:46:02.509666+00:00,Bayesian Optimization (GP-BO),0,97,4,12,16,8,8,ws,12,26898,8553,18345,0,74.2,48.0,25.6,73.6,505.129,112.15,195.51
2026-08-22T16:46:02.509666+00:00,Bayesian Optimization (GP-BO),0,98,8,64,32,16,8,ws,32,5946,1391,4555,0,38.78,512.0,44.8,556.8,302.048,26.86,195.51
2026-08-22T16:46:02.509666+00:00,Bayesian Optimization (GP-BO),0,99,24,16,8,8,16,os,32,3932,1478,2454,0,67.49,384.0,25.6,409.6,620.907,160.78,195.51
2026-08-22T16:46:02.509666+00:00,Bayesian Optimization (GP-BO),0,100,12,64,64,256,8,is,4,28257,7537,20720,11463,7.46,768.0,262.4,1030.4,34.345,-85.58,195.51
2026-08-22T16:46:02.509666+00:00,Bayesian Optimization (GP-BO),1,1,8,16,16,64,32,is,12,16699,4714,11985,0,59.86,128.0,89.6,217.6,275.201,15.58,15.58
2026-08-22T16:46:02.509666+00:00,Bayesian Optimization (GP-BO),1,2,48,16,256,8,16,os,32,3352,1326,2026,0,51.93,768.0,224.0,992.0,300.735,26.31,26.31
2026-08-22T16:46:02.509666+00:00,Bayesian Optimization (GP-BO),1,3,4,32,16,64,64,ws,8,26923,7871,19052,7125,50.34,128.0,115.2,243.2,152.726,-35.86,26.31
2026-08-22T16:46:02.509666+00:00,Bayesian Optimization (GP-BO),1,4,12,32,32,32,64,is,4,24563,8710,15853,966,38.23,384.0,102.4,486.4,83.7,-64.85,26.31
2026-08-22T16:46:02.509666+00:00,Bayesian Optimization (GP-BO),1,5,8,8,256,8,64,ws,32,19797,6654,13143,0,80.59,64.0,262.4,326.4,154.757,-35.0,26.31
2026-08-22T16:46:02.509666+00:00,Bayesian Optimization (GP-BO),1,6,8,8,8,32,32,is,16,25389,6783,18606,0,66.85,64.0,57.6,121.6,323.907,36.04,36.04
2026-08-22T16:46:02.509666+00:00,Bayesian Optimization (GP-BO),1,7,8,8,8,128,32,is,32,24093,6143,17950,0,66.85,64.0,134.4,198.4,209.203,-12.14,36.04
2026-08-22T16:46:02.509666+00:00,Bayesian Optimization (GP-BO),1,8,32,4,128,16,8,os,32,11245,3390,7855,0,69.07,128.0,121.6,249.6,356.284,49.64,49.64
2026-08-22T16:46:02.509666+00:00,Bayesian Optimization (GP-BO),1,9,16,12,256,32,8,is,32,11491,2815,8676,0,48.47,192.0,236.8,428.8,202.949,-14.76,49.64
2026-08-22T16:46:02.509666+00:00,Bayesian Optimization (GP-BO),1,10,24,8,128,32,8,ws,24,8935,3193,5742,0,60.49,192.0,134.4,326.4,342.89,44.01,49.64
2026-08-22T16:46:02.509666+00:00,Bayesian Optimization (GP-BO),1,11,64,16,256,16,8,ws,32,3705,1078,2627,0,34.44,1024.0,224.0,1248.0,216.27,-9.17,49.64
2026-08-22T16:46:02.509666+00:00,Bayesian Optimization (GP-BO),1,12,24,12,64,16,8,os,32,5901,2034,3867,0,61.78,288.0,70.4,358.4,472.831,98.59,98.59
2026-08-22T16:46:02.509666+00:00,Bayesian Optimization (GP-BO),1,13,64,16,32,8,8,os,32,4875,822,4053,2194,31.77,1024.0,38.4,1062.4,193.08,-18.91,98.59
2026-08-22T16:46:02.509666+00:00,Bayesian Optimization (GP-BO),1,14,8,12,128,64,8,os,24,13929,4297,9632,0,74.21,96.0,160.0,256.0,280.44,17.78,98.59
2026-08-22T16:46:02.509666+00:00,Bayesian Optimization (GP-BO),1,15,16,16,64,8,8,os,16,6492,2014,4478,0,75.46,256.0,64.0,320.0,481.362,102.17,102.17
2026-08-22T16:46:02.509666+00:00,Bayesian Optimization (GP-BO),1,16,16,8,16,8,16,os,32,9380,3006,6374,0,80.6,128.0,32.0,160.0,666.311,179.85,179.85
2026-08-22T16:46:02.509666+00:00,Bayesian Optimization (GP-BO),1,17,4,12,16,8,16,os,32,25204,7742,17462,0,76.98,48.0,32.0,80.0,495.953,108.3,179.85
2026-08-22T16:46:02.509666+00:00,Bayesian Optimization (GP-BO),1,18,12,16,16,16,32,os,32,6908,2430,4478,0,73.98,192.0,51.2,243.2,595.229,149.99,179.85
2026-08-22T16:46:02.509666+00:00,Bayesian Optimization (GP-BO),1,19,12,12,16,8,32,os,32,9740,3366,6374,0,67.97,144.0,44.8,188.8,543.8,128.39,179.85
2026-08-22T16:46:02.509666+00:00,Bayesian Optimization (GP-BO),1,20,24,4,16,32,8,ws,32,15406,5743,9663,0,62.07,96.0,44.8,140.8,461.007,93.62,179.85
2026-08-22T16:46:02.509666+00:00,Bayesian Optimization (GP-BO),1,21,12,4,8,8,32,os,24,23357,7828,15529,0,82.04,48.0,38.4,86.4,495.529,108.12,179.85
2026-08-22T16:46:02.509666+00:00,Bayesian Optimization (GP-BO),1,22,16,8,8,32,8,os,32,9141,3006,6135,0,80.6,128.0,38.4,166.4,657.435,176.12,179.85
2026-08-22T16:46:02.509666+00:00,Bayesian Optimization (GP-BO),1,23,24,8,16,8,16,os,24,7325,2617,4708,0,71.66,192.0,32.0,224.0,609.459,155.97,179.85
2026-08-22T16:46:02.509666+00:00,Bayesian Optimization (GP-BO),1,24,24,16,8,128,16,ws,24,4642,1852,2790,0,57.56,384.0,121.6,505.6,426.077,78.95,179.85
2026-08-22T16:46:02.509666+00:00,Bayesian Optimization (GP-BO),1,25,8,24,16,8,8,ws,32,9542,2703,6839,0,54.28,192.0,25.6,217.6,481.617,102.28,179.85
2026-08-22T16:46:02.509666+00:00,Bayesian Optimization (GP-BO),1,26,16,8,16,8,8,ws,16,11026,3775,7251,0,70.95,128.0,25.6,153.6,590.46,147.99,179.85
2026-08-22T16:46:02.509666+00:00,Bayesian Optimization (GP-BO),1,27,12,8,8,16,8,ws,16,13936,5023,8913,146,70.94,96.0,25.6,121.6,590.104,147.84,179.85
2026-08-22T16:46:02.509666+00:00,Bayesian Optimization (GP-BO),1,28,12,16,16,8,16,os,24,7133,2521,4612,0,73.98,192.0,32.0,224.0,625.864,162.86,179.85
2026-08-22T16:46:02.509666+00:00,Bayesian Optimization (GP-BO),1,29,16,12,16,16,8,os,12,8866,2884,5982,668,64.49,192.0,32.0,224.0,503.529,111.48,179.85
2026-08-22T16:46:02.509666+00:00,Bayesian Optimization (GP-BO),1,30,24,32,8,8,8,os,24,8750,1048,7702,6206,29.98,768.0,19.2,787.2,145.18,-39.03,179.85
2026-08-22T16:46:02.509666+00:00,Bayesian Optimization (GP-BO),1,31,4,8,16,8,8,ws,24,33500,10324,23176,0,86.6,32.0,25.6,57.6,518.242,117.66,179.85
2026-08-22T16:46:02.509666+00:00,Bayesian Optimization (GP-BO),1,32,8,16,16,32,8,os,24,9430,3092,6338,0,80.6,128.0,44.8,172.8,613.684,157.74,179.85
2026-08-22T16:46:02.509666+00:00,Bayesian Optimization (GP-BO),1,33,48,4,8,16,16,ws,8,52193,6718,45475,38388,17.08,192.0,32.0,224.0,85.534,-64.08,179.85
2026-08-22T16:46:02.509666+00:00,Bayesian Optimization (GP-BO),1,34,4,16,16,8,16,ws,16,19110,6271,12839,0,80.59,64.0,32.0,96.0,545.09,128.93,179.85
2026-08-22T16:46:02.509666+00:00,Bayesian Optimization (GP-BO),1,35,4,32,8,64,8,ws,32,10278,3519,6759,0,70.95,128.0,64.0,192.0,506.746,112.83,179.85
2026-08-22T16:46:02.509666+00:00,Bayesian Optimization (GP-BO),1,36,4,16,64,8,8,ws,12,21769,6185,15584,1417,76.0,64.0,64.0,128.0,358.882,50.73,179.85
2026-08-22T16:46:02.509666+00:00,Bayesian Optimization (GP-BO),1,37,4,24,8,8,8,ws,12,22424,5821,16603,4210,48.0,96.0,19.2,115.2,387.11,62.58,179.85
2026-08-22T16:46:02.509666+00:00,Bayesian Optimization (GP-BO),1,38,12,16,16,32,8,os,32,6781,2430,4351,0,73.98,192.0,44.8,236.8,622.766,161.56,179.85
2026-08-22T16:46:02.509666+00:00,Bayesian Optimization (GP-BO),1,39,4,12,8,8,32,ws,24,26792,8724,18068,0,74.2,48.0,38.4,86.4,431.997,81.44,179.85
2026-08-22T16:46:02.509666+00:00,Bayesian Optimization (GP-BO),1,40,16,4,8,16,8,is,24,28207,6612,21595,0,56.9,64.0,25.6,89.6,395.672,66.18,179.85
2026-08-22T16:46:02.509666+00:00,Bayesian Optimization (GP-BO),1,41,64,8,64,8,256,os,12,7008,1754,5254,0,49.15,512.0,262.4,774.4,184.264,-22.61,179.85
2026-08-22T16:46:02.509666+00:00,Bayesian Optimization (GP-BO),1,42,16,8,8,32,16,os,32,9268,3006,6262,0,80.6,128.0,44.8,172.8,624.411,162.25,179.85
2026-08-22T16:46:02.509666+00:00,Bayesian Optimization (GP-BO),1,43,8,8,32,16,16,ws,16,19626,6271,13355,0,80.59,64.0,51.2,115.2,442.299,85.76,179.85
2026-08-22T16:46:02.509666+00:00,Bayesian Optimization (GP-BO),1,44,4,4,32,8,8,os,12,66345,18602,47743,3136,90.47,16.0,38.4,54.4,277.072,16.37,179.85
2026-08-22T16:46:02.509666+00:00,Bayesian Optimization (GP-BO),1,45,4,48,8,64,16,os,32,11308,3966,7342,0,43.46,192.0,70.4,262.4,337.016,41.54,179.85
2026-08-22T16:46:02.509666+00:00,Bayesian Optimization (GP-BO),1,46,4,4,16,256,8,ws,24,64060,19284,44776,0,90.0,16.0,224.0,240.0,65.043,-72.68,179.85
2026-08-22T16:46:02.509666+00:00,Bayesian Optimization (GP-BO),1,47,12,16,8,64,8,os,16,7178,2670,4508,109,72.88,192.0,64.0,256.0,544.198,128.56,179.85
2026-08-22T16:46:02.509666+00:00,Bayesian Optimization (GP-BO),1,48,16,4,8,8,8,ws,32,19486,6527,12959,0,73.11,64.0,19.2,83.2,616.814,159.06,179.85
2026-08-22T16:46:02.509666+00:00,Bayesian Optimization (GP-BO),1,49,48,12,128,128,8,is,4,15317,4599,10718,0,22.76,576.0,211.2,787.2,82.936,-65.17,179.85
2026-08-22T16:46:02.509666+00:00,Bayesian Optimization (GP-BO),1,50,24,24,16,64,64,os,32,3938,1260,2678,0,48.28,576.0,115.2,691.2,367.384,54.3,179.85
2026-08-22T16:46:02.509666+00:00,Bayesian Optimization (GP-BO),1,51,8,64,256,32,8,ws,32,6082,1391,4691,0,38.78,512.0,236.8,748.8,219.577,-7.78,179.85
2026-08-22T16:46:02.509666+00:00,Bayesian Optimization (GP-BO),1,52,32,16,8,8,256,is,32,11066,1518,9548,3752,30.0,512.0,217.6,729.6,123.858,-47.98,179.85
2026-08-22T16:46:02.509666+00:00,Bayesian Optimization (GP-BO),1,53,16,16,16,8,16,ws,16,6930,2527,4403,0,67.01,256.0,32.0,288.0,501.042,110.43,179.85
2026-08-22T16:46:02.509666+00:00,Bayesian Optimization (GP-BO),1,54,8,16,8,16,8,ws,24,9903,3348,6555,0,75.44,128.0,25.6,153.6,657.419,176.11,179.85
2026-08-22T16:46:02.509666+00:00,Bayesian Optimization (GP-BO),1,55,24,12,16,32,8,os,24,5691,2125,3566,0,61.78,288.0,44.8,332.8,527.993,121.75,179.85
2026-08-22T16:46:02.509666+00:00,Bayesian Optimization (GP-BO),1,56,16,8,32,8,32,os,24,14689,3092,11597,4748,61.4,128.0,57.6,185.6,366.8,54.05,179.85
2026-08-22T16:46:02.509666+00:00,Bayesian Optimization (GP-BO),1,57,16,16,32,8,8,os,32,5707,1758,3949,290,71.95,256.0,38.4,294.4,595.188,149.98,179.85
2026-08-22T16:46:02.509666+00:00,Bayesian Optimization (GP-BO),1,58,16,16,8,64,8,os,32,5049,1758,3291,0,75.46,256.0,64.0,320.0,618.934,159.95,179.85
2026-08-22T16:46:02.509666+00:00,Bayesian Optimization (GP-BO),1,59,8,16,16,16,8,os,32,9253,3006,6247,0,80.6,128.0,32.0,160.0,675.457,183.69,183.69
2026-08-22T16:46:02.509666+00:00,Bayesian Optimization (GP-BO),1,60,8,12,16,8,8,is,32,17406,4591,12815,0,59.2,96.0,25.6,121.6,472.463,98.43,183.69
2026-08-22T16:46:02.509666+00:00,Bayesian Optimization (GP-BO),1,61,8,32,32,8,16,os,32,20678,1886,18792,14862,38.54,256.0,44.8,300.8,160.773,-32.48,183.69
2026-08-22T16:46:02.509666+00:00,Bayesian Optimization (GP-BO),1,62,32,8,8,16,64,ws,32,7668,2526,5142,0,54.18,256.0,70.4,326.4,399.547,67.81,183.69
2026-08-22T16:46:02.509666+00:00,Bayesian Optimization (GP-BO),1,63,32,32,8,128,128,ws,32,3066,1014,2052,0,47.54,1024.0,211.2,1235.2,264.053,10.9,183.69
2026-08-22T16:46:02.509666+00:00,Bayesian Optimization (GP-BO),1,64,48,4,256,32,8,ws,4,19176,7743,11433,0,42.93,192.0,236.8,428.8,121.615,-48.92,183.69
2026-08-22T16:46:02.509666+00:00,Bayesian Optimization (GP-BO),1,65,16,64,8,256,8,is,24,18261,972,17289,13617,22.19,1024.0,217.6,1241.6,44.106,-81.48,183.69
2026-08-22T16:46:02.509666+00:00,Bayesian Optimization (GP-BO),1,66,32,16,16,32,8,ws,32,3946,1391,2555,0,51.76,512.0,44.8,556.8,455.139,91.16,183.69
2026-08-22T16:46:02.509666+00:00,Bayesian Optimization (GP-BO),1,67,12,8,16,8,16,os,32,12380,4206,8174,0,79.15,96.0,32.0,128.0,631.058,165.04,183.69
2026-08-22T16:46:02.509666+00:00,Bayesian Optimization (GP-BO),1,68,64,16,8,8,8,is,4,73307,2870,70437,64332,16.02,1024.0,19.2,1043.2,13.076,-94.51,183.69
2026-08-22T16:46:02.509666+00:00,Bayesian Optimization (GP-BO),1,69,16,8,8,8,8,os,24,9781,3092,6689,522,77.12,128.0,19.2,147.2,694.559,191.71,191.71
2026-08-22T16:46:02.509666+00:00,Bayesian Optimization (GP-BO),1,70,4,64,256,8,8,is,12,23601,5704,17897,6977,19.31,256.0,217.6,473.6,89.466,-62.42,191.71
2026-08-22T16:46:02.509666+00:00,Bayesian Optimization (GP-BO),1,71,32,8,16,8,8,ws,32,7014,2399,4615,0,54.18,256.0,25.6,281.6,506.293,112.64,191.71
2026-08-22T16:46:02.509666+00:00,Bayesian Optimization (GP-BO),1,72,16,16,16,16,8,os,32,5161,1758,3403,0,75.46,256.0,32.0,288.0,672.781,182.56,191.71
2026-08-22T16:46:02.509666+00:00,Bayesian Optimization (GP-BO),1,73,12,12,8,16,8,ws,24,10596,3889,6707,0,61.77,144.0,25.6,169.6,556.458,133.71,191.71
2026-08-22T16:46:02.509666+00:00,Bayesian Optimization (GP-BO),1,74,8,16,8,8,16,os,24,9429,3092,6337,0,80.6,128.0,25.6,153.6,690.467,189.99,191.71
2026-08-22T16:46:02.509666+00:00,Bayesian Optimization (GP-BO),1,75,16,64,32,8,256,ws,32,5218,1270,3948,0,35.42,1024.0,236.8,1260.8,152.002,-36.16,191.71
2026-08-22T16:46:02.509666+00:00,Bayesian Optimization (GP-BO),1,76,8,8,8,8,16,os,16,17420,5502,11918,0,86.61,64.0,25.6,89.6,640.684,169.08,191.71
2026-08-22T16:46:02.509666+00:00,Bayesian Optimization (GP-BO),1,77,16,48,8,64,8,ws,24,3999,1561,2438,0,36.67,768.0,64.0,832.0,300.556,26.23,191.71
2026-08-22T16:46:02.509666+00:00,Bayesian Optimization (GP-BO),1,78,8,16,16,16,16,os,32,9380,3006,6374,0,80.6,128.0,38.4,166.4,640.684,169.08,191.71
2026-08-22T16:46:02.509666+00:00,Bayesian Optimization (GP-BO),1,79,12,8,8,8,8,os,16,12770,4446,8324,261,77.7,96.0,19.2,115.2,679.762,185.5,191.71
2026-08-22T16:46:02.509666+00:00,Bayesian Optimization (GP-BO),1,80,8,16,8,64,32,ws,32,10494,3647,6847,0,75.44,128.0,83.2,211.2,451.196,89.5,191.71
2026-08-22T16:46:02.509666+00:00,Bayesian Optimization (GP-BO),1,81,12,16,8,8,8,os,16,7146,2670,4476,109,72.88,192.0,19.2,211.2,662.587,178.28,191.71
2026-08-22T16:46:02.509666+00:00,Bayesian Optimization (GP-BO),1,82,4,16,8,16,8,os,16,17741,5758,11983,0,83.48,64.0,25.6,89.6,629.092,164.21,191.71
2026-08-22T16:46:02.509666+00:00,Bayesian Optimization (GP-BO),1,83,48,4,8,256,8,os,32,15171,3902,11269,6454,34.27,192.0,217.6,409.6,160.926,-32.41,191.71
2026-08-22T16:46:02.509666+00:00,Bayesian Optimization (GP-BO),1,84,32,4,8,16,16,os,32,10796,3390,7406,0,69.07,128.0,32.0,160.0,578.918,143.14,191.71
2026-08-22T16:46:02.509666+00:00,Bayesian Optimization (GP-BO),1,85,4,64,256,64,8,ws,8,32134,8935,23199,17392,13.45,256.0,262.4,518.4,60.03,-74.79,191.71
2026-08-22T16:46:02.509666+00:00,Bayesian Optimization (GP-BO),1,86,12,16,8,8,16,os,32,6764,2414,4350,0,73.98,192.0,25.6,217.6,679.419,185.35,191.71
2026-08-22T16:46:02.509666+00:00,Bayesian Optimization (GP-BO),1,87,64,16,64,256,64,ws,12,6676,1506,5170,0,34.44,1024.0,307.2,1331.2,112.523,-52.74,191.71
2026-08-22T16:46:02.509666+00:00,Bayesian Optimization (GP-BO),1,88,4,24,8,32,8,os,32,17061,4590,12471,0,59.85,96.0,38.4,134.4,436.11,83.16,191.71
2026-08-22T16:46:02.509666+00:00,Bayesian Optimization (GP-BO),1,89,8,4,8,16,8,os,12,32755,10154,22601,0,90.0,32.0,25.6,57.6,530.029,122.61,191.71
2026-08-22T16:46:02.509666+00:00,Bayesian Optimization (GP-BO),1,90,24,4,8,32,256,os,4,70330,6366,63964,53502,37.22,96.0,236.8,332.8,42.724,-82.06,191.71
2026-08-22T16:46:02.509666+00:00,Bayesian Optimization (GP-BO),1,91,12,8,8,16,8,os,16,12802,4446,8356,261,77.7,96.0,25.6,121.6,642.375,169.79,191.71
2026-08-22T16:46:02.509666+00:00,Bayesian Optimization (GP-BO),1,92,16,12,16,256,8,ws,4,24543,5852,18691,10578,36.9,192.0,224.0,416.0,97.944,-58.86,191.71
2026-08-22T16:46:02.509666+00:00,Bayesian Optimization (GP-BO),1,93,8,48,64,128,128,os,32,6560,2206,4354,0,42.34,384.0,256.0,640.0,238.186,0.04,191.71
2026-08-22T16:46:02.509666+00:00,Bayesian Optimization (GP-BO),1,94,4,8,8,16,8,ws,12,33967,10665,23302,0,86.6,32.0,25.6,57.6,511.117,114.67,191.71
2026-08-22T16:46:02.509666+00:00,Bayesian Optimization (GP-BO),1,95,16,12,8,32,16,os,16,9894,2702,7192,1992,57.88,192.0,44.8,236.8,426.822,79.26,191.71
2026-08-22T16:46:02.509666+00:00,Bayesian Optimization (GP-BO),1,96,16,8,32,16,8,os,32,11543,3006,8537,2034,69.59,128.0,44.8,172.8,501.346,110.56,191.71
2026-08-22T16:46:02.509666+00:00,Bayesian Optimization (GP-BO),1,97,8,16,8,8,8,is,12,27299,3689,23610,13142,45.23,128.0,19.2,147.2,248.854,4.52,191.71
2026-08-22T16:46:02.509666+00:00,Bayesian Optimization (GP-BO),1,98,4,4,128,64,32,is,4,87109,24063,63046,0,81.34,16.0,179.2,195.2,58.811,-75.3,191.71
2026-08-22T16:46:02.509666+00:00,Bayesian Optimization (GP-BO),1,99,12,8,8,16,8,os,32,12125,4190,7935,0,79.15,96.0,25.6,121.6,678.242,184.86,191.71
2026-08-22T16:46:02.509666+00:00,Bayesian Optimization (GP-BO),1,100,24,16,8,16,32,os,32,3948,1478,2470,0,67.49,384.0,44.8,428.8,590.702,148.09,191.71
2026-08-22T16:46:02.509666+00:00,Bayesian Optimization (GP-BO),2,1,4,24,64,256,64,os,24,17975,4681,13294,0,59.85,96.0,307.2,403.2,137.978,-42.05,-42.05
2026-08-22T16:46:02.509666+00:00,Bayesian Optimization (GP-BO),2,2,4,64,64,64,256,is,12,27707,7946,19761,0,35.66,256.0,307.2,563.2,64.084,-73.09,-42.05
2026-08-22T16:46:02.509666+00:00,Bayesian Optimization (GP-BO),2,3,4,64,8,128,16,ws,4,59966,17717,42249,40136,7.53,256.0,121.6,377.6,44.163,-81.45,-42.05
2026-08-22T16:46:02.509666+00:00,Bayesian Optimization (GP-BO),2,4,16,48,32,8,32,ws,32,4555,1774,2781,0,36.67,768.0,57.6,825.6,265.914,11.68,11.68
2026-08-22T16:46:02.509666+00:00,Bayesian Optimization (GP-BO),2,5,8,48,16,16,16,os,12,7369,2740,4629,0,42.34,384.0,38.4,422.4,321.268,34.93,34.93
2026-08-22T16:46:02.509666+00:00,Bayesian Optimization (GP-BO),2,6,12,48,64,8,16,os,16,27176,2006,25170,21164,18.0,576.0,70.4,646.4,56.926,-76.09,34.93
2026-08-22T16:46:02.509666+00:00,Bayesian Optimization (GP-BO),2,7,4,32,8,32,32,os,8,11716,4158,7558,0,73.12,128.0,57.6,185.6,459.878,93.15,93.15
2026-08-22T16:46:02.509666+00:00,Bayesian Optimization (GP-BO),2,8,4,32,8,16,32,is,4,61205,18237,42968,30367,18.32,128.0,44.8,172.8,94.552,-60.29,93.15
2026-08-22T16:46:02.509666+00:00,Bayesian Optimization (GP-BO),2,9,8,48,16,32,32,os,12,7369,2740,4629,0,42.34,384.0,64.0,448.0,302.91,27.22,93.15
2026-08-22T16:46:02.509666+00:00,Bayesian Optimization (GP-BO),2,10,8,16,16,32,16,os,12,10475,3434,7041,0,80.6,128.0,51.2,179.2,532.731,123.74,123.74
2026-08-22T16:46:02.509666+00:00,Bayesian Optimization (GP-BO),2,11,24,8,16,32,16,ws,16,9318,3375,5943,488,57.1,192.0,51.2,243.2,441.279,85.33,123.74
2026-08-22T16:46:02.509666+00:00,Bayesian Optimization (GP-BO),2,12,8,8,8,64,16,os,24,17090,5332,11758,0,86.61,64.0,70.4,134.4,435.37,82.85,123.74
2026-08-22T16:46:02.509666+00:00,Bayesian Optimization (GP-BO),2,13,16,8,8,16,8,os,12,15967,3434,12533,6132,58.63,128.0,25.6,153.6,407.742,71.25,123.74
2026-08-22T16:46:02.509666+00:00,Bayesian Optimization (GP-BO),2,14,12,8,8,32,32,ws,12,15920,5535,10385,1139,66.68,96.0,57.6,153.6,408.946,71.75,123.74
2026-08-22T16:46:02.509666+00:00,Bayesian Optimization (GP-BO),2,15,16,12,8,128,8,os,12,12081,2884,9197,4134,51.43,192.0,115.2,307.2,269.449,13.17,123.74
2026-08-22T16:46:02.509666+00:00,Bayesian Optimization (GP-BO),2,16,4,12,64,32,8,os,12,27045,8212,18833,0,76.98,48.0,83.2,131.2,281.825,18.36,123.74
2026-08-22T16:46:02.509666+00:00,Bayesian Optimization (GP-BO),2,17,8,12,16,16,64,os,8,15368,5022,10346,0,74.21,96.0,76.8,172.8,376.564,58.15,123.74
2026-08-22T16:46:02.509666+00:00,Bayesian Optimization (GP-BO),2,18,8,16,8,16,32,os,12,10176,3434,6742,0,80.6,128.0,44.8,172.8,568.695,138.85,138.85
2026-08-22T16:46:02.509666+00:00,Bayesian Optimization (GP-BO),2,19,8,16,8,8,16,os,12,10134,3434,6700,0,80.6,128.0,25.6,153.6,642.433,169.82,169.82
2026-08-22T16:46:02.509666+00:00,Bayesian Optimization (GP-BO),2,20,4,24,8,8,8,os,16,17357,4830,12527,0,59.85,96.0,19.2,115.2,500.118,110.05,169.82
2026-08-22T16:46:02.509666+00:00,Bayesian Optimization (GP-BO),2,21,48,4,8,8,16,ws,32,17045,5566,11479,5368,28.63,192.0,25.6,217.6,269.615,13.24,169.82
2026-08-22T16:46:02.509666+00:00,Bayesian Optimization (GP-BO),2,22,24,16,8,8,8,ws,12,6292,2194,4098,1030,47.27,384.0,19.2,403.2,394.177,65.55,169.82
2026-08-22T16:46:02.509666+00:00,Bayesian Optimization (GP-BO),2,23,12,4,8,32,32,is,32,34430,9039,25391,0,59.2,48.0,57.6,105.6,275.042,15.52,169.82
2026-08-22T16:46:02.509666+00:00,Bayesian Optimization (GP-BO),2,24,4,4,8,16,16,ws,12,64870,19967,44903,0,90.0,16.0,32.0,48.0,321.155,34.88,169.82
2026-08-22T16:46:02.509666+00:00,Bayesian Optimization (GP-BO),2,25,48,4,64,8,256,ws,12,15063,6377,8686,0,42.93,192.0,262.4,454.4,146.1,-38.64,169.82
2026-08-22T16:46:02.509666+00:00,Bayesian Optimization (GP-BO),2,26,4,12,16,32,16,ws,24,26325,8404,17921,0,74.2,48.0,51.2,99.2,382.93,60.83,169.82
2026-08-22T16:46:02.509666+00:00,Bayesian Optimization (GP-BO),2,27,16,16,8,8,16,os,12,8210,2186,6024,2168,58.52,256.0,25.6,281.6,432.538,81.66,169.82
2026-08-22T16:46:02.509666+00:00,Bayesian Optimization (GP-BO),2,28,16,4,8,256,32,ws,32,20141,6910,13231,0,73.11,64.0,236.8,300.8,165.06,-30.68,169.82
2026-08-22T16:46:02.509666+00:00,Bayesian Optimization (GP-BO),2,29,4,8,8,8,16,os,12,33054,10154,22900,0,90.0,32.0,25.6,57.6,525.235,120.6,169.82
2026-08-22T16:46:02.509666+00:00,Bayesian Optimization (GP-BO),2,30,64,4,256,32,8,os,8,11661,3102,8559,0,50.35,256.0,236.8,492.8,174.018,-26.91,169.82
2026-08-22T16:46:02.509666+00:00,Bayesian Optimization (GP-BO),2,31,4,16,8,32,16,os,24,17634,5588,12046,0,83.48,64.0,44.8,108.8,521.219,118.91,169.82
2026-08-22T16:46:02.509666+00:00,Bayesian Optimization (GP-BO),2,32,12,12,8,8,32,ws,4,31083,7226,23857,14508,36.82,144.0,38.4,182.4,176.381,-25.92,169.82
2026-08-22T16:46:02.509666+00:00,Bayesian Optimization (GP-BO),2,33,8,12,16,8,8,is,32,17406,4591,12815,0,59.2,96.0,25.6,121.6,472.463,98.43,169.82
2026-08-22T16:46:02.509666+00:00,Bayesian Optimization (GP-BO),2,34,64,8,64,128,128,is,32,11880,1838,10042,0,23.4,512.0,256.0,768.0,109.603,-53.97,169.82
2026-08-22T16:46:02.509666+00:00,Bayesian Optimization (GP-BO),2,35,4,12,8,8,8,os,24,25083,7828,17255,0,76.98,48.0,19.2,67.2,593.268,149.17,169.82
2026-08-22T16:46:02.509666+00:00,Bayesian Optimization (GP-BO),2,36,12,16,8,16,8,os,4,21441,4206,17235,11876,42.45,192.0,25.6,217.6,214.336,-9.98,169.82
2026-08-22T16:46:02.509666+00:00,Bayesian Optimization (GP-BO),2,37,12,12,16,16,64,os,24,9965,3457,6508,0,67.97,144.0,76.8,220.8,454.489,90.88,169.82
2026-08-22T16:46:02.509666+00:00,Bayesian Optimization (GP-BO),2,38,4,4,8,8,8,ws,24,63889,19284,44605,0,90.0,16.0,19.2,35.2,444.663,86.76,169.82
2026-08-22T16:46:02.509666+00:00,Bayesian Optimization (GP-BO),2,39,16,12,16,8,8,os,24,7452,2500,4952,0,69.27,192.0,25.6,217.6,616.692,159.01,169.82
2026-08-22T16:46:02.509666+00:00,Bayesian Optimization (GP-BO),2,40,16,8,8,16,8,os,32,9141,3006,6135,0,80.6,128.0,25.6,153.6,712.221,199.13,199.13
2026-08-22T16:46:02.509666+00:00,Bayesian Optimization (GP-BO),2,41,64,4,64,256,16,ws,4,20045,5150,14895,0,36.21,256.0,268.8,524.8,95.061,-60.08,199.13
2026-08-22T16:46:02.509666+00:00,Bayesian Optimization (GP-BO),2,42,12,24,16,64,8,os,32,6577,2034,4543,0,52.79,288.0,70.4,358.4,424.233,78.18,199.13
2026-08-22T16:46:02.509666+00:00,Bayesian Optimization (GP-BO),2,43,16,4,8,16,16,os,32,17452,5502,11950,0,83.48,64.0,32.0,96.0,596.875,150.68,199.13
2026-08-22T16:46:02.509666+00:00,Bayesian Optimization (GP-BO),2,44,12,8,32,8,8,os,32,12657,4206,8451,148,78.32,96.0,38.4,134.4,587.855,146.9,199.13
2026-08-22T16:46:02.509666+00:00,Bayesian Optimization (GP-BO),2,45,4,8,8,8,32,ws,32,33740,10623,23117,0,86.6,32.0,38.4,70.4,421.0,76.82,199.13
2026-08-22T16:46:02.509666+00:00,Bayesian Optimization (GP-BO),2,46,4,16,8,8,32,os,24,17613,5588,12025,0,83.48,64.0,38.4,102.4,554.456,132.87,199.13
2026-08-22T16:46:02.509666+00:00,Bayesian Optimization (GP-BO),2,47,24,12,16,64,8,os,32,5509,2034,3475,0,61.78,288.0,70.4,358.4,506.476,112.72,199.13
2026-08-22T16:46:02.509666+00:00,Bayesian Optimization (GP-BO),2,48,16,16,8,16,8,is,32,8557,2015,6542,0,49.62,256.0,25.6,281.6,414.998,74.3,199.13
2026-08-22T16:46:02.509666+00:00,Bayesian Optimization (GP-BO),2,49,12,4,32,8,8,is,16,84050,9151,74899,48692,40.98,48.0,38.4,86.4,137.705,-42.16,199.13
2026-08-22T16:46:02.509666+00:00,Bayesian Optimization (GP-BO),2,50,8,4,8,8,256,ws,24,38984,12031,26953,0,83.47,32.0,217.6,249.6,102.771,-56.84,199.13
2026-08-22T16:46:02.509666+00:00,Bayesian Optimization (GP-BO),2,51,24,8,64,8,16,os,32,7492,2526,4966,0,71.66,192.0,70.4,262.4,508.673,113.64,199.13
2026-08-22T16:46:02.509666+00:00,Bayesian Optimization (GP-BO),2,52,4,8,16,8,16,os,32,32300,9726,22574,0,90.0,32.0,32.0,64.0,483.746,103.17,199.13
2026-08-22T16:46:02.509666+00:00,Bayesian Optimization (GP-BO),2,53,16,4,16,32,8,os,32,17437,5502,11935,0,83.48,64.0,44.8,108.8,527.108,121.38,199.13
2026-08-22T16:46:02.509666+00:00,Bayesian Optimization (GP-BO),2,54,8,16,16,16,16,os,16,10036,3262,6774,0,80.6,128.0,38.4,166.4,598.806,151.49,199.13
2026-08-22T16:46:02.509666+00:00,Bayesian Optimization (GP-BO),2,55,32,8,16,16,16,os,24,6208,1972,4236,64,66.39,256.0,38.4,294.4,547.155,129.8,199.13
2026-08-22T16:46:02.509666+00:00,Bayesian Optimization (GP-BO),2,56,24,4,64,64,8,ws,32,15798,5743,10055,0,62.07,96.0,108.8,204.8,309.078,29.81,199.13
2026-08-22T16:46:02.509666+00:00,Bayesian Optimization (GP-BO),2,57,32,32,8,32,8,os,24,2243,844,1399,54,55.36,1024.0,38.4,1062.4,419.646,76.25,199.13
2026-08-22T16:46:02.509666+00:00,Bayesian Optimization (GP-BO),2,58,24,8,8,32,16,os,32,6972,2510,4462,0,71.66,192.0,44.8,236.8,605.705,154.39,199.13
2026-08-22T16:46:02.509666+00:00,Bayesian Optimization (GP-BO),2,59,24,16,8,32,16,os,32,3948,1478,2470,0,67.49,384.0,44.8,428.8,590.702,148.09,199.13
2026-08-22T16:46:02.509666+00:00,Bayesian Optimization (GP-BO),2,60,12,16,8,8,8,ws,24,7410,2788,4622,0,67.47,192.0,19.2,211.2,638.981,168.37,199.13
2026-08-22T16:46:02.509666+00:00,Bayesian Optimization (GP-BO),2,61,16,48,8,8,8,os,32,10120,1262,8858,6836,21.92,768.0,19.2,787.2,125.526,-47.28,199.13
2026-08-22T16:46:02.509666+00:00,Bayesian Optimization (GP-BO),2,62,64,12,16,32,8,is,24,8097,1573,6524,0,21.15,768.0,44.8,812.8,151.947,-36.18,199.13
2026-08-22T16:46:02.509666+00:00,Bayesian Optimization (GP-BO),2,63,32,16,8,16,16,ws,32,4089,1518,2571,0,51.76,512.0,32.0,544.0,449.556,88.81,199.13
2026-08-22T16:46:02.509666+00:00,Bayesian Optimization (GP-BO),2,64,24,16,32,32,8,ws,24,5366,1873,3493,212,54.79,384.0,57.6,441.6,422.008,77.24,199.13
2026-08-22T16:46:02.509666+00:00,Bayesian Optimization (GP-BO),2,65,16,12,8,8,16,os,24,7495,2500,4995,44,68.92,192.0,25.6,217.6,613.154,157.52,199.13
2026-08-22T16:46:02.509666+00:00,Bayesian Optimization (GP-BO),2,66,4,4,64,8,256,is,24,78589,21844,56745,0,81.34,16.0,262.4,278.4,45.706,-80.8,199.13
2026-08-22T16:46:02.509666+00:00,Bayesian Optimization (GP-BO),2,67,12,4,16,8,8,ws,32,25550,8911,16639,0,73.96,48.0,25.6,73.6,531.779,123.34,199.13
2026-08-22T16:46:02.509666+00:00,Bayesian Optimization (GP-BO),2,68,8,48,8,256,32,is,32,8808,2655,6153,470,32.52,384.0,236.8,620.8,182.882,-23.19,199.13
2026-08-22T16:46:02.509666+00:00,Bayesian Optimization (GP-BO),2,69,4,4,8,16,8,os,24,61672,18260,43412,0,93.72,16.0,25.6,41.6,389.779,63.7,199.13
2026-08-22T16:46:02.509666+00:00,Bayesian Optimization (GP-BO),2,70,16,12,8,8,8,ws,24,8176,2884,5292,0,61.26,192.0,19.2,211.2,579.116,143.22,199.13
2026-08-22T16:46:02.509666+00:00,Bayesian Optimization (GP-BO),2,71,16,16,8,32,8,ws,32,5666,2015,3651,0,67.01,256.0,38.4,294.4,599.495,151.78,199.13
2026-08-22T16:46:02.509666+00:00,Bayesian Optimization (GP-BO),2,72,64,16,8,64,8,ws,24,5068,1164,3904,1930,24.44,1024.0,64.0,1088.0,181.357,-23.83,199.13
2026-08-22T16:46:02.509666+00:00,Bayesian Optimization (GP-BO),2,73,24,4,8,128,128,is,4,35468,9694,25774,0,44.47,96.0,211.2,307.2,91.779,-61.45,199.13
2026-08-22T16:46:02.509666+00:00,Bayesian Optimization (GP-BO),2,74,32,12,128,8,8,ws,16,7036,2167,4869,0,47.05,384.0,115.2,499.2,284.708,19.58,199.13
2026-08-22T16:46:02.509666+00:00,Bayesian Optimization (GP-BO),2,75,12,12,8,16,32,ws,24,10938,4060,6878,0,61.77,144.0,44.8,188.8,484.239,103.38,199.13
2026-08-22T16:46:02.509666+00:00,Bayesian Optimization (GP-BO),2,76,48,8,256,8,16,is,32,22007,3038,18969,10910,17.62,384.0,224.0,608.0,74.737,-68.61,199.13
2026-08-22T16:46:02.509666+00:00,Bayesian Optimization (GP-BO),2,77,4,16,256,8,8,ws,4,63902,17849,46053,36656,27.04,64.0,217.6,281.6,55.572,-76.66,199.13
2026-08-22T16:46:02.509666+00:00,Bayesian Optimization (GP-BO),2,78,32,12,8,16,64,os,32,4636,1542,3094,0,57.83,384.0,70.4,454.4,474.699,99.37,199.13
2026-08-22T16:46:02.509666+00:00,Bayesian Optimization (GP-BO),2,79,24,4,16,8,16,os,24,14812,4681,10131,1439,67.62,96.0,32.0,128.0,527.444,121.52,199.13
2026-08-22T16:46:02.509666+00:00,Bayesian Optimization (GP-BO),2,80,32,12,8,16,8,os,24,4713,1633,3080,54,57.25,384.0,25.6,409.6,518.015,117.56,199.13
2026-08-22T16:46:02.509666+00:00,Bayesian Optimization (GP-BO),2,81,12,16,8,8,8,os,32,6637,2414,4223,0,73.98,192.0,19.2,211.2,713.402,199.62,199.62
2026-08-22T16:46:02.509666+00:00,Bayesian Optimization (GP-BO),2,82,8,64,8,16,256,ws,32,9128,2286,6842,0,38.78,512.0,224.0,736.0,148.849,-37.48,199.62
2026-08-22T16:46:02.509666+00:00,Bayesian Optimization (GP-BO),2,83,4,16,128,16,8,ws,32,18422,5759,12663,0,80.59,64.0,121.6,185.6,292.473,22.84,199.62
2026-08-22T16:46:02.509666+00:00,Bayesian Optimization (GP-BO),2,84,8,12,8,16,16,os,32,13258,4206,9052,0,74.21,96.0,32.0,128.0,589.267,147.49,199.62
2026-08-22T16:46:02.509666+00:00,Bayesian Optimization (GP-BO),2,85,16,16,8,16,8,ws,24,5843,2100,3743,0,67.01,256.0,25.6,281.6,607.759,155.25,199.62
2026-08-22T16:46:02.509666+00:00,Bayesian Optimization (GP-BO),2,86,4,64,256,64,8,ws,16,16056,4235,11821,4016,26.54,256.0,262.4,518.4,120.143,-49.54,199.62
2026-08-22T16:46:02.509666+00:00,Bayesian Optimization (GP-BO),2,87,64,16,8,32,256,ws,24,5576,1164,4412,1930,24.44,1024.0,236.8,1260.8,142.243,-40.26,199.62
2026-08-22T16:46:02.509666+00:00,Bayesian Optimization (GP-BO),2,88,4,64,8,8,256,os,4,299926,4126,295800,286066,25.07,256.0,217.6,473.6,7.04,-97.04,199.62
2026-08-22T16:46:02.509666+00:00,Bayesian Optimization (GP-BO),2,89,4,4,64,256,8,is,24,74662,19284,55378,0,81.34,16.0,262.4,278.4,48.11,-79.79,199.62
2026-08-22T16:46:02.509666+00:00,Bayesian Optimization (GP-BO),2,90,24,12,16,32,8,os,24,5691,2125,3566,0,61.78,288.0,44.8,332.8,527.993,121.75,199.62
2026-08-22T16:46:02.509666+00:00,Bayesian Optimization (GP-BO),2,91,24,8,32,8,64,os,32,11216,2526,8690,3860,51.78,192.0,83.2,275.2,323.977,36.07,199.62
2026-08-22T16:46:02.509666+00:00,Bayesian Optimization (GP-BO),2,92,8,12,8,16,16,os,16,13836,4478,9358,0,74.21,96.0,32.0,128.0,564.65,137.15,199.62
2026-08-22T16:46:02.509666+00:00,Bayesian Optimization (GP-BO),2,93,8,4,64,256,64,ws,4,52573,19710,32863,0,83.47,32.0,307.2,339.2,56.077,-76.45,199.62
2026-08-22T16:46:02.509666+00:00,Bayesian Optimization (GP-BO),2,94,4,64,128,16,8,is,4,66068,17639,48429,41390,6.76,256.0,121.6,377.6,40.085,-83.16,199.62
2026-08-22T16:46:02.509666+00:00,Bayesian Optimization (GP-BO),2,95,32,32,32,256,8,ws,32,2668,887,1781,0,47.54,1024.0,236.8,1260.8,297.282,24.86,199.62
2026-08-22T16:46:02.509666+00:00,Bayesian Optimization (GP-BO),2,96,4,12,256,8,64,ws,32,27908,9023,18885,0,74.2,48.0,262.4,310.4,115.438,-51.52,199.62
2026-08-22T16:46:02.509666+00:00,Bayesian Optimization (GP-BO),2,97,4,8,64,256,8,ws,32,33702,10239,23463,0,86.6,32.0,262.4,294.4,100.787,-57.67,199.62
2026-08-22T16:46:02.509666+00:00,Bayesian Optimization (GP-BO),2,98,12,8,16,8,8,ws,16,14046,5055,8991,0,71.65,96.0,25.6,121.6,585.482,145.9,199.62
2026-08-22T16:46:02.509666+00:00,Bayesian Optimization (GP-BO),2,99,16,16,16,8,16,ws,32,6034,2143,3891,0,67.01,256.0,32.0,288.0,575.443,141.68,199.62
2026-08-22T16:46:02.509666+00:00,Bayesian Optimization (GP-BO),2,100,4,16,16,8,16,os,16,18220,5758,12462,0,83.48,64.0,32.0,96.0,571.716,140.12,199.62
2026-08-22T16:46:02.509666+00:00,Bayesian Optimization (GP-BO),3,1,12,24,8,8,256,os,24,6737,2104,4633,0,52.79,288.0,217.6,505.6,293.58,23.3,23.3
2026-08-22T16:46:02.509666+00:00,Bayesian Optimization (GP-BO),3,2,64,8,128,128,16,is,32,11625,1838,9787,0,23.4,512.0,217.6,729.6,117.902,-50.48,23.3
2026-08-22T16:46:02.509666+00:00,Bayesian Optimization (GP-BO),3,3,48,8,128,16,64,is,24,11926,3252,8674,0,24.8,384.0,166.4,550.4,152.344,-36.02,23.3
2026-08-22T16:46:02.509666+00:00,Bayesian Optimization (GP-BO),3,4,8,12,256,64,8,os,8,16425,5022,11403,0,74.21,96.0,262.4,358.4,169.874,-28.65,23.3
2026-08-22T16:46:02.509666+00:00,Bayesian Optimization (GP-BO),3,5,16,64,8,128,8,is,16,26834,1467,25367,21585,19.61,1024.0,115.2,1139.2,32.713,-86.26,23.3
2026-08-22T16:46:02.509666+00:00,Bayesian Optimization (GP-BO),3,6,4,16,8,8,256,os,12,18318,5930,12388,0,83.48,64.0,217.6,281.6,193.86,-18.58,23.3
2026-08-22T16:46:02.509666+00:00,Bayesian Optimization (GP-BO),3,7,16,24,8,32,128,os,32,5128,1494,3634,0,54.29,384.0,134.4,518.4,376.172,57.99,57.99
2026-08-22T16:46:02.509666+00:00,Bayesian Optimization (GP-BO),3,8,24,16,8,32,128,os,32,3948,1478,2470,0,67.49,384.0,134.4,518.4,488.605,105.21,105.21
2026-08-22T16:46:02.509666+00:00,Bayesian Optimization (GP-BO),3,9,48,16,32,16,256,os,24,6758,1433,5325,3216,26.65,768.0,243.2,1011.2,146.334,-38.54,105.21
2026-08-22T16:46:02.509666+00:00,Bayesian Optimization (GP-BO),3,10,32,24,8,64,32,ws,32,4021,1298,2723,0,37.77,768.0,83.2,851.2,292.169,22.71,105.21
2026-08-22T16:46:02.509666+00:00,Bayesian Optimization (GP-BO),3,11,48,8,8,64,256,os,16,13324,2398,10926,7976,26.44,384.0,262.4,646.4,116.109,-51.24,105.21
2026-08-22T16:46:02.509666+00:00,Bayesian Optimization (GP-BO),3,12,16,12,8,16,128,is,32,12612,3182,9430,0,48.47,192.0,121.6,313.6,252.837,6.19,105.21
2026-08-22T16:46:02.509666+00:00,Bayesian Optimization (GP-BO),3,13,32,16,8,64,128,ws,32,4600,1518,3082,0,51.76,512.0,160.0,672.0,323.499,35.87,105.21
2026-08-22T16:46:02.509666+00:00,Bayesian Optimization (GP-BO),3,14,24,8,16,8,16,ws,16,9318,3375,5943,488,57.1,192.0,32.0,224.0,479.103,101.22,105.21
2026-08-22T16:46:02.509666+00:00,Bayesian Optimization (GP-BO),3,15,16,4,64,8,32,ws,16,22205,7550,14655,0,73.11,64.0,83.2,147.2,305.944,28.49,105.21
2026-08-22T16:46:02.509666+00:00,Bayesian Optimization (GP-BO),3,16,16,12,16,16,16,ws,24,8710,3076,5634,0,61.26,192.0,38.4,230.4,498.31,109.29,109.29
2026-08-22T16:46:02.509666+00:00,Bayesian Optimization (GP-BO),3,17,24,4,16,32,16,ws,24,15613,5833,9780,0,62.07,96.0,51.2,147.2,435.117,82.75,109.29
2026-08-22T16:46:02.509666+00:00,Bayesian Optimization (GP-BO),3,18,24,12,16,64,8,ws,16,7306,2739,4567,228,50.56,288.0,70.4,358.4,381.902,60.4,109.29
2026-08-22T16:46:02.509666+00:00,Bayesian Optimization (GP-BO),3,19,64,8,16,8,16,ws,16,12169,2094,10075,5876,23.21,512.0,32.0,544.0,151.059,-36.56,109.29
2026-08-22T16:46:02.509666+00:00,Bayesian Optimization (GP-BO),3,20,12,8,8,16,8,ws,24,13479,4852,8627,0,71.65,96.0,25.6,121.6,610.111,156.24,156.24
2026-08-22T16:46:02.509666+00:00,Bayesian Optimization (GP-BO),3,21,8,8,16,16,8,ws,24,18178,5844,12334,0,80.59,64.0,32.0,96.0,573.037,140.67,156.24
2026-08-22T16:46:02.509666+00:00,Bayesian Optimization (GP-BO),3,22,8,16,16,8,16,ws,16,10990,3775,7215,0,75.44,128.0,32.0,160.0,568.699,138.85,156.24
2026-08-22T16:46:02.509666+00:00,Bayesian Optimization (GP-BO),3,23,8,4,8,32,8,os,16,32477,9982,22495,0,90.0,32.0,38.4,70.4,437.372,83.69,156.24
2026-08-22T16:46:02.509666+00:00,Bayesian Optimization (GP-BO),3,24,16,12,8,8,32,ws,24,8950,3396,5554,0,61.26,192.0,38.4,230.4,484.947,103.67,156.24
2026-08-22T16:46:02.509666+00:00,Bayesian Optimization (GP-BO),3,25,12,12,8,16,8,ws,8,15965,4615,11350,4034,47.87,144.0,25.6,169.6,369.322,55.11,156.24
2026-08-22T16:46:02.509666+00:00,Bayesian Optimization (GP-BO),3,26,4,24,8,8,8,ws,32,17486,4767,12719,0,57.86,96.0,19.2,115.2,496.429,108.5,156.24
2026-08-22T16:46:02.509666+00:00,Bayesian Optimization (GP-BO),3,27,8,16,16,8,8,ws,24,10053,3348,6705,0,75.44,128.0,25.6,153.6,647.609,171.99,171.99
2026-08-22T16:46:02.509666+00:00,Bayesian Optimization (GP-BO),3,28,4,64,256,8,8,ws,16,16056,4235,11821,4016,26.54,256.0,217.6,473.6,131.508,-44.77,171.99
2026-08-22T16:46:02.509666+00:00,Bayesian Optimization (GP-BO),3,29,4,8,8,8,32,ws,24,34168,10836,23332,0,86.6,32.0,38.4,70.4,415.727,74.6,171.99
2026-08-22T16:46:02.509666+00:00,Bayesian Optimization (GP-BO),3,30,4,64,32,128,128,ws,32,13621,4318,9303,0,40.72,256.0,230.4,486.4,150.938,-36.61,171.99
2026-08-22T16:46:02.509666+00:00,Bayesian Optimization (GP-BO),3,31,4,4,64,8,8,os,16,62957,18430,44527,0,93.72,16.0,64.0,80.0,198.548,-16.61,171.99
2026-08-22T16:46:02.509666+00:00,Bayesian Optimization (GP-BO),3,32,16,16,16,8,8,ws,32,5778,2015,3763,0,67.01,256.0,25.6,281.6,614.596,158.13,171.99
2026-08-22T16:46:02.509666+00:00,Bayesian Optimization (GP-BO),3,33,8,4,16,128,16,ws,32,34494,10879,23615,0,83.47,32.0,128.0,160.0,181.191,-23.9,171.99
2026-08-22T16:46:02.509666+00:00,Bayesian Optimization (GP-BO),3,34,16,4,8,16,8,os,32,17325,5502,11823,0,83.48,64.0,25.6,89.6,644.197,170.56,171.99
2026-08-22T16:46:02.509666+00:00,Bayesian Optimization (GP-BO),3,35,16,64,8,8,8,os,16,18760,1078,17682,15292,24.45,1024.0,19.2,1043.2,51.097,-78.54,171.99
2026-08-22T16:46:02.509666+00:00,Bayesian Optimization (GP-BO),3,36,12,4,8,16,8,ws,16,26108,9151,16957,222,73.4,48.0,25.6,73.6,520.414,118.57,171.99
2026-08-22T16:46:02.509666+00:00,Bayesian Optimization (GP-BO),3,37,12,64,8,256,8,ws,4,23161,7409,15752,12591,7.56,768.0,217.6,985.6,43.807,-81.6,171.99
2026-08-22T16:46:02.509666+00:00,Bayesian Optimization (GP-BO),3,38,32,16,16,32,8,os,32,3305,1134,2171,0,63.25,512.0,44.8,556.8,543.412,128.23,171.99
2026-08-22T16:46:02.509666+00:00,Bayesian Optimization (GP-BO),3,39,4,12,16,16,8,os,32,25093,7758,17335,0,76.98,48.0,32.0,80.0,498.147,109.22,171.99
2026-08-22T16:46:02.509666+00:00,Bayesian Optimization (GP-BO),3,40,24,12,8,16,8,is,32,9186,2467,6719,0,38.51,288.0,25.6,313.6,347.134,45.79,171.99
2026-08-22T16:46:02.509666+00:00,Bayesian Optimization (GP-BO),3,41,24,4,8,8,32,os,24,15507,4660,10847,2326,64.57,96.0,38.4,134.4,479.814,101.52,171.99
2026-08-22T16:46:02.509666+00:00,Bayesian Optimization (GP-BO),3,42,48,16,8,256,16,os,32,3542,1262,2280,758,38.62,768.0,224.0,992.0,284.603,19.53,171.99
2026-08-22T16:46:02.509666+00:00,Bayesian Optimization (GP-BO),3,43,4,12,8,8,8,ws,32,25814,8127,17687,0,74.2,48.0,19.2,67.2,576.468,142.11,171.99
2026-08-22T16:46:02.509666+00:00,Bayesian Optimization (GP-BO),3,44,12,16,16,8,8,ws,16,7998,2991,5007,0,67.47,192.0,25.6,217.6,574.592,141.33,171.99
2026-08-22T16:46:02.509666+00:00,Bayesian Optimization (GP-BO),3,45,8,8,16,16,16,os,32,17020,5246,11774,0,86.61,64.0,38.4,102.4,573.774,140.98,171.99
2026-08-22T16:46:02.509666+00:00,Bayesian Optimization (GP-BO),3,46,16,16,8,8,16,os,32,5160,1758,3402,0,75.46,256.0,25.6,281.6,688.205,189.04,189.04
2026-08-22T16:46:02.509666+00:00,Bayesian Optimization (GP-BO),3,47,32,16,8,8,16,os,24,3535,1220,2315,54,62.3,512.0,25.6,537.6,526.201,121.0,189.04
2026-08-22T16:46:02.509666+00:00,Bayesian Optimization (GP-BO),3,48,24,16,32,16,32,os,32,5386,1494,3892,1054,54.6,384.0,64.0,448.0,414.434,74.06,189.04
2026-08-22T16:46:02.509666+00:00,Bayesian Optimization (GP-BO),3,49,24,12,16,8,8,os,32,5509,2034,3475,0,61.78,288.0,25.6,313.6,578.83,143.1,189.04
2026-08-22T16:46:02.509666+00:00,Bayesian Optimization (GP-BO),3,50,32,8,8,32,32,os,32,5812,1886,3926,0,67.01,256.0,57.6,313.6,548.654,130.43,189.04
2026-08-22T16:46:02.509666+00:00,Bayesian Optimization (GP-BO),3,51,32,8,128,8,8,is,4,154352,4191,150161,135158,24.79,256.0,115.2,371.2,17.453,-92.67,189.04
2026-08-22T16:46:02.509666+00:00,Bayesian Optimization (GP-BO),3,52,64,4,128,128,128,os,4,17228,4126,13102,0,50.35,256.0,307.2,563.2,103.063,-56.71,189.04
2026-08-22T16:46:02.509666+00:00,Bayesian Optimization (GP-BO),3,53,12,16,32,8,16,ws,32,7918,2847,5071,0,67.47,192.0,44.8,236.8,533.338,124.0,189.04
2026-08-22T16:46:02.509666+00:00,Bayesian Optimization (GP-BO),3,54,24,4,32,32,8,os,32,22427,4590,17837,9150,51.58,96.0,57.6,153.6,290.294,21.92,189.04
2026-08-22T16:46:02.509666+00:00,Bayesian Optimization (GP-BO),3,55,12,4,8,64,256,os,32,23196,7742,15454,0,82.04,48.0,262.4,310.4,138.888,-41.67,189.04
2026-08-22T16:46:02.509666+00:00,Bayesian Optimization (GP-BO),3,56,4,64,128,8,16,is,32,14470,2527,11943,0,35.66,256.0,121.6,377.6,183.02,-23.13,189.04
2026-08-22T16:46:02.509666+00:00,Bayesian Optimization (GP-BO),3,57,12,16,8,16,32,os,24,6962,2500,4462,0,73.98,192.0,44.8,236.8,606.575,154.76,189.04
2026-08-22T16:46:02.509666+00:00,Bayesian Optimization (GP-BO),3,58,32,4,8,32,8,os,32,10669,3390,7279,0,69.07,128.0,38.4,166.4,563.278,136.57,189.04
2026-08-22T16:46:02.509666+00:00,Bayesian Optimization (GP-BO),3,59,12,12,8,32,8,ws,32,10432,3799,6633,0,61.77,144.0,38.4,182.4,525.542,120.72,189.04
2026-08-22T16:46:02.509666+00:00,Bayesian Optimization (GP-BO),3,60,4,4,64,16,128,ws,4,94589,36350,58239,0,90.0,16.0,166.4,182.4,57.961,-75.66,189.04
2026-08-22T16:46:02.509666+00:00,Bayesian Optimization (GP-BO),3,61,12,48,64,64,256,is,4,31964,9286,22678,0,29.85,576.0,307.2,883.2,35.423,-85.12,189.04
2026-08-22T16:46:02.509666+00:00,Bayesian Optimization (GP-BO),3,62,16,8,8,8,8,ws,16,13527,3775,9752,2757,59.23,128.0,19.2,147.2,502.216,110.93,189.04
2026-08-22T16:46:02.509666+00:00,Bayesian Optimization (GP-BO),3,63,4,12,8,8,64,os,32,25076,7742,17334,0,76.98,48.0,64.0,112.0,356.06,49.54,189.04
2026-08-22T16:46:02.509666+00:00,Bayesian Optimization (GP-BO),3,64,12,12,16,8,16,os,24,9965,3457,6508,0,67.97,144.0,32.0,176.0,570.177,139.47,189.04
2026-08-22T16:46:02.509666+00:00,Bayesian Optimization (GP-BO),3,65,4,4,16,8,8,ws,32,63870,19199,44671,0,90.0,16.0,25.6,41.6,376.365,58.07,189.04
2026-08-22T16:46:02.509666+00:00,Bayesian Optimization (GP-BO),3,66,64,12,256,64,64,ws,32,5314,1482,3832,0,31.12,768.0,307.2,1075.2,175.021,-26.49,189.04
2026-08-22T16:46:02.509666+00:00,Bayesian Optimization (GP-BO),3,67,4,8,8,128,16,is,16,40997,10751,30246,0,75.81,32.0,121.6,153.6,158.802,-33.3,189.04
2026-08-22T16:46:02.509666+00:00,Bayesian Optimization (GP-BO),3,68,12,4,8,16,32,os,32,23196,7742,15454,0,82.04,48.0,44.8,92.8,464.557,95.11,189.04
2026-08-22T16:46:02.509666+00:00,Bayesian Optimization (GP-BO),3,69,4,4,8,8,8,is,32,73822,19199,54623,0,81.34,16.0,19.2,35.2,384.832,61.63,189.04
2026-08-22T16:46:02.509666+00:00,Bayesian Optimization (GP-BO),3,70,16,12,8,16,8,os,24,7391,2521,4870,44,68.92,192.0,25.6,217.6,621.782,161.14,189.04
2026-08-22T16:46:02.509666+00:00,Bayesian Optimization (GP-BO),3,71,64,8,8,64,8,ws,4,56745,3630,53115,48244,17.43,512.0,64.0,576.0,30.595,-87.15,189.04
2026-08-22T16:46:02.509666+00:00,Bayesian Optimization (GP-BO),3,72,8,64,16,8,64,ws,32,7081,2286,4795,0,38.78,512.0,70.4,582.4,242.485,1.84,189.04
2026-08-22T16:46:02.509666+00:00,Bayesian Optimization (GP-BO),3,73,24,4,8,16,16,os,32,13020,4574,8446,0,73.97,96.0,32.0,128.0,600.038,152.01,189.04
2026-08-22T16:46:02.509666+00:00,Bayesian Optimization (GP-BO),3,74,64,16,8,8,64,os,32,3228,822,2406,804,37.75,1024.0,64.0,1088.0,284.733,19.59,189.04
2026-08-22T16:46:02.509666+00:00,Bayesian Optimization (GP-BO),3,75,16,16,32,8,8,ws,32,6034,2015,4019,0,67.01,256.0,38.4,294.4,562.933,136.43,189.04
2026-08-22T16:46:02.509666+00:00,Bayesian Optimization (GP-BO),3,76,8,12,8,8,8,os,16,13481,4446,9035,0,74.21,96.0,19.2,115.2,643.91,170.44,189.04
2026-08-22T16:46:02.509666+00:00,Bayesian Optimization (GP-BO),3,77,8,16,16,8,8,os,16,9781,3262,6519,0,80.6,128.0,25.6,153.6,665.619,179.56,189.04
2026-08-22T16:46:02.509666+00:00,Bayesian Optimization (GP-BO),3,78,32,32,64,32,8,ws,32,2876,887,1989,0,47.54,1024.0,83.2,1107.2,314.04,31.89,189.04
2026-08-22T16:46:02.509666+00:00,Bayesian Optimization (GP-BO),3,79,48,16,256,16,8,ws,4,12137,3951,8186,71,39.37,768.0,224.0,992.0,83.057,-65.12,189.04
2026-08-22T16:46:02.509666+00:00,Bayesian Optimization (GP-BO),3,80,8,16,16,8,8,os,8,10837,3774,7063,0,80.6,128.0,25.6,153.6,600.758,152.31,189.04
2026-08-22T16:46:02.509666+00:00,Bayesian Optimization (GP-BO),3,81,4,12,16,8,16,os,4,29796,9534,20262,0,76.98,48.0,32.0,80.0,419.519,76.2,189.04
2026-08-22T16:46:02.509666+00:00,Bayesian Optimization (GP-BO),3,82,12,12,8,16,8,os,12,11572,3820,7752,1303,61.07,144.0,25.6,169.6,509.525,114.0,189.04
2026-08-22T16:46:02.509666+00:00,Bayesian Optimization (GP-BO),3,83,24,12,8,32,16,os,24,6171,2125,4046,436,57.47,288.0,44.8,332.8,486.924,104.5,189.04
2026-08-22T16:46:02.509666+00:00,Bayesian Optimization (GP-BO),3,84,4,24,16,16,8,os,8,18733,5406,13327,0,59.85,96.0,32.0,128.0,417.045,75.16,189.04
2026-08-22T16:46:02.509666+00:00,Bayesian Optimization (GP-BO),3,85,12,12,8,8,8,ws,24,10530,3868,6662,0,61.77,144.0,19.2,163.2,581.904,144.4,189.04
2026-08-22T16:46:02.509666+00:00,Bayesian Optimization (GP-BO),3,86,24,12,8,8,16,ws,32,6310,2451,3859,0,52.43,288.0,25.6,313.6,505.353,112.24,189.04
2026-08-22T16:46:02.509666+00:00,Bayesian Optimization (GP-BO),3,87,12,16,16,8,8,ws,32,7406,2719,4687,0,67.47,192.0,25.6,217.6,620.522,160.62,189.04
2026-08-22T16:46:02.509666+00:00,Bayesian Optimization (GP-BO),3,88,4,16,16,32,8,ws,12,20724,6185,14539,1417,76.0,64.0,44.8,108.8,443.504,86.27,189.04
2026-08-22T16:46:02.509666+00:00,Bayesian Optimization (GP-BO),3,89,8,24,8,8,8,os,16,9317,2766,6551,0,57.86,192.0,19.2,211.2,508.195,113.44,189.04
2026-08-22T16:46:02.509666+00:00,Bayesian Optimization (GP-BO),3,90,8,24,8,8,32,os,12,9926,2938,6988,0,57.86,192.0,38.4,230.4,437.264,83.65,189.04
2026-08-22T16:46:02.509666+00:00,Bayesian Optimization (GP-BO),3,91,4,4,16,256,8,is,4,77982,20991,56991,0,81.34,16.0,224.0,240.0,53.431,-77.56,189.04
2026-08-22T16:46:02.509666+00:00,Bayesian Optimization (GP-BO),3,92,12,4,8,8,16,os,4,73874,9534,64340,46998,47.59,48.0,25.6,73.6,183.921,-22.75,189.04
2026-08-22T16:46:02.509666+00:00,Bayesian Optimization (GP-BO),3,93,64,8,8,16,8,ws,32,8560,1838,6722,3195,26.1,512.0,25.6,537.6,217.304,-8.73,189.04
2026-08-22T16:46:02.509666+00:00,Bayesian Optimization (GP-BO),3,94,4,12,8,8,8,os,16,25349,7998,17351,0,76.98,48.0,19.2,67.2,587.043,146.55,189.04
2026-08-22T16:46:02.509666+00:00,Bayesian Optimization (GP-BO),3,95,12,8,8,16,16,ws,32,13582,4895,8687,0,71.65,96.0,32.0,128.0,575.21,141.58,189.04
2026-08-22T16:46:02.509666+00:00,Bayesian Optimization (GP-BO),3,96,4,32,256,8,8,is,4,64806,17709,47097,38576,13.51,128.0,217.6,345.6,44.649,-81.25,189.04
2026-08-22T16:46:02.509666+00:00,Bayesian Optimization (GP-BO),3,97,16,8,8,8,8,os,24,9781,3092,6689,522,77.12,128.0,19.2,147.2,694.559,191.71,191.71
2026-08-22T16:46:02.509666+00:00,Bayesian Optimization (GP-BO),3,98,12,64,64,64,256,is,32,8648,1810,6838,0,29.16,768.0,307.2,1075.2,107.546,-54.83,191.71
2026-08-22T16:46:02.509666+00:00,Bayesian Optimization (GP-BO),3,99,4,16,64,8,16,ws,12,22109,6527,15582,1055,77.07,64.0,70.4,134.4,336.536,41.34,191.71
2026-08-22T16:46:02.509666+00:00,Bayesian Optimization (GP-BO),3,100,12,16,8,8,16,os,32,6764,2414,4350,0,73.98,192.0,25.6,217.6,679.419,185.35,191.71
2026-08-22T16:46:02.509666+00:00,Bayesian Optimization (GP-BO),4,1,12,16,128,64,64,is,4,28117,9742,18375,0,50.76,192.0,204.8,396.8,89.631,-62.36,-62.36
2026-08-22T16:46:02.509666+00:00,Bayesian Optimization (GP-BO),4,2,16,8,32,128,32,ws,8,20085,5822,14263,4576,54.68,128.0,153.6,281.6,176.805,-25.74,-25.74
2026-08-22T16:46:02.509666+00:00,Bayesian Optimization (GP-BO),4,3,8,4,64,64,16,os,12,34440,10154,24286,0,90.0,32.0,115.2,147.2,197.255,-17.15,-17.15
2026-08-22T16:46:02.509666+00:00,Bayesian Optimization (GP-BO),4,4,24,8,16,128,32,ws,4,32589,7054,25535,15920,32.47,192.0,140.8,332.8,92.203,-61.28,-17.15
2026-08-22T16:46:02.509666+00:00,Bayesian Optimization (GP-BO),4,5,32,12,16,64,64,ws,16,8322,2454,5868,648,42.68,384.0,115.2,499.2,240.712,1.1,1.1
2026-08-22T16:46:02.509666+00:00,Bayesian Optimization (GP-BO),4,6,12,4,32,32,32,ws,24,26429,9172,17257,0,73.96,48.0,76.8,124.8,303.183,27.33,27.33
2026-08-22T16:46:02.509666+00:00,Bayesian Optimization (GP-BO),4,7,16,4,32,16,128,ws,32,21532,6910,14622,0,73.11,64.0,140.8,204.8,226.77,-4.76,27.33
2026-08-22T16:46:02.509666+00:00,Bayesian Optimization (GP-BO),4,8,12,4,32,64,8,ws,32,25806,8911,16895,0,73.96,48.0,83.2,131.2,295.356,24.05,27.33
2026-08-22T16:46:02.509666+00:00,Bayesian Optimization (GP-BO),4,9,12,12,64,16,16,ws,32,11174,3927,7247,0,61.77,144.0,76.8,220.8,405.315,70.23,70.23
2026-08-22T16:46:02.509666+00:00,Bayesian Optimization (GP-BO),4,10,24,12,256,16,8,ws,32,6846,2467,4379,0,52.43,288.0,224.0,512.0,285.294,19.82,70.23
2026-08-22T16:46:02.509666+00:00,Bayesian Optimization (GP-BO),4,11,12,16,8,16,8,ws,24,7431,2788,4643,0,67.47,192.0,25.6,217.6,618.435,159.74,159.74
2026-08-22T16:46:02.509666+00:00,Bayesian Optimization (GP-BO),4,12,24,24,16,8,16,ws,32,4396,1477,2919,0,41.32,576.0,32.0,608.0,374.144,57.14,159.74
2026-08-22T16:46:02.509666+00:00,Bayesian Optimization (GP-BO),4,13,8,32,32,8,8,ws,16,8712,2540,6172,1419,55.78,256.0,38.4,294.4,389.892,63.75,159.74
2026-08-22T16:46:02.509666+00:00,Bayesian Optimization (GP-BO),4,14,8,16,16,8,8,ws,24,10053,3348,6705,0,75.44,128.0,25.6,153.6,647.609,171.99,171.99
2026-08-22T16:46:02.509666+00:00,Bayesian Optimization (GP-BO),4,15,8,12,32,16,8,ws,32,14314,4591,9723,0,69.26,96.0,44.8,140.8,496.177,108.39,171.99
2026-08-22T16:46:02.509666+00:00,Bayesian Optimization (GP-BO),4,16,12,32,8,16,32,ws,24,4923,1927,2996,0,60.5,384.0,44.8,428.8,473.713,98.96,171.99
2026-08-22T16:46:02.509666+00:00,Bayesian Optimization (GP-BO),4,17,8,12,8,16,8,os,32,13131,4206,8925,0,74.21,96.0,25.6,121.6,626.28,163.03,171.99
2026-08-22T16:46:02.509666+00:00,Bayesian Optimization (GP-BO),4,18,4,4,16,16,8,os,32,61645,18174,43471,0,93.72,16.0,32.0,48.0,337.957,41.94,171.99
2026-08-22T16:46:02.509666+00:00,Bayesian Optimization (GP-BO),4,19,8,8,16,8,16,ws,24,18519,6015,12504,0,80.59,64.0,32.0,96.0,562.485,136.24,171.99
2026-08-22T16:46:02.509666+00:00,Bayesian Optimization (GP-BO),4,20,12,4,8,8,8,ws,32,25406,8895,16511,0,73.96,48.0,19.2,67.2,585.726,146.0,171.99
2026-08-22T16:46:02.509666+00:00,Bayesian Optimization (GP-BO),4,21,16,8,8,8,8,is,16,40116,3775,36341,24714,38.57,128.0,19.2,147.2,169.346,-28.88,171.99
2026-08-22T16:46:02.509666+00:00,Bayesian Optimization (GP-BO),4,22,8,24,8,16,8,ws,24,9689,2809,6880,0,54.28,192.0,25.6,217.6,474.31,99.21,171.99
2026-08-22T16:46:02.509666+00:00,Bayesian Optimization (GP-BO),4,23,16,24,16,64,16,os,32,5168,1494,3674,0,54.29,384.0,76.8,460.8,419.919,76.36,171.99
2026-08-22T16:46:02.509666+00:00,Bayesian Optimization (GP-BO),4,24,4,12,8,32,16,os,24,25319,7849,17470,0,76.98,48.0,44.8,92.8,425.604,78.75,171.99
2026-08-22T16:46:02.509666+00:00,Bayesian Optimization (GP-BO),4,25,32,8,8,8,8,os,32,5669,1886,3783,0,67.01,256.0,19.2,275.2,640.981,169.21,171.99
2026-08-22T16:46:02.509666+00:00,Bayesian Optimization (GP-BO),4,26,24,16,8,8,8,ws,12,6292,2194,4098,1030,47.27,384.0,19.2,403.2,394.177,65.55,171.99
2026-08-22T16:46:02.509666+00:00,Bayesian Optimization (GP-BO),4,27,32,12,8,8,8,ws,32,5388,1911,3477,0,47.05,384.0,19.2,403.2,460.312,93.33,171.99
2026-08-22T16:46:02.509666+00:00,Bayesian Optimization (GP-BO),4,28,24,8,8,8,8,os,24,7451,2596,4855,488,67.33,192.0,19.2,211.2,635.465,166.89,171.99
2026-08-22T16:46:02.509666+00:00,Bayesian Optimization (GP-BO),4,29,4,64,8,64,8,is,32,13622,2399,11223,0,35.66,256.0,64.0,320.0,229.408,-3.65,171.99
2026-08-22T16:46:02.509666+00:00,Bayesian Optimization (GP-BO),4,30,8,64,128,8,64,os,32,20302,1326,18976,14334,27.47,512.0,160.0,672.0,73.298,-69.22,171.99
2026-08-22T16:46:02.509666+00:00,Bayesian Optimization (GP-BO),4,31,8,8,8,8,8,os,24,16899,5332,11567,0,86.61,64.0,19.2,83.2,711.239,198.72,198.72
2026-08-22T16:46:02.509666+00:00,Bayesian Optimization (GP-BO),4,32,4,4,8,8,256,is,12,126270,24746,101524,43850,64.34,16.0,217.6,233.6,33.902,-85.76,198.72
2026-08-22T16:46:02.509666+00:00,Bayesian Optimization (GP-BO),4,33,48,4,16,256,8,is,16,20470,5823,14647,0,25.48,192.0,224.0,416.0,117.433,-50.68,198.72
2026-08-22T16:46:02.509666+00:00,Bayesian Optimization (GP-BO),4,34,8,16,16,8,16,ws,16,10990,3775,7215,0,75.44,128.0,32.0,160.0,568.699,138.85,198.72
2026-08-22T16:46:02.509666+00:00,Bayesian Optimization (GP-BO),4,35,16,4,16,8,16,os,32,17564,5502,12062,0,83.48,64.0,32.0,96.0,593.069,149.09,198.72
2026-08-22T16:46:02.509666+00:00,Bayesian Optimization (GP-BO),4,36,8,64,8,8,128,ws,8,17615,5742,11873,0,38.78,512.0,115.2,627.2,90.513,-61.99,198.72
2026-08-22T16:46:02.509666+00:00,Bayesian Optimization (GP-BO),4,37,32,16,8,8,8,os,24,3365,1220,2145,54,62.3,512.0,19.2,531.2,559.444,134.96,198.72
2026-08-22T16:46:02.509666+00:00,Bayesian Optimization (GP-BO),4,38,4,12,16,8,16,os,16,25860,7998,17862,0,76.98,48.0,32.0,80.0,483.372,103.01,198.72
2026-08-22T16:46:02.509666+00:00,Bayesian Optimization (GP-BO),4,39,48,16,64,8,8,os,32,3297,1326,1971,0,51.93,768.0,64.0,832.0,364.551,53.11,198.72
2026-08-22T16:46:02.509666+00:00,Bayesian Optimization (GP-BO),4,40,64,16,8,16,128,is,32,6442,1078,5364,44,22.39,1024.0,121.6,1145.6,135.502,-43.09,198.72
2026-08-22T16:46:02.509666+00:00,Bayesian Optimization (GP-BO),4,41,4,16,8,8,64,os,32,17436,5502,11934,0,83.48,64.0,64.0,128.0,448.067,88.19,198.72
2026-08-22T16:46:02.509666+00:00,Bayesian Optimization (GP-BO),4,42,4,4,16,16,8,ws,16,64446,19455,44991,0,90.0,16.0,32.0,48.0,323.268,35.77,198.72
2026-08-22T16:46:02.509666+00:00,Bayesian Optimization (GP-BO),4,43,12,64,256,32,8,ws,4,25843,7537,18306,12265,7.66,768.0,236.8,1004.8,38.51,-83.83,198.72
2026-08-22T16:46:02.509666+00:00,Bayesian Optimization (GP-BO),4,44,16,8,256,32,64,is,32,16161,3902,12259,0,54.24,128.0,281.6,409.6,151.068,-36.55,198.72
2026-08-22T16:46:02.509666+00:00,Bayesian Optimization (GP-BO),4,45,16,4,8,16,16,os,24,19518,5588,13930,1884,77.3,64.0,32.0,96.0,533.695,124.15,198.72
2026-08-22T16:46:02.509666+00:00,Bayesian Optimization (GP-BO),4,46,4,48,16,256,32,ws,32,12278,4479,7799,0,42.33,192.0,243.2,435.2,187.147,-21.4,198.72
2026-08-22T16:46:02.509666+00:00,Bayesian Optimization (GP-BO),4,47,32,4,8,8,8,ws,24,13176,4500,8676,0,55.48,128.0,19.2,147.2,515.595,116.55,198.72
2026-08-22T16:46:02.509666+00:00,Bayesian Optimization (GP-BO),4,48,8,16,8,8,16,ws,24,10224,3519,6705,0,75.44,128.0,25.6,153.6,636.778,167.44,198.72
2026-08-22T16:46:02.509666+00:00,Bayesian Optimization (GP-BO),4,49,64,16,16,32,8,os,32,3223,822,2401,798,37.79,1024.0,44.8,1068.8,290.297,21.92,198.72
2026-08-22T16:46:02.509666+00:00,Bayesian Optimization (GP-BO),4,50,12,12,16,8,16,ws,32,10782,3927,6855,0,61.77,144.0,32.0,176.0,526.973,121.33,198.72
2026-08-22T16:46:02.509666+00:00,Bayesian Optimization (GP-BO),4,51,12,32,8,8,8,os,32,13543,1526,12017,9642,34.13,384.0,19.2,403.2,183.132,-23.09,198.72
2026-08-22T16:46:02.509666+00:00,Bayesian Optimization (GP-BO),4,52,16,12,16,16,8,os,24,7473,2521,4952,0,69.27,192.0,32.0,224.0,597.389,150.9,198.72
2026-08-22T16:46:02.509666+00:00,Bayesian Optimization (GP-BO),4,53,48,4,64,8,8,ws,16,13022,5823,7199,0,42.93,192.0,64.0,256.0,299.973,25.99,198.72
2026-08-22T16:46:02.509666+00:00,Bayesian Optimization (GP-BO),4,54,8,48,8,128,8,is,4,48891,9507,39384,36297,7.64,384.0,115.2,499.2,40.973,-82.79,198.72
2026-08-22T16:46:02.509666+00:00,Bayesian Optimization (GP-BO),4,55,16,4,256,16,64,ws,4,34893,11390,23503,0,73.11,64.0,268.8,332.8,86.115,-63.83,198.72
2026-08-22T16:46:02.509666+00:00,Bayesian Optimization (GP-BO),4,56,12,8,8,8,16,os,16,13025,4446,8579,261,77.7,96.0,25.6,121.6,631.377,165.17,198.72
2026-08-22T16:46:02.509666+00:00,Bayesian Optimization (GP-BO),4,57,32,32,8,256,16,ws,16,3499,1398,2101,208,43.48,1024.0,224.0,1248.0,229.003,-3.82,198.72
2026-08-22T16:46:02.509666+00:00,Bayesian Optimization (GP-BO),4,58,8,12,8,16,8,ws,16,14486,4863,9623,0,69.26,96.0,25.6,121.6,567.699,138.43,198.72
2026-08-22T16:46:02.509666+00:00,Bayesian Optimization (GP-BO),4,59,24,4,256,8,8,is,4,307074,7519,299555,275892,26.13,96.0,217.6,313.6,10.384,-95.64,198.72
2026-08-22T16:46:02.509666+00:00,Bayesian Optimization (GP-BO),4,60,8,8,8,8,8,ws,24,18007,5844,12163,0,80.59,64.0,19.2,83.2,667.475,180.34,198.72
2026-08-22T16:46:02.509666+00:00,Bayesian Optimization (GP-BO),4,61,12,12,8,16,16,ws,32,10688,3927,6761,0,61.77,144.0,32.0,176.0,531.607,123.27,198.72
2026-08-22T16:46:02.509666+00:00,Bayesian Optimization (GP-BO),4,62,16,12,8,8,8,ws,16,10131,3055,7076,1615,52.88,192.0,19.2,211.2,467.362,96.29,198.72
2026-08-22T16:46:02.509666+00:00,Bayesian Optimization (GP-BO),4,63,24,16,16,8,16,os,32,4076,1494,2582,0,67.49,384.0,32.0,416.0,589.756,147.69,198.72
2026-08-22T16:46:02.509666+00:00,Bayesian Optimization (GP-BO),4,64,64,8,8,16,256,ws,4,59816,3630,56186,48244,17.43,512.0,224.0,736.0,22.715,-90.46,198.72
2026-08-22T16:46:02.509666+00:00,Bayesian Optimization (GP-BO),4,65,16,12,8,32,16,os,24,7561,2521,5040,44,68.92,192.0,44.8,236.8,558.52,134.58,198.72
2026-08-22T16:46:02.509666+00:00,Bayesian Optimization (GP-BO),4,66,64,16,8,8,32,os,16,5650,1078,4572,2698,30.62,1024.0,38.4,1062.4,166.596,-30.03,198.72
2026-08-22T16:46:02.509666+00:00,Bayesian Optimization (GP-BO),4,67,16,64,8,64,256,is,16,29707,1910,27797,21517,21.59,1024.0,262.4,1286.4,26.168,-89.01,198.72
2026-08-22T16:46:02.509666+00:00,Bayesian Optimization (GP-BO),4,68,8,12,8,8,8,os,16,13481,4446,9035,0,74.21,96.0,19.2,115.2,643.91,170.44,198.72
2026-08-22T16:46:02.509666+00:00,Bayesian Optimization (GP-BO),4,69,4,16,16,8,16,ws,24,18515,6015,12500,0,80.59,64.0,32.0,96.0,562.607,136.29,198.72
2026-08-22T16:46:02.509666+00:00,Bayesian Optimization (GP-BO),4,70,64,16,64,8,256,is,4,80538,2870,77668,64332,16.02,1024.0,262.4,1286.4,9.652,-95.95,198.72
2026-08-22T16:46:02.509666+00:00,Bayesian Optimization (GP-BO),4,71,4,32,8,32,256,ws,32,14859,5438,9421,0,70.95,128.0,236.8,364.8,184.483,-22.52,198.72
2026-08-22T16:46:02.509666+00:00,Bayesian Optimization (GP-BO),4,72,32,4,16,8,8,os,24,11716,3476,8240,758,65.57,128.0,25.6,153.6,555.686,133.38,198.72
2026-08-22T16:46:02.509666+00:00,Bayesian Optimization (GP-BO),4,73,8,8,8,16,32,os,32,16908,5246,11662,0,86.61,64.0,44.8,108.8,543.599,128.31,198.72
2026-08-22T16:46:02.509666+00:00,Bayesian Optimization (GP-BO),4,74,64,8,8,256,8,ws,32,8560,1838,6722,3195,26.1,512.0,217.6,729.6,160.118,-32.75,198.72
2026-08-22T16:46:02.509666+00:00,Bayesian Optimization (GP-BO),4,75,8,4,8,8,32,ws,32,34826,11135,23691,0,83.47,32.0,38.4,70.4,407.872,71.3,198.72
2026-08-22T16:46:02.509666+00:00,Bayesian Optimization (GP-BO),4,76,16,8,16,8,8,os,24,9430,3092,6338,0,80.6,128.0,25.6,153.6,690.394,189.96,198.72
2026-08-22T16:46:02.509666+00:00,Bayesian Optimization (GP-BO),4,77,8,12,128,128,64,ws,32,15857,5486,10371,0,69.26,96.0,256.0,352.0,179.158,-24.75,198.72
2026-08-22T16:46:02.509666+00:00,Bayesian Optimization (GP-BO),4,78,12,12,8,8,8,os,24,9603,3436,6167,0,67.97,144.0,19.2,163.2,638.077,167.99,198.72
2026-08-22T16:46:02.509666+00:00,Bayesian Optimization (GP-BO),4,79,4,64,8,256,16,ws,4,59966,17717,42249,40136,7.53,256.0,224.0,480.0,34.742,-85.41,198.72
2026-08-22T16:46:02.509666+00:00,Bayesian Optimization (GP-BO),4,80,12,4,16,8,8,os,32,23197,7758,15439,0,82.04,48.0,25.6,73.6,585.72,146.0,198.72
2026-08-22T16:46:02.509666+00:00,Bayesian Optimization (GP-BO),4,81,48,4,32,8,8,is,32,42990,5439,37551,22952,17.84,192.0,38.4,230.4,100.96,-57.6,198.72
2026-08-22T16:46:02.509666+00:00,Bayesian Optimization (GP-BO),4,82,4,4,8,256,32,os,32,61660,18174,43486,0,93.72,16.0,236.8,252.8,64.153,-73.06,198.72
2026-08-22T16:46:02.509666+00:00,Bayesian Optimization (GP-BO),4,83,4,12,8,8,16,os,32,25076,7742,17334,0,76.98,48.0,25.6,73.6,541.831,127.57,198.72
2026-08-22T16:46:02.509666+00:00,Bayesian Optimization (GP-BO),4,84,4,4,8,8,32,os,24,61821,18260,43561,0,93.72,16.0,38.4,54.4,297.348,24.88,198.72
2026-08-22T16:46:02.509666+00:00,Bayesian Optimization (GP-BO),4,85,64,4,8,8,8,is,4,300751,5150,295601,276698,16.94,256.0,19.2,275.2,12.082,-94.93,198.72
2026-08-22T16:46:02.509666+00:00,Bayesian Optimization (GP-BO),4,86,4,32,256,64,8,is,32,16902,3519,13383,0,51.96,128.0,262.4,390.4,151.549,-36.35,198.72
2026-08-22T16:46:02.509666+00:00,Bayesian Optimization (GP-BO),4,87,16,8,16,8,16,os,24,9600,3092,6508,0,80.6,128.0,32.0,160.0,651.042,173.43,198.72
2026-08-22T16:46:02.509666+00:00,Bayesian Optimization (GP-BO),4,88,64,16,16,32,256,ws,32,4488,1078,3410,1008,27.45,1024.0,243.2,1267.2,175.834,-26.15,198.72
2026-08-22T16:46:02.509666+00:00,Bayesian Optimization (GP-BO),4,89,8,8,8,16,8,os,8,20107,6014,14093,2078,79.57,64.0,25.6,89.6,555.066,133.12,198.72
2026-08-22T16:46:02.509666+00:00,Bayesian Optimization (GP-BO),4,90,16,8,8,8,32,ws,16,14650,4542,10108,2757,59.23,128.0,38.4,166.4,410.213,72.29,198.72
2026-08-22T16:46:02.509666+00:00,Bayesian Optimization (GP-BO),4,91,16,12,8,8,8,ws,4,33719,5724,27995,21107,32.38,192.0,19.2,211.2,140.421,-41.02,198.72
2026-08-22T16:46:02.509666+00:00,Bayesian Optimization (GP-BO),4,92,4,4,256,8,8,is,32,74342,19199,55143,0,81.34,16.0,217.6,233.6,57.583,-75.82,198.72
2026-08-22T16:46:02.509666+00:00,Bayesian Optimization (GP-BO),4,93,12,12,32,8,16,os,32,9996,3366,6630,0,67.97,144.0,44.8,188.8,529.873,122.54,198.72
2026-08-22T16:46:02.509666+00:00,Bayesian Optimization (GP-BO),4,94,16,24,128,128,8,ws,24,6292,1777,4515,0,48.37,384.0,211.2,595.2,267.023,12.15,198.72
2026-08-22T16:46:02.509666+00:00,Bayesian Optimization (GP-BO),4,95,32,4,32,16,8,ws,32,13866,4415,9451,460,53.88,128.0,44.8,172.8,417.354,75.29,198.72
2026-08-22T16:46:02.509666+00:00,Bayesian Optimization (GP-BO),4,96,4,48,256,32,8,ws,32,11934,4095,7839,0,42.33,192.0,236.8,428.8,195.416,-17.93,198.72
2026-08-22T16:46:02.509666+00:00,Bayesian Optimization (GP-BO),4,97,4,12,16,16,8,os,12,26000,8212,17788,0,76.98,48.0,32.0,80.0,480.769,101.92,198.72
2026-08-22T16:46:02.509666+00:00,Bayesian Optimization (GP-BO),4,98,64,4,8,32,8,ws,16,30064,3614,26450,19491,21.47,256.0,38.4,294.4,112.984,-52.55,198.72
2026-08-22T16:46:02.509666+00:00,Bayesian Optimization (GP-BO),4,99,64,4,256,64,8,os,4,16631,4126,12505,0,50.35,256.0,262.4,518.4,115.989,-51.29,198.72
2026-08-22T16:46:02.509666+00:00,Bayesian Optimization (GP-BO),4,100,64,16,128,8,128,ws,32,4088,1078,3010,0,34.44,1024.0,211.2,1235.2,198.04,-16.82,198.72
2026-08-22T16:46:02.509666+00:00,Bayesian Optimization (GP-BO),5,1,12,32,32,64,64,ws,16,8045,3238,4807,0,60.5,384.0,128.0,512.0,242.775,1.96,1.96
2026-08-22T16:46:02.509666+00:00,Bayesian Optimization (GP-BO),5,2,16,48,8,256,32,os,16,4218,1646,2572,0,40.26,768.0,236.8,1004.8,235.947,-0.9,1.96
2026-08-22T16:46:02.509666+00:00,Bayesian Optimization (GP-BO),5,3,48,4,64,16,32,ws,24,13026,5780,7246,0,42.93,192.0,89.6,281.6,272.619,14.5,14.5
2026-08-22T16:46:02.509666+00:00,Bayesian Optimization (GP-BO),5,4,4,12,32,16,128,os,8,34540,8574,25966,6280,66.08,48.0,140.8,188.8,153.347,-35.6,14.5
2026-08-22T16:46:02.509666+00:00,Bayesian Optimization (GP-BO),5,5,32,8,16,8,16,ws,12,11285,3167,8118,2602,42.73,256.0,32.0,288.0,307.685,29.23,29.23
2026-08-22T16:46:02.509666+00:00,Bayesian Optimization (GP-BO),5,6,24,4,16,32,8,ws,8,28736,6559,22177,11458,41.6,96.0,44.8,140.8,247.156,3.8,29.23
2026-08-22T16:46:02.509666+00:00,Bayesian Optimization (GP-BO),5,7,64,12,8,8,8,ws,16,11152,1722,9430,6541,18.85,768.0,19.2,787.2,113.91,-52.16,29.23
2026-08-22T16:46:02.509666+00:00,Bayesian Optimization (GP-BO),5,8,12,8,16,8,32,ws,32,13710,4911,8799,0,71.65,96.0,44.8,140.8,518.036,117.57,117.57
2026-08-22T16:46:02.509666+00:00,Bayesian Optimization (GP-BO),5,9,4,4,16,16,32,ws,32,64254,19583,44671,0,90.0,16.0,51.2,67.2,231.596,-2.73,117.57
2026-08-22T16:46:02.509666+00:00,Bayesian Optimization (GP-BO),5,10,16,16,16,8,128,ws,16,9560,3038,6522,0,67.01,256.0,121.6,377.6,277.019,16.35,117.57
2026-08-22T16:46:02.509666+00:00,Bayesian Optimization (GP-BO),5,11,32,8,32,8,64,ws,32,8448,2526,5922,412,51.52,256.0,83.2,339.2,348.972,46.57,117.57
2026-08-22T16:46:02.509666+00:00,Bayesian Optimization (GP-BO),5,12,16,12,32,16,16,ws,32,8660,2943,5717,0,61.26,192.0,51.2,243.2,474.809,99.42,117.57
2026-08-22T16:46:02.509666+00:00,Bayesian Optimization (GP-BO),5,13,12,16,32,32,8,os,24,7748,2521,5227,444,69.82,192.0,57.6,249.6,517.09,117.17,117.57
2026-08-22T16:46:02.509666+00:00,Bayesian Optimization (GP-BO),5,14,24,8,32,16,8,os,24,13822,2617,11205,6326,46.73,192.0,44.8,236.8,305.525,28.32,117.57
2026-08-22T16:46:02.509666+00:00,Bayesian Optimization (GP-BO),5,15,4,48,32,32,8,os,32,11477,3966,7511,0,43.46,192.0,57.6,249.6,349.082,46.61,117.57
2026-08-22T16:46:02.509666+00:00,Bayesian Optimization (GP-BO),5,16,16,24,32,64,8,os,24,6848,1585,5263,1284,46.86,384.0,83.2,467.2,312.56,31.27,117.57
2026-08-22T16:46:02.509666+00:00,Bayesian Optimization (GP-BO),5,17,8,12,32,8,8,ws,16,15154,4831,10323,0,69.26,96.0,38.4,134.4,490.991,106.21,117.57
2026-08-22T16:46:02.509666+00:00,Bayesian Optimization (GP-BO),5,18,4,16,64,32,8,os,16,18749,5758,12991,0,83.48,64.0,83.2,147.2,362.338,52.18,117.57
2026-08-22T16:46:02.509666+00:00,Bayesian Optimization (GP-BO),5,19,12,16,8,16,16,ws,16,8254,3215,5039,0,67.47,192.0,32.0,224.0,540.863,127.16,127.16
2026-08-22T16:46:02.509666+00:00,Bayesian Optimization (GP-BO),5,20,8,16,16,16,8,os,16,9781,3262,6519,0,80.6,128.0,32.0,160.0,638.994,168.37,168.37
2026-08-22T16:46:02.509666+00:00,Bayesian Optimization (GP-BO),5,21,8,48,32,8,8,os,8,77055,2910,74145,68470,19.29,384.0,38.4,422.4,30.724,-87.1,168.37
2026-08-22T16:46:02.509666+00:00,Bayesian Optimization (GP-BO),5,22,8,8,16,8,8,os,32,16893,5246,11647,0,86.61,64.0,25.6,89.6,660.671,177.48,177.48
2026-08-22T16:46:02.509666+00:00,Bayesian Optimization (GP-BO),5,23,12,16,16,8,16,os,32,6908,2430,4478,0,73.98,192.0,32.0,224.0,646.249,171.42,177.48
2026-08-22T16:46:02.509666+00:00,Bayesian Optimization (GP-BO),5,24,8,12,16,32,16,is,32,17615,4719,12896,0,59.2,96.0,51.2,147.2,385.664,61.98,177.48
2026-08-22T16:46:02.509666+00:00,Bayesian Optimization (GP-BO),5,25,12,16,16,16,8,os,24,6963,2521,4442,0,73.98,192.0,32.0,224.0,641.144,169.28,177.48
2026-08-22T16:46:02.509666+00:00,Bayesian Optimization (GP-BO),5,26,4,32,16,8,16,is,24,16800,3775,13025,0,51.96,128.0,32.0,160.0,372.024,56.25,177.48
2026-08-22T16:46:02.509666+00:00,Bayesian Optimization (GP-BO),5,27,12,24,8,16,8,os,32,6537,2034,4503,0,52.79,288.0,25.6,313.6,487.804,104.87,177.48
2026-08-22T16:46:02.509666+00:00,Bayesian Optimization (GP-BO),5,28,12,16,64,8,16,os,24,7655,2521,5134,0,73.98,192.0,70.4,262.4,497.841,109.09,177.48
2026-08-22T16:46:02.509666+00:00,Bayesian Optimization (GP-BO),5,29,4,12,16,8,8,ws,24,26132,8212,17920,0,74.2,48.0,25.6,73.6,519.936,118.37,177.48
2026-08-22T16:46:02.509666+00:00,Bayesian Optimization (GP-BO),5,30,12,4,8,32,16,os,24,23378,7828,15550,0,82.04,48.0,44.8,92.8,460.94,93.59,177.48
2026-08-22T16:46:02.509666+00:00,Bayesian Optimization (GP-BO),5,31,4,8,8,8,8,is,16,46980,10495,36485,6294,69.75,32.0,19.2,51.2,415.735,74.61,177.48
2026-08-22T16:46:02.509666+00:00,Bayesian Optimization (GP-BO),5,32,64,4,64,256,32,is,12,24160,3786,20374,0,23.91,256.0,281.6,537.6,76.992,-67.66,177.48
2026-08-22T16:46:02.509666+00:00,Bayesian Optimization (GP-BO),5,33,4,64,32,32,256,is,32,16933,4318,12615,0,35.66,256.0,256.0,512.0,115.344,-51.56,177.48
2026-08-22T16:46:02.509666+00:00,Bayesian Optimization (GP-BO),5,34,8,16,32,8,8,ws,32,10094,3263,6831,0,75.44,128.0,38.4,166.4,595.365,150.05,177.48
2026-08-22T16:46:02.509666+00:00,Bayesian Optimization (GP-BO),5,35,16,64,8,8,64,ws,32,4149,1270,2879,0,35.42,1024.0,64.0,1088.0,221.528,-6.96,177.48
2026-08-22T16:46:02.509666+00:00,Bayesian Optimization (GP-BO),5,36,4,4,128,32,16,is,32,74470,19327,55143,0,81.34,16.0,140.8,156.8,85.639,-64.03,177.48
2026-08-22T16:46:02.509666+00:00,Bayesian Optimization (GP-BO),5,37,16,16,8,16,16,os,24,5358,1844,3514,0,75.46,256.0,32.0,288.0,648.044,172.17,177.48
2026-08-22T16:46:02.509666+00:00,Bayesian Optimization (GP-BO),5,38,16,24,8,8,64,os,32,5024,1478,3546,0,54.29,384.0,64.0,448.0,444.296,86.6,177.48
2026-08-22T16:46:02.509666+00:00,Bayesian Optimization (GP-BO),5,39,4,16,8,8,32,os,32,17436,5502,11934,0,83.48,64.0,38.4,102.4,560.084,135.23,177.48
2026-08-22T16:46:02.509666+00:00,Bayesian Optimization (GP-BO),5,40,16,8,16,8,8,ws,32,10386,3519,6867,0,70.95,128.0,25.6,153.6,626.845,163.27,177.48
2026-08-22T16:46:02.509666+00:00,Bayesian Optimization (GP-BO),5,41,64,4,64,64,256,ws,4,22092,5150,16942,0,36.21,256.0,307.2,563.2,80.372,-66.24,177.48
2026-08-22T16:46:02.509666+00:00,Bayesian Optimization (GP-BO),5,42,16,16,128,8,8,ws,32,6170,2015,4155,0,67.01,256.0,115.2,371.2,436.623,83.38,177.48
2026-08-22T16:46:02.509666+00:00,Bayesian Optimization (GP-BO),5,43,16,32,8,16,8,ws,24,3562,1348,2214,0,60.39,512.0,25.6,537.6,522.212,119.33,177.48
2026-08-22T16:46:02.509666+00:00,Bayesian Optimization (GP-BO),5,44,16,8,8,8,128,is,32,23446,3902,19544,6782,45.69,128.0,115.2,243.2,175.375,-26.34,177.48
2026-08-22T16:46:02.509666+00:00,Bayesian Optimization (GP-BO),5,45,12,8,8,128,8,is,4,23579,8113,15466,402,53.6,96.0,115.2,211.2,200.808,-15.66,177.48
2026-08-22T16:46:02.509666+00:00,Bayesian Optimization (GP-BO),5,46,4,12,64,8,8,os,32,25469,7742,17727,0,76.98,48.0,64.0,112.0,350.566,47.24,177.48
2026-08-22T16:46:02.509666+00:00,Bayesian Optimization (GP-BO),5,47,48,8,16,8,256,is,4,155506,5726,149780,137042,13.46,384.0,224.0,608.0,10.577,-95.56,177.48
2026-08-22T16:46:02.509666+00:00,Bayesian Optimization (GP-BO),5,48,8,12,16,16,8,ws,32,14058,4591,9467,0,69.26,96.0,32.0,128.0,555.733,133.4,177.48
2026-08-22T16:46:02.509666+00:00,Bayesian Optimization (GP-BO),5,49,12,24,8,8,8,ws,24,7134,2320,4814,0,48.27,288.0,19.2,307.2,456.295,91.64,177.48
2026-08-22T16:46:02.509666+00:00,Bayesian Optimization (GP-BO),5,50,4,16,8,256,8,ws,32,17918,5759,12159,0,80.59,64.0,217.6,281.6,198.188,-16.76,177.48
2026-08-22T16:46:02.509666+00:00,Bayesian Optimization (GP-BO),5,51,4,64,128,8,8,ws,32,10814,2399,8415,0,40.72,256.0,115.2,371.2,249.118,4.63,177.48
2026-08-22T16:46:02.509666+00:00,Bayesian Optimization (GP-BO),5,52,4,4,8,16,8,os,12,62227,18602,43625,0,93.72,16.0,25.6,41.6,386.303,62.24,177.48
2026-08-22T16:46:02.509666+00:00,Bayesian Optimization (GP-BO),5,53,12,24,8,8,32,os,24,6737,2104,4633,0,52.79,288.0,38.4,326.4,454.761,91.0,177.48
2026-08-22T16:46:02.509666+00:00,Bayesian Optimization (GP-BO),5,54,16,64,256,32,32,ws,4,19347,5750,13597,0,35.42,1024.0,256.0,1280.0,40.381,-83.04,177.48
2026-08-22T16:46:02.509666+00:00,Bayesian Optimization (GP-BO),5,55,12,4,8,8,16,ws,24,25896,9151,16745,0,73.96,48.0,25.6,73.6,524.674,120.36,177.48
2026-08-22T16:46:02.509666+00:00,Bayesian Optimization (GP-BO),5,56,8,4,16,16,8,os,24,32350,9812,22538,0,90.0,32.0,32.0,64.0,482.998,102.86,177.48
2026-08-22T16:46:02.509666+00:00,Bayesian Optimization (GP-BO),5,57,4,4,8,256,8,is,32,73838,19199,54639,0,81.34,16.0,217.6,233.6,57.976,-75.65,177.48
2026-08-22T16:46:02.509666+00:00,Bayesian Optimization (GP-BO),5,58,12,8,16,8,8,os,24,12435,4297,8138,0,79.15,96.0,25.6,121.6,661.334,177.76,177.76
2026-08-22T16:46:02.509666+00:00,Bayesian Optimization (GP-BO),5,59,16,12,16,16,16,ws,24,8710,3076,5634,0,61.26,192.0,38.4,230.4,498.31,109.29,177.76
2026-08-22T16:46:02.509666+00:00,Bayesian Optimization (GP-BO),5,60,48,4,16,128,128,ws,32,12124,5630,6494,0,42.93,192.0,217.6,409.6,201.37,-15.43,177.76
2026-08-22T16:46:02.509666+00:00,Bayesian Optimization (GP-BO),5,61,12,8,8,16,8,ws,32,13326,4767,8559,0,71.65,96.0,25.6,121.6,617.116,159.18,177.76
2026-08-22T16:46:02.509666+00:00,Bayesian Optimization (GP-BO),5,62,24,16,8,32,32,os,32,3948,1478,2470,0,67.49,384.0,57.6,441.6,573.58,140.9,177.76
2026-08-22T16:46:02.509666+00:00,Bayesian Optimization (GP-BO),5,63,16,32,8,32,8,ws,16,4387,1520,2867,438,53.71,512.0,38.4,550.4,414.146,73.94,177.76
2026-08-22T16:46:02.509666+00:00,Bayesian Optimization (GP-BO),5,64,64,16,8,8,8,is,24,13183,1164,12019,7088,18.3,1024.0,19.2,1043.2,72.714,-69.46,177.76
2026-08-22T16:46:02.509666+00:00,Bayesian Optimization (GP-BO),5,65,12,64,256,64,8,is,16,8151,2042,6109,343,23.92,768.0,262.4,1030.4,119.065,-49.99,177.76
2026-08-22T16:46:02.509666+00:00,Bayesian Optimization (GP-BO),5,66,8,12,64,8,16,ws,32,14650,4703,9947,0,69.26,96.0,70.4,166.4,410.213,72.29,177.76
2026-08-22T16:46:02.509666+00:00,Bayesian Optimization (GP-BO),5,67,24,12,8,32,8,ws,32,6360,2467,3893,0,52.43,288.0,38.4,326.4,481.718,102.32,177.76
2026-08-22T16:46:02.509666+00:00,Bayesian Optimization (GP-BO),5,68,64,8,256,8,64,os,32,4900,1326,3574,0,49.15,512.0,262.4,774.4,263.535,10.68,177.76
2026-08-22T16:46:02.509666+00:00,Bayesian Optimization (GP-BO),5,69,8,8,8,16,8,ws,8,21464,6527,14937,2030,74.29,64.0,25.6,89.6,519.974,118.39,177.76
2026-08-22T16:46:02.509666+00:00,Bayesian Optimization (GP-BO),5,70,4,12,16,128,64,ws,4,55888,17215,38673,10426,59.45,48.0,166.4,214.4,83.456,-64.95,177.76
2026-08-22T16:46:02.509666+00:00,Bayesian Optimization (GP-BO),5,71,16,8,8,16,64,ws,32,10869,3902,6967,0,70.95,128.0,70.4,198.4,463.734,94.77,177.76
2026-08-22T16:46:02.509666+00:00,Bayesian Optimization (GP-BO),5,72,24,32,8,128,128,ws,32,3700,1362,2338,0,52.51,768.0,211.2,979.2,276.011,15.92,177.76
2026-08-22T16:46:02.509666+00:00,Bayesian Optimization (GP-BO),5,73,4,24,32,8,32,os,24,17773,4660,13113,0,59.85,96.0,57.6,153.6,366.309,53.85,177.76
2026-08-22T16:46:02.509666+00:00,Bayesian Optimization (GP-BO),5,74,24,12,8,8,16,ws,32,6310,2451,3859,0,52.43,288.0,25.6,313.6,505.353,112.24,177.76
2026-08-22T16:46:02.509666+00:00,Bayesian Optimization (GP-BO),5,75,8,12,16,16,8,os,32,13225,4206,9019,0,74.21,96.0,32.0,128.0,590.737,148.11,177.76
2026-08-22T16:46:02.509666+00:00,Bayesian Optimization (GP-BO),5,76,8,8,32,8,16,os,16,22930,5502,17428,4742,73.2,64.0,44.8,108.8,400.836,68.35,177.76
2026-08-22T16:46:02.509666+00:00,Bayesian Optimization (GP-BO),5,77,16,16,8,32,8,os,12,8006,2186,5820,2168,58.52,256.0,38.4,294.4,424.274,78.19,177.76
2026-08-22T16:46:02.509666+00:00,Bayesian Optimization (GP-BO),5,78,4,12,8,32,32,os,32,25126,7758,17368,0,76.98,48.0,57.6,105.6,376.888,58.29,177.76
2026-08-22T16:46:02.509666+00:00,Bayesian Optimization (GP-BO),5,79,16,48,8,128,128,is,4,54352,6254,48098,33610,16.22,768.0,211.2,979.2,18.789,-92.11,177.76
2026-08-22T16:46:02.509666+00:00,Bayesian Optimization (GP-BO),5,80,4,24,8,16,8,ws,4,60553,17859,42694,37051,18.08,96.0,25.6,121.6,135.81,-42.96,177.76
2026-08-22T16:46:02.509666+00:00,Bayesian Optimization (GP-BO),5,81,4,8,256,64,64,is,4,63924,19199,44725,1029,74.65,32.0,307.2,339.2,46.119,-80.63,177.76
2026-08-22T16:46:02.509666+00:00,Bayesian Optimization (GP-BO),5,82,48,16,64,64,256,os,32,3352,1326,2026,0,51.93,768.0,307.2,1075.2,277.464,16.53,177.76
2026-08-22T16:46:02.509666+00:00,Bayesian Optimization (GP-BO),5,83,8,24,32,16,8,ws,24,10084,2809,7275,0,54.28,192.0,44.8,236.8,418.78,75.88,177.76
2026-08-22T16:46:02.509666+00:00,Bayesian Optimization (GP-BO),5,84,4,4,128,128,8,ws,4,71038,20991,50047,0,90.0,16.0,211.2,227.2,61.959,-73.98,177.76
2026-08-22T16:46:02.509666+00:00,Bayesian Optimization (GP-BO),5,85,12,8,8,8,16,is,32,23330,4895,18435,4724,49.34,96.0,25.6,121.6,352.494,48.05,177.76
2026-08-22T16:46:02.509666+00:00,Bayesian Optimization (GP-BO),5,86,4,4,16,8,16,ws,12,65169,19967,45202,0,90.0,16.0,32.0,48.0,319.682,34.26,177.76
2026-08-22T16:46:02.509666+00:00,Bayesian Optimization (GP-BO),5,87,24,16,16,32,64,os,32,4076,1494,2582,0,67.49,384.0,89.6,473.6,518.029,117.57,177.76
2026-08-22T16:46:02.509666+00:00,Bayesian Optimization (GP-BO),5,88,4,24,16,8,16,os,32,17212,4574,12638,0,59.85,96.0,32.0,128.0,453.898,90.63,177.76
2026-08-22T16:46:02.509666+00:00,Bayesian Optimization (GP-BO),5,89,64,8,8,256,16,os,32,5012,1326,3686,832,42.97,512.0,224.0,736.0,271.089,13.86,177.76
2026-08-22T16:46:02.509666+00:00,Bayesian Optimization (GP-BO),5,90,8,4,8,8,16,os,32,32172,9726,22446,0,90.0,32.0,25.6,57.6,539.634,126.64,177.76
2026-08-22T16:46:02.509666+00:00,Bayesian Optimization (GP-BO),5,91,16,8,8,16,16,ws,32,10530,3647,6883,0,70.95,128.0,32.0,160.0,593.542,149.28,177.76
2026-08-22T16:46:02.509666+00:00,Bayesian Optimization (GP-BO),5,92,64,12,64,256,16,ws,32,5059,1482,3577,0,31.12,768.0,268.8,1036.8,190.652,-19.93,177.76
2026-08-22T16:46:02.509666+00:00,Bayesian Optimization (GP-BO),5,93,4,32,8,8,256,ws,32,14843,5438,9405,0,70.95,128.0,217.6,345.6,194.942,-18.13,177.76
2026-08-22T16:46:02.509666+00:00,Bayesian Optimization (GP-BO),5,94,64,16,8,8,128,os,32,3228,822,2406,804,37.75,1024.0,115.2,1139.2,271.936,14.21,177.76
2026-08-22T16:46:02.509666+00:00,Bayesian Optimization (GP-BO),5,95,12,12,8,32,8,ws,12,12322,4251,8071,1063,56.65,144.0,38.4,182.4,444.932,86.87,177.76
2026-08-22T16:46:02.509666+00:00,Bayesian Optimization (GP-BO),5,96,12,24,8,32,8,ws,24,7272,2341,4931,0,48.27,288.0,38.4,326.4,421.304,76.95,177.76
2026-08-22T16:46:02.509666+00:00,Bayesian Optimization (GP-BO),5,97,12,12,8,8,16,ws,12,12874,4551,8323,1063,56.65,144.0,25.6,169.6,457.995,92.35,177.76
2026-08-22T16:46:02.509666+00:00,Bayesian Optimization (GP-BO),5,98,12,24,16,8,8,os,24,6759,2125,4634,0,52.79,288.0,25.6,313.6,471.782,98.15,177.76
2026-08-22T16:46:02.509666+00:00,Bayesian Optimization (GP-BO),5,99,16,24,64,8,8,is,32,7929,1687,6242,856,39.83,384.0,64.0,448.0,281.516,18.24,177.76
2026-08-22T16:46:02.509666+00:00,Bayesian Optimization (GP-BO),5,100,4,48,8,64,8,is,16,15924,5137,10787,1674,31.85,192.0,64.0,256.0,245.306,3.03,177.76
2026-08-22T16:46:02.509666+00:00,Bayesian Optimization (GP-BO),6,1,64,4,16,64,16,is,16,21973,3614,18359,0,23.91,256.0,76.8,332.8,136.75,-42.57,-42.57
2026-08-22T16:46:02.509666+00:00,Bayesian Optimization (GP-BO),6,2,4,48,128,8,64,os,4,305558,5694,299864,286546,19.31,192.0,160.0,352.0,9.297,-96.1,-42.57
2026-08-22T16:46:02.509666+00:00,Bayesian Optimization (GP-BO),6,3,32,12,128,32,16,is,12,11362,2721,8641,0,34.21,384.0,140.8,524.8,167.707,-29.56,-29.56
2026-08-22T16:46:02.509666+00:00,Bayesian Optimization (GP-BO),6,4,12,48,8,8,128,ws,12,11512,3996,7516,0,36.6,576.0,115.2,691.2,125.674,-47.22,-29.56
2026-08-22T16:46:02.509666+00:00,Bayesian Optimization (GP-BO),6,5,4,16,8,32,256,ws,24,23495,8404,15091,0,80.59,64.0,236.8,300.8,141.497,-40.57,-29.56
2026-08-22T16:46:02.509666+00:00,Bayesian Optimization (GP-BO),6,6,64,8,256,64,64,is,8,15888,2606,13282,0,23.4,512.0,307.2,819.2,76.832,-67.73,-29.56
2026-08-22T16:46:02.509666+00:00,Bayesian Optimization (GP-BO),6,7,64,8,64,32,8,is,16,12449,2094,10355,0,23.4,512.0,83.2,595.2,134.959,-43.32,-29.56
2026-08-22T16:46:02.509666+00:00,Bayesian Optimization (GP-BO),6,8,8,8,64,32,8,is,16,24870,6015,18855,0,66.85,64.0,83.2,147.2,273.16,14.73,14.73
2026-08-22T16:46:02.509666+00:00,Bayesian Optimization (GP-BO),6,9,12,16,32,128,8,is,24,11135,2809,8326,0,50.76,192.0,134.4,326.4,275.144,15.56,15.56
2026-08-22T16:46:02.509666+00:00,Bayesian Optimization (GP-BO),6,10,8,4,64,256,8,is,12,45387,11177,34210,0,71.03,32.0,262.4,294.4,74.839,-68.57,15.56
2026-08-22T16:46:02.509666+00:00,Bayesian Optimization (GP-BO),6,11,12,32,32,64,8,is,32,7422,1687,5735,0,40.87,384.0,83.2,467.2,288.387,21.12,21.12
2026-08-22T16:46:02.509666+00:00,Bayesian Optimization (GP-BO),6,12,16,12,8,64,8,is,32,10971,2799,8172,0,48.47,192.0,64.0,256.0,356.052,49.54,49.54
2026-08-22T16:46:02.509666+00:00,Bayesian Optimization (GP-BO),6,13,4,12,32,64,32,is,32,30883,8527,22356,0,66.69,48.0,102.4,150.4,215.294,-9.58,49.54
2026-08-22T16:46:02.509666+00:00,Bayesian Optimization (GP-BO),6,14,16,4,8,32,16,os,32,17452,5502,11950,0,83.48,64.0,44.8,108.8,526.655,121.19,121.19
2026-08-22T16:46:02.509666+00:00,Bayesian Optimization (GP-BO),6,15,16,4,8,16,16,os,16,25901,5758,20143,7905,65.52,64.0,32.0,96.0,402.172,68.91,121.19
2026-08-22T16:46:02.509666+00:00,Bayesian Optimization (GP-BO),6,16,16,8,16,32,32,os,32,9380,3006,6374,0,80.6,128.0,64.0,192.0,555.259,133.21,133.21
2026-08-22T16:46:02.509666+00:00,Bayesian Optimization (GP-BO),6,17,16,8,8,16,16,ws,24,10859,3775,7084,66,70.55,128.0,32.0,160.0,575.559,141.73,141.73
2026-08-22T16:46:02.509666+00:00,Bayesian Optimization (GP-BO),6,18,12,12,16,16,8,os,32,9613,3366,6247,0,67.97,144.0,32.0,176.0,591.056,148.24,148.24
2026-08-22T16:46:02.509666+00:00,Bayesian Optimization (GP-BO),6,19,16,4,32,16,8,ws,24,20283,6612,13671,130,72.7,64.0,44.8,108.8,453.147,90.32,148.24
2026-08-22T16:46:02.509666+00:00,Bayesian Optimization (GP-BO),6,20,12,16,8,32,32,os,32,6780,2414,4366,0,73.98,192.0,57.6,249.6,590.916,148.18,148.24
2026-08-22T16:46:02.509666+00:00,Bayesian Optimization (GP-BO),6,21,4,12,8,32,16,ws,32,25992,8271,17721,0,74.2,48.0,44.8,92.8,414.584,74.12,148.24
2026-08-22T16:46:02.509666+00:00,Bayesian Optimization (GP-BO),6,22,32,8,8,256,16,ws,32,7157,2526,4631,0,54.18,256.0,224.0,480.0,291.09,22.26,148.24
2026-08-22T16:46:02.509666+00:00,Bayesian Optimization (GP-BO),6,23,32,16,16,16,32,os,24,3700,1220,2480,48,62.41,512.0,51.2,563.2,479.883,101.55,148.24
2026-08-22T16:46:02.509666+00:00,Bayesian Optimization (GP-BO),6,24,16,12,8,8,8,os,32,7147,2414,4733,0,69.27,192.0,19.2,211.2,662.495,178.24,178.24
2026-08-22T16:46:02.509666+00:00,Bayesian Optimization (GP-BO),6,25,16,12,8,16,8,os,32,7197,2430,4767,0,69.27,192.0,25.6,217.6,638.542,168.18,178.24
2026-08-22T16:46:02.509666+00:00,Bayesian Optimization (GP-BO),6,26,16,24,8,8,64,os,32,5024,1478,3546,0,54.29,384.0,64.0,448.0,444.296,86.6,178.24
2026-08-22T16:46:02.509666+00:00,Bayesian Optimization (GP-BO),6,27,16,4,16,16,32,ws,32,20253,6910,13343,0,73.11,64.0,51.2,115.2,428.606,80.01,178.24
2026-08-22T16:46:02.509666+00:00,Bayesian Optimization (GP-BO),6,28,16,64,128,64,16,ws,32,3996,1015,2981,0,35.42,1024.0,166.4,1190.4,210.224,-11.71,178.24
2026-08-22T16:46:02.509666+00:00,Bayesian Optimization (GP-BO),6,29,24,8,8,8,64,os,32,6956,2510,4446,0,71.66,192.0,64.0,256.0,561.566,135.85,178.24
2026-08-22T16:46:02.509666+00:00,Bayesian Optimization (GP-BO),6,30,32,24,8,8,8,is,32,8905,1155,7750,4003,24.71,768.0,19.2,787.2,142.653,-40.09,178.24
2026-08-22T16:46:02.509666+00:00,Bayesian Optimization (GP-BO),6,31,16,24,16,16,8,ws,24,5770,1777,3993,0,48.37,384.0,32.0,416.0,416.611,74.97,178.24
2026-08-22T16:46:02.509666+00:00,Bayesian Optimization (GP-BO),6,32,64,12,8,8,128,os,32,4126,1082,3044,812,36.22,768.0,115.2,883.2,274.417,15.25,178.24
2026-08-22T16:46:02.509666+00:00,Bayesian Optimization (GP-BO),6,33,12,8,8,32,16,os,32,12252,4190,8062,0,79.15,96.0,44.8,140.8,579.683,143.46,178.24
2026-08-22T16:46:02.509666+00:00,Bayesian Optimization (GP-BO),6,34,4,12,8,128,8,ws,8,31095,9506,21589,3729,65.88,48.0,115.2,163.2,197.056,-17.24,178.24
2026-08-22T16:46:02.509666+00:00,Bayesian Optimization (GP-BO),6,35,8,16,8,16,8,os,24,9280,3092,6188,0,80.6,128.0,25.6,153.6,701.554,194.65,194.65
2026-08-22T16:46:02.509666+00:00,Bayesian Optimization (GP-BO),6,36,4,12,16,8,8,os,24,25254,7828,17426,0,76.98,48.0,25.6,73.6,538.012,125.96,194.65
2026-08-22T16:46:02.509666+00:00,Bayesian Optimization (GP-BO),6,37,4,24,16,8,16,os,32,17212,4574,12638,0,59.85,96.0,32.0,128.0,453.898,90.63,194.65
2026-08-22T16:46:02.509666+00:00,Bayesian Optimization (GP-BO),6,38,8,4,8,8,32,os,32,32172,9726,22446,0,90.0,32.0,38.4,70.4,441.519,85.44,194.65
2026-08-22T16:46:02.509666+00:00,Bayesian Optimization (GP-BO),6,39,12,24,16,32,8,os,24,6759,2125,4634,0,52.79,288.0,44.8,332.8,444.564,86.71,194.65
2026-08-22T16:46:02.509666+00:00,Bayesian Optimization (GP-BO),6,40,8,24,8,8,8,os,8,11729,3278,8451,1612,52.22,192.0,19.2,211.2,403.687,69.55,194.65
2026-08-22T16:46:02.509666+00:00,Bayesian Optimization (GP-BO),6,41,32,4,8,8,16,ws,24,13518,4671,8847,0,55.48,128.0,25.6,153.6,481.611,102.27,194.65
2026-08-22T16:46:02.509666+00:00,Bayesian Optimization (GP-BO),6,42,24,4,32,16,128,os,32,22554,4590,17964,9150,51.58,96.0,140.8,236.8,187.238,-21.36,194.65
2026-08-22T16:46:02.509666+00:00,Bayesian Optimization (GP-BO),6,43,8,24,8,16,32,os,24,9359,2617,6742,0,57.86,192.0,44.8,236.8,451.221,89.51,194.65
2026-08-22T16:46:02.509666+00:00,Bayesian Optimization (GP-BO),6,44,4,12,8,8,16,os,32,25076,7742,17334,0,76.98,48.0,25.6,73.6,541.831,127.57,194.65
2026-08-22T16:46:02.509666+00:00,Bayesian Optimization (GP-BO),6,45,48,12,8,8,8,os,32,5161,1718,3443,1482,33.01,576.0,19.2,595.2,325.539,36.72,194.65
2026-08-22T16:46:02.509666+00:00,Bayesian Optimization (GP-BO),6,46,16,12,16,16,32,os,32,7418,2430,4988,0,69.27,192.0,51.2,243.2,554.306,132.8,194.65
2026-08-22T16:46:02.509666+00:00,Bayesian Optimization (GP-BO),6,47,12,12,8,8,16,os,24,9773,3436,6337,0,67.97,144.0,25.6,169.6,603.318,153.39,194.65
2026-08-22T16:46:02.509666+00:00,Bayesian Optimization (GP-BO),6,48,24,4,256,64,8,ws,24,16135,5833,10302,0,62.07,96.0,262.4,358.4,172.927,-27.37,194.65
2026-08-22T16:46:02.509666+00:00,Bayesian Optimization (GP-BO),6,49,64,12,8,64,16,ws,4,42575,3386,39189,33948,15.28,768.0,70.4,838.4,28.015,-88.23,194.65
2026-08-22T16:46:02.509666+00:00,Bayesian Optimization (GP-BO),6,50,16,48,8,16,256,is,12,19024,2842,16182,9374,18.54,768.0,224.0,992.0,52.989,-77.74,194.65
2026-08-22T16:46:02.509666+00:00,Bayesian Optimization (GP-BO),6,51,4,8,32,8,16,ws,32,33694,10367,23327,0,86.6,32.0,44.8,76.8,386.444,62.3,194.65
2026-08-22T16:46:02.509666+00:00,Bayesian Optimization (GP-BO),6,52,4,8,256,8,8,is,4,167770,18121,149649,119212,34.42,32.0,217.6,249.6,23.88,-89.97,194.65
2026-08-22T16:46:02.509666+00:00,Bayesian Optimization (GP-BO),6,53,16,64,16,256,8,os,32,3156,822,2334,0,38.8,1024.0,224.0,1248.0,253.892,6.63,194.65
2026-08-22T16:46:02.509666+00:00,Bayesian Optimization (GP-BO),6,54,4,24,8,8,8,os,32,16957,4574,12383,0,59.85,96.0,19.2,115.2,511.916,115.0,194.65
2026-08-22T16:46:02.509666+00:00,Bayesian Optimization (GP-BO),6,55,8,4,8,8,8,ws,4,60846,12543,48303,23204,61.31,32.0,19.2,51.2,320.995,34.82,194.65
2026-08-22T16:46:02.509666+00:00,Bayesian Optimization (GP-BO),6,56,4,16,16,8,8,ws,16,18606,6015,12591,0,80.59,64.0,25.6,89.6,599.845,151.93,194.65
2026-08-22T16:46:02.509666+00:00,Bayesian Optimization (GP-BO),6,57,4,24,8,16,8,os,16,17565,4862,12703,0,59.85,96.0,25.6,121.6,468.186,96.64,194.65
2026-08-22T16:46:02.509666+00:00,Bayesian Optimization (GP-BO),6,58,12,32,8,8,16,ws,32,4494,1799,2695,0,60.5,384.0,25.6,409.6,543.259,128.17,194.65
2026-08-22T16:46:02.509666+00:00,Bayesian Optimization (GP-BO),6,59,16,8,16,8,8,ws,16,11026,3775,7251,0,70.95,128.0,25.6,153.6,590.46,147.99,194.65
2026-08-22T16:46:02.509666+00:00,Bayesian Optimization (GP-BO),6,60,48,16,64,8,8,ws,8,7264,2671,4593,0,40.63,768.0,64.0,832.0,165.463,-30.51,194.65
2026-08-22T16:46:02.509666+00:00,Bayesian Optimization (GP-BO),6,61,16,24,8,16,16,ws,32,5766,1815,3951,0,48.37,384.0,32.0,416.0,416.9,75.1,194.65
2026-08-22T16:46:02.509666+00:00,Bayesian Optimization (GP-BO),6,62,4,48,8,256,16,is,8,30557,9095,21462,13079,19.26,192.0,224.0,416.0,78.668,-66.96,194.65
2026-08-22T16:46:02.509666+00:00,Bayesian Optimization (GP-BO),6,63,24,4,8,8,8,ws,32,15262,5727,9535,0,62.07,96.0,19.2,115.2,568.769,138.88,194.65
2026-08-22T16:46:02.509666+00:00,Bayesian Optimization (GP-BO),6,64,12,4,8,32,64,is,32,35453,9550,25903,0,59.2,48.0,83.2,131.2,214.987,-9.71,194.65
2026-08-22T16:46:02.509666+00:00,Bayesian Optimization (GP-BO),6,65,4,4,8,256,8,ws,32,63758,19199,44559,0,90.0,16.0,217.6,233.6,67.142,-71.8,194.65
2026-08-22T16:46:02.509666+00:00,Bayesian Optimization (GP-BO),6,66,12,12,8,16,16,os,32,9646,3366,6280,0,67.97,144.0,32.0,176.0,589.034,147.39,194.65
2026-08-22T16:46:02.509666+00:00,Bayesian Optimization (GP-BO),6,67,4,16,8,8,32,ws,16,19878,6783,13095,0,80.59,64.0,38.4,102.4,491.278,106.33,194.65
2026-08-22T16:46:02.509666+00:00,Bayesian Optimization (GP-BO),6,68,12,64,256,8,64,is,24,8430,2093,6337,0,29.16,768.0,262.4,1030.4,115.124,-51.65,194.65
2026-08-22T16:46:02.509666+00:00,Bayesian Optimization (GP-BO),6,69,24,4,32,8,8,os,32,22427,4590,17837,9150,51.58,96.0,38.4,134.4,331.764,39.34,194.65
2026-08-22T16:46:02.509666+00:00,Bayesian Optimization (GP-BO),6,70,8,64,16,8,8,ws,24,6119,1648,4471,0,38.78,512.0,25.6,537.6,303.991,27.67,194.65
2026-08-22T16:46:02.509666+00:00,Bayesian Optimization (GP-BO),6,71,4,12,8,8,8,os,16,25349,7998,17351,0,76.98,48.0,19.2,67.2,587.043,146.55,194.65
2026-08-22T16:46:02.509666+00:00,Bayesian Optimization (GP-BO),6,72,4,16,8,8,8,ws,12,20383,6185,14198,1417,76.0,64.0,19.2,83.2,589.669,147.66,194.65
2026-08-22T16:46:02.509666+00:00,Bayesian Optimization (GP-BO),6,73,32,8,8,64,128,os,32,5812,1886,3926,0,67.01,256.0,160.0,416.0,413.601,73.71,194.65
2026-08-22T16:46:02.509666+00:00,Bayesian Optimization (GP-BO),6,74,64,8,8,64,256,ws,16,16203,2094,14109,9623,21.17,512.0,262.4,774.4,79.696,-66.53,194.65
2026-08-22T16:46:02.509666+00:00,Bayesian Optimization (GP-BO),6,75,8,12,32,8,8,ws,12,16434,5001,11433,680,66.67,96.0,38.4,134.4,452.749,90.15,194.65
2026-08-22T16:46:02.509666+00:00,Bayesian Optimization (GP-BO),6,76,16,8,8,16,8,ws,12,16865,3946,12919,5709,52.52,128.0,25.6,153.6,386.031,62.13,194.65
2026-08-22T16:46:02.509666+00:00,Bayesian Optimization (GP-BO),6,77,24,32,16,64,64,os,32,2564,978,1586,0,60.53,768.0,115.2,883.2,441.594,85.47,194.65
2026-08-22T16:46:02.509666+00:00,Bayesian Optimization (GP-BO),6,78,8,16,8,8,32,ws,32,10478,3647,6831,0,75.44,128.0,38.4,166.4,573.546,140.89,194.65
2026-08-22T16:46:02.509666+00:00,Bayesian Optimization (GP-BO),6,79,4,8,8,16,64,is,4,59892,19199,40693,1029,74.65,32.0,70.4,102.4,163.054,-31.52,194.65
2026-08-22T16:46:02.509666+00:00,Bayesian Optimization (GP-BO),6,80,12,8,8,64,8,os,32,12125,4190,7935,0,79.15,96.0,64.0,160.0,515.464,116.49,194.65
2026-08-22T16:46:02.509666+00:00,Bayesian Optimization (GP-BO),6,81,8,64,8,256,64,is,32,10765,2286,8479,1852,30.87,512.0,262.4,774.4,119.956,-49.62,194.65
2026-08-22T16:46:02.509666+00:00,Bayesian Optimization (GP-BO),6,82,12,16,16,16,8,os,16,7325,2702,4623,0,73.98,192.0,32.0,224.0,609.459,155.97,194.65
2026-08-22T16:46:02.509666+00:00,Bayesian Optimization (GP-BO),6,83,24,4,8,16,8,ws,24,16650,5812,10838,1208,57.81,96.0,25.6,121.6,493.915,107.44,194.65
2026-08-22T16:46:02.509666+00:00,Bayesian Optimization (GP-BO),6,84,16,12,8,64,64,os,32,7324,2430,4894,0,69.27,192.0,108.8,300.8,453.914,90.64,194.65
2026-08-22T16:46:02.509666+00:00,Bayesian Optimization (GP-BO),6,85,64,8,8,256,16,os,32,5012,1326,3686,832,42.97,512.0,224.0,736.0,271.089,13.86,194.65
2026-08-22T16:46:02.509666+00:00,Bayesian Optimization (GP-BO),6,86,24,32,8,16,16,os,32,2436,962,1474,0,60.53,768.0,32.0,800.0,513.136,115.51,194.65
2026-08-22T16:46:02.509666+00:00,Bayesian Optimization (GP-BO),6,87,48,12,64,256,64,ws,32,5814,2486,3328,0,36.77,576.0,307.2,883.2,194.745,-18.21,194.65
2026-08-22T16:46:02.509666+00:00,Bayesian Optimization (GP-BO),6,88,8,12,16,16,16,ws,24,14580,4852,9728,0,69.26,96.0,38.4,134.4,510.321,114.33,194.65
2026-08-22T16:46:02.509666+00:00,Bayesian Optimization (GP-BO),6,89,12,64,64,128,16,ws,4,25279,7618,17661,7605,12.06,768.0,166.4,934.4,42.336,-82.22,194.65
2026-08-22T16:46:02.509666+00:00,Bayesian Optimization (GP-BO),6,90,16,32,128,8,64,ws,32,4821,1646,3175,0,60.39,512.0,160.0,672.0,308.669,29.64,194.65
2026-08-22T16:46:02.509666+00:00,Bayesian Optimization (GP-BO),6,91,4,24,8,8,16,ws,32,17614,4895,12719,0,57.86,96.0,25.6,121.6,466.883,96.09,194.65
2026-08-22T16:46:02.509666+00:00,Bayesian Optimization (GP-BO),6,92,4,64,8,8,8,ws,4,59494,17639,41855,44016,6.81,256.0,19.2,275.2,61.077,-74.35,194.65
2026-08-22T16:46:02.509666+00:00,Bayesian Optimization (GP-BO),6,93,12,4,16,8,8,os,16,23741,8030,15711,0,82.04,48.0,25.6,73.6,572.299,140.36,194.65
2026-08-22T16:46:02.509666+00:00,Bayesian Optimization (GP-BO),6,94,12,16,8,64,16,os,32,6780,2414,4366,0,73.98,192.0,70.4,262.4,562.091,136.07,194.65
2026-08-22T16:46:02.509666+00:00,Bayesian Optimization (GP-BO),6,95,12,12,8,8,16,ws,32,10638,3911,6727,0,61.77,144.0,25.6,169.6,554.261,132.79,194.65
2026-08-22T16:46:02.509666+00:00,Bayesian Optimization (GP-BO),6,96,24,16,16,8,8,ws,24,4813,1873,2940,0,57.56,384.0,25.6,409.6,507.252,113.04,194.65
2026-08-22T16:46:02.509666+00:00,Bayesian Optimization (GP-BO),6,97,4,4,256,8,8,ws,32,64262,19199,45063,0,90.0,16.0,217.6,233.6,66.615,-72.02,194.65
2026-08-22T16:46:02.509666+00:00,Bayesian Optimization (GP-BO),6,98,64,16,32,8,256,os,4,32890,2614,30276,23698,23.87,1024.0,236.8,1260.8,24.115,-89.87,194.65
2026-08-22T16:46:02.509666+00:00,Bayesian Optimization (GP-BO),6,99,48,16,8,32,32,os,32,3542,1262,2280,758,38.62,768.0,57.6,825.6,341.965,43.62,194.65
2026-08-22T16:46:02.509666+00:00,Bayesian Optimization (GP-BO),6,100,8,8,16,16,8,ws,16,18602,6015,12587,0,80.59,64.0,32.0,96.0,559.976,135.19,194.65
2026-08-22T16:46:02.509666+00:00,Bayesian Optimization (GP-BO),7,1,16,16,16,32,8,ws,12,6914,2442,4472,58,66.38,256.0,44.8,300.8,480.831,101.95,101.95
2026-08-22T16:46:02.509666+00:00,Bayesian Optimization (GP-BO),7,2,8,24,64,64,64,is,24,13152,4004,9148,0,50.76,192.0,153.6,345.6,220.006,-7.6,101.95
2026-08-22T16:46:02.509666+00:00,Bayesian Optimization (GP-BO),7,3,24,8,16,16,32,ws,4,32589,7054,25535,15920,32.47,192.0,51.2,243.2,126.173,-47.01,101.95
2026-08-22T16:46:02.509666+00:00,Bayesian Optimization (GP-BO),7,4,4,24,8,16,256,ws,16,24773,8894,15879,0,57.86,96.0,224.0,320.0,126.145,-47.02,101.95
2026-08-22T16:46:02.509666+00:00,Bayesian Optimization (GP-BO),7,5,4,48,8,32,128,is,24,17605,6676,10929,0,36.69,192.0,134.4,326.4,174.026,-26.91,101.95
2026-08-22T16:46:02.509666+00:00,Bayesian Optimization (GP-BO),7,6,12,12,128,16,8,ws,12,12555,4251,8304,0,61.77,144.0,121.6,265.6,299.885,25.95,101.95
2026-08-22T16:46:02.509666+00:00,Bayesian Optimization (GP-BO),7,7,12,16,32,128,16,ws,12,11378,3513,7865,1620,56.76,192.0,140.8,332.8,264.089,10.92,101.95
2026-08-22T16:46:02.509666+00:00,Bayesian Optimization (GP-BO),7,8,16,32,32,16,16,ws,24,4388,1519,2869,0,60.39,512.0,51.2,563.2,404.642,69.95,101.95
2026-08-22T16:46:02.509666+00:00,Bayesian Optimization (GP-BO),7,9,8,24,8,16,8,ws,32,9518,2719,6799,0,54.28,192.0,25.6,217.6,482.831,102.79,102.79
2026-08-22T16:46:02.509666+00:00,Bayesian Optimization (GP-BO),7,10,16,24,32,32,8,ws,16,7954,1959,5995,1236,42.13,384.0,57.6,441.6,284.699,19.57,102.79
2026-08-22T16:46:02.509666+00:00,Bayesian Optimization (GP-BO),7,11,8,16,16,8,32,ws,32,10606,3647,6959,0,75.44,128.0,44.8,172.8,545.638,129.16,129.16
2026-08-22T16:46:02.509666+00:00,Bayesian Optimization (GP-BO),7,12,8,12,8,64,8,ws,24,14117,4681,9436,0,69.26,96.0,64.0,160.0,442.729,85.94,129.16
2026-08-22T16:46:02.509666+00:00,Bayesian Optimization (GP-BO),7,13,24,24,8,8,16,os,16,4698,1500,3198,376,44.7,576.0,25.6,601.6,353.817,48.6,129.16
2026-08-22T16:46:02.509666+00:00,Bayesian Optimization (GP-BO),7,14,48,12,8,16,32,ws,32,6424,2438,3986,1144,28.14,576.0,44.8,620.8,250.751,5.31,129.16
2026-08-22T16:46:02.509666+00:00,Bayesian Optimization (GP-BO),7,15,4,12,8,16,16,ws,24,26199,8404,17795,0,74.2,48.0,32.0,80.0,477.117,100.39,129.16
2026-08-22T16:46:02.509666+00:00,Bayesian Optimization (GP-BO),7,16,8,12,8,16,8,ws,16,14486,4863,9623,0,69.26,96.0,25.6,121.6,567.699,138.43,138.43
2026-08-22T16:46:02.509666+00:00,Bayesian Optimization (GP-BO),7,17,16,8,32,8,16,os,24,14689,3092,11597,4748,61.4,128.0,44.8,172.8,393.971,65.47,138.43
2026-08-22T16:46:02.509666+00:00,Bayesian Optimization (GP-BO),7,18,4,4,16,64,8,ws,8,65598,19967,45631,0,90.0,16.0,70.4,86.4,176.439,-25.9,138.43
2026-08-22T16:46:02.509666+00:00,Bayesian Optimization (GP-BO),7,19,8,24,64,8,8,ws,32,9934,2703,7231,0,54.28,192.0,64.0,256.0,393.22,65.15,138.43
2026-08-22T16:46:02.509666+00:00,Bayesian Optimization (GP-BO),7,20,12,24,8,8,16,ws,32,7242,2363,4879,0,48.27,288.0,25.6,313.6,440.317,84.93,138.43
2026-08-22T16:46:02.509666+00:00,Bayesian Optimization (GP-BO),7,21,24,24,8,16,8,ws,8,8760,2293,6467,2650,29.93,576.0,25.6,601.6,189.753,-20.31,138.43
2026-08-22T16:46:02.509666+00:00,Bayesian Optimization (GP-BO),7,22,16,8,8,16,8,ws,24,10517,3604,6913,66,70.55,128.0,25.6,153.6,619.037,159.99,159.99
2026-08-22T16:46:02.509666+00:00,Bayesian Optimization (GP-BO),7,23,12,4,16,32,8,ws,24,25746,9001,16745,0,73.96,48.0,44.8,92.8,418.545,75.79,159.99
2026-08-22T16:46:02.509666+00:00,Bayesian Optimization (GP-BO),7,24,12,64,256,8,32,ws,24,5477,1497,3980,0,34.64,768.0,236.8,1004.8,181.709,-23.68,159.99
2026-08-22T16:46:02.509666+00:00,Bayesian Optimization (GP-BO),7,25,16,12,8,16,16,ws,16,10743,3343,7400,1615,52.88,192.0,32.0,224.0,415.553,74.53,159.99
2026-08-22T16:46:02.509666+00:00,Bayesian Optimization (GP-BO),7,26,64,8,16,256,8,is,24,11292,1924,9368,0,23.4,512.0,224.0,736.0,120.324,-49.46,159.99
2026-08-22T16:46:02.509666+00:00,Bayesian Optimization (GP-BO),7,27,64,8,256,8,64,is,24,27714,1924,25790,15388,18.83,512.0,262.4,774.4,46.595,-80.43,159.99
2026-08-22T16:46:02.509666+00:00,Bayesian Optimization (GP-BO),7,28,8,8,16,8,8,is,24,30340,5844,24496,6618,58.71,64.0,25.6,89.6,367.855,54.5,159.99
2026-08-22T16:46:02.509666+00:00,Bayesian Optimization (GP-BO),7,29,4,4,32,8,16,os,24,62333,18260,44073,0,93.72,16.0,44.8,60.8,263.863,10.82,159.99
2026-08-22T16:46:02.509666+00:00,Bayesian Optimization (GP-BO),7,30,24,32,8,16,8,os,32,2388,962,1426,0,60.53,768.0,25.6,793.6,527.672,121.62,159.99
2026-08-22T16:46:02.509666+00:00,Bayesian Optimization (GP-BO),7,31,8,4,8,8,8,ws,32,34238,10751,23487,0,83.47,32.0,19.2,51.2,570.455,139.59,159.99
2026-08-22T16:46:02.509666+00:00,Bayesian Optimization (GP-BO),7,32,16,16,16,32,8,os,32,5161,1758,3403,0,75.46,256.0,44.8,300.8,644.152,170.54,170.54
2026-08-22T16:46:02.509666+00:00,Bayesian Optimization (GP-BO),7,33,4,32,16,16,8,os,32,10069,3390,6679,0,73.12,128.0,32.0,160.0,620.717,160.7,170.54
2026-08-22T16:46:02.509666+00:00,Bayesian Optimization (GP-BO),7,34,16,24,16,32,32,os,32,5168,1494,3674,0,54.29,384.0,64.0,448.0,431.916,81.4,170.54
2026-08-22T16:46:02.509666+00:00,Bayesian Optimization (GP-BO),7,35,16,32,16,16,8,is,24,6715,1348,5367,685,38.61,512.0,32.0,544.0,273.751,14.97,170.54
2026-08-22T16:46:02.509666+00:00,Bayesian Optimization (GP-BO),7,36,4,32,8,32,16,os,32,10084,3390,6694,0,73.12,128.0,44.8,172.8,573.883,141.03,170.54
2026-08-22T16:46:02.509666+00:00,Bayesian Optimization (GP-BO),7,37,8,24,16,256,16,os,32,9188,2526,6662,0,57.86,192.0,230.4,422.4,257.665,8.22,170.54
2026-08-22T16:46:02.509666+00:00,Bayesian Optimization (GP-BO),7,38,4,64,32,8,8,ws,32,10678,2399,8279,0,40.72,256.0,38.4,294.4,318.106,33.6,170.54
2026-08-22T16:46:02.509666+00:00,Bayesian Optimization (GP-BO),7,39,8,4,16,128,8,is,4,47629,12543,35086,0,71.03,32.0,121.6,153.6,136.69,-42.59,170.54
2026-08-22T16:46:02.509666+00:00,Bayesian Optimization (GP-BO),7,40,4,24,8,8,32,os,24,17261,4660,12601,0,59.85,96.0,38.4,134.4,431.057,81.04,170.54
2026-08-22T16:46:02.509666+00:00,Bayesian Optimization (GP-BO),7,41,16,48,32,16,8,os,32,3756,1326,2430,0,40.26,768.0,44.8,812.8,327.56,37.57,170.54
2026-08-22T16:46:02.509666+00:00,Bayesian Optimization (GP-BO),7,42,8,16,16,16,8,os,16,9781,3262,6519,0,80.6,128.0,32.0,160.0,638.994,168.37,170.54
2026-08-22T16:46:02.509666+00:00,Bayesian Optimization (GP-BO),7,43,24,8,16,64,8,os,24,7155,2617,4538,0,71.66,192.0,70.4,262.4,532.631,123.7,170.54
2026-08-22T16:46:02.509666+00:00,Bayesian Optimization (GP-BO),7,44,24,8,8,64,8,ws,24,8394,3172,5222,152,59.36,192.0,64.0,256.0,465.362,95.45,170.54
2026-08-22T16:46:02.509666+00:00,Bayesian Optimization (GP-BO),7,45,12,8,8,64,8,os,16,12802,4446,8356,261,77.7,96.0,64.0,160.0,488.205,105.04,170.54
2026-08-22T16:46:02.509666+00:00,Bayesian Optimization (GP-BO),7,46,16,24,8,16,16,os,32,5128,1494,3634,0,54.29,384.0,32.0,416.0,468.769,96.88,170.54
2026-08-22T16:46:02.509666+00:00,Bayesian Optimization (GP-BO),7,47,12,24,16,8,8,os,24,6759,2125,4634,0,52.79,288.0,25.6,313.6,471.782,98.15,170.54
2026-08-22T16:46:02.509666+00:00,Bayesian Optimization (GP-BO),7,48,4,64,8,32,8,os,4,14316,4126,10190,0,41.77,256.0,38.4,294.4,237.269,-0.35,170.54
2026-08-22T16:46:02.509666+00:00,Bayesian Optimization (GP-BO),7,49,32,32,8,128,8,os,24,2243,844,1399,54,55.36,1024.0,115.2,1139.2,391.355,64.37,170.54
2026-08-22T16:46:02.509666+00:00,Bayesian Optimization (GP-BO),7,50,8,12,16,8,8,os,24,13386,4276,9110,0,74.21,96.0,25.6,121.6,614.35,158.02,170.54
2026-08-22T16:46:02.509666+00:00,Bayesian Optimization (GP-BO),7,51,8,8,32,32,16,os,32,17276,5246,12030,0,86.61,64.0,64.0,128.0,452.217,89.93,170.54
2026-08-22T16:46:02.509666+00:00,Bayesian Optimization (GP-BO),7,52,32,12,16,16,8,os,24,4841,1633,3208,56,57.22,384.0,32.0,416.0,496.56,108.55,170.54
2026-08-22T16:46:02.509666+00:00,Bayesian Optimization (GP-BO),7,53,4,48,8,32,8,os,24,11365,4073,7292,0,43.46,192.0,38.4,230.4,381.899,60.39,170.54
2026-08-22T16:46:02.509666+00:00,Bayesian Optimization (GP-BO),7,54,4,8,8,64,8,os,32,32061,9726,22335,0,90.0,32.0,64.0,96.0,324.901,36.46,170.54
2026-08-22T16:46:02.509666+00:00,Bayesian Optimization (GP-BO),7,55,4,8,16,8,256,is,4,182095,27390,154705,114146,48.23,32.0,224.0,256.0,21.452,-90.99,170.54
2026-08-22T16:46:02.509666+00:00,Bayesian Optimization (GP-BO),7,56,32,8,256,64,16,ws,32,7733,2526,5207,0,54.18,256.0,268.8,524.8,246.41,3.49,170.54
2026-08-22T16:46:02.509666+00:00,Bayesian Optimization (GP-BO),7,57,16,16,8,64,8,os,24,5188,1844,3344,0,75.46,256.0,64.0,320.0,602.352,152.98,170.54
2026-08-22T16:46:02.509666+00:00,Bayesian Optimization (GP-BO),7,58,4,16,8,8,8,os,12,17977,5930,12047,0,83.48,64.0,19.2,83.2,668.589,180.8,180.8
2026-08-22T16:46:02.509666+00:00,Bayesian Optimization (GP-BO),7,59,12,48,256,16,8,is,4,26465,7989,18476,10883,10.07,576.0,224.0,800.0,47.232,-80.16,180.8
2026-08-22T16:46:02.509666+00:00,Bayesian Optimization (GP-BO),7,60,16,12,16,8,8,ws,24,8347,2884,5463,0,61.26,192.0,25.6,217.6,550.568,131.23,180.8
2026-08-22T16:46:02.509666+00:00,Bayesian Optimization (GP-BO),7,61,8,8,8,8,16,ws,32,18090,5887,12203,0,80.59,64.0,25.6,89.6,616.955,159.12,180.8
2026-08-22T16:46:02.509666+00:00,Bayesian Optimization (GP-BO),7,62,16,12,16,8,8,ws,32,8132,2799,5333,0,61.26,192.0,25.6,217.6,565.124,137.35,180.8
2026-08-22T16:46:02.509666+00:00,Bayesian Optimization (GP-BO),7,63,32,24,8,64,8,ws,32,3766,1171,2595,0,37.77,768.0,64.0,832.0,319.151,34.04,180.8
2026-08-22T16:46:02.509666+00:00,Bayesian Optimization (GP-BO),7,64,64,4,16,8,16,is,4,302799,5150,297649,276698,16.94,256.0,32.0,288.0,11.467,-95.18,180.8
2026-08-22T16:46:02.509666+00:00,Bayesian Optimization (GP-BO),7,65,8,48,64,128,128,ws,32,8871,3230,5641,0,40.25,384.0,256.0,640.0,176.136,-26.02,180.8
2026-08-22T16:46:02.509666+00:00,Bayesian Optimization (GP-BO),7,66,4,16,8,8,8,is,4,88583,17849,70734,60973,21.35,64.0,19.2,83.2,135.683,-43.01,180.8
2026-08-22T16:46:02.509666+00:00,Bayesian Optimization (GP-BO),7,67,32,8,8,8,8,os,32,5669,1886,3783,0,67.01,256.0,19.2,275.2,640.981,169.21,180.8
2026-08-22T16:46:02.509666+00:00,Bayesian Optimization (GP-BO),7,68,16,12,8,16,8,ws,32,8054,2815,5239,0,61.26,192.0,25.6,217.6,570.597,139.65,180.8
2026-08-22T16:46:02.509666+00:00,Bayesian Optimization (GP-BO),7,69,24,4,16,8,8,os,32,13021,4590,8431,0,73.97,96.0,25.6,121.6,631.571,165.26,180.8
2026-08-22T16:46:02.509666+00:00,Bayesian Optimization (GP-BO),7,70,8,12,8,8,16,os,32,13208,4190,9018,0,74.21,96.0,25.6,121.6,622.629,161.5,180.8
2026-08-22T16:46:02.509666+00:00,Bayesian Optimization (GP-BO),7,71,16,16,8,64,8,os,12,8006,2186,5820,2168,58.52,256.0,64.0,320.0,390.332,63.94,180.8
2026-08-22T16:46:02.509666+00:00,Bayesian Optimization (GP-BO),7,72,8,8,64,8,64,ws,32,19797,6654,13143,0,80.59,64.0,108.8,172.8,292.319,22.77,180.8
2026-08-22T16:46:02.509666+00:00,Bayesian Optimization (GP-BO),7,73,4,12,16,8,8,ws,12,26898,8553,18345,0,74.2,48.0,25.6,73.6,505.129,112.15,180.8
2026-08-22T16:46:02.509666+00:00,Bayesian Optimization (GP-BO),7,74,64,4,64,128,8,ws,12,12792,3786,9006,0,36.21,256.0,160.0,416.0,187.918,-21.08,180.8
2026-08-22T16:46:02.509666+00:00,Bayesian Optimization (GP-BO),7,75,24,8,8,16,8,os,24,7472,2596,4876,488,67.33,192.0,25.6,217.6,615.041,158.31,180.8
2026-08-22T16:46:02.509666+00:00,Bayesian Optimization (GP-BO),7,76,16,8,16,32,8,os,32,9253,3006,6247,0,80.6,128.0,44.8,172.8,625.423,162.67,180.8
2026-08-22T16:46:02.509666+00:00,Bayesian Optimization (GP-BO),7,77,24,8,8,8,8,is,32,21406,3087,18319,8808,33.66,192.0,19.2,211.2,221.193,-7.1,180.8
2026-08-22T16:46:02.509666+00:00,Bayesian Optimization (GP-BO),7,78,64,4,256,64,64,ws,4,22092,5150,16942,0,36.21,256.0,307.2,563.2,80.372,-66.24,180.8
2026-08-22T16:46:02.509666+00:00,Bayesian Optimization (GP-BO),7,79,48,4,8,32,128,is,32,20244,5630,14614,0,25.48,192.0,134.4,326.4,151.34,-36.44,180.8
2026-08-22T16:46:02.509666+00:00,Bayesian Optimization (GP-BO),7,80,8,16,16,32,8,os,16,9781,3262,6519,0,80.6,128.0,44.8,172.8,591.661,148.49,180.8
2026-08-22T16:46:02.509666+00:00,Bayesian Optimization (GP-BO),7,81,8,24,16,16,8,os,32,9061,2526,6535,0,57.86,192.0,32.0,224.0,492.692,106.93,180.8
2026-08-22T16:46:02.509666+00:00,Bayesian Optimization (GP-BO),7,82,8,8,8,16,16,os,24,17090,5332,11758,0,86.61,64.0,32.0,96.0,609.518,155.99,180.8
2026-08-22T16:46:02.509666+00:00,Bayesian Optimization (GP-BO),7,83,4,16,8,32,16,is,32,23590,5887,17703,0,66.85,64.0,44.8,108.8,389.622,63.64,180.8
2026-08-22T16:46:02.509666+00:00,Bayesian Optimization (GP-BO),7,84,8,64,8,64,128,ws,4,33165,10350,22815,1486,34.38,512.0,160.0,672.0,44.869,-81.16,180.8
2026-08-22T16:46:02.509666+00:00,Bayesian Optimization (GP-BO),7,85,12,8,16,8,8,os,24,12435,4297,8138,0,79.15,96.0,25.6,121.6,661.334,177.76,180.8
2026-08-22T16:46:02.509666+00:00,Bayesian Optimization (GP-BO),7,86,16,8,8,16,16,os,24,9972,3092,6880,522,77.12,128.0,32.0,160.0,626.755,163.23,180.8
2026-08-22T16:46:02.509666+00:00,Bayesian Optimization (GP-BO),7,87,12,4,16,8,8,os,16,23741,8030,15711,0,82.04,48.0,25.6,73.6,572.299,140.36,180.8
2026-08-22T16:46:02.509666+00:00,Bayesian Optimization (GP-BO),7,88,16,8,8,8,16,os,16,13006,3262,9744,3226,65.39,128.0,25.6,153.6,500.57,110.24,180.8
2026-08-22T16:46:02.509666+00:00,Bayesian Optimization (GP-BO),7,89,24,4,32,16,8,os,32,22427,4590,17837,9150,51.58,96.0,44.8,140.8,316.684,33.01,180.8
2026-08-22T16:46:02.509666+00:00,Bayesian Optimization (GP-BO),7,90,4,4,8,32,256,ws,32,66701,21118,45583,0,90.0,16.0,236.8,252.8,59.305,-75.09,180.8
2026-08-22T16:46:02.509666+00:00,Bayesian Optimization (GP-BO),7,91,16,4,8,32,8,os,24,19348,5588,13760,1884,77.3,64.0,38.4,102.4,504.736,111.99,180.8
2026-08-22T16:46:02.509666+00:00,Bayesian Optimization (GP-BO),7,92,8,4,8,8,8,os,8,35545,10494,25051,2300,85.61,32.0,19.2,51.2,549.48,130.78,180.8
2026-08-22T16:46:02.509666+00:00,Bayesian Optimization (GP-BO),7,93,64,12,8,256,32,ws,8,22726,2298,20428,15516,16.49,768.0,236.8,1004.8,43.792,-81.61,180.8
2026-08-22T16:46:02.509666+00:00,Bayesian Optimization (GP-BO),7,94,8,4,128,128,64,os,32,32692,9726,22966,0,90.0,32.0,256.0,288.0,106.21,-55.39,180.8
2026-08-22T16:46:02.509666+00:00,Bayesian Optimization (GP-BO),7,95,8,8,128,8,8,ws,4,35623,9986,25637,8633,56.66,64.0,115.2,179.2,156.65,-34.21,180.8
2026-08-22T16:46:02.509666+00:00,Bayesian Optimization (GP-BO),7,96,12,8,16,16,8,os,12,13160,4660,8500,0,79.15,96.0,32.0,128.0,593.655,149.33,180.8
2026-08-22T16:46:02.509666+00:00,Bayesian Optimization (GP-BO),7,97,8,16,8,8,8,os,16,9525,3262,6263,0,80.6,128.0,19.2,147.2,713.226,199.55,199.55
2026-08-22T16:46:02.509666+00:00,Bayesian Optimization (GP-BO),7,98,4,12,128,128,8,is,32,30454,8143,22311,0,66.69,48.0,211.2,259.2,126.684,-46.79,199.55
2026-08-22T16:46:02.509666+00:00,Bayesian Optimization (GP-BO),7,99,48,16,64,8,256,ws,16,5968,2286,3682,0,40.63,768.0,262.4,1030.4,162.617,-31.7,199.55
2026-08-22T16:46:02.509666+00:00,Bayesian Optimization (GP-BO),7,100,32,12,8,16,16,os,32,4636,1542,3094,0,57.83,384.0,32.0,416.0,518.517,117.77,199.55
2026-08-22T16:46:02.509666+00:00,Bayesian Optimization (GP-BO),8,1,12,16,8,32,32,os,32,6780,2414,4366,0,73.98,192.0,57.6,249.6,590.916,148.18,148.18
2026-08-22T16:46:02.509666+00:00,Bayesian Optimization (GP-BO),8,2,16,64,8,256,32,os,16,3938,1078,2860,0,38.8,1024.0,236.8,1260.8,201.409,-15.41,148.18
2026-08-22T16:46:02.509666+00:00,Bayesian Optimization (GP-BO),8,3,16,64,64,8,128,is,4,41994,5750,36244,15564,21.99,1024.0,160.0,1184.0,20.112,-91.55,148.18
2026-08-22T16:46:02.509666+00:00,Bayesian Optimization (GP-BO),8,4,8,12,64,16,128,is,12,24523,7433,17090,0,59.2,96.0,166.4,262.4,155.404,-34.73,148.18
2026-08-22T16:46:02.509666+00:00,Bayesian Optimization (GP-BO),8,5,12,4,16,16,256,os,12,27007,8212,18795,2562,75.46,48.0,230.4,278.4,133.001,-44.14,148.18
2026-08-22T16:46:02.509666+00:00,Bayesian Optimization (GP-BO),8,6,4,16,8,128,32,os,32,17452,5502,11950,0,83.48,64.0,134.4,198.4,288.811,21.3,148.18
2026-08-22T16:46:02.509666+00:00,Bayesian Optimization (GP-BO),8,7,24,12,16,32,32,os,32,5636,2034,3602,0,61.78,288.0,64.0,352.0,504.065,111.7,148.18
2026-08-22T16:46:02.509666+00:00,Bayesian Optimization (GP-BO),8,8,12,16,32,16,16,ws,32,7918,2847,5071,0,67.47,192.0,51.2,243.2,519.303,118.1,148.18
2026-08-22T16:46:02.509666+00:00,Bayesian Optimization (GP-BO),8,9,32,24,8,64,64,os,32,3316,978,2338,0,45.97,768.0,108.8,876.8,343.942,44.45,148.18
2026-08-22T16:46:02.509666+00:00,Bayesian Optimization (GP-BO),8,10,16,4,16,16,8,os,24,17614,5588,12026,0,83.48,64.0,32.0,96.0,591.386,148.38,148.38
2026-08-22T16:46:02.509666+00:00,Bayesian Optimization (GP-BO),8,11,4,4,8,16,8,os,32,61533,18174,43359,0,93.72,16.0,25.6,41.6,390.66,64.07,148.38
2026-08-22T16:46:02.509666+00:00,Bayesian Optimization (GP-BO),8,12,32,8,32,8,16,ws,32,7937,2526,5411,412,51.52,256.0,44.8,300.8,418.857,75.92,148.38
2026-08-22T16:46:02.509666+00:00,Bayesian Optimization (GP-BO),8,13,16,12,8,32,16,os,32,7324,2430,4894,0,69.27,192.0,44.8,236.8,576.594,142.17,148.38
2026-08-22T16:46:02.509666+00:00,Bayesian Optimization (GP-BO),8,14,8,4,32,32,8,ws,16,35422,11007,24415,0,83.47,32.0,57.6,89.6,315.079,32.33,148.38
2026-08-22T16:46:02.509666+00:00,Bayesian Optimization (GP-BO),8,15,24,12,8,16,16,ws,32,6360,2467,3893,0,52.43,288.0,32.0,320.0,491.352,106.36,148.38
2026-08-22T16:46:02.509666+00:00,Bayesian Optimization (GP-BO),8,16,16,24,16,8,16,os,24,5372,1564,3808,0,54.29,384.0,32.0,416.0,447.477,87.94,148.38
2026-08-22T16:46:02.509666+00:00,Bayesian Optimization (GP-BO),8,17,16,4,16,64,16,os,32,17564,5502,12062,0,83.48,64.0,76.8,140.8,404.365,69.83,148.38
2026-08-22T16:46:02.509666+00:00,Bayesian Optimization (GP-BO),8,18,24,4,8,32,8,os,12,26133,5002,21131,12546,48.3,96.0,38.4,134.4,284.716,19.58,148.38
2026-08-22T16:46:02.509666+00:00,Bayesian Optimization (GP-BO),8,19,4,32,8,8,16,ws,32,10502,3647,6855,0,70.95,128.0,25.6,153.6,619.922,160.36,160.36
2026-08-22T16:46:02.509666+00:00,Bayesian Optimization (GP-BO),8,20,4,32,64,8,8,ws,32,10782,3519,7263,0,70.95,128.0,64.0,192.0,483.058,102.88,160.36
2026-08-22T16:46:02.509666+00:00,Bayesian Optimization (GP-BO),8,21,12,48,8,8,8,ws,32,4622,1863,2759,0,36.6,576.0,19.2,595.2,363.502,52.67,160.36
2026-08-22T16:46:02.509666+00:00,Bayesian Optimization (GP-BO),8,22,8,4,8,8,64,ws,32,35645,11646,23999,0,83.47,32.0,64.0,96.0,292.234,22.74,160.36
2026-08-22T16:46:02.509666+00:00,Bayesian Optimization (GP-BO),8,23,8,32,16,8,32,ws,16,8436,3039,5397,377,63.25,256.0,44.8,300.8,394.081,65.51,160.36
2026-08-22T16:46:02.509666+00:00,Bayesian Optimization (GP-BO),8,24,4,32,8,16,64,os,32,10084,3390,6694,0,73.12,128.0,70.4,198.4,499.834,109.93,160.36
2026-08-22T16:46:02.509666+00:00,Bayesian Optimization (GP-BO),8,25,24,12,32,8,8,is,24,19082,2557,16525,9236,28.06,288.0,38.4,326.4,160.556,-32.57,160.36
2026-08-22T16:46:02.509666+00:00,Bayesian Optimization (GP-BO),8,26,16,16,16,16,16,os,32,5288,1758,3530,0,75.46,256.0,38.4,294.4,642.349,169.78,169.78
2026-08-22T16:46:02.509666+00:00,Bayesian Optimization (GP-BO),8,27,4,64,64,16,256,ws,32,15139,4318,10821,0,40.72,256.0,268.8,524.8,125.866,-47.14,169.78
2026-08-22T16:46:02.509666+00:00,Bayesian Optimization (GP-BO),8,28,24,8,8,8,16,os,24,7621,2596,5025,488,67.33,192.0,25.6,217.6,603.016,153.26,169.78
2026-08-22T16:46:02.509666+00:00,Bayesian Optimization (GP-BO),8,29,4,24,32,8,8,os,32,17341,4574,12767,0,59.85,96.0,38.4,134.4,429.068,80.21,169.78
2026-08-22T16:46:02.509666+00:00,Bayesian Optimization (GP-BO),8,30,8,32,128,64,8,ws,32,6162,2015,4147,0,67.01,256.0,160.0,416.0,390.108,63.84,169.78
2026-08-22T16:46:02.509666+00:00,Bayesian Optimization (GP-BO),8,31,64,8,256,64,8,ws,16,7253,2094,5159,0,35.6,512.0,262.4,774.4,178.04,-25.22,169.78
2026-08-22T16:46:02.509666+00:00,Bayesian Optimization (GP-BO),8,32,12,32,8,16,32,is,32,7886,1815,6071,576,39.19,384.0,44.8,428.8,295.725,24.2,169.78
2026-08-22T16:46:02.509666+00:00,Bayesian Optimization (GP-BO),8,33,32,4,16,8,16,os,32,10908,3390,7518,0,69.07,128.0,32.0,160.0,572.974,140.65,169.78
2026-08-22T16:46:02.509666+00:00,Bayesian Optimization (GP-BO),8,34,12,16,8,32,8,os,24,6792,2500,4292,0,73.98,192.0,38.4,230.4,639.028,168.39,169.78
2026-08-22T16:46:02.509666+00:00,Bayesian Optimization (GP-BO),8,35,8,64,8,32,16,os,32,5608,1326,4282,0,40.73,512.0,44.8,556.8,320.253,34.5,169.78
2026-08-22T16:46:02.509666+00:00,Bayesian Optimization (GP-BO),8,36,8,16,8,64,8,ws,16,10254,3519,6735,0,75.44,128.0,64.0,192.0,507.932,113.33,169.78
2026-08-22T16:46:02.509666+00:00,Bayesian Optimization (GP-BO),8,37,64,4,16,8,256,is,32,41142,3358,37784,19602,19.99,256.0,224.0,480.0,50.638,-78.73,169.78
2026-08-22T16:46:02.509666+00:00,Bayesian Optimization (GP-BO),8,38,8,12,64,256,8,ws,4,35315,9869,25446,12153,38.68,96.0,262.4,358.4,79.008,-66.82,169.78
2026-08-22T16:46:02.509666+00:00,Bayesian Optimization (GP-BO),8,39,64,8,8,16,8,os,32,4885,1326,3559,832,42.97,512.0,25.6,537.6,380.782,59.93,169.78
2026-08-22T16:46:02.509666+00:00,Bayesian Optimization (GP-BO),8,40,24,4,32,8,16,os,32,22554,4590,17964,9150,51.58,96.0,44.8,140.8,314.901,32.26,169.78
2026-08-22T16:46:02.509666+00:00,Bayesian Optimization (GP-BO),8,41,64,16,8,8,64,ws,4,28106,2870,25236,19042,17.11,1024.0,64.0,1088.0,32.702,-86.27,169.78
2026-08-22T16:46:02.509666+00:00,Bayesian Optimization (GP-BO),8,42,32,8,8,8,16,os,32,5796,1886,3910,0,67.01,256.0,25.6,281.6,612.687,157.32,169.78
2026-08-22T16:46:02.509666+00:00,Bayesian Optimization (GP-BO),8,43,4,32,8,8,32,ws,32,11014,3903,7111,0,70.95,128.0,38.4,166.4,545.634,129.16,169.78
2026-08-22T16:46:02.509666+00:00,Bayesian Optimization (GP-BO),8,44,12,24,16,64,8,os,24,6759,2125,4634,0,52.79,288.0,70.4,358.4,412.809,73.38,169.78
2026-08-22T16:46:02.509666+00:00,Bayesian Optimization (GP-BO),8,45,64,4,8,8,16,ws,32,16913,3358,13555,6676,26.28,256.0,25.6,281.6,209.965,-11.82,169.78
2026-08-22T16:46:02.509666+00:00,Bayesian Optimization (GP-BO),8,46,8,16,8,32,32,ws,32,10494,3647,6847,0,75.44,128.0,57.6,185.6,513.43,115.64,169.78
2026-08-22T16:46:02.509666+00:00,Bayesian Optimization (GP-BO),8,47,12,16,8,16,16,os,24,6962,2500,4462,0,73.98,192.0,32.0,224.0,641.236,169.32,169.78
2026-08-22T16:46:02.509666+00:00,Bayesian Optimization (GP-BO),8,48,4,64,128,128,8,is,24,15223,2973,12250,321,32.54,256.0,211.2,467.2,140.604,-40.95,169.78
2026-08-22T16:46:02.509666+00:00,Bayesian Optimization (GP-BO),8,49,4,64,8,32,256,ws,4,60699,19550,41149,0,40.72,256.0,236.8,492.8,33.431,-85.96,169.78
2026-08-22T16:46:02.509666+00:00,Bayesian Optimization (GP-BO),8,50,4,24,8,16,8,os,12,17901,5044,12857,0,59.85,96.0,25.6,121.6,459.398,92.94,169.78
2026-08-22T16:46:02.509666+00:00,Bayesian Optimization (GP-BO),8,51,4,24,8,16,32,os,32,17188,4590,12598,0,59.85,96.0,44.8,140.8,413.211,73.55,169.78
2026-08-22T16:46:02.509666+00:00,Bayesian Optimization (GP-BO),8,52,24,16,16,8,8,ws,24,4813,1873,2940,0,57.56,384.0,25.6,409.6,507.252,113.04,169.78
2026-08-22T16:46:02.509666+00:00,Bayesian Optimization (GP-BO),8,53,4,64,256,16,16,ws,16,16331,4654,11677,3268,28.48,256.0,230.4,486.4,125.891,-47.13,169.78
2026-08-22T16:46:02.509666+00:00,Bayesian Optimization (GP-BO),8,54,12,32,8,16,8,ws,16,5676,1929,3747,699,52.23,384.0,25.6,409.6,430.128,80.65,169.78
2026-08-22T16:46:02.509666+00:00,Bayesian Optimization (GP-BO),8,55,32,24,16,16,16,ws,32,4061,1298,2763,0,37.77,768.0,38.4,806.4,305.363,28.25,169.78
2026-08-22T16:46:02.509666+00:00,Bayesian Optimization (GP-BO),8,56,64,4,128,128,64,is,32,21932,3358,18574,0,23.91,256.0,256.0,512.0,89.054,-62.6,169.78
2026-08-22T16:46:02.509666+00:00,Bayesian Optimization (GP-BO),8,57,12,4,128,16,8,is,4,41566,10815,30751,0,59.2,48.0,121.6,169.6,141.852,-40.42,169.78
2026-08-22T16:46:02.509666+00:00,Bayesian Optimization (GP-BO),8,58,12,12,16,16,8,os,32,9613,3366,6247,0,67.97,144.0,32.0,176.0,591.056,148.24,169.78
2026-08-22T16:46:02.509666+00:00,Bayesian Optimization (GP-BO),8,59,64,4,8,256,8,os,8,45017,3102,41915,36236,27.77,256.0,217.6,473.6,46.904,-80.3,169.78
2026-08-22T16:46:02.509666+00:00,Bayesian Optimization (GP-BO),8,60,8,48,8,8,8,is,4,48763,9507,39256,36297,7.64,384.0,19.2,403.2,50.861,-78.64,169.78
2026-08-22T16:46:02.509666+00:00,Bayesian Optimization (GP-BO),8,61,16,8,8,16,16,os,24,9972,3092,6880,522,77.12,128.0,32.0,160.0,626.755,163.23,169.78
2026-08-22T16:46:02.509666+00:00,Bayesian Optimization (GP-BO),8,62,24,16,8,8,8,os,16,4653,1734,2919,440,60.85,384.0,19.2,403.2,533.024,123.87,169.78
2026-08-22T16:46:02.509666+00:00,Bayesian Optimization (GP-BO),8,63,8,4,32,256,32,ws,32,35210,11135,24075,0,83.47,32.0,256.0,288.0,98.615,-58.58,169.78
2026-08-22T16:46:02.509666+00:00,Bayesian Optimization (GP-BO),8,64,24,24,8,8,256,os,32,3794,1244,2550,0,48.28,576.0,217.6,793.6,332.125,39.49,169.78
2026-08-22T16:46:02.509666+00:00,Bayesian Optimization (GP-BO),8,65,4,8,8,32,8,ws,32,33198,10239,22959,0,86.6,32.0,38.4,70.4,427.874,79.7,169.78
2026-08-22T16:46:02.509666+00:00,Bayesian Optimization (GP-BO),8,66,8,16,8,8,8,ws,16,10222,3519,6703,0,75.44,128.0,19.2,147.2,664.594,179.13,179.13
2026-08-22T16:46:02.509666+00:00,Bayesian Optimization (GP-BO),8,67,8,8,8,8,8,ws,32,17870,5759,12111,0,80.59,64.0,19.2,83.2,672.593,182.48,182.48
2026-08-22T16:46:02.509666+00:00,Bayesian Optimization (GP-BO),8,68,12,4,64,8,8,ws,16,26926,9183,17743,0,73.96,48.0,64.0,112.0,331.597,39.27,182.48
2026-08-22T16:46:02.509666+00:00,Bayesian Optimization (GP-BO),8,69,12,12,8,16,8,os,24,9669,3457,6212,0,67.97,144.0,25.6,169.6,609.807,156.12,182.48
2026-08-22T16:46:02.509666+00:00,Bayesian Optimization (GP-BO),8,70,12,16,8,8,8,ws,12,9084,3129,5955,987,60.17,192.0,19.2,211.2,521.229,118.91,182.48
2026-08-22T16:46:02.509666+00:00,Bayesian Optimization (GP-BO),8,71,64,4,256,8,32,ws,4,22092,5150,16942,0,36.21,256.0,236.8,492.8,91.853,-61.42,182.48
2026-08-22T16:46:02.509666+00:00,Bayesian Optimization (GP-BO),8,72,8,8,8,32,8,ws,16,18378,6015,12363,0,80.59,64.0,38.4,102.4,531.376,123.17,182.48
2026-08-22T16:46:02.509666+00:00,Bayesian Optimization (GP-BO),8,73,8,4,8,8,8,ws,12,34929,11177,23752,0,83.47,32.0,19.2,51.2,559.17,134.85,182.48
2026-08-22T16:46:02.509666+00:00,Bayesian Optimization (GP-BO),8,74,4,16,8,8,16,ws,24,18344,6015,12329,0,80.59,64.0,25.6,89.6,608.412,155.53,182.48
2026-08-22T16:46:02.509666+00:00,Bayesian Optimization (GP-BO),8,75,4,8,8,64,8,os,12,32755,10154,22601,0,90.0,32.0,64.0,96.0,318.018,33.57,182.48
2026-08-22T16:46:02.509666+00:00,Bayesian Optimization (GP-BO),8,76,4,24,16,32,8,ws,24,17825,4873,12952,0,57.86,96.0,44.8,140.8,398.444,67.34,182.48
2026-08-22T16:46:02.509666+00:00,Bayesian Optimization (GP-BO),8,77,24,24,16,32,8,os,32,3811,1260,2551,0,48.28,576.0,44.8,620.8,422.678,77.52,182.48
2026-08-22T16:46:02.509666+00:00,Bayesian Optimization (GP-BO),8,78,12,12,8,8,16,ws,16,11412,4295,7117,70,61.38,144.0,25.6,169.6,516.669,117.0,182.48
2026-08-22T16:46:02.509666+00:00,Bayesian Optimization (GP-BO),8,79,24,8,8,8,8,ws,32,8062,3087,4975,0,60.49,192.0,19.2,211.2,587.304,146.66,182.48
2026-08-22T16:46:02.509666+00:00,Bayesian Optimization (GP-BO),8,80,4,12,8,8,32,ws,12,28500,9578,18922,0,74.2,48.0,38.4,86.4,406.108,70.56,182.48
2026-08-22T16:46:02.509666+00:00,Bayesian Optimization (GP-BO),8,81,4,16,256,16,8,ws,32,18422,5759,12663,0,80.59,64.0,224.0,288.0,188.482,-20.84,182.48
2026-08-22T16:46:02.509666+00:00,Bayesian Optimization (GP-BO),8,82,12,12,8,32,8,ws,32,10432,3799,6633,0,61.77,144.0,38.4,182.4,525.542,120.72,182.48
2026-08-22T16:46:02.509666+00:00,Bayesian Optimization (GP-BO),8,83,32,4,8,32,8,is,32,22294,4415,17879,0,39.32,128.0,38.4,166.4,269.562,13.21,182.48
2026-08-22T16:46:02.509666+00:00,Bayesian Optimization (GP-BO),8,84,4,64,8,64,256,is,16,21508,6494,15014,0,35.66,256.0,262.4,518.4,89.688,-62.33,182.48
2026-08-22T16:46:02.509666+00:00,Bayesian Optimization (GP-BO),8,85,4,12,8,8,16,ws,32,25942,8255,17687,0,74.2,48.0,25.6,73.6,523.744,119.97,182.48
2026-08-22T16:46:02.509666+00:00,Bayesian Optimization (GP-BO),8,86,4,48,8,32,32,ws,32,12238,4479,7759,0,42.33,192.0,57.6,249.6,327.375,37.5,182.48
2026-08-22T16:46:02.509666+00:00,Bayesian Optimization (GP-BO),8,87,4,12,16,8,8,ws,24,26132,8212,17920,0,74.2,48.0,25.6,73.6,519.936,118.37,182.48
2026-08-22T16:46:02.509666+00:00,Bayesian Optimization (GP-BO),8,88,48,12,128,32,128,ws,32,5814,2486,3328,0,36.77,576.0,230.4,806.4,213.292,-10.42,182.48
2026-08-22T16:46:02.509666+00:00,Bayesian Optimization (GP-BO),8,89,64,4,8,128,128,ws,32,17184,3358,13826,6676,26.28,256.0,211.2,467.2,124.558,-47.69,182.48
2026-08-22T16:46:02.509666+00:00,Bayesian Optimization (GP-BO),8,90,4,48,32,256,8,ws,32,11798,4095,7703,0,42.33,192.0,236.8,428.8,197.668,-16.98,182.48
2026-08-22T16:46:02.509666+00:00,Bayesian Optimization (GP-BO),8,91,64,4,64,16,256,is,4,31284,5150,26134,0,23.91,256.0,268.8,524.8,60.909,-74.42,182.48
2026-08-22T16:46:02.509666+00:00,Bayesian Optimization (GP-BO),8,92,8,12,8,8,8,ws,12,14730,5001,9729,0,69.26,96.0,19.2,115.2,589.311,147.51,182.48
2026-08-22T16:46:02.509666+00:00,Bayesian Optimization (GP-BO),8,93,64,16,8,8,8,is,8,37309,1846,35463,30062,16.48,1024.0,19.2,1043.2,25.693,-89.21,182.48
2026-08-22T16:46:02.509666+00:00,Bayesian Optimization (GP-BO),8,94,16,8,16,8,8,os,24,9430,3092,6338,0,80.6,128.0,25.6,153.6,690.394,189.96,189.96
2026-08-22T16:46:02.509666+00:00,Bayesian Optimization (GP-BO),8,95,8,4,128,128,128,is,4,66892,19710,47182,0,71.03,32.0,307.2,339.2,44.073,-81.49,189.96
2026-08-22T16:46:02.509666+00:00,Bayesian Optimization (GP-BO),8,96,8,4,32,8,8,ws,32,34622,10751,23871,0,83.47,32.0,38.4,70.4,410.275,72.31,189.96
2026-08-22T16:46:02.509666+00:00,Bayesian Optimization (GP-BO),8,97,16,4,8,256,32,is,32,28709,6910,21799,0,56.9,64.0,236.8,300.8,115.799,-51.37,189.96
2026-08-22T16:46:02.509666+00:00,Bayesian Optimization (GP-BO),8,98,16,16,32,8,8,os,32,5707,1758,3949,290,71.95,256.0,38.4,294.4,595.188,149.98,189.96
2026-08-22T16:46:02.509666+00:00,Bayesian Optimization (GP-BO),8,99,16,12,8,16,8,ws,24,8242,2905,5337,0,61.26,192.0,25.6,217.6,557.582,134.18,189.96
2026-08-22T16:46:02.509666+00:00,Bayesian Optimization (GP-BO),8,100,12,16,8,16,8,os,16,7178,2670,4508,109,72.88,192.0,25.6,217.6,640.232,168.89,189.96
2026-08-22T16:46:02.509666+00:00,Bayesian Optimization (GP-BO),9,1,32,4,256,64,8,ws,4,21006,6207,14799,0,55.48,128.0,262.4,390.4,121.94,-48.79,-48.79
2026-08-22T16:46:02.509666+00:00,Bayesian Optimization (GP-BO),9,2,64,16,64,16,32,os,24,3582,908,2674,0,46.92,1024.0,89.6,1113.6,250.695,5.29,5.29
2026-08-22T16:46:02.509666+00:00,Bayesian Optimization (GP-BO),9,3,16,64,32,16,16,is,8,9302,2167,7135,598,28.39,1024.0,51.2,1075.2,99.985,-58.01,5.29
2026-08-22T16:46:02.509666+00:00,Bayesian Optimization (GP-BO),9,4,12,48,32,64,8,os,8,7756,2742,5014,266,36.97,576.0,83.2,659.2,195.589,-17.85,5.29
2026-08-22T16:46:02.509666+00:00,Bayesian Optimization (GP-BO),9,5,8,16,64,32,64,os,32,9772,3006,6766,0,80.6,128.0,128.0,256.0,399.739,67.89,67.89
2026-08-22T16:46:02.509666+00:00,Bayesian Optimization (GP-BO),9,6,4,16,32,16,128,os,24,18125,5588,12537,0,83.48,64.0,140.8,204.8,269.397,13.14,67.89
2026-08-22T16:46:02.509666+00:00,Bayesian Optimization (GP-BO),9,7,8,16,256,64,64,os,24,10122,3092,7030,0,80.6,128.0,307.2,435.2,227.01,-4.66,67.89
2026-08-22T16:46:02.509666+00:00,Bayesian Optimization (GP-BO),9,8,12,24,32,64,128,ws,32,9688,2890,6798,0,48.27,288.0,179.2,467.2,220.934,-7.21,67.89
2026-08-22T16:46:02.509666+00:00,Bayesian Optimization (GP-BO),9,9,16,16,64,32,32,is,32,9635,2398,7237,0,49.62,256.0,102.4,358.4,289.588,21.63,67.89
2026-08-22T16:46:02.509666+00:00,Bayesian Optimization (GP-BO),9,10,16,16,128,16,16,os,32,5680,1758,3922,0,75.46,256.0,128.0,384.0,458.48,92.56,92.56
2026-08-22T16:46:02.509666+00:00,Bayesian Optimization (GP-BO),9,11,12,24,64,32,32,os,24,7451,2125,5326,0,52.79,288.0,102.4,390.4,343.776,44.38,92.56
2026-08-22T16:46:02.509666+00:00,Bayesian Optimization (GP-BO),9,12,16,24,32,8,8,os,32,5315,1478,3837,34,54.02,384.0,38.4,422.4,445.423,87.07,92.56
2026-08-22T16:46:02.509666+00:00,Bayesian Optimization (GP-BO),9,13,12,8,64,16,8,os,24,12957,4297,8660,0,79.15,96.0,70.4,166.4,463.812,94.8,94.8
2026-08-22T16:46:02.509666+00:00,Bayesian Optimization (GP-BO),9,14,12,8,32,8,16,ws,32,13966,4911,9055,0,71.65,96.0,44.8,140.8,508.54,113.58,113.58
2026-08-22T16:46:02.509666+00:00,Bayesian Optimization (GP-BO),9,15,8,16,32,8,8,os,24,9771,3092,6679,0,80.6,128.0,38.4,166.4,615.046,158.32,158.32
2026-08-22T16:46:02.509666+00:00,Bayesian Optimization (GP-BO),9,16,12,16,128,16,8,ws,24,8124,2809,5315,0,67.47,192.0,121.6,313.6,392.513,64.85,158.32
2026-08-22T16:46:02.509666+00:00,Bayesian Optimization (GP-BO),9,17,4,4,32,16,32,os,32,62028,18174,43854,0,93.72,16.0,64.0,80.0,201.522,-15.36,158.32
2026-08-22T16:46:02.509666+00:00,Bayesian Optimization (GP-BO),9,18,16,24,8,8,8,ws,24,5578,1756,3822,0,48.37,384.0,19.2,403.2,444.632,86.74,158.32
2026-08-22T16:46:02.509666+00:00,Bayesian Optimization (GP-BO),9,19,4,8,32,8,8,ws,16,34398,10495,23903,0,86.6,32.0,38.4,70.4,412.947,73.44,158.32
2026-08-22T16:46:02.509666+00:00,Bayesian Optimization (GP-BO),9,20,8,24,16,16,8,ws,32,9558,2719,6839,0,54.28,192.0,32.0,224.0,467.073,96.17,158.32
2026-08-22T16:46:02.509666+00:00,Bayesian Optimization (GP-BO),9,21,12,16,256,8,16,os,32,7300,2430,4870,0,73.98,192.0,224.0,416.0,329.294,38.3,158.32
2026-08-22T16:46:02.509666+00:00,Bayesian Optimization (GP-BO),9,22,64,8,8,256,8,ws,4,56745,3630,53115,48244,17.43,512.0,217.6,729.6,24.154,-89.86,158.32
2026-08-22T16:46:02.509666+00:00,Bayesian Optimization (GP-BO),9,23,48,4,128,16,8,ws,32,12006,5503,6503,0,42.93,192.0,121.6,313.6,265.598,11.55,158.32
2026-08-22T16:46:02.509666+00:00,Bayesian Optimization (GP-BO),9,24,4,16,8,16,8,os,24,17464,5588,11876,0,83.48,64.0,25.6,89.6,639.07,168.41,168.41
2026-08-22T16:46:02.509666+00:00,Bayesian Optimization (GP-BO),9,25,8,4,8,32,256,os,4,60502,11518,48984,24506,65.46,32.0,236.8,268.8,61.49,-74.17,168.41
2026-08-22T16:46:02.509666+00:00,Bayesian Optimization (GP-BO),9,26,8,24,16,8,8,os,24,9222,2596,6626,0,57.86,192.0,25.6,217.6,498.329,109.29,168.41
2026-08-22T16:46:02.509666+00:00,Bayesian Optimization (GP-BO),9,27,8,8,8,64,16,ws,32,18106,5887,12219,0,80.59,64.0,70.4,134.4,410.94,72.59,168.41
2026-08-22T16:46:02.509666+00:00,Bayesian Optimization (GP-BO),9,28,16,8,16,8,8,ws,32,10386,3519,6867,0,70.95,128.0,25.6,153.6,626.845,163.27,168.41
2026-08-22T16:46:02.509666+00:00,Bayesian Optimization (GP-BO),9,29,4,12,8,128,8,os,24,25149,7849,17300,0,76.98,48.0,115.2,163.2,243.646,2.33,168.41
2026-08-22T16:46:02.509666+00:00,Bayesian Optimization (GP-BO),9,30,16,8,32,16,8,ws,32,10642,3519,7123,0,70.95,128.0,44.8,172.8,543.792,128.39,168.41
2026-08-22T16:46:02.509666+00:00,Bayesian Optimization (GP-BO),9,31,4,48,8,8,8,ws,4,59522,17747,41775,42988,9.06,192.0,19.2,211.2,79.548,-66.59,168.41
2026-08-22T16:46:02.509666+00:00,Bayesian Optimization (GP-BO),9,32,24,4,8,8,8,os,24,15337,4660,10677,2326,64.57,96.0,19.2,115.2,565.988,137.71,168.41
2026-08-22T16:46:02.509666+00:00,Bayesian Optimization (GP-BO),9,33,16,12,16,8,8,os,16,7803,2670,5133,0,69.27,192.0,25.6,217.6,588.951,147.36,168.41
2026-08-22T16:46:02.509666+00:00,Bayesian Optimization (GP-BO),9,34,8,12,8,16,8,is,32,17278,4575,12703,0,59.2,96.0,25.6,121.6,475.963,99.9,168.41
2026-08-22T16:46:02.509666+00:00,Bayesian Optimization (GP-BO),9,35,64,4,8,8,8,os,32,12993,2334,10659,5476,36.95,256.0,19.2,275.2,279.668,17.46,168.41
2026-08-22T16:46:02.509666+00:00,Bayesian Optimization (GP-BO),9,36,16,4,8,32,8,os,16,25646,5758,19888,7905,65.52,64.0,38.4,102.4,380.786,59.93,168.41
2026-08-22T16:46:02.509666+00:00,Bayesian Optimization (GP-BO),9,37,24,16,8,16,8,os,32,3821,1478,2343,0,67.49,384.0,25.6,409.6,638.944,168.35,168.41
2026-08-22T16:46:02.509666+00:00,Bayesian Optimization (GP-BO),9,38,12,8,8,8,32,is,16,41948,5279,36669,22638,39.86,96.0,38.4,134.4,177.374,-25.5,168.41
2026-08-22T16:46:02.509666+00:00,Bayesian Optimization (GP-BO),9,39,4,12,8,8,16,ws,32,25942,8255,17687,0,74.2,48.0,25.6,73.6,523.744,119.97,168.41
2026-08-22T16:46:02.509666+00:00,Bayesian Optimization (GP-BO),9,40,16,16,16,16,16,os,24,5508,1844,3664,0,75.46,256.0,38.4,294.4,616.692,159.01,168.41
2026-08-22T16:46:02.509666+00:00,Bayesian Optimization (GP-BO),9,41,24,24,8,64,8,os,32,3771,1260,2511,0,48.28,576.0,64.0,640.0,414.346,74.02,168.41
2026-08-22T16:46:02.509666+00:00,Bayesian Optimization (GP-BO),9,42,12,12,16,8,16,ws,24,11064,4060,7004,0,61.77,144.0,32.0,176.0,513.541,115.68,168.41
2026-08-22T16:46:02.509666+00:00,Bayesian Optimization (GP-BO),9,43,64,12,16,256,8,is,24,8097,1573,6524,0,21.15,768.0,224.0,992.0,124.499,-47.71,168.41
2026-08-22T16:46:02.509666+00:00,Bayesian Optimization (GP-BO),9,44,32,12,8,16,8,os,24,4713,1633,3080,54,57.25,384.0,25.6,409.6,518.015,117.56,168.41
2026-08-22T16:46:02.509666+00:00,Bayesian Optimization (GP-BO),9,45,4,64,128,8,128,is,32,17285,4318,12967,0,35.66,256.0,211.2,467.2,123.831,-47.99,168.41
2026-08-22T16:46:02.509666+00:00,Bayesian Optimization (GP-BO),9,46,12,8,16,32,8,os,32,12253,4206,8047,0,79.15,96.0,44.8,140.8,579.635,143.44,168.41
2026-08-22T16:46:02.509666+00:00,Bayesian Optimization (GP-BO),9,47,8,16,8,16,8,os,24,9280,3092,6188,0,80.6,128.0,25.6,153.6,701.554,194.65,194.65
2026-08-22T16:46:02.509666+00:00,Bayesian Optimization (GP-BO),9,48,64,4,128,16,128,is,8,25940,4126,21814,0,23.91,256.0,217.6,473.6,81.399,-65.81,194.65
2026-08-22T16:46:02.509666+00:00,Bayesian Optimization (GP-BO),9,49,4,48,8,256,64,is,4,58039,12991,45048,25905,22.99,192.0,262.4,454.4,37.918,-84.07,194.65
2026-08-22T16:46:02.509666+00:00,Bayesian Optimization (GP-BO),9,50,24,16,16,8,64,os,32,4076,1494,2582,0,67.49,384.0,70.4,454.4,539.918,126.76,194.65
2026-08-22T16:46:02.509666+00:00,Bayesian Optimization (GP-BO),9,51,12,12,8,8,16,os,16,10309,3606,6703,185,66.81,144.0,25.6,169.6,571.949,140.22,194.65
2026-08-22T16:46:02.509666+00:00,Bayesian Optimization (GP-BO),9,52,4,32,8,32,8,os,32,9957,3390,6567,0,73.12,128.0,38.4,166.4,603.557,153.49,194.65
2026-08-22T16:46:02.509666+00:00,Bayesian Optimization (GP-BO),9,53,16,4,64,8,256,ws,32,21668,6910,14758,0,73.11,64.0,262.4,326.4,141.394,-40.62,194.65
2026-08-22T16:46:02.509666+00:00,Bayesian Optimization (GP-BO),9,54,48,12,8,32,16,ws,32,6169,2438,3731,1144,28.14,576.0,44.8,620.8,261.116,9.67,194.65
2026-08-22T16:46:02.509666+00:00,Bayesian Optimization (GP-BO),9,55,24,8,8,16,32,os,32,6972,2510,4462,0,71.66,192.0,44.8,236.8,605.705,154.39,194.65
2026-08-22T16:46:02.509666+00:00,Bayesian Optimization (GP-BO),9,56,24,12,16,16,8,os,32,5509,2034,3475,0,61.78,288.0,32.0,320.0,567.254,138.24,194.65
2026-08-22T16:46:02.509666+00:00,Bayesian Optimization (GP-BO),9,57,16,64,8,256,64,is,32,14791,1270,13521,9704,22.76,1024.0,262.4,1286.4,52.556,-77.93,194.65
2026-08-22T16:46:02.509666+00:00,Bayesian Optimization (GP-BO),9,58,12,12,8,8,32,os,32,9596,3350,6246,0,67.97,144.0,38.4,182.4,571.327,139.95,194.65
2026-08-22T16:46:02.509666+00:00,Bayesian Optimization (GP-BO),9,59,16,16,8,16,16,os,24,5358,1844,3514,0,75.46,256.0,32.0,288.0,648.044,172.17,194.65
2026-08-22T16:46:02.509666+00:00,Bayesian Optimization (GP-BO),9,60,48,4,8,8,256,os,32,15282,3902,11380,6454,34.27,192.0,217.6,409.6,159.757,-32.9,194.65
2026-08-22T16:46:02.509666+00:00,Bayesian Optimization (GP-BO),9,61,4,8,8,32,8,os,32,32061,9726,22335,0,90.0,32.0,38.4,70.4,443.047,86.08,194.65
2026-08-22T16:46:02.509666+00:00,Bayesian Optimization (GP-BO),9,62,4,24,16,32,16,os,32,17228,4590,12638,0,59.85,96.0,51.2,147.2,394.328,65.62,194.65
2026-08-22T16:46:02.509666+00:00,Bayesian Optimization (GP-BO),9,63,16,32,8,8,8,is,32,8096,1263,6833,2411,35.18,512.0,19.2,531.2,232.526,-2.34,194.65
2026-08-22T16:46:02.509666+00:00,Bayesian Optimization (GP-BO),9,64,12,12,8,32,32,os,32,9646,3366,6280,0,67.97,144.0,57.6,201.6,514.236,115.98,194.65
2026-08-22T16:46:02.509666+00:00,Bayesian Optimization (GP-BO),9,65,4,48,8,256,16,ws,24,12044,4370,7674,0,42.33,192.0,224.0,416.0,199.589,-16.17,194.65
2026-08-22T16:46:02.509666+00:00,Bayesian Optimization (GP-BO),9,66,24,24,32,8,256,ws,4,26604,5428,21176,7602,24.55,576.0,236.8,812.8,46.245,-80.58,194.65
2026-08-22T16:46:02.509666+00:00,Bayesian Optimization (GP-BO),9,67,8,16,64,32,8,os,32,9645,3006,6639,0,80.6,128.0,83.2,211.2,490.912,106.18,194.65
2026-08-22T16:46:02.509666+00:00,Bayesian Optimization (GP-BO),9,68,12,8,16,8,8,os,16,12797,4478,8319,0,79.15,96.0,25.6,121.6,642.626,169.9,194.65
2026-08-22T16:46:02.509666+00:00,Bayesian Optimization (GP-BO),9,69,64,4,8,128,64,is,4,27636,5150,22486,0,23.91,256.0,160.0,416.0,86.982,-63.47,194.65
2026-08-22T16:46:02.509666+00:00,Bayesian Optimization (GP-BO),9,70,12,12,16,16,8,os,32,9613,3366,6247,0,67.97,144.0,32.0,176.0,591.056,148.24,194.65
2026-08-22T16:46:02.509666+00:00,Bayesian Optimization (GP-BO),9,71,4,48,8,8,8,ws,32,11350,4031,7319,0,42.33,192.0,19.2,211.2,417.167,75.21,194.65
2026-08-22T16:46:02.509666+00:00,Bayesian Optimization (GP-BO),9,72,4,48,256,64,8,ws,32,11934,4095,7839,0,42.33,192.0,262.4,454.4,184.406,-22.55,194.65
2026-08-22T16:46:02.509666+00:00,Bayesian Optimization (GP-BO),9,73,24,8,8,8,16,ws,32,8062,3087,4975,0,60.49,192.0,25.6,217.6,570.031,139.41,194.65
2026-08-22T16:46:02.509666+00:00,Bayesian Optimization (GP-BO),9,74,32,32,256,32,8,ws,32,2876,887,1989,0,47.54,1024.0,236.8,1260.8,275.781,15.83,194.65
2026-08-22T16:46:02.509666+00:00,Bayesian Optimization (GP-BO),9,75,32,16,8,8,32,os,32,3304,1134,2170,0,63.25,512.0,38.4,550.4,549.897,130.95,194.65
2026-08-22T16:46:02.509666+00:00,Bayesian Optimization (GP-BO),9,76,4,4,32,8,8,is,8,169218,19967,149251,92516,57.36,16.0,38.4,54.4,108.631,-54.38,194.65
2026-08-22T16:46:02.509666+00:00,Bayesian Optimization (GP-BO),9,77,8,16,256,8,8,os,12,11179,3434,7745,0,80.6,128.0,217.6,345.6,258.835,8.71,194.65
2026-08-22T16:46:02.509666+00:00,Bayesian Optimization (GP-BO),9,78,16,64,8,8,256,ws,32,4834,1270,3564,0,35.42,1024.0,217.6,1241.6,166.614,-30.02,194.65
2026-08-22T16:46:02.509666+00:00,Bayesian Optimization (GP-BO),9,79,16,4,8,8,32,ws,16,25607,7550,18057,4442,62.7,64.0,38.4,102.4,381.365,60.17,194.65
2026-08-22T16:46:02.509666+00:00,Bayesian Optimization (GP-BO),9,80,12,4,8,16,8,ws,12,29375,9321,20054,3182,67.05,48.0,25.6,73.6,462.535,94.26,194.65
2026-08-22T16:46:02.509666+00:00,Bayesian Optimization (GP-BO),9,81,8,4,8,8,16,os,24,32349,9812,22537,0,90.0,32.0,25.6,57.6,536.682,125.4,194.65
2026-08-22T16:46:02.509666+00:00,Bayesian Optimization (GP-BO),9,82,48,16,256,32,8,is,32,6240,1711,4529,0,23.54,768.0,236.8,1004.8,159.491,-33.01,194.65
2026-08-22T16:46:02.509666+00:00,Bayesian Optimization (GP-BO),9,83,16,4,16,32,8,ws,32,19614,6527,13087,0,73.11,64.0,44.8,108.8,468.603,96.81,194.65
2026-08-22T16:46:02.509666+00:00,Bayesian Optimization (GP-BO),9,84,4,48,256,16,64,ws,4,53483,13503,39980,18965,24.71,192.0,268.8,460.8,40.576,-82.96,194.65
2026-08-22T16:46:02.509666+00:00,Bayesian Optimization (GP-BO),9,85,12,16,8,16,16,os,32,6780,2414,4366,0,73.98,192.0,32.0,224.0,658.449,176.54,194.65
2026-08-22T16:46:02.509666+00:00,Bayesian Optimization (GP-BO),9,86,4,64,32,64,8,is,32,13990,2399,11591,0,35.66,256.0,83.2,339.2,210.73,-11.49,194.65
2026-08-22T16:46:02.509666+00:00,Bayesian Optimization (GP-BO),9,87,24,4,128,128,8,ws,32,15798,5743,10055,0,62.07,96.0,211.2,307.2,206.052,-13.46,194.65
2026-08-22T16:46:02.509666+00:00,Bayesian Optimization (GP-BO),9,88,16,16,32,16,16,os,32,5834,1758,4076,290,71.95,256.0,51.2,307.2,557.972,134.34,194.65
2026-08-22T16:46:02.509666+00:00,Bayesian Optimization (GP-BO),9,89,32,4,16,8,8,ws,12,19816,4842,14974,5680,43.03,128.0,25.6,153.6,328.543,37.99,194.65
2026-08-22T16:46:02.509666+00:00,Bayesian Optimization (GP-BO),9,90,4,4,16,128,128,is,32,76893,21118,55775,0,81.34,16.0,217.6,233.6,55.672,-76.62,194.65
2026-08-22T16:46:02.509666+00:00,Bayesian Optimization (GP-BO),9,91,8,4,64,256,8,is,12,45387,11177,34210,0,71.03,32.0,262.4,294.4,74.839,-68.57,194.65
2026-08-22T16:46:02.509666+00:00,Bayesian Optimization (GP-BO),9,92,4,64,8,8,128,is,32,16549,4318,12231,0,35.66,256.0,115.2,371.2,162.787,-31.63,194.65
2026-08-22T16:46:02.509666+00:00,Bayesian Optimization (GP-BO),9,93,12,16,8,32,8,ws,32,7278,2703,4575,0,67.47,192.0,38.4,230.4,596.356,150.47,194.65
2026-08-22T16:46:02.509666+00:00,Bayesian Optimization (GP-BO),9,94,8,16,8,8,8,os,32,9125,3006,6119,0,80.6,128.0,19.2,147.2,744.491,212.68,212.68
2026-08-22T16:46:02.509666+00:00,Bayesian Optimization (GP-BO),9,95,64,16,64,128,128,ws,32,4088,1078,3010,0,34.44,1024.0,256.0,1280.0,191.108,-19.74,212.68
2026-08-22T16:46:02.509666+00:00,Bayesian Optimization (GP-BO),9,96,4,12,256,8,16,is,32,30582,8271,22311,0,66.69,48.0,224.0,272.0,120.217,-49.51,212.68
2026-08-22T16:46:02.509666+00:00,Bayesian Optimization (GP-BO),9,97,32,4,8,8,16,os,4,54486,5182,49304,40010,38.16,128.0,25.6,153.6,119.488,-49.82,212.68
2026-08-22T16:46:02.509666+00:00,Bayesian Optimization (GP-BO),9,98,8,12,8,16,16,os,24,13451,4297,9154,0,74.21,96.0,32.0,128.0,580.812,143.94,212.68
2026-08-22T16:46:02.509666+00:00,Bayesian Optimization (GP-BO),9,99,8,4,8,128,128,ws,16,37501,12798,24703,0,83.47,32.0,211.2,243.2,109.646,-53.95,212.68
2026-08-22T16:46:02.509666+00:00,Bayesian Optimization (GP-BO),9,100,32,4,16,16,16,is,32,22645,4542,18103,0,39.32,128.0,38.4,166.4,265.384,11.46,212.68
