family,vendor,erratum_id,title,status,doc_number,revision
Broadwell-EP,Intel,BDF1,Enabling ISOCH Mode May Cause The System to Hang,No Fix,333811,008US
Broadwell-EP,Intel,BDF2,PCI BARs in the Home Agent Will Return Non-Zero Values During Enumeration,No Fix,333811,008US
Broadwell-EP,Intel,BDF3,PCIe Header of a Malformed TLP is Logged Incorrectly,No Fix,333811,008US
Broadwell-EP,Intel,BDF4,A Malformed TLP May Block ECRC Error Logging,No Fix,333811,008US
Broadwell-EP,Intel,BDF5,The System May Hang During an Intel QuickPath Interconnect (Intel QPI) Slow to Fast Mode Transition,No Fix,333811,008US
Broadwell-EP,Intel,BDF6,Unexpected Performance Loss When Turbo Disabled,No Fix,333811,008US
Broadwell-EP,Intel,BDF7,Attempting to Enter ADR May Lead to Unpredictable System Behavior,No Fix,333811,008US
Broadwell-EP,Intel,BDF8,Exiting From Package C3 or Package C6 With DDR4-2133 May Lead to Unpredictable System Behavior,No Fix,333811,008US
Broadwell-EP,Intel,BDF9,The System May Shut Down Unexpectedly During a Warm Reset,No Fix,333811,008US
Broadwell-EP,Intel,BDF10,CAT May Not Behave as Expected,No Fix,333811,008US
Broadwell-EP,Intel,BDF11,"LBR, BTS, BTM May Report a Wrong Address when an Exception/ Interrupt Occurs in 64-bit Mode",No Fix,333811,008US
Broadwell-EP,Intel,BDF12,EFLAGS Discrepancy on Page Faults and on EPT-Induced VM Exits after a Translation Change,No Fix,333811,008US
Broadwell-EP,Intel,BDF13,MCi_Status Overflow Bit May Be Incorrectly Set on a Single Instance of a DTLB Error,No Fix,333811,008US
Broadwell-EP,Intel,BDF14,LER MSRs May Be Unreliable,No Fix,333811,008US
Broadwell-EP,Intel,BDF15,MONITOR or CLFLUSH on the Local XAPIC's Address Space Results in Hang,No Fix,333811,008US
Broadwell-EP,Intel,BDF16,#GP on Segment Selector Descriptor that Straddles Canonical Boundary May Not Provide Correct Exception Error Code,No Fix,333811,008US
Broadwell-EP,Intel,BDF17,FREEZE_WHILE_SMM Does Not Prevent Event From Pending PEBS During SMM,No Fix,333811,008US
Broadwell-EP,Intel,BDF18,"APIC Error ""Received Illegal Vector"" May be Lost",No Fix,333811,008US
Broadwell-EP,Intel,BDF19,Performance Monitor Precise Instruction Retired Event May Present Wrong Indications,No Fix,333811,008US
Broadwell-EP,Intel,BDF20,CR0.CD Is Ignored in VMX Operation,No Fix,333811,008US
Broadwell-EP,Intel,BDF21,Instruction Fetch May Cause Machine Check if Page Size and Memory Type Was Changed Without Invalidation,No Fix,333811,008US
Broadwell-EP,Intel,BDF22,Execution of VAESIMC or VAESKEYGENASSIST With An Illegal Value for VEX.vvvv May Produce a #NM Exception,No Fix,333811,008US
Broadwell-EP,Intel,BDF23,Interrupt From Local APIC Timer May Not Be Detectable While Being Delivered,No Fix,333811,008US
Broadwell-EP,Intel,BDF24,Pending x87 FPU Exceptions (#MF) May be Signaled Earlier Than Expected,No Fix,333811,008US
Broadwell-EP,Intel,BDF25,DR6.B0-B3 May Not Report All Breakpoints Matched When a MOV/POP SS is Followed by a Store or an MMX Instruction,No Fix,333811,008US
Broadwell-EP,Intel,BDF26,VEX.L is Not Ignored with VCVT2SI Instructions,No Fix,333811,008US
Broadwell-EP,Intel,BDF27,Processor May Livelock During On Demand Clock Modulation,No Fix,333811,008US
Broadwell-EP,Intel,BDF28,Performance Monitor Events OTHER_ASSISTS.AVX_TO_SSE And OTHER_ASSISTS.SSE_TO_AVX May Over Count,No Fix,333811,008US
Broadwell-EP,Intel,BDF29,Performance Monitor Event DSB2MITE_SWITCHES.COUNT May Over Count,No Fix,333811,008US
Broadwell-EP,Intel,BDF30,Timed MWAIT May Use Deadline of a Previous Execution,No Fix,333811,008US
Broadwell-EP,Intel,BDF31,IA32_VMX_VMCS_ENUM MSR (48AH) Does Not Properly Report The Highest Index Value Used For VMCS Encoding,No Fix,333811,008US
Broadwell-EP,Intel,BDF32,Incorrect FROM_IP Value For an RTM Abort in BTM or BTS May be Observed,No Fix,333811,008US
Broadwell-EP,Intel,BDF33,Locked Load Performance Monitoring Events May Under Count,No Fix,333811,008US
Broadwell-EP,Intel,BDF34,Transactional Abort May Cause an Incorrect Branch Record,No Fix,333811,008US
Broadwell-EP,Intel,BDF35,PMI May be Signaled More Than Once For Performance Monitor Counter Overflow,No Fix,333811,008US
Broadwell-EP,Intel,BDF36,Execution of FXSAVE or FXRSTOR With the VEX Prefix May Produce a #NM Exception,No Fix,333811,008US
Broadwell-EP,Intel,BDF37,VM Exit May Set IA32_EFER.NXE When IA32_MISC_ENABLE Bit 34 is Set to 1,No Fix,333811,008US
Broadwell-EP,Intel,BDF38,A MOV to CR3 When EPT is Enabled May Lead to an Unexpected Page Fault or an Incorrect Page Translation,No Fix,333811,008US
Broadwell-EP,Intel,BDF39,Intel Processor Trace Packet Generation May Stop Sooner Than Expected,No Fix,333811,008US
Broadwell-EP,Intel,BDF40,PEBS Eventing IP Field May be Incorrect After Not-Taken Branch,No Fix,333811,008US
Broadwell-EP,Intel,BDF41,Reading The Memory Destination of an Instruction That Begins an HLE Transaction May Return The Original Value,No Fix,333811,008US
Broadwell-EP,Intel,BDF43,Performance Monitoring Event INSTR_RETIRED.ALL May Generate Redundant PEBS Records For an Overflow,No Fix,333811,008US
Broadwell-EP,Intel,BDF44,Reset During PECI Transaction May Cause a Machine Check Exception,No Fix,333811,008US
Broadwell-EP,Intel,BDF45,"Intel Processor Trace (Intel PT) MODE.Exec, PIP, and CBR Packets Are Not Generated as Expected",No Fix,333811,008US
Broadwell-EP,Intel,BDF46,Performance Monitor Instructions Retired Event May Not Count Consistently,No Fix,333811,008US
Broadwell-EP,Intel,BDF47,General-Purpose Performance Counters May be Inaccurate with Any Thread,No Fix,333811,008US
Broadwell-EP,Intel,BDF48,An Invalid LBR May Be Recorded Following a Transactional Abort,No Fix,333811,008US
Broadwell-EP,Intel,BDF49,Executing an RSM Instruction With Intel Processor Trace Enabled Will Signal a #GP,No Fix,333811,008US
Broadwell-EP,Intel,BDF50,Intel Processor Trace PIP May be Unexpectedly Generated,No Fix,333811,008US
Broadwell-EP,Intel,BDF51,Processor Core Ratio Changes While in Probe Mode May Result in a Hang,No Fix,333811,008US
Broadwell-EP,Intel,BDF52,Processor Does Not Check IRTE Reserved Bits,No Fix,333811,008US
Broadwell-EP,Intel,BDF53,PCIe TPH Request Capability Structure Incorrectly Advertises Device Specific Mode as Supported,No Fix,333811,008US
Broadwell-EP,Intel,BDF54,Package C3 State or Deeper May Lead to a Reset,No Fix,333811,008US
Broadwell-EP,Intel,BDF55,VMX-Preemption Timer May Stop Operating When ACC is Enabled,No Fix,333811,008US
Broadwell-EP,Intel,BDF56,Intel Advanced Vector Extensions (Intel AVX) Workloads May Exceed ICCMAX Limits,No Fix,333811,008US
Broadwell-EP,Intel,BDF57,Writing MSR_ERROR_CONTROL May Cause a #GP,No Fix,333811,008US
Broadwell-EP,Intel,BDF58,Enabling ACC in VMX Non-Root Operation May Cause System Instability,No Fix,333811,008US
Broadwell-EP,Intel,BDF59,A Spurious Patrol Scrub Error May be Logged,No Fix,333811,008US
Broadwell-EP,Intel,BDF60,Performance Monitoring Counters May Produce Incorrect Results for BR_INST_RETIRED Event on Logical Processor.,No Fix,333811,008US
Broadwell-EP,Intel,BDF62,Processor Instability May Occur When Using The PECI RdIAMSR Command,No Fix,333811,008US
Broadwell-EP,Intel,BDF63,A #VE May Not Invalidate Cached Translation Information,No Fix,333811,008US
Broadwell-EP,Intel,BDF64,Package C-state Transitions While Inband PECI Accesses Are in Progress May Cause Performance Degradation,No Fix,333811,008US
Broadwell-EP,Intel,BDF65,"Attempting Concurrent Enabling of Intel Processor Trace (Intel PT) With LBR, BTS, or BTM Results in a #GP",No Fix,333811,008US
Broadwell-EP,Intel,BDF66,A DDR4 C/A Parity Error in Lockstep Mode May Result in a Spurious Uncorrectable Error,No Fix,333811,008US
Broadwell-EP,Intel,BDF67,Cores May be Unable to Reach Maximum Turbo Frequency,No Fix,333811,008US
Broadwell-EP,Intel,BDF68,PEBS Record May Be Generated After Being Disabled,No Fix,333811,008US
Broadwell-EP,Intel,BDF69,Software Using Intel TSX May Behave Unpredictably,No Fix,333811,008US
Broadwell-EP,Intel,BDF70,Some E5-1607V4 And E5-1603V4 Parts Will Incorrectly Report Support For DDR4-2400,No Fix,333811,008US
Broadwell-EP,Intel,BDF71,PROCHOT# Assertion During Warm Reset May Cause Persistent Performance Reduction,No Fix,333811,008US
Broadwell-EP,Intel,BDF72,Data Breakpoint Coincident With a Machine Check Exception May be Lost,No Fix,333811,008US
Broadwell-EP,Intel,BDF73,Internal Parity Errors May Incorrectly Report Overflow in the IA32_MC0_STATUS MSR,No Fix,333811,008US
Broadwell-EP,Intel,BDF74,Incorrect VMCS Used for PML-Index field on VMX Transitions Into and Out of SMM,No Fix,333811,008US
Broadwell-EP,Intel,BDF75,Certain Microcode Updates May Result in Incorrect Throttling Causing Reduced System Performance,No Fix,333811,008US
Broadwell-EP,Intel,BDF76,An Intel Hyper-Threading Technology Enabled Processor May Exhibit Internal Parity Errors or Unpredictable System Behavior,No Fix,333811,008US
Broadwell-EP,Intel,BDF77,Inband PECI Concurrent With OS Patch Load May Result in Incorrect Throttling Causing Reduced System Performance,No Fix,333811,008US
Broadwell-EP,Intel,BDF78,Writing The IIO_LLC_WAYS MSR Results in an Incorrect Value,No Fix,333811,008US
Broadwell-EP,Intel,BDF79,Turbo May Be Delayed After Exiting C6 When Using HWP,No Fix,333811,008US
Broadwell-EP,Intel,BDF80,IA32_MC4_STATUS.VAL May be Incorrectly Cleared by Warm Reset,No Fix,333811,008US
Broadwell-EP,Intel,BDF81,Interrupt Remapping May Lead to a System Hang,No Fix,333811,008US
Broadwell-EP,Intel,BDF82,MEM_HOT_C23_N DIMM Temperature Reporting Does Not Function Correctly,No Fix,333811,008US
Broadwell-EP,Intel,BDF83,Bi-Directional PCIe Posted Transactions May Lead to System Hang,No Fix,333811,008US
Broadwell-EP,Intel,BDF84,Excessive Uncorrected and Corrected Memory Errors May Occur Following S3 Resume or Warm Reset,No Fix,333811,008US
Broadwell-EP,Intel,BDF85,Writing MSR_LASTBRANCH_x_FROM_IP May #GP When Intel TSX is Not Supported,No Fix,333811,008US
Broadwell-EP,Intel,BDF86,PCIe Ports May Incorrectly Detect a Receiver,No Fix,333811,008US
Broadwell-EP,Intel,BDF87,Some DRAM And L3 Cache Performance Monitoring Events May Undercount,No Fix,333811,008US
Broadwell-EP,Intel,BDF88,APIC Timer Interrupt May Not be Generated at The Correct Time In TSC-Deadline Mode,No Fix,333811,008US
Broadwell-EP,Intel,BDF89,Loading Microcode Updates or Executing an Authenticated Code Module May Result in a System Hang,No Fix,333811,008US
Broadwell-EP,Intel,BDF90,NVDIMM Data May Not be Preserved Correctly on Power Loss or ADR Activation,No Fix,333811,008US
Broadwell-EP,Intel,BDF91,Link Down Events behind PCIe Device connected to CPU Root Ports Can Cause CTO > 50ms on other Root Ports,No Fix,333811,008US
Broadwell-EP,Intel,BDF93,Reads From MSR_LER_TO_LIP May Not Return a Canonical Address,No Fix,333811,008US
Broadwell-EP,Intel,BDF94,Processor May Hang After Multiple Microcode Updates Loaded,No Fix,333811,008US
Broadwell-EP,Intel,BDF95,"In eMCA2 Mode, When The Retirement Watchdog Timeout Occurs CATERR# May be Asserted",No Fix,333811,008US
Broadwell-EP,Intel,BDF96,Systems That Enable Both OSB And IODC May Exhibit Unexpected System Behavior,No Fix,333811,008US
Broadwell-EP,Intel,BDF97,VCVTPS2PH To Memory May Update MXCSR in The Case of a Fault on The Store,No Fix,333811,008US
Broadwell-EP,Intel,BDF98,Writing the CMCI_DISABLE bit in the ERROR_CONTROL MSR will #GP Fault,No Fix,333811,008US
Broadwell-EP,Intel,BDF99,System May Hang When Operating at High Temperatures,No Fix,333811,008US
Broadwell-EP,Intel,BDF100,Using Intel TSX Instructions May Lead to Unpredictable System Behavior,No Fix,333811,008US
Broadwell-EP,Intel,BDF101,The System May Hang When Exiting package C6 State,No Fix,333811,008US
Broadwell-EP,Intel,BDF102,Intel MBM Counters May Report System Memory Bandwidth Incorrectly,No Fix,333811,008US
Broadwell-EP,Intel,BDF103,"When Operating at Maximum Uncore Frequency, The Processor May Hang",No Fix,333811,008US
Broadwell-EP,Intel,BDF104,A Pending Fixed Interrupt May Be Dispatched Before an Interrupt of The Same Priority Completes,No Fix,333811,008US
Broadwell-EP,Intel,BDF105,Overflow Flag in IA32_MC0_STATUS MSR May be Incorrectly Set,No Fix,333811,008US
Broadwell-EP,Intel,BDF106,PECI RdAMSR() to Non-existent MSR Might Result in IERR,No Fix,333811,008US
Broadwell-EP,Intel,BDF107,System logs a message channel timeout in MCA Bank,No Fix,333811,008US
Broadwell-EP,Intel,BDF108,Retried PECI PCIConfigLocal Register Accesses May Not Operate Correctly,No Fix,333811,008US
Broadwell-EP,Intel,BDF109,Debug Exceptions May Be Lost in The Case Of Machine Check Exception,No Fix,333811,008US
Skylake-SP,Intel,SKX1,A CAP Error While Entering Package C6 Might Cause DRAM to Fail to Enter Self-Refresh (Intel Xeon Processor Scalable Family),No Fix,336065,017US
Skylake-SP,Intel,SKX2,PCI Express (PCIe) Lane Error Status Register Might Log False Correctable Error (Intel Xeon Processor SP),No Fix,336065,017US
Skylake-SP,Intel,SKX3,"In Memory Mirror Mode, DataErrorChunk Field Might be Incorrect (Intel Xeon Processor SP)",No Fix,336065,017US
Skylake-SP,Intel,SKX4,Intel Resource Director Technology (Intel RDT) MBM Does Not Accurately Track Write Bandwidth (Intel Xeon Processor SP),No Fix,336065,017US
Skylake-SP,Intel,SKX5,Intel Ultra Path Interconnect (Intel UPI) Initialization Aborts Might be Logged (Intel Xeon Processor SP),No Fix,336065,017US
Skylake-SP,Intel,SKX6,PCIe Port Might Incorrectly Log Malformed_TLP Error (Intel Xeon Processor SP),No Fix,336065,017US
Skylake-SP,Intel,SKX7,CMCI Might Not be Signaled for Corrected Error (Intel Xeon Processor Scalable Family),No Fix,336065,017US
Skylake-SP,Intel,SKX8,CAT/CDP Might Not Restrict Cacheline Allocation Under Certain Conditions (Intel Xeon Processor Scalable Family),No Fix,336065,017US
Skylake-SP,Intel,SKX9,Credits Not Returned For PCIe Packets That Fail ECRC Check Problem (Intel Xeon Processor SP),No Fix,336065,017US
Skylake-SP,Intel,SKX10,PCIe Link Might Fail to Train (Intel Xeon Processor SP),No Fix,336065,017US
Skylake-SP,Intel,SKX11,Intel UPI CRC32 Rolling Mode is Not Functional (Intel Xeon Processor SP),No Fix,336065,017US
Skylake-SP,Intel,SKX12,IODC Entry 0 Cannot be Masked (Intel Xeon Processor SP),No Fix,336065,017US
Skylake-SP,Intel,SKX13,With eMCA2 Enabled a 3-Strike Might Cause an Unnecessary CATERR# Instead of Only MSMI (Intel Xeon Processor SP),No Fix,336065,017US
Skylake-SP,Intel,SKX14,CMCI May Not be Signaled for Corrected Error (Intel Xeon Processor Scalable Family),No Fix,336065,017US
Skylake-SP,Intel,SKX15,CSRs SVID and SDID Are Not Implemented For Some DDRIO and PCU Devices (Intel Xeon Processor SP),No Fix,336065,017US
Skylake-SP,Intel,SKX16,Register Broadcast Read From DDRIO May Return a Zero Value (Intel Xeon Processor Scalable Family),No Fix,336065,017US
Skylake-SP,Intel,SKX17,CMT Counters May Not Count Accurately (Intel Xeon Processor SP),No Fix,336065,017US
Skylake-SP,Intel,SKX18,CAT Might Not Restrict Cacheline Allocation Under Certain Conditions (Intel Xeon Processor Scalable Family),No Fix,336065,017US
Skylake-SP,Intel,SKX19,PCIe Corrected Error Threshold Does Not Consider Overflow Count When Incrementing Error Counter (Intel Xeon Processor SP),No Fix,336065,017US
Skylake-SP,Intel,SKX20,IIO RAS VPP Hangs During the Warm Reset Test (Intel Xeon Processor SP),No Fix,336065,017US
Skylake-SP,Intel,SKX21,Intel UPI CRC Errors and PHY Init Aborts May Be Seen During Intel UPI Slow Mode Training,No Fix,336065,017US
Skylake-SP,Intel,SKX22,A Core 3-Strike Event May Be Seen Under Certain Test Conditions,No Fix,336065,017US
Skylake-SP,Intel,SKX23,DDR4 Memory Bandwidth May Be Lower Than Expected at 2133 and 1866 Speeds,No Fix,336065,017US
Skylake-SP,Intel,SKX24,Lower Than Expected Performance May Be Seen With Certain Intel Advanced Vector Extensions 512 (Intel AVX-512) Workloads,No Fix,336065,017US
Skylake-SP,Intel,SKX25,A System Hang May Be Seen With Some 8S + XNC Type Platform Configurations,No Fix,336065,017US
Skylake-SP,Intel,SKX26,Sparing Per-Rank Error Masking Does Not Mask Correctable Errors,No Fix,336065,017US
Skylake-SP,Intel,SKX27,PCIe Root Port Electromechanical Interlock Control Register Can Be Written,No Fix,336065,017US
Skylake-SP,Intel,SKX28,Live Error Recovery Feature Being Disabled is not Getting Reflected in PXP2CAP Value,No Fix,336065,017US
Skylake-SP,Intel,SKX29,Performance Monitoring M2MEM Counters For Memory Controller Reads/Writes Are Not Counting Read/Write Retries,No Fix,336065,017US
Skylake-SP,Intel,SKX30,System Hangs May Occur When IPQ and IRQ Requests Happen at The Same Time,No Fix,336065,017US
Skylake-SP,Intel,SKX31,Two Intel UPI Reads From XNC May Lead to a System Hang,No Fix,336065,017US
Skylake-SP,Intel,SKX32,IIO VPP May Hang During Warm Reset,No Fix,336065,017US
Skylake-SP,Intel,SKX33,"MCEs May Be Logged in Banks 9, 10 and 11 that Do Not Represent Actual Errors",No Fix,336065,017US
Skylake-SP,Intel,SKX34,Advanced RAS Dynamic Link Width Reduction May Not Resize the Intel UPI link,No Fix,336065,017US
Skylake-SP,Intel,SKX35,Instruction Fetch May Cause Machine Check if Page Size Was Changed Without Invalidation,No Fix,336065,017US
Skylake-SP,Intel,SKX36,Unexpected DDR ECC Errors May be Seen,No Fix,336065,017US
Skylake-SP,Intel,SKX37,Spurious Corrected Errors May be Reported,No Fix,336065,017US
Skylake-SP,Intel,SKX38,Dynamic Link Width Reduction May Not Resize the Intel UPI Link,No Fix,336065,017US
Skylake-SP,Intel,SKX39,Writing to LT_LOCK_MEMORY and LT_UNLOCK_MEMORY MSRs Simultaneously May Have Inconsistent Results,No Fix,336065,017US
Skylake-SP,Intel,SKX40,Masked Bytes in a Vector Masked Store Instructions May Cause Write Back of a Cache Line,No Fix,336065,017US
Skylake-SP,Intel,SKX41,ERROR_N[2:0] Pins May Not be Cleared After a Warm Reset,No Fix,336065,017US
Skylake-SP,Intel,SKX42,CRC Store Operation Corner Case May Result in Hang,No Fix,336065,017US
Skylake-SP,Intel,SKX43,Atomicity May Not be Preserved When Executing With Restricted RTM Enabled,No Fix,336065,017US
Skylake-SP,Intel,SKX44,Intel PCIe Slot Presence Detect and Presence Detect Changed Logic Not PCIe Specification Compliant,No Fix,336065,017US
Skylake-SP,Intel,SKX45,"In Patrol Scrub System Address Mode, Address is Not Loaded from CSRs After Re-enable",No Fix,336065,017US
Skylake-SP,Intel,SKX46,Intel Processor Trace (Intel PT) TIP.PGD May Not Have Target IP Payload,No Fix,336065,017US
Skylake-SP,Intel,SKX47,The Corrected Error Count Overflow Bit in IA32_ MC0_STATUS is Not Updated When The UC Bit is Set,No Fix,336065,017US
Skylake-SP,Intel,SKX48,SMRAM State-Save Area Above the 4 GB Boundary May Cause Unpredictable System Behavior,No Fix,336065,017US
Skylake-SP,Intel,SKX49,POPCNT Instruction May Take Longer to Execute Than Expected,No Fix,336065,017US
Skylake-SP,Intel,SKX50,Load Latency Performance Monitoring Facility May Stop Counting,No Fix,336065,017US
Skylake-SP,Intel,SKX51,Intel PT PSB+ Packets May be Omitted on a C6 Transition,No Fix,336065,017US
Skylake-SP,Intel,SKX52,Performance Monitoring Counters May Undercount When Using CPL Filtering,No Fix,336065,017US
Skylake-SP,Intel,SKX53,Incorrect Branch Predicted Bit in BTS and BTM Branch Records,No Fix,336065,017US
Skylake-SP,Intel,SKX54,DR6.B0-B3 May Not Report All Breakpoints Matched When a MOV/POP SS Is Followed by a Store or an MMX Instruction,No Fix,336065,017US
Skylake-SP,Intel,SKX55,Performance Monitoring Load Latency Events May Be Inaccurate For Gather Instructions,No Fix,336065,017US
Skylake-SP,Intel,SKX56,VM Exit May Set IA32_EFER.NXE When IA32_MISC_ENABLE Bit 34 Is Set to 1,No Fix,336065,017US
Skylake-SP,Intel,SKX57,x87 FPU Exception (#MF) May Be Signaled Earlier Than Expected,No Fix,336065,017US
Skylake-SP,Intel,SKX58,CPUID TLB Associativity Information Is Inaccurate,No Fix,336065,017US
Skylake-SP,Intel,SKX59,Vector Masked Store Instructions May Cause Write Back of Cache Line Where Bytes Are Masked,No Fix,336065,017US
Skylake-SP,Intel,SKX60,Incorrect FROM_IP Value For an RTM Abort in BTM or BTS May be Observed,No Fix,336065,017US
Skylake-SP,Intel,SKX61,MOVNTDQA From WC Memory May Pass Earlier Locked Instructions,No Fix,336065,017US
Skylake-SP,Intel,SKX62,#GP on Segment Selector Descriptor that Straddles Canonical Boundary May Not Provide Correct Exception Error Code,No Fix,336065,017US
Skylake-SP,Intel,SKX63,Intel PT OVF Packet May be Lost if Immediately Preceding a TraceStop,No Fix,336065,017US
Skylake-SP,Intel,SKX64,The Intel PT CR3 Filter is Not Re-evaluated on VM Entry,No Fix,336065,017US
Skylake-SP,Intel,SKX65,BNDLDX and BNDSTX May Not Signal #GP on Non-Canonical Bound Directory Access,No Fix,336065,017US
Skylake-SP,Intel,SKX66,Performance Monitor Event For Outstanding Offcore Requests May be Incorrect,No Fix,336065,017US
Skylake-SP,Intel,SKX67,Branch Instructions May Initialize Intel Memory Protection Extensions (Intel MPX) Bound Registers Incorrectly,No Fix,336065,017US
Skylake-SP,Intel,SKX68,A Spurious APIC Timer Interrupt May Occur After Timed MWAIT,No Fix,336065,017US
Skylake-SP,Intel,SKX69,Writing a Non-Canonical Value to an LBR MSR Does Not Signal a #GP When Intel PT is Enabled,No Fix,336065,017US
Skylake-SP,Intel,SKX70,VM Entry That Clears TraceEn May Generate a FUP,No Fix,336065,017US
Skylake-SP,Intel,SKX71,Reading Some C-state Residency MSRs May Result in Unpredictable System Behavior,No Fix,336065,017US
Skylake-SP,Intel,SKX72,Processor May Hang When Executing Code In an HLE Transaction Region,No Fix,336065,017US
Skylake-SP,Intel,SKX73,IDI_MISC Performance Monitoring Events May Be Inaccurate,No Fix,336065,017US
Skylake-SP,Intel,SKX74,Intel PT CYC Packets Can be Dropped When Immediately Preceding PSB,No Fix,336065,017US
Skylake-SP,Intel,SKX75,Intel PT VM-entry Indication Depends on The Incorrect VMCS Control Field,No Fix,336065,017US
Skylake-SP,Intel,SKX76,System May Hang Due to Lock Prefixes on Instructions That Access IIO's MMCFG,No Fix,336065,017US
Skylake-SP,Intel,SKX77,MBA Read After MSR Write May Return Incorrect Value,No Fix,336065,017US
Skylake-SP,Intel,SKX78,"In eMCA2 Mode, When The Retirement Watchdog Timeout Occurs CATERR# May be Asserted",No Fix,336065,017US
Skylake-SP,Intel,SKX79,MBA May Incorrectly Throttle All Threads,No Fix,336065,017US
Skylake-SP,Intel,SKX80,VCVTPS2PH To Memory May Update MXCSR in The Case of a Fault on The Store,No Fix,336065,017US
Skylake-SP,Intel,SKX81,Intel PT May Drop All Packets After an Internal Buffer Overflow,No Fix,336065,017US
Skylake-SP,Intel,SKX82,Non-Zero Values May Appear in ZMM Upper Bits After SSE Instructions,No Fix,336065,017US
Skylake-SP,Intel,SKX83,ZMM/YMM Registers May Contain Incorrect Values,No Fix,336065,017US
Skylake-SP,Intel,SKX84,"When Virtualization Exceptions are Enabled, EPT Violations May Generate Erroneous Virtualization Exceptions",No Fix,336065,017US
Skylake-SP,Intel,SKX85,Intel PT ToPA Tables Read From Non-Cacheable Memory During an Intel Transactional Synchronization Extensions (Intel TSX) Transaction May Lead to Processor Hang,No Fix,336065,017US
Skylake-SP,Intel,SKX86,Performing an XACQUIRE to an Intel PT ToPA Table May Lead to Processor Hang,No Fix,336065,017US
Skylake-SP,Intel,SKX87,Use of VMX TSC Scaling or TSC Offsetting Will Result in Corrupted Intel PT Packets,No Fix,336065,017US
Skylake-SP,Intel,SKX88,Using Intel TSX Instructions May Lead to Unpredictable System Behavior,No Fix,336065,017US
Skylake-SP,Intel,SKX89,Viral Mode of Error Containment (R_CPU07) May Not Properly Handle Data Corruption Containment as Intended,No Fix,336065,017US
Skylake-SP,Intel,SKX90,Performance Monitoring General Purpose Counter Three May Contain Unexpected Values,No Fix,336065,017US
Skylake-SP,Intel,SKX91,Performance in an 8sg System May Be Lower Than Expected,No Fix,336065,017US
Skylake-SP,Intel,SKX92,Memory May Continue to Throttle after MEMHOT# De-assertion,No Fix,336065,017US
Skylake-SP,Intel,SKX93,Unexpected Uncorrected Machine Check Errors May Be Reported,No Fix,336065,017US
Skylake-SP,Intel,SKX94,Intel PT Trace May Silently Drop Second Byte of CYC Packet,No Fix,336065,017US
Skylake-SP,Intel,SKX95,Setting Performance Monitoring IA32_PERF_GLOBAL_STATUS_SET MSR Bit 63 May Not #GP,No Fix,336065,017US
Skylake-SP,Intel,SKX96,Branch Instruction Address May be Incorrectly Reported on Intel TSX Abort When Using Intel MPX,No Fix,336065,017US
Skylake-SP,Intel,SKX97,x87 FDP Value May be Saved Incorrectly,No Fix,336065,017US
Skylake-SP,Intel,SKX98,IMC Patrol Scrubbing Engine May Hang,No Fix,336065,017US
Skylake-SP,Intel,SKX99,Memory Bandwidth Monitoring (MBM) Counters May Report System Memory Bandwidth Incorrectly,No Fix,336065,017US
Skylake-SP,Intel,SKX100,A Pending Fixed Interrupt May Be Dispatched Before an Interrupt of The Same Priority Completes,No Fix,336065,017US
Skylake-SP,Intel,SKX101,Voltage/Frequency Curve Transitions May Result in Machine Check Errors or Unpredictable System Behavior,No Fix,336065,017US
Skylake-SP,Intel,SKX102,Processor May Behave Unpredictably on Complex Sequence of Conditions Which Involve Branches That Cross 64 Byte Boundaries,No Fix,336065,017US
Skylake-SP,Intel,SKX103,Executing Some Instructions May Cause Unpredictable Behavior,No Fix,336065,017US
Skylake-SP,Intel,SKX104,STIBP May Not Function as Intended,No Fix,336065,017US
Skylake-SP,Intel,SKX105,"Intel UPI, DMI and PCIe Interfaces May See Elevated Bit Error Rates",No Fix,336065,017US
Skylake-SP,Intel,SKX106,Unexpected Page Faults in Guest Virtualization Environment,No Fix,336065,017US
Skylake-SP,Intel,SKX107,PCIe Root Port Does Not Increment REPLAY_NUM on Multiple NAKs of The Same TLP,No Fix,336065,017US
Skylake-SP,Intel,SKX108,Memory Controller May Hang While in Virtual Lockstep,No Fix,336065,017US
Skylake-SP,Intel,SKX109,Direct Branches With Partial Address Aliasing May Lead to Unpredictable System Behavior,No Fix,336065,017US
Skylake-SP,Intel,SKX110,PCIe Function Level Reset May Generate an #NMI Exception,No Fix,336065,017US
Skylake-SP,Intel,SKX111,Performance Monitoring General Counter 2 May Have Invalid Value Written When Intel TSX Is Enabled,No Fix,336065,017US
Skylake-SP,Intel,SKX112,Intel QuickData Technology Engine May Hang With Any DMA Error If Completion Status Is Improperly Set,No Fix,336065,017US
Skylake-SP,Intel,SKX113,Overflow Flag in IA32_MC0_STATUS MSR May Be Incorrectly Set,No Fix,336065,017US
Skylake-SP,Intel,SKX114,A Fixed Interrupt May Be Lost When a Core Exits C6,No Fix,336065,017US
Skylake-SP,Intel,SKX115,Memory Errors in a VLS Region on a Certain Device May Not Be Properly Corrected,No Fix,336065,017US
Skylake-SP,Intel,SKX116,Certain Errors in Device 16 of a VLS Region Report Device 0 as the Failed Device,No Fix,336065,017US
Cascade Lake,Intel,CLX1,Cache Allocation Technology (CAT)/Code and Data Prioritization (CDP) Might Not Restrict Cacheline Allocation Under Certain Conditions (Intel Xeon Processor Scalable Family),No Fix,338848,028US
Cascade Lake,Intel,CLX2,Intel PT PSB+ Packets May be Omitted on a C6 Transition,No Fix,338848,028US
Cascade Lake,Intel,CLX3,IDI_MISC Performance Monitoring Events May be Inaccurate,No Fix,338848,028US
Cascade Lake,Intel,CLX4,Intel PT CYC Packets Can be Dropped When Immediately Preceding PSB,No Fix,338848,028US
Cascade Lake,Intel,CLX5,Intel PT VM-entry Indication Depends on the Incorrect VMCS Control Field,No Fix,338848,028US
Cascade Lake,Intel,CLX6,MBA Read After MSR Write May Return Incorrect Value,No Fix,338848,028US
Cascade Lake,Intel,CLX7,"In eMCA2 Mode, When The Retirement Watchdog Timeout Occurs CATERR# May be Asserted",No Fix,338848,028US
Cascade Lake,Intel,CLX8,VCVTPS2PH To Memory May Update MXCSR in The Case of a Fault on The Store,No Fix,338848,028US
Cascade Lake,Intel,CLX9,Intel PT May Drop All Packets After an Internal Buffer Overflow,No Fix,338848,028US
Cascade Lake,Intel,CLX10,Non-Zero Values May Appear in ZMM Upper Bits After SSE Instructions,No Fix,338848,028US
Cascade Lake,Intel,CLX11,ZMM/YMM Registers May Contain Incorrect Values,No Fix,338848,028US
Cascade Lake,Intel,CLX12,"When Virtualization Exceptions are Enabled, EPT Violations May Generate Erroneous Virtualization Exceptions",No Fix,338848,028US
Cascade Lake,Intel,CLX13,Intel PT ToPA Tables Read From Non-Cacheable Memory During an Intel TSX Transaction May Lead to Processor Hang,No Fix,338848,028US
Cascade Lake,Intel,CLX14,Performing an XACQUIRE to an Intel PT ToPA Table May Lead to Processor Hang,No Fix,338848,028US
Cascade Lake,Intel,CLX15,PCIe Root Port Does Not Increment REPLAY_NUM on Multiple NAKs of The Same TLP,No Fix,338848,028US
Cascade Lake,Intel,CLX16,Reading Some C-state Residency MSRs May Result in Unpredictable System Behavior,No Fix,338848,028US
Cascade Lake,Intel,CLX17,Performance in an 8sg System May Be Lower Than Expected,No Fix,338848,028US
Cascade Lake,Intel,CLX18,Memory May Continue to Throttle after MEMHOT# De-assertion,No Fix,338848,028US
Cascade Lake,Intel,CLX19,Unexpected Uncorrected Machine Check Errors May Be Reported,No Fix,338848,028US
Cascade Lake,Intel,CLX20,CQM Counters May Decrement an Additional Time From During a FwdCode Flow,No Fix,338848,028US
Cascade Lake,Intel,CLX21,Intel MBM Counters May Double Count,No Fix,338848,028US
Cascade Lake,Intel,CLX22,Intel MBA May Incorrectly Throttle All Threads,No Fix,338848,028US
Cascade Lake,Intel,CLX23,Setting Performance Monitoring IA32_PERF_GLOBAL_STATUS_SET MSR Bit 63 May Not #GP,No Fix,338848,028US
Cascade Lake,Intel,CLX24,Branch Instruction Address May be Incorrectly Reported on TSX Abort When Using MPX,No Fix,338848,028US
Cascade Lake,Intel,CLX25,x87 FDP Value May be Saved Incorrectly,No Fix,338848,028US
Cascade Lake,Intel,CLX26,Intel PT Trace May Silently Drop Second Byte of CYC Packet,No Fix,338848,028US
Cascade Lake,Intel,CLX27,Intel Speed Select Base Configuration P1 Frequency May Not be Selectable,No Fix,338848,028US
Cascade Lake,Intel,CLX28,IMC Patrol Scrubbing Engine May Hang,No Fix,338848,028US
Cascade Lake,Intel,CLX29,Intel MBM Counters May Report System Memory Bandwidth Incorrectly,No Fix,338848,028US
Cascade Lake,Intel,CLX30,A Pending Fixed Interrupt May Be Dispatched Before an Interrupt of The Same Priority Completes,No Fix,338848,028US
Cascade Lake,Intel,CLX31,Voltage/Frequency Curve Transitions May Result in Machine Check Errors or Unpredictable System Behavior,No Fix,338848,028US
Cascade Lake,Intel,CLX32,Processor May Behave Unpredictably on Complex Sequence of Conditions Which Involve Branches That Cross 64 Byte Boundaries,No Fix,338848,028US
Cascade Lake,Intel,CLX33,STIBP May Not Function as Intended,No Fix,338848,028US
Cascade Lake,Intel,CLX34,"Intel UPI, DMI and PCIe Interfaces May See Elevated Bit Error Rates",No Fix,338848,028US
Cascade Lake,Intel,CLX35,Unexpected Page Faults in Guest Virtualization Environment,No Fix,338848,028US
Cascade Lake,Intel,CLX36,Instruction Fetch May Cause Machine Check if Page Size Was Changed Without Invalidation,No Fix,338848,028US
Cascade Lake,Intel,CLX37,Memory Controller May Hang While in Virtual Lockstep,No Fix,338848,028US
Cascade Lake,Intel,CLX38,MD_CLEAR Operations May Not Properly Overwrite All Buffers,No Fix,338848,028US
Cascade Lake,Intel,CLX39,ITD Algorithm May Not Select Correct Operating Voltage,No Fix,338848,028US
Cascade Lake,Intel,CLX40,Direct Branches With Partial Address Aliasing May Lead to Unpredictable System Behavior,No Fix,338848,028US
Cascade Lake,Intel,CLX41,Runtime Patch Load Enables Processor Capabilities That May Cause Performance Degradation,No Fix,338848,028US
Cascade Lake,Intel,CLX42,Performance Monitoring General Counter 2 May Have Invalid Value Written When TSX Is Enabled,No Fix,338848,028US
Cascade Lake,Intel,CLX43,QuickData Technology Engine May Hang With Any DMA Error if Completion Status is Improperly Set,No Fix,338848,028US
Cascade Lake,Intel,CLX44,Overflow Flag in IA32_MC0_STATUS MSR May be Incorrectly Set,No Fix,338848,028US
Cascade Lake,Intel,CLX45,A Pending Fixed Interrupt May Be Dispatched Before an Interrupt of The Same Priority Completes,No Fix,338848,028US
Cascade Lake,Intel,CLX46,A Fixed Interrupt May Be Lost When a Core Exits C6,No Fix,338848,028US
Cascade Lake,Intel,CLX47,A TOR TO may be seen with DDR4 16Gb 2DPC 3DS LRDIMMs with CLX CPU.,No Fix,338848,028US
Cascade Lake,Intel,CLX48,Certain Errors in Device 16 of a VLS Region Report Device 0 as the Failed Device,No Fix,338848,028US
Cascade Lake,Intel,CLX49,Memory errors in a VLS region on a certain device may not be properly corrected,No Fix,338848,028US
Cascade Lake,Intel,CLX50,Processor May Hang if Warm Reset Triggers During BIOS Initialization,No Fix,338848,028US
Cascade Lake,Intel,CLX51,When in CPGC Mode With Memory Refresh Disabled DDR Scheduler May be Blocked From Issuing CPGC Commands,No Fix,338848,028US
Cascade Lake,Intel,CLX52,High Levels of Posted Interrupt Traffic on The PCIe Port May Result in a Machine Check With a TOR Timeout,Fixed,338848,028US
Cascade Lake,Intel,CLX53,Some Short Loops of Instructions May Cause a 3-Strike Machine Check Without a TOR Timeout,Fixed,338848,028US
Cascade Lake,Intel,CLX54,Processor May Fail to Retry a Write to DDRT Memory,Fixed,338848,028US
Cascade Lake,Intel,CLX55,Retried PECI PCIConfigLocal Register Accesses May Not Operate Correctly,No Fix,338848,028US
Cascade Lake,Intel,CLX56,MD_CLEAR Operations May Not Properly Overwrite All Buffers,Fixed,338848,028US
Cascade Lake,Intel,CLX57,An Incorrect Instruction Pointer May Be Reported for a REP MOVS Instruction,Fixed,338848,028US
Cascade Lake,Intel,CLX58,Intel Optane Persistent Memory Mode or Mixed Mode May Cause a Hang,Fixed,338848,028US
Cascade Lake,Intel,CLX59,Systems Using Intel Optane Persistent Memory in Mixed Mode May Experience a System Hang or Reset,No Fix,338848,028US
Cascade Lake,Intel,CLX60,IA_PERF_LIMIT_REASONS MSR May Not Properly Report Clipping Cause,No Fix,338848,028US
Cascade Lake,Intel,CLX61,WBINVD/INVD Execution May Result in Unpredictable System Behavior,No Fix,338848,028US
Cascade Lake,Intel,CLX62,Unexpected Code Breakpoint May Occur,No Fix,338848,028US
Cascade Lake,Intel,CLX63,Writing Non-Zero Values to Read Only Fields in IA32_THERM_STATUS MSR May Cause a #GP,No Fix,338848,028US
Cascade Lake,Intel,CLX64,Incorrect MCACOD For L2 MCE,No Fix,338848,028US
Cascade Lake,Intel,CLX65,Poison Data Reported Instead of a CS Limit Violation,No Fix,338848,028US
Cascade Lake,Intel,CLX66,Executing Some Instructions May Cause Unpredictable Behavior,No Fix,338848,028US
Cascade Lake,Intel,CLX67,VERR Instruction Inside VM-entry May Cause DR6 to Contain Incorrect Values,No Fix,338848,028US
Cascade Lake,Intel,CLX68,System May Hang When The Processor is in 3 Strike Due an Internal Mesh-to-mem Error,No Fix,338848,028US
Cascade Lake,Intel,CLX69,A PMI That Freezes LBRs Can Cause a Duplicate Entry in TO,No Fix,338848,028US
Cascade Lake,Intel,CLX70,HWPM Max Ratio May Not be Capped at P1,No Fix,338848,028US
Cascade Lake,Intel,CLX71,XPT Prefetcher May Not Perform as Expected,No Fix,338848,028US
Cascade Lake,Intel,CLX72,Call Instruction Wrapping Around The 32-bit Address Boundary May Return to Incorrect Address,No Fix,338848,028US
Cascade Lake,Intel,CLX73,BSP May Not be The Lowest Numbered APIC ID,No Fix,338848,028US
Cascade Lake,Intel,CLX74,Accesses to CHA Configuration Space Beyond the CHA Logical Limit May Fail,No Fix,338848,028US
Cascade Lake,Intel,CLX75,Branch Predictor May Produce Incorrect Instruction Pointer,No Fix,338848,028US
Ice Lake-SP,Intel,ICX1,Memory Errors in a VLS Region on a Certain Device May Not be Properly Corrected,No Fix,637780,026US
Ice Lake-SP,Intel,ICX2,Wrong Page Access Semantics May be Reported When Intel SGX ENCLU[EMODPE] Instruction Generates Page Fault (#PF) Exception,No Fix,637780,026US
Ice Lake-SP,Intel,ICX3,Writing Non-Zero Values to Read Only Fields in IA32_THERM_STATUS MSR May Cause a #GP,No Fix,637780,026US
Ice Lake-SP,Intel,ICX4,VMREAD/VMWRITE Instructions May Not Fail When Accessing an Unsupported Field in VMCS,No Fix,637780,026US
Ice Lake-SP,Intel,ICX5,VERR Instruction Inside VM-Entry May Cause DR6 to Contain Incorrect Values,No Fix,637780,026US
Ice Lake-SP,Intel,ICX6,Vector Masked Store Instructions May Cause Write Back of Cache Line Where Bytes Are Masked,No Fix,637780,026US
Ice Lake-SP,Intel,ICX7,VCVTPS2PH To Memory May Update MXCSR in The Case of a Fault on The Store,No Fix,637780,026US
Ice Lake-SP,Intel,ICX8,SMRAM State-Save Area Above the 4 GB Boundary May Cause Unpredictable System Behavior,No Fix,637780,026US
Ice Lake-SP,Intel,ICX9,Single Correctable Error Can be Logged Twice if Patrol Scrub Reads Address When Read Transaction is in Flight to Same Address,No Fix,637780,026US
Ice Lake-SP,Intel,ICX10,Processor May Hang if Warm Reset Triggers During BIOS Initialization,No Fix,637780,026US
Ice Lake-SP,Intel,ICX11,Placing Posted-Interrupt Descriptors Within The PRMRR May Result in a Processor Hang,No Fix,637780,026US
Ice Lake-SP,Intel,ICX12,Placing Page Table Information in The APIC-Access Page May Lead to Unexpected Page Faults While Performing Enclave Accesses,No Fix,637780,026US
Ice Lake-SP,Intel,ICX13,Performance Monitoring Load Latency Events May be Inaccurate For Gather Instructions,No Fix,637780,026US
Ice Lake-SP,Intel,ICX14,Performance Monitoring Counters May Undercount When Using CPL Filtering,No Fix,637780,026US
Ice Lake-SP,Intel,ICX15,PEBS Eventing IP Field May be Incorrect After Not-Taken Branch,No Fix,637780,026US
Ice Lake-SP,Intel,ICX16,Overlap Between APIC And SMRR2 Memory-Mapped Registers Will Not Signal a #GP,No Fix,637780,026US
Ice Lake-SP,Intel,ICX17,Overflow Flag in IA32_MC0_STATUS MSR May be Incorrectly Set,No Fix,637780,026US
Ice Lake-SP,Intel,ICX18,Intel SGX Enclave Accesses to The APIC-Access Page May Cause APIC- Access VM Exits,No Fix,637780,026US
Ice Lake-SP,Intel,ICX19,Intel PT TIP or FUP Packets May be Dropped Without OVF Packet,No Fix,637780,026US
Ice Lake-SP,Intel,ICX20,Intel PT CBR Packet May be Delayed or Dropped,No Fix,637780,026US
Ice Lake-SP,Intel,ICX21,Incorrect FROM_IP Value For an RTM Abort in BTM or BTS May be Observed,No Fix,637780,026US
Ice Lake-SP,Intel,ICX22,Incorrect Branch Predicted Bit in BTS/BTM Branch Records,No Fix,637780,026US
Ice Lake-SP,Intel,ICX23,"In eMCA2 Mode, When The Retirement Watchdog Timeout Occurs CATERR# May be Asserted",No Fix,637780,026US
Ice Lake-SP,Intel,ICX24,IA32_RTIT_STATUS.FilterEn Bit Might Reflect a Previous Value,No Fix,637780,026US
Ice Lake-SP,Intel,ICX25,IA32_MC1_STATUS MSR May Not Log Errors When IA32_MC1_CTL MSR is Set to Not Signal Errors,No Fix,637780,026US
Ice Lake-SP,Intel,ICX26,False MC1 Error Reported in The Shadow of a Internal Timer Error,No Fix,637780,026US
Ice Lake-SP,Intel,ICX27,Debug Exceptions May Be Lost or Misreported When MOV SS or POP SS Instruction is Not Followed by a Write to SP,No Fix,637780,026US
Ice Lake-SP,Intel,ICX28,CPUID TLB Information is Inaccurate,No Fix,637780,026US
Ice Lake-SP,Intel,ICX29,CPUID L2 Cache Information May be Inaccurate,No Fix,637780,026US
Ice Lake-SP,Intel,ICX30,Configuring The PRMRR as Non-WB Might Lead to Incorrect VM-Exit Interruption Error Code,No Fix,637780,026US
Ice Lake-SP,Intel,ICX31,An Invalid Algorithm in The CRYPTO_ALG Field of The MKTME_KEY_PROGRAM_STRUCT Will Not Cause an INVALID_ENC_ALG Failure as Expected,No Fix,637780,026US
Ice Lake-SP,Intel,ICX32,A Spurious APIC Timer Interrupt May Occur After Timed MWAIT,No Fix,637780,026US
Ice Lake-SP,Intel,ICX33,#GP on Segment Selector Descriptor That Straddles Canonical Boundary May Not Provide Correct Exception Error Code,No Fix,637780,026US
Ice Lake-SP,Intel,ICX34,x87 FPU Exception (#MF) May be Signaled Earlier Than Expected,No Fix,637780,026US
Ice Lake-SP,Intel,ICX35,IERR Not Logged Correctly When Ubox Requested to Signal MSMI,No Fix,637780,026US
Ice Lake-SP,Intel,ICX36,PCIe Surprise Link Down Events May Not be Reported,No Fix,637780,026US
Ice Lake-SP,Intel,ICX37,PCIe RPPIO May Contain Incorrect Tag Value,No Fix,637780,026US
Ice Lake-SP,Intel,ICX38,Uncore MC Bank Registers Corrected Error Count Field May Not Have a Sticky Most Significant Bit,No Fix,637780,026US
Ice Lake-SP,Intel,ICX39,UPI Correctable Error May be Observed After Cold Resets And TCRH Events,No Fix,637780,026US
Ice Lake-SP,Intel,ICX40,Poisoned Locked Bus Transactions May Not Allow Warm Reset to Correctly Reset The Processor,No Fix,637780,026US
Ice Lake-SP,Intel,ICX41,TOR Timeout During WBINVD May Cause System Hang,No Fix,637780,026US
Ice Lake-SP,Intel,ICX42,Intel PT VMentry Indication Depends on The Incorrect VMCS Control Field,No Fix,637780,026US
Ice Lake-SP,Intel,ICX43,Intel PT Trace May Drop Second Byte of CYC Packet,No Fix,637780,026US
Ice Lake-SP,Intel,ICX44,Intel PT TIP.PGD May Not Have Target IP Payload,No Fix,637780,026US
Ice Lake-SP,Intel,ICX45,Intel PT PSB+ May be Lost,No Fix,637780,026US
Ice Lake-SP,Intel,ICX46,Intel Processor Trace PSB+ Packets May Contain Unexpected Packets,No Fix,637780,026US
Ice Lake-SP,Intel,ICX47,Spurious PCIe Link Parity Errors May be Logged,No Fix,637780,026US
Ice Lake-SP,Intel,ICX48,IBIST Receiver Error Overflow Register Field Cannot be Cleared by Software,No Fix,637780,026US
Ice Lake-SP,Intel,ICX49,MBM May Report Incorrect Bandwidth For Certain Access Strides,No Fix,637780,026US
Ice Lake-SP,Intel,ICX50,Correctable Errors May Set The Overflow Bit,No Fix,637780,026US
Ice Lake-SP,Intel,ICX51,Enabled Error May Not be Logged When Other Errors Are Disabled,No Fix,637780,026US
Ice Lake-SP,Intel,ICX53,Machine Check Bank Status MSR May Not Set Overflow Bit When Multiple Uncorrectable Errors Occur,No Fix,637780,026US
Ice Lake-SP,Intel,ICX54,FERR Registers Are Not Getting Cleared When CHANERR Register is Being Cleared,No Fix,637780,026US
Ice Lake-SP,Intel,ICX55,IOMMU Translation Requests to Interrupt Range May Fail,No Fix,637780,026US
Ice Lake-SP,Intel,ICX56,Internal Firmware Errors May Not Set Error Enable Bit,No Fix,637780,026US
Ice Lake-SP,Intel,ICX57,UPI PH_PLS.SRstRcvdP Value May be Incorrect Following a UPI PHY Reset,No Fix,637780,026US
Ice Lake-SP,Intel,ICX58,Spurious Write Data Parity Errors May be Logged,No Fix,637780,026US
Ice Lake-SP,Intel,ICX59,PKG_MIN_PWR May be Incorrect,No Fix,637780,026US
Ice Lake-SP,Intel,ICX60,PN_POWER_OF_SKU May be Incorrect,No Fix,637780,026US
Ice Lake-SP,Intel,ICX61,PCIe Surprise Link Down Logging May be Unexpectedly Blocked,No Fix,637780,026US
Ice Lake-SP,Intel,ICX62,MBA May Incorrectly Throttle Threads When Hyperthreading is Enabled,No Fix,637780,026US
Ice Lake-SP,Intel,ICX63,MBA 2.0 May Cause MMIO Traffic to be Throttled,No Fix,637780,026US
Ice Lake-SP,Intel,ICX64,Cannot Inject Errors Into PCLS Bits,No Fix,637780,026US
Ice Lake-SP,Intel,ICX65,SNC2 And Hemisphere Mode do Not Work Correctly on Processors With 38 CHAs,No Fix,637780,026US
Ice Lake-SP,Intel,ICX66,CAP Error And ECC Error During ADC/ADDDC Sparing May Not be Corrected,No Fix,637780,026US
Ice Lake-SP,Intel,ICX67,Processor IERR Condition Followed by Warm Reset May Encounter Subsequent Fatal Error,No Fix,637780,026US
Ice Lake-SP,Intel,ICX68,NSR Field Attribute Does Not Comply With PCIe Base Specification 4.0,No Fix,637780,026US
Ice Lake-SP,Intel,ICX69,Intermittent Correctable Memory Errors May be Observed,No Fix,637780,026US
Ice Lake-SP,Intel,ICX70,Intel UPI CRC Errors May be Detected During Power Management Transitions,No Fix,637780,026US
Ice Lake-SP,Intel,ICX71,Unmapped QDT DMA Reads May Result in Unpredictable System Behavior,No Fix,637780,026US
Ice Lake-SP,Intel,ICX72,Unexpected System Behavior May Occur During INVD Instruction Execution,No Fix,637780,026US
Ice Lake-SP,Intel,ICX73,Incorrect Intel AVX2 And Intel AVX-512 High Priority Frequencies May Be Reported,No Fix,637780,026US
Ice Lake-SP,Intel,ICX74,Configuring ADL May Prevent Package C-States Entry,No Fix,637780,026US
Ice Lake-SP,Intel,ICX75,DDR-T Interrupts During Warm Reset May Lead to a System Hang,No Fix,637780,026US
Ice Lake-SP,Intel,ICX76,Intermittent Intel UPI Test Failures May Be Observed During BSCAN,No Fix,637780,026US
Ice Lake-SP,Intel,ICX77,PCIe Rx Common Mode Impedance May be Too Low During Reset or Power-Down,No Fix,637780,026US
Ice Lake-SP,Intel,ICX78,Uncore Semaphore Capability May Not Generate a Semaphore Error Machine Check Exception,No Fix,637780,026US
Ice Lake-SP,Intel,ICX79,Uncore FIVR Fault May be Logged Incorrectly,No Fix,637780,026US
Ice Lake-SP,Intel,ICX80,Intel SST-CP May Not be Dynamically Configurable,No Fix,637780,026US
Ice Lake-SP,Intel,ICX81,CHA Data Parity Error or Writeback LLC Miss May be Reported,No Fix,637780,026US
Ice Lake-SP,Intel,ICX82,Multiple SGX_Doorbell_Errors on Ubox Response Mismatch,No Fix,637780,026US
Ice Lake-SP,Intel,ICX83,Intel SGX Doorbell MCA Error May Incorrectly be Masked,No Fix,637780,026US
Ice Lake-SP,Intel,ICX84,LMCE May Hang With Intel SGX Disabled,No Fix,637780,026US
Ice Lake-SP,Intel,ICX85,PECI Writes to 64-Bit Registers May Fail,No Fix,637780,026US
Ice Lake-SP,Intel,ICX86,Monitor Snoop May be Missed When LLC Prefetching is Enabled,No Fix,637780,026US
Ice Lake-SP,Intel,ICX87,Mismatch Between UboxErrMisc and MCI_STATUS Registers Error Logs,No Fix,637780,026US
Ice Lake-SP,Intel,ICX88,System Address Logged for WDB Parity Errors May be Incorrect,No Fix,637780,026US
Ice Lake-SP,Intel,ICX89,Multiple CHA Errors May be Reported Incorrectly,No Fix,637780,026US
Ice Lake-SP,Intel,ICX90,WBINVD Delays May Lead to a Machine Check Exception,No Fix,637780,026US
Ice Lake-SP,Intel,ICX91,Mesh to Memory Transactions Timeout During Memory Stress Test,No Fix,637780,026US
Ice Lake-SP,Intel,ICX92,Certain Processor Units May Not Reach Intel AVX-512 P1 All-cores Base Frequency,No Fix,637780,026US
Ice Lake-SP,Intel,ICX93,PCIe EB Error May Be Escalated to Receiver Errors,No Fix,637780,026US
Ice Lake-SP,Intel,ICX94,Disabling All Processor Cores on First Physical Row May Lead to an MCE,No Fix,637780,026US
Ice Lake-SP,Intel,ICX95,Unpredictable System Behavior May Occur Due to Memory Read Roundtrip Latency,No Fix,637780,026US
Ice Lake-SP,Intel,ICX96,A PECI Request May Receive an Incorrect Response,No Fix,637780,026US
Ice Lake-SP,Intel,ICX97,IFU Internal Parity Error,No Fix,637780,026US
Ice Lake-SP,Intel,ICX98,CHA UCNA Errors May be Incorrectly Controlled by MCi_CTL Enable Bits,No Fix,637780,026US
Ice Lake-SP,Intel,ICX99,Mesh to Memory Timeout May Occur When TME is Enabled,No Fix,637780,026US
Ice Lake-SP,Intel,ICX100,Inaccurate Mesh to Memory Corrected Error Count,No Fix,637780,026US
Ice Lake-SP,Intel,ICX101,CHA Errors May be Reported Incorrectly After a Warm Reset,No Fix,637780,026US
Ice Lake-SP,Intel,ICX102,Processor May Not Successfully Enter ADR,No Fix,637780,026US
Ice Lake-SP,Intel,ICX103,Debug_Has_Occurred Bit May be Asserted,No Fix,637780,026US
Ice Lake-SP,Intel,ICX104,PCIe Completion Timeout Error May Occur,No Fix,637780,026US
Ice Lake-SP,Intel,ICX105,IOSFSB Timeout May Lead to MCE,No Fix,637780,026US
Ice Lake-SP,Intel,ICX106,CHA/IDI Parity Error Machine Check Exceptions May Occur,No Fix,637780,026US
Ice Lake-SP,Intel,ICX107,SRIS-Configured PCIe Link May Fail to Train,No Fix,637780,026US
Ice Lake-SP,Intel,ICX108,Unexpected Rollover in MBM Counters,No Fix,637780,026US
Ice Lake-SP,Intel,ICX109,Incorrect MCACOD For L2 MCE,No Fix,637780,026US
Ice Lake-SP,Intel,ICX110,Poison Data Reported Instead of a CS Limit Violation,No Fix,637780,026US
Ice Lake-SP,Intel,ICX111,Intel PT Trace May Contain Incorrect Data When Configured With Single Range Output Larger Than 4KB,No Fix,637780,026US
Ice Lake-SP,Intel,ICX112,ADDDC Reverse Sparing May Lead to Incorrect Data,No Fix,637780,026US
Ice Lake-SP,Intel,ICX113,PCIE Completion Timeouts May Occur Under Memory Stress,No Fix,637780,026US
Ice Lake-SP,Intel,ICX114,Unnecessary PkgC6 Exit Events,No Fix,637780,026US
Ice Lake-SP,Intel,ICX115,IAA May Fail to Properly Decode Data With a Large Header,No Fix,637780,026US
Ice Lake-SP,Intel,ICX116,"System May Experience an Internal Timeout Error When Directing Intel PT to a Small, Uncacheable, Single-Range Output Buffer",No Fix,637780,026US
Ice Lake-SP,Intel,ICX117,Setting MISC_FEATURE_CONTROL.DISABLE_THREE_STRIKE_CNT Does Not Prevent The Three-strike Counter From Incrementing,No Fix,637780,026US
Ice Lake-SP,Intel,ICX118,SGX Enclave Attestation And Unseal May Fail,No Fix,637780,026US
Ice Lake-SP,Intel,ICX119,ADR May Fail to Complete,No Fix,637780,026US
Ice Lake-SP,Intel,ICX120,Processor May Not Report Accurate Thermal Data Via PECI,No Fix,637780,026US
Ice Lake-SP,Intel,ICX122,System May Hang After MCA_DISPATCHER_RUN_BUSY_TIMEOUT MCA Occurs,No Fix,637780,026US
Ice Lake-SP,Intel,ICX123,Processor May Signal Spurious #GP Fault,No Fix,637780,026US
Ice Lake-SP,Intel,ICX124,RTM Abort Status May be Incorrect For INT1/INT3 Instructions,No Fix,637780,026US
Ice Lake-SP,Intel,ICX125,Warm Reset Will Set C1E Enable Without Changing TMRT,No Fix,637780,026US
Ice Lake-SP,Intel,ICX126,HWPM Max Ratio May Not be Capped at P1,No Fix,637780,026US
Ice Lake-SP,Intel,ICX127,DRAM Performance May be Reduced Following Microcode Update,No Fix,637780,026US
Ice Lake-SP,Intel,ICX128,PCIe Bandwidth Reduction When Intel VT-d is Enabled,No Fix,637780,026US
Ice Lake-SP,Intel,ICX129,WRMSR to a Few Core MSRs Might be Overwritten,No Fix,637780,026US
Ice Lake-SP,Intel,ICX130,PMON May Overcount M2Mem Ingress Events,No Fix,637780,026US
Ice Lake-SP,Intel,ICX131,PC6 Entry Is Not Prevented With PECI Pkg C-state Entry Control,No Fix,637780,026US
Ice Lake-SP,Intel,ICX133,MCA_DISPATCHER_RUN_BUSY_TIMEOUT May be Seen During Warm Reset,No Fix,637780,026US
Ice Lake-SP,Intel,ICX135,A Poison Data Event May Not be Serviced if a Data Breakpoint Occurs on an AVX Gather or REP MOVS Instruction,No Fix,637780,026US
Ice Lake-SP,Intel,ICX136,Incorrect MCACOD For L2 Prefetch MCE,No Fix,637780,026US
Ice Lake-SP,Intel,ICX137,Call Instruction Wrapping Around The 32-bit Address Boundary May Return to Incorrect Address,No Fix,637780,026US
Ice Lake-SP,Intel,ICX138,PUNIT Dispatcher May Hang,No Fix,637780,026US
Ice Lake-SP,Intel,ICX139,FEATURE_TUNING_1 May be Reset to Factory Defaults,No Fix,637780,026US
Ice Lake-SP,Intel,ICX140,SST-TF May Fail to Report an Error if Turbo is Disabled,No Fix,637780,026US
Ice Lake-SP,Intel,ICX141,BSP May Not be The Lowest Numbered APIC ID,No Fix,637780,026US
Ice Lake-SP,Intel,ICX142,Accesses to CHA Configuration Space Beyond the CHA Logical Limit May Fail,No Fix,637780,026US
Ice Lake-SP,Intel,ICX143,Monitor May Not be Triggered,No Fix,637780,026US
Ice Lake-SP,Intel,ICX144,Incorrect PCIe RCB Advertisement,No Fix,637780,026US
Ice Lake-SP,Intel,ICX145,PCIe Link Width May Degrade After a Hot Reset or Link Disable,No Fix,637780,026US
Ice Lake-SP,Intel,ICX146,Intel SGX TCB Recovery Boot Flow May Fail,No Fix,637780,026US
Ice Lake-SP,Intel,ICX147,Mapped Out PMEM Module May Result in Unpredictable System Behavior,No Fix,637780,026US
Ice Lake-SP,Intel,ICX148,VCCIN Current Draw May Exceed Specification,No Fix,637780,026US
Ice Lake-SP,Intel,ICX149,DRNG May Erroneously Return Poisoned Data,No Fix,637780,026US
Ice Lake-SP,Intel,ICX150,Branch Predictor May Produce Incorrect Instruction Pointer,No Fix,637780,026US
Ice Lake-SP,Intel,ICX151,TOR_TIMEOUT MCE May Occur Under Sustained High-bandwidth PCIe Traffic,No Fix,637780,026US
Ice Lake-SP,Intel,ICX152,MASKMOV Instruction To a Physical Memory Location Mapped By Two Linear Addresses of Different Page Sizes May Result In Unpredictable System Behavior,No Fix,637780,026US
Ice Lake-SP,Intel,ICX153,x87 FDP Value May be Saved Incorrectly,No Fix,637780,026US
Ice Lake-SP,Intel,ICX154,System May Hang When Bus-Lock Detection Is Enabled And EPT Resides in Uncacheable Memory,No Fix,637780,026US
Ice Lake-SP,Intel,ICX155,THERMTRIP Will be Asserted When Conditions to Assert MEMTRIP Are Met,No Fix,637780,026US
Ice Lake-SP,Intel,ICX156,MCA Registers May Report an Incorrect Number of Corrected Errors,No Fix,637780,026US
Ice Lake-SP,Intel,ICX157,Incorrect Memory Transaction Type May be Logged When Data Poisoning is Disabled,No Fix,637780,026US
Ice Lake-SP,Intel,ICX158,"When Virtualization Exceptions are Enabled, EPT Violations May Generate Erroneous Virtualization Exceptions",No Fix,637780,026US
Ice Lake-SP,Intel,ICX159,IA32_MC6_CTL2 CMCI Enable Bit is Not Implemented Correctly,No Fix,637780,026US
Ice Lake-SP,Intel,ICX160,CPUID L2 Cache Information May Be Inaccurate,No Fix,637780,026US
Ice Lake-SP,Intel,ICX161,VM Entry That Clears TraceEn May Generate a FUP,No Fix,637780,026US
Ice Lake-SP,Intel,ICX162,DPC Trigger Status Bit May Not Cleared,No Fix,637780,026US
Ice Lake-SP,Intel,ICX163,Boot Guard ACM Authentication Failure May Result In Endless Reset Cycles,No Fix,637780,026US
Ice Lake-SP,Intel,ICX164,Writing To Apic Timer Initial Count Arms The Counter,No Fix,637780,026US
Ice Lake-SP,Intel,ICX165,VMExit Might Be Missed On INT3/INTO Preceded by MOV/POP SS,No Fix,637780,026US
Ice Lake-SP,Intel,ICX166,Setting Performance Monitoring IA32_PERF_GLOBAL_STATUS_SET MSR Bit 63 May Not #GP,No Fix,637780,026US
Ice Lake-SP,Intel,ICX167,HWPM HIGHEST_PERFORMANCE Ratio May Report P0 Ratio,No Fix,637780,026US
Ice Lake-SP,Intel,ICX168,Setting The Performance Monitoring Counter Freeze May Prevent Entry Into PkgC6 State,No Fix,637780,026US
Ice Lake-SP,Intel,ICX169,A Write to The TSC_Deadline MSR May Cause an Unexpected Timer Interrupt,No Fix,637780,026US
Ice Lake-SP,Intel,ICX170,Processor May Hang During a Microcode Update,No Fix,637780,026US
Ice Lake-SP,Intel,ICX171,Processors supporting SST_BF And Using Legacy HWP States May Not Reach The Higher Base Frequency,No Fix,637780,026US
Ice Lake-SP,Intel,ICX172,Power May Be Displayed Incorrectly,No Fix,637780,026US
Ice Lake-SP,Intel,ICX173,Intel PT Incorrect CR3-Filtering,No Fix,637780,026US
Ice Lake-SP,Intel,ICX174,Certain VMCS Fields May be Incorrect During STM to VMX Transitions,No Fix,637780,026US
Ice Lake-SP,Intel,ICX175,PMON Unit Control Unfreeze May Cause COUNTERVALUE Registers to Overcount,No Fix,637780,026US
Ice Lake-SP,Intel,ICX176,Incorrect Last Branch From Value in BTS Branch Record During a Task Switch,No Fix,637780,026US
Ice Lake-SP,Intel,ICX177,MPX_FUSE_OVERRIDE Register May Trigger General Protection Fault,No Fix,637780,026US
Sapphire Rapids,Intel,SPR1,IPSR May Not Function Correctly,No Fix,772415,022US
Sapphire Rapids,Intel,SPR2,Poison Data Reported Instead of a CS Limit Violation,No Fix,772415,022US
Sapphire Rapids,Intel,SPR3,Monitor Instructions to Legacy VGA Region May Fail,No Fix,772415,022US
Sapphire Rapids,Intel,SPR4,TILEDATA State May Be Saved Incorrectly,No Fix,772415,022US
Sapphire Rapids,Intel,SPR5,A Poison Data Event May Not be Serviced if a Data Breakpoint Occurs on an Intel AMX Tile-Load or Intel AVX Gather or REP MOVS Instruction,No Fix,772415,022US
Sapphire Rapids,Intel,SPR6,IFS MSRs Will Ignore a Non-Zero EDX Value And Not Signal a #GP,No Fix,772415,022US
Sapphire Rapids,Intel,SPR7,Processor May Signal Spurious #GP Fault,No Fix,772415,022US
Sapphire Rapids,Intel,SPR8,A Break Point May be Hit Twice When a VM Exit Without Commit Occurs,No Fix,772415,022US
Sapphire Rapids,Intel,SPR9,Faulted XRSTORS Instruction May Result in Unexpected X87 FTW Value,No Fix,772415,022US
Sapphire Rapids,Intel,SPR10,Error Conditions Detected During Cold Reset May Not be Cleared by Subsequent Warm Reset,No Fix,772415,022US
Sapphire Rapids,Intel,SPR11,Intel DSA / Intel IAX Does Not Log The E2E Prefix Bit And The Prefix-Type Bits in AERTLPPLOG1,No Fix,772415,022US
Sapphire Rapids,Intel,SPR12,The Processor May Drop Noncompliant Posted Peer-to-peer Transactions,No Fix,772415,022US
Sapphire Rapids,Intel,SPR13,Certain Bits in IA32_MC5_STATUS Register Will Always Return 0,No Fix,772415,022US
Sapphire Rapids,Intel,SPR14,Occupancy Interrupt Handle is Not Checked Against Interrupt Table Size,No Fix,772415,022US
Sapphire Rapids,Intel,SPR15,Processor May Incorrectly Set PFD Assisted in Correction Bit in Memory Controller,No Fix,772415,022US
Sapphire Rapids,Intel,SPR16,DSA CMDSTATUS Register May Not Reflect Correct Hardware Status,No Fix,772415,022US
Sapphire Rapids,Intel,SPR17,Remapping Hardware May Set Access/Dirty Bits in a First-stage Page- table Entry,No Fix,772415,022US
Sapphire Rapids,Intel,SPR18,System Software May Not Receive Intel Virtualization Technology (Intel VT) for Directed I/O (Intel VT-d) Fault SPT.3 For Non-Zero Writes to b[191:HAW+128],No Fix,772415,022US
Sapphire Rapids,Intel,SPR19,APCTL.APNGE Should be RW Instead of RWS,No Fix,772415,022US
Sapphire Rapids,Intel,SPR20,CXL Device May Not Receive Viral,No Fix,772415,022US
Sapphire Rapids,Intel,SPR21,Intel OOBM Services Module Internal Counter is 320 ns Behind The IA32_TIME_STAMP_COUNTER,No Fix,772415,022US
Sapphire Rapids,Intel,SPR22,Performance Monitoring Event Coherent_ops May Undercount,No Fix,772415,022US
Sapphire Rapids,Intel,SPR23,PCIe Link Re-Equalization May Not Occur if Link is in L1 State,No Fix,772415,022US
Sapphire Rapids,Intel,SPR24,Machine Check Bank 4 UCNA Errors May Not be Signaled,No Fix,772415,022US
Sapphire Rapids,Intel,SPR25,Intel DSA / Intel IAA Use of Priv and PASID,No Fix,772415,022US
Sapphire Rapids,Intel,SPR26,Reserved(0) Check For a PASID Table Entry May Not Happen For a DMA Request,No Fix,772415,022US
Sapphire Rapids,Intel,SPR27,Remapping Hardware May Not Generate a Page Request Group Response Message While Operating in Legacy Mode or Abort DMA Mode,No Fix,772415,022US
Sapphire Rapids,Intel,SPR28,Remapping Hardware May Abort ZLR to Second-Stage Write Only Pages,No Fix,772415,022US
Sapphire Rapids,Intel,SPR29,Remapping Hardware with Major Version Number 6 Incorrectly Advertises the ESRTPS Support,No Fix,772415,022US
Sapphire Rapids,Intel,SPR30,Platform May Hang if System Software Sends a Page Group Response or DevTLB Invalidation to Non-existent Requester ID,No Fix,772415,022US
Sapphire Rapids,Intel,SPR31,Remapping Hardware Does Not Perform Reserved (0) Check in Page Response Descriptor,No Fix,772415,022US
Sapphire Rapids,Intel,SPR32,"Remapping Hardware Implements b[31:16] of the three Event Data Registers (VTDBAR offsets 0x3C, 0xA4, and 0xE4) as Read-Writable",No Fix,772415,022US
Sapphire Rapids,Intel,SPR33,Intel IAA Do Not Report Overlap Errors For AECS Size of 2 GB or Greater,No Fix,772415,022US
Sapphire Rapids,Intel,SPR34,Intel DSA / Intel IAA Invalid TC Not Reported in The SWERROR Register,No Fix,772415,022US
Sapphire Rapids,Intel,SPR35,Intel IAA Unaligned Completion Record Address Error is Not Reported in SWERROR Register,No Fix,772415,022US
Sapphire Rapids,Intel,SPR36,Intel UPI Link Not Resetting When L1 Mismatch Occurs Between Local and Remote Sockets,No Fix,772415,022US
Sapphire Rapids,Intel,SPR37,Intel DSA / Intel IAA May Fail to Log an MDPE Error For Back-to- Back Parity Errors,No Fix,772415,022US
Sapphire Rapids,Intel,SPR38,Relaxed Ordering Not Disabled by DEVCTL.ERO bit for Intel DSA / Intel IAA Upstream Transactions,No Fix,772415,022US
Sapphire Rapids,Intel,SPR39,System Address Logged For WDB Parity Errors May be Incorrect,No Fix,772415,022US
Sapphire Rapids,Intel,SPR40,Incorrect MCACOD For L2 MCE,No Fix,772415,022US
Sapphire Rapids,Intel,SPR41,System May Hang Due to Full LLRB,No Fix,772415,022US
Sapphire Rapids,Intel,SPR42,Intel IAA May Fail to Properly Decode Data With a Large Header,No Fix,772415,022US
Sapphire Rapids,Intel,SPR43,Memory Controller Violates JEDEC RCD tCSALT Timing,No Fix,772415,022US
Sapphire Rapids,Intel,SPR44,Wrong CKE Signal Used on 1 DPC 3DS 4H Configs,Fixed,772415,022US
Sapphire Rapids,Intel,SPR45,Address May Not be Logged For a UCR Error Detected in The MLC,No Fix,772415,022US
Sapphire Rapids,Intel,SPR46,Intel VT-d DMA Remapping Hardware May Hang if it Encounters Page Request Queue Overflow Condition,No Fix,772415,022US
Sapphire Rapids,Intel,SPR47,Receiver Common Mode Input Impedance May be Below Specification When Interface is Powered Down,No Fix,772415,022US
Sapphire Rapids,Intel,SPR48,Remapping Hardware Will Not Report The PASID Value For RTA.2 Faults in Modes Other Than Scalable Mode,No Fix,772415,022US
Sapphire Rapids,Intel,SPR49,Remapping Hardware Does Not Perform a Reserved(0) Check in Interrupt Remap Table Entry,No Fix,772415,022US
Sapphire Rapids,Intel,SPR50,Processor PCIe Root Port Link Spurious Data Parity Error May be Reported,No Fix,772415,022US
Sapphire Rapids,Intel,SPR51,Mismatch Between UboxErrMisc and MCI_STATUS Registers Error Logs,No Fix,772415,022US
Sapphire Rapids,Intel,SPR52,CHA UCNA Errors May be Incorrectly Controlled by MCi_CTL Enable Bits,No Fix,772415,022US
Sapphire Rapids,Intel,SPR53,Reading The PPERF MSR May Not Return Correct Values,No Fix,772415,022US
Sapphire Rapids,Intel,SPR54,No #GP Will be Signaled When Setting MSR_MISC_PWR_MGMT.ENABLE_SDC if MSR_MISC_PWR_MGMT.LOCK is Set,No Fix,772415,022US
Sapphire Rapids,Intel,SPR55,System May Experience an Internal Timeout Error When an Internal Parity Error Occurs While Working With Intel AMX,No Fix,772415,022US
Sapphire Rapids,Intel,SPR56,Last Branch Records May Not Survive Warm Reset,No Fix,772415,022US
Sapphire Rapids,Intel,SPR57,Single Step on Branches Might be Missed When VMM Enables Notification On VM Exit,No Fix,772415,022US
Sapphire Rapids,Intel,SPR58,Incorrect #CP Error Code on UIRET,No Fix,772415,022US
Sapphire Rapids,Intel,SPR59,#GP May be Serviced Before an Instruction Breakpoint,No Fix,772415,022US
Sapphire Rapids,Intel,SPR60,Unexpected #PF Exception Might Be Serviced Before a #GP Exception,No Fix,772415,022US
Sapphire Rapids,Intel,SPR61,VMX-Preemption Timer May Not Work if Configured With a Value of 1,No Fix,772415,022US
Sapphire Rapids,Intel,SPR62,User Interrupt Might be Delayed,No Fix,772415,022US
Sapphire Rapids,Intel,SPR63,VM Exit Qualification May Not be Correctly Set on APIC Access While Serving a User Interrupt,No Fix,772415,022US
Sapphire Rapids,Intel,SPR64,Software Tuning That Relies on PCLS Values May Experience Inaccurate Event Counts,No Fix,772415,022US
Sapphire Rapids,Intel,SPR65,Multiple SGX_Doorbell_Errors on Ubox Response Mismatch,No Fix,772415,022US
Sapphire Rapids,Intel,SPR66,ECS Readout Fails on Mixed Mode Systems,Fixed,772415,022US
Sapphire Rapids,Intel,SPR67,Intel DSA / Intel IAA Completion Record is Not Written For Non- Completion Record Invalid Traffic Classes,No Fix,772415,022US
Sapphire Rapids,Intel,SPR68,Intel IAA Expand Operation With PRLE Format Input May Return an Error,No Fix,772415,022US
Sapphire Rapids,Intel,SPR69,Intel IAA Compression with Compress Bit Order Set May Produce an Odd Number of Bytes,No Fix,772415,022US
Sapphire Rapids,Intel,SPR70,Intel IAA Source 2 Not Written Properly When Source 2 Size is 32 Bytes,No Fix,772415,022US
Sapphire Rapids,Intel,SPR71,Intel IAA May Not Report Invalid Filter Flags Status Code When Source 2 Bit Order Field is Set,No Fix,772415,022US
Sapphire Rapids,Intel,SPR72,Intel IAA Does Not Allow Source 1 Size to be 0 For Expand Operation,No Fix,772415,022US
Sapphire Rapids,Intel,SPR73,Intel DSA / Intel IAA And WQ Configuration Registers May be Incorrectly Updated,No Fix,772415,022US
Sapphire Rapids,Intel,SPR74,Invalid Flags Field of The Completion Record May Not be Set Correctly For Intel IAA Compression Operation,No Fix,772415,022US
Sapphire Rapids,Intel,SPR75,"With Intel SGX Disabled, Software That Relies on ENCLVexiting May Not Function as Expected",No Fix,772415,022US
Sapphire Rapids,Intel,SPR76,Headers Logged in AERHDRLOG for an AER Error for Intel DSA / Intel IAA may be Incorrect,No Fix,772415,022US
Sapphire Rapids,Intel,SPR77,Intel DSA / Intel IAA May Fail to Send an ERR_FATAL Message if a Non-Fatal Error Occurs in The Same Cycle,No Fix,772415,022US
Sapphire Rapids,Intel,SPR78,Intel DSA / Intel IAA May Fail to Log an Unexpected Completion Error For an Invalid ATS Response,No Fix,772415,022US
Sapphire Rapids,Intel,SPR79,Intel IAA Compression Output Buffer Overflow Error May be Incorrectly Reported,No Fix,772415,022US
Sapphire Rapids,Intel,SPR80,Intel QuickAssist Technology Accelerator May Violate ATS Invalidation Completion Ordering,No Fix,772415,022US
Sapphire Rapids,Intel,SPR81,Intel QuickAssist Technology Accelerator Device May Not Invalidate PASID Supervisor-Privilege Translations,No Fix,772415,022US
Sapphire Rapids,Intel,SPR82,The Time-Stamp Counter May Report an Incorrect Value,Fixed,772415,022US
Sapphire Rapids,Intel,SPR83,Intel UPI Machine Check Bank May Not Report The Most Recently Logged Error,No Fix,772415,022US
Sapphire Rapids,Intel,SPR84,PECI Wire Host may Continuously Receive a Completion Code of 0x80,No Fix,772415,022US
Sapphire Rapids,Intel,SPR85,DDR5 9x4 DIMMs ECS Data May be Reported Incorrectly,No Fix,772415,022US
Sapphire Rapids,Intel,SPR86,RETRY_RD_ERR_LOG_MISC.DDR5_9x4_half_device Bit Maybe Incorrect,No Fix,772415,022US
Sapphire Rapids,Intel,SPR87,PIROM Reports The Wrong 2 DPC Speed For Processors With Less Than 4800 MT/s 1 DPC Speed,No Fix,772415,022US
Sapphire Rapids,Intel,SPR88,An MDF Parity Error May Incorrect Set The Overflow Bit,No Fix,772415,022US
Sapphire Rapids,Intel,SPR89,Incorrect FROM_IP Value For an RTM Abort in BTM or BTS May be Observed,No Fix,772415,022US
Sapphire Rapids,Intel,SPR90,CPUID Reports Incorrect Number of Ways For The Load DTLB,No Fix,772415,022US
Sapphire Rapids,Intel,SPR91,Intel PT Trace May Contain Incorrect Data When Configured With Single Range Output Larger Than 4KB,No Fix,772415,022US
Sapphire Rapids,Intel,SPR92,"On Instructions Longer Than 15 Bytes, #GP Exception is Prioritized And Delivered Over #CP Exception",No Fix,772415,022US
Sapphire Rapids,Intel,SPR93,Mismatch on DR6 Value When Breakpoint Match is on Bitmap Address,No Fix,772415,022US
Sapphire Rapids,Intel,SPR94,RTM Abort Status May be Incorrect For INT1/INT3 Instructions,No Fix,772415,022US
Sapphire Rapids,Intel,SPR95,WRMSR to Reserved Bits of IA32_L3_QOS_Mask_15 Will Not signal a #GP,No Fix,772415,022US
Sapphire Rapids,Intel,SPR96,x87 FDP Value May be Saved Incorrectly,No Fix,772415,022US
Sapphire Rapids,Intel,SPR97,Debug Exceptions May Be Lost or Misreported When MOV SS or POP SS Instruction is Not Followed By a Write to SP,No Fix,772415,022US
Sapphire Rapids,Intel,SPR98,Exit Qualification For EPT Violations on Instruction Fetches May Incorrectly Indicate That The Guest-physical Address Was Writeable,No Fix,772415,022US
Sapphire Rapids,Intel,SPR99,Processor May Generate Spurious Page Faults On Shadow Stack Pages,No Fix,772415,022US
Sapphire Rapids,Intel,SPR100,Processor May Hang if Warm Reset Triggers During BIOS Initialization,No Fix,772415,022US
Sapphire Rapids,Intel,SPR101,IA32_MC1_STATUS MSR May Not Log Errors When IA32_MC1_CTL MSR is Set to Not Signal Errors,No Fix,772415,022US
Sapphire Rapids,Intel,SPR102,System May Hang When Bus-Lock Detection Is Enabled And EPT Resides in Uncacheable Memory,No Fix,772415,022US
Sapphire Rapids,Intel,SPR103,OFFCORE_REQUESTS_OUTSTANDING Performance Monitoring Events May be Inaccurate,No Fix,772415,022US
Sapphire Rapids,Intel,SPR104,Incorrect MCACOD For L2 Prefetch MCE,No Fix,772415,022US
Sapphire Rapids,Intel,SPR105,Call Instruction Wrapping Around The 32-bit Address Boundary May Return to Incorrect Address,No Fix,772415,022US
Sapphire Rapids,Intel,SPR106,ADDDC Reverse Sparing May Lead to Incorrect Data,No Fix,772415,022US
Sapphire Rapids,Intel,SPR107,SGX ENCLU[EACCEPT] Will Not Cause #GP When TCS.PREVSPP is Non-zero,No Fix,772415,022US
Sapphire Rapids,Intel,SPR108,Setting PREFETCH_CTL.DISABLE_THREE_STRIKE_CNT Does Not Prevent The Three-strike Counter From Incrementing,No Fix,772415,022US
Sapphire Rapids,Intel,SPR109,Mismatch Between UboxErrMisc and MCI_STATUS Registers Error Logs,No Fix,772415,022US
Sapphire Rapids,Intel,SPR110,Intel SST-TF May Fail to Report an Error if Turbo is Disabled,No Fix,772415,022US
Sapphire Rapids,Intel,SPR111,Unexpected Rollover in MBM Counters,No Fix,772415,022US
Sapphire Rapids,Intel,SPR112,"In 96bit ECC Mode, a Correctable Error May be Incorrectly Logged in RETRY_RD_ERR_LOG With UC Bit Set",Fixed,772415,022US
Sapphire Rapids,Intel,SPR113,System Crash Observed on Host When TD Private Pages Are Not Zeroed Out if Reused For Non-TD SW,No Fix,772415,022US
Sapphire Rapids,Intel,SPR114,IA32_MC2_ADDR And IA32_MC2_MISC MSRs Will be Cleared on Warm Reset,No Fix,772415,022US
Sapphire Rapids,Intel,SPR115,Multiple Write CRC Errors May Lead to System Hang,No Fix,772415,022US
Sapphire Rapids,Intel,SPR116,Intel DSA / Intel IAA CTO Errors May Inconsistently Update the Prefix Log and Prefix Log Present Flag,No Fix,772415,022US
Sapphire Rapids,Intel,SPR117,RTIT_CTL.TRACE_EN May be Disabled at BIOS_DONE Even if it Was Previously Enabled,No Fix,772415,022US
Sapphire Rapids,Intel,SPR118,WRMSR to a Few Core MSRs Might be Overwritten,No Fix,772415,022US
Sapphire Rapids,Intel,SPR119,Virtualize IA32_SPEC_CTRL VM-execution Control Does Not Properly Virtualize Bits [63:32] of IA32_SPEC_CTRL,Fixed,772415,022US
Sapphire Rapids,Intel,SPR120,Performance Monitoring Events used by TMA May be Inaccurate,No Fix,772415,022US
Sapphire Rapids,Intel,SPR121,Performance Monitoring Event IDQ.MS_UOPS May Undercount,No Fix,772415,022US
Sapphire Rapids,Intel,SPR122,CHA TOR Timeout May Occur,Fixed,772415,022US
Sapphire Rapids,Intel,SPR123,ECS Reads May Fail to Complete in Certain Memory Configurations and Conditions,No Fix,772415,022US
Sapphire Rapids,Intel,SPR124,A Write to The TSC_Deadline MSR May Cause an Unexpected Timer Interrupt,Fixed,772415,022US
Sapphire Rapids,Intel,SPR125,Processor Performance Monitor Discovery Table Incorrectly Reports Data for Intel UPI Port 3 on MCC SKUs,No Fix,772415,022US
Sapphire Rapids,Intel,SPR126,Certain PCIe Devices Are Not Accessible Out-of-Band With Local Bus Number,No Fix,772415,022US
Sapphire Rapids,Intel,SPR127,Remapping Hardware May Encounter Incorrect Error Code in Invalidation Queue Error Record Register,No Fix,772415,022US
Sapphire Rapids,Intel,SPR128,Disabling The APIC While an Interrupt is Being Delivered May Cause a System Hang,No Fix,772415,022US
Sapphire Rapids,Intel,SPR129,RTTO May Occur at Lower Speed And Reduce Link Width,No Fix,772415,022US
Sapphire Rapids,Intel,SPR130,Unexpected System Software Behavior on Systems With (Intel HT) Enabled,No Fix,772415,022US
Sapphire Rapids,Intel,SPR131,Intel DSA DIF Insert and DIF Strip Operations Do Not Properly Check For Overlapping Buffers,No Fix,772415,022US
Sapphire Rapids,Intel,SPR132,PCIe Link Degradation Following a Leaky Bucket Event,No Fix,772415,022US
Sapphire Rapids,Intel,SPR133,Intel DSA And Intel IAA May Cause Unpredictable System Behavior When Incorrectly Forwarding Data,No Fix,772415,022US
Sapphire Rapids,Intel,SPR134,MCA not Logged for WbNoInvd Data ECC Errors,No Fix,772415,022US
Sapphire Rapids,Intel,SPR135,Intel DSA Memory Write with Incorrect Parity May Result in a System Crash,No Fix,772415,022US
Sapphire Rapids,Intel,SPR136,Internal Timeout MCE May Occur on Platforms with CXL I/O Devices,Fixed,772415,022US
Sapphire Rapids,Intel,SPR137,DIMMs May Not be Placed in Self-Refresh Mode Prior to Warm Reset,No Fix,772415,022US
Sapphire Rapids,Intel,SPR138,Communication Error With Intel On Demand Mailbox,Fixed,772415,022US
Sapphire Rapids,Intel,SPR139,Intel DSA Device May Hang,Fixed,772415,022US
Sapphire Rapids,Intel,SPR140,A PCIe Device May Not Function After a Warm Reset,No Fix,772415,022US
Sapphire Rapids,Intel,SPR141,VM Exit Following MOV to CR8 Instruction May Lead to Unexpected IDT Vectoring-Information,Fixed,772415,022US
Sapphire Rapids,Intel,SPR142,System May Hang Waiting For Intel VT-d Invalidation Wait Descriptor to Complete,Fixed,772415,022US
Sapphire Rapids,Intel,SPR143,Power May Be Displayed Incorrectly,No Fix,772415,022US
Sapphire Rapids,Intel,SPR144,Processor May Hang When AMX_OPS_RETIRED PMON Event is Counted,No Fix,772415,022US
Sapphire Rapids,Intel,SPR145,DISPATCHER_RUN_BUSY Timeout May Cause System Hang,Fixed,772415,022US
Sapphire Rapids,Intel,SPR146,PCIe TLP May be Lost After Link Down Event,No Fix,772415,022US
Sapphire Rapids,Intel,SPR147,Processor Core May Fail to Transition From C0 to C6 C-State,Fixed,772415,022US
Sapphire Rapids,Intel,SPR148,System Hang When Page Request Message Issued From Discrete Device,No Fix,772415,022US
Sapphire Rapids,Intel,SPR149,CPUID Returns Invalid Level Type,Fixed,772415,022US
Sapphire Rapids,Intel,SPR150,Write to UNCORE_RATIO_LIMIT May Not Take Effect,No Fix,772415,022US
Sapphire Rapids,Intel,SPR151,Internal Timer Machine Check Error May Cause System Hang,Fixed,772415,022US
Sapphire Rapids,Intel,SPR152,Memory Uncorrectable Error With Multiple Ranks on a Channel,Fixed,772415,022US
Sapphire Rapids,Intel,SPR153,VMREAD/VMWRITE Instructions May Not Fail When Accessing an Unsupported Field in VMCS,No Fix,772415,022US
Sapphire Rapids,Intel,SPR154,REP SCASB or REP CMPSB Instructions May Return Incorrect Results,Fixed,772415,022US
Sapphire Rapids,Intel,SPR155,A Processor May Run at a Fixed Mesh Frequency,Fixed,772415,022US
Sapphire Rapids,Intel,SPR156,Incorrect Last Branch From Value in BTS Branch Record During a Task Switch,No Fix,772415,022US
Sapphire Rapids,Intel,SPR157,Intel PT Incorrect CR3-Filtering,No Fix,772415,022US
Sapphire Rapids,Intel,SPR158,Intel SST-PP Limited to Config-TDP Level 0 When PPL1 And PPL2 Are Not Set,No Fix,772415,022US
Sapphire Rapids,Intel,SPR159,Performance Monitoring Event MEMORY_ACTIVITY.STALLS_L2_MISS May Undercount,No Fix,772415,022US
Sapphire Rapids,Intel,SPR160,Incorrect RAPL PPL1 Limit,No Fix,772415,022US
Sapphire Rapids,Intel,SPR161,Certain VMCS Fields May be Incorrect During STM to VMX Transitions,No Fix,772415,022US
Sapphire Rapids,Intel,SPR162,MPX_FUSE_OVERRIDE Register May Trigger General Protection Fault,Fixed,772415,022US
Sapphire Rapids,Intel,SPR163,Instruction Timeout VM Exit Will Not Set Guest RFLAGS.RF During #UD,No Fix,772415,022US
Sapphire Rapids,Intel,SPR164,ICR Read May Not Generate an APIC ‑ Access VM Exit,No Fix,772415,022US
Sapphire Rapids,Intel,SPR165,Incorrect Guest RFLAGS.RF on VM Entry,No Fix,772415,022US
Emerald Rapids,Intel,EMR1,IPSR May Not Function Correctly,No Fix,793902,023US
Emerald Rapids,Intel,EMR2,Poison Data Reported Instead of a CS Limit Violation,No Fix,793902,023US
Emerald Rapids,Intel,EMR3,Monitor Instructions to Legacy VGA Region May Fail,No Fix,793902,023US
Emerald Rapids,Intel,EMR4,TILEDATA State May Be Saved Incorrectly,No Fix,793902,023US
Emerald Rapids,Intel,EMR5,A Poison Data Event May Not be Serviced if a Data Breakpoint Occurs on an Intel AMX Tile-Load or Intel AVX Gather or REP MOVS Instruction,No Fix,793902,023US
Emerald Rapids,Intel,EMR6,Intel In-field Scan MSRs Will Ignore a Non-Zero EDX Value And Not Signal a #GP,No Fix,793902,023US
Emerald Rapids,Intel,EMR7,Processor May Signal Spurious #GP Fault,No Fix,793902,023US
Emerald Rapids,Intel,EMR8,A Break Point May be Hit Twice When a VM Exit Without Commit Occurs,No Fix,793902,023US
Emerald Rapids,Intel,EMR9,Faulted XRSTORS Instruction May Result in Unexpected X87 FTW Value,No Fix,793902,023US
Emerald Rapids,Intel,EMR10,Error Conditions Detected During Cold Reset May Not be Cleared by Subsequent Warm Reset,No Fix,793902,023US
Emerald Rapids,Intel,EMR11,Intel DSA / Intel IAA Does Not Log The E2E Prefix Bit And The Prefix-Type Bits in AERTLPPLOG1,No Fix,793902,023US
Emerald Rapids,Intel,EMR12,The Processor May Drop Noncompliant Posted Peer-to-Peer Transactions,No Fix,793902,023US
Emerald Rapids,Intel,EMR13,Certain Bits in IA32_MC5_STATUS Register Will Always Return 0,No Fix,793902,023US
Emerald Rapids,Intel,EMR14,Occupancy Interrupt Handle is Not Checked Against Interrupt Table Size,No Fix,793902,023US
Emerald Rapids,Intel,EMR15,Processor May Incorrectly Set bist_corr Bit in The Memory Controller,No Fix,793902,023US
Emerald Rapids,Intel,EMR16,Intel DSA CMDSTATUS Register May Not Reflect Correct Hardware Status,No Fix,793902,023US
Emerald Rapids,Intel,EMR17,Remapping Hardware May Set Access/Dirty Bits in a First-stage Page-table Entry,No Fix,793902,023US
Emerald Rapids,Intel,EMR18,System Software May Not Receive Intel Virtualization Technology (Intel VT) for Directed I/O (Intel VT-d) Fault SPT.3 For Non-Zero Writes to b[191:HAW+128],No Fix,793902,023US
Emerald Rapids,Intel,EMR19,APCTL.APNGE Should be RW Instead of RWS,No Fix,793902,023US
Emerald Rapids,Intel,EMR20,CXL Device May Not Receive Viral,No Fix,793902,023US
Emerald Rapids,Intel,EMR22,Performance Monitoring Event Coherent_ops May Undercount,No Fix,793902,023US
Emerald Rapids,Intel,EMR23,PCIe Link Re-Equalization May Not Occur if Link is in L1 State,No Fix,793902,023US
Emerald Rapids,Intel,EMR24,Machine Check Bank 4 UCNA Errors May Not be Signaled,No Fix,793902,023US
Emerald Rapids,Intel,EMR25,Intel DSA / Intel IAA Use of Priv and PASID,No Fix,793902,023US
Emerald Rapids,Intel,EMR26,Reserved(0) Check For a PASID Table Entry May Not Happen For a DMA Request,No Fix,793902,023US
Emerald Rapids,Intel,EMR27,Remapping Hardware May Not Generate a Page Request Group Response Message While Operating in Legacy Mode or Abort DMA Mode,No Fix,793902,023US
Emerald Rapids,Intel,EMR28,Remapping Hardware May Abort ZLR to Second-Stage Write Only Pages,No Fix,793902,023US
Emerald Rapids,Intel,EMR29,Remapping Hardware with Major Version Number 6 Incorrectly Advertises the ESRTPS Support,No Fix,793902,023US
Emerald Rapids,Intel,EMR30,Platform May Hang if System Software Sends a Page Group Response or DevTLB Invalidation to Non-existent Requester ID,No Fix,793902,023US
Emerald Rapids,Intel,EMR31,Remapping Hardware Does Not Perform Reserved (0) Check in Page Response Descriptor,No Fix,793902,023US
Emerald Rapids,Intel,EMR32,"Remapping Hardware Implements b[31:16] of the three Event Data Registers (VTDBAR offsets 0x3C, 0xA4, and 0xE4) as Read-Writable",No Fix,793902,023US
Emerald Rapids,Intel,EMR33,Intel IAA Do Not Report Overlap Errors For AECS Size of 2 GB or Greater,No Fix,793902,023US
Emerald Rapids,Intel,EMR34,Intel DSA / Intel IAA Invalid TC Not Reported in The SWERROR Register,No Fix,793902,023US
Emerald Rapids,Intel,EMR35,Intel IAA Unaligned Completion Record Address Error is Not Reported in SWERROR Register,No Fix,793902,023US
Emerald Rapids,Intel,EMR36,Intel UPI Link Not Resetting When L1 Mismatch Occurs Between Local and Remote Sockets,No Fix,793902,023US
Emerald Rapids,Intel,EMR37,Intel DSA / Intel IAA May Fail to Log an MDPE Error For Back-to- Back Parity Errors,No Fix,793902,023US
Emerald Rapids,Intel,EMR38,Relaxed Ordering Not Disabled by DEVCTL.ERO bit for Intel DSA / Intel IAA Upstream Transactions,No Fix,793902,023US
Emerald Rapids,Intel,EMR39,System Address Logged For WDB Parity Errors May be Incorrect,No Fix,793902,023US
Emerald Rapids,Intel,EMR40,Incorrect MCACOD For L2 MCE,No Fix,793902,023US
Emerald Rapids,Intel,EMR41,System May Hang Due to Full LLRB,No Fix,793902,023US
Emerald Rapids,Intel,EMR42,Intel IAA May Fail to Properly Decode Data With a Large Header,No Fix,793902,023US
Emerald Rapids,Intel,EMR43,Memory Controller Violates JEDEC RCD tCSALT Timing,No Fix,793902,023US
Emerald Rapids,Intel,EMR44,Address May Not be Logged For a UCR Error Detected in The MLC,No Fix,793902,023US
Emerald Rapids,Intel,EMR45,Intel VT-d DMA Remapping Hardware May Hang if it Encounters Page Request Queue Overflow Condition,No Fix,793902,023US
Emerald Rapids,Intel,EMR46,Receiver Common Mode Input Impedance May be Below Specification When Interface is Powered Down,No Fix,793902,023US
Emerald Rapids,Intel,EMR47,Remapping Hardware Will Not Report The PASID Value For RTA.2 Faults in Modes Other Than Scalable Mode,No Fix,793902,023US
Emerald Rapids,Intel,EMR48,Remapping Hardware Does Not Perform a Reserved(0) Check in Interrupt Remap Table Entry,No Fix,793902,023US
Emerald Rapids,Intel,EMR49,Processor PCIe Root Port Link Spurious Data Parity Error May be Reported,No Fix,793902,023US
Emerald Rapids,Intel,EMR50,Mismatch Between UboxErrMisc and MCI_STATUS Registers Error Logs,No Fix,793902,023US
Emerald Rapids,Intel,EMR51,CHA UCNA Errors May be Incorrectly Controlled by MCi_CTL Enable Bits,No Fix,793902,023US
Emerald Rapids,Intel,EMR52,Reading The PPERF MSR May Not Return Correct Values,No Fix,793902,023US
Emerald Rapids,Intel,EMR53,No #GP Will be Signaled When Setting MSR_MISC_PWR_MGMT.ENABLE_SDC if MSR_MISC_PWR_MGMT.LOCK is Set,No Fix,793902,023US
Emerald Rapids,Intel,EMR54,System May Experience an Internal Timeout Error When an Internal Parity Error Occurs While Working With Intel AMX,No Fix,793902,023US
Emerald Rapids,Intel,EMR55,Last Branch Records May Not Survive Warm Reset,No Fix,793902,023US
Emerald Rapids,Intel,EMR56,Single Step on Branches Might be Missed When VMM Enables Notification On VM Exit,No Fix,793902,023US
Emerald Rapids,Intel,EMR57,Incorrect #CP Error Code on UIRET,No Fix,793902,023US
Emerald Rapids,Intel,EMR58,#GP May be Serviced Before an Instruction Breakpoint,No Fix,793902,023US
Emerald Rapids,Intel,EMR59,Unexpected #PF Exception Might Be Serviced Before a #GP Exception,No Fix,793902,023US
Emerald Rapids,Intel,EMR60,VMX-Preemption Timer May Not Work if Configured With a Value of 1,No Fix,793902,023US
Emerald Rapids,Intel,EMR61,User Interrupt Might be Delayed,No Fix,793902,023US
Emerald Rapids,Intel,EMR62,VM Exit Qualification May Not be Correctly Set on APIC Access While Serving a User Interrupt,No Fix,793902,023US
Emerald Rapids,Intel,EMR63,Software Tuning That Relies on PCLS Values May Experience Inaccurate Event Counts,No Fix,793902,023US
Emerald Rapids,Intel,EMR64,Multiple SGX_Doorbell_Errors on Ubox Response Mismatch,No Fix,793902,023US
Emerald Rapids,Intel,EMR65,Intel DSA / Intel IAA Completion Record is Not Written For Non- Completion Record Invalid Traffic Classes,No Fix,793902,023US
Emerald Rapids,Intel,EMR66,Intel IAA Expand Operation With PRLE Format Input May Return an Error,No Fix,793902,023US
Emerald Rapids,Intel,EMR67,Intel IAA Compression with Compress Bit Order Set May Produce an Odd Number of Bytes,No Fix,793902,023US
Emerald Rapids,Intel,EMR68,Intel IAA Source 2 Not Written Properly When Source 2 Size is 32 Bytes,No Fix,793902,023US
Emerald Rapids,Intel,EMR69,Intel IAA May Not Report Invalid Filter Flags Status Code When Source 2 Bit Order Field is Set,No Fix,793902,023US
Emerald Rapids,Intel,EMR70,Intel IAA Does Not Allow Source 1 Size to be 0 For Expand Operation,No Fix,793902,023US
Emerald Rapids,Intel,EMR71,Intel DSA / Intel IAA And WQ Configuration Registers May be Incorrectly Updated,No Fix,793902,023US
Emerald Rapids,Intel,EMR72,Invalid Flags Field of The Completion Record May Not be Set Correctly For Intel IAA Compression Operation,No Fix,793902,023US
Emerald Rapids,Intel,EMR73,"With Intel SGX Disabled, Software That Relies on ENCLVexiting May Not Function as Expected",No Fix,793902,023US
Emerald Rapids,Intel,EMR74,Headers Logged in AERHDRLOG for an AER Error for Intel DSA / Intel IAA may be Incorrect,No Fix,793902,023US
Emerald Rapids,Intel,EMR75,Intel DSA / Intel IAA May Fail to Send an ERR_FATAL Message if a Non-Fatal Error Occurs in The Same Cycle,No Fix,793902,023US
Emerald Rapids,Intel,EMR76,Intel DSA / Intel IAA May Fail to Log an Unexpected Completion Error For an Invalid ATS Response,No Fix,793902,023US
Emerald Rapids,Intel,EMR77,Intel IAA Compression Output Buffer Overflow Error May be Incorrectly Reported,No Fix,793902,023US
Emerald Rapids,Intel,EMR78,Intel QAT May Violate ATS Invalidation Completion Ordering,No Fix,793902,023US
Emerald Rapids,Intel,EMR79,Intel QAT Accelerator Device May Not Invalidate PASID Supervisor- Privilege Translations,No Fix,793902,023US
Emerald Rapids,Intel,EMR80,The Time-Stamp Counter May Report an Incorrect Value,Fixed,793902,023US
Emerald Rapids,Intel,EMR81,Intel UPI Machine Check Bank May Not Report The Most Recently Logged Error,No Fix,793902,023US
Emerald Rapids,Intel,EMR82,PECI Wire Host may Continuously Receive a Completion Code of 0x80,No Fix,793902,023US
Emerald Rapids,Intel,EMR83,DDR5 9x4 DIMMs ECS Data May be Reported Incorrectly,No Fix,793902,023US
Emerald Rapids,Intel,EMR84,RETRY_RD_ERR_LOG_MISC.DDR5_9x4_half_device Bit Maybe Incorrect,No Fix,793902,023US
Emerald Rapids,Intel,EMR85,PIROM Reports The Wrong 2 DPC Speed For Processors With Less Than 4800 MT/s 1 DPC Speed,No Fix,793902,023US
Emerald Rapids,Intel,EMR86,An MDF Parity Error May Incorrect Set The Overflow Bit,No Fix,793902,023US
Emerald Rapids,Intel,EMR87,Incorrect FROM_IP Value For an RTM Abort in BTM or BTS May be Observed,No Fix,793902,023US
Emerald Rapids,Intel,EMR88,CPUID Reports Incorrect Number of Ways For The Load DTLB,No Fix,793902,023US
Emerald Rapids,Intel,EMR89,Intel PT Trace May Contain Incorrect Data When Configured With Single Range Output Larger Than 4 KB,No Fix,793902,023US
Emerald Rapids,Intel,EMR90,"On Instructions Longer Than 15 Bytes, #GP Exception is Prioritized And Delivered Over #CP Exception",No Fix,793902,023US
Emerald Rapids,Intel,EMR91,Mismatch on DR6 Value When Breakpoint Match is on Bitmap Address,No Fix,793902,023US
Emerald Rapids,Intel,EMR92,RTM Abort Status May be Incorrect For INT1/INT3 Instructions,No Fix,793902,023US
Emerald Rapids,Intel,EMR93,WRMSR to Reserved Bits of IA32_L3_QOS_Mask_15 Will Not signal a #GP,No Fix,793902,023US
Emerald Rapids,Intel,EMR94,x87 FDP Value May be Saved Incorrectly,No Fix,793902,023US
Emerald Rapids,Intel,EMR95,Debug Exceptions May Be Lost or Misreported When MOV SS or POP SS Instruction is Not Followed By a Write to SP,No Fix,793902,023US
Emerald Rapids,Intel,EMR96,Exit Qualification For EPT Violations on Instruction Fetches May Incorrectly Indicate That The Guest-physical Address Was Writeable,No Fix,793902,023US
Emerald Rapids,Intel,EMR97,Processor May Generate Spurious Page Faults On Shadow Stack Pages,No Fix,793902,023US
Emerald Rapids,Intel,EMR98,Processor May Hang if Warm Reset Triggers During BIOS Initialization,No Fix,793902,023US
Emerald Rapids,Intel,EMR99,IA32_MC1_STATUS MSR May Not Log Errors When IA32_MC1_CTL MSR is Set to Not Signal Errors,No Fix,793902,023US
Emerald Rapids,Intel,EMR100,System May Hang When Bus-Lock Detection Is Enabled And EPT Resides in Uncacheable Memory,No Fix,793902,023US
Emerald Rapids,Intel,EMR101,OFFCORE_REQUESTS_OUTSTANDING Performance Monitoring Events May be Inaccurate,No Fix,793902,023US
Emerald Rapids,Intel,EMR102,Incorrect MCACOD For L2 Prefetch MCE,No Fix,793902,023US
Emerald Rapids,Intel,EMR103,Call Instruction Wrapping Around The 32-bit Address Boundary May Return to Incorrect Address,No Fix,793902,023US
Emerald Rapids,Intel,EMR104,ADDDC Reverse Sparing May Lead to Incorrect Data,No Fix,793902,023US
Emerald Rapids,Intel,EMR105,Intel SGX ENCLU[EACCEPT] Will Not Cause #GP When TCS.PREVSPP is Non-Zero,No Fix,793902,023US
Emerald Rapids,Intel,EMR106,Setting PREFETCH_CTL.DISABLE_THREE_STRIKE_CNT Does Not Prevent The Three-strike Counter From Incrementing,No Fix,793902,023US
Emerald Rapids,Intel,EMR107,Mismatch Between UboxErrMisc and MCI_STATUS Registers Error Logs,No Fix,793902,023US
Emerald Rapids,Intel,EMR108,Intel SST-TF May Fail to Report an Error if Turbo is Disabled,No Fix,793902,023US
Emerald Rapids,Intel,EMR109,Unexpected Rollover in MBM Counters,No Fix,793902,023US
Emerald Rapids,Intel,EMR110,System Crash Observed on Host When TD Private Pages Are Not Zeroed Out if Reused For Non-TD SW,No Fix,793902,023US
Emerald Rapids,Intel,EMR111,IA32_MC2_ADDR And IA32_MC2_MISC MSRs Will be Cleared on Warm Reset,No Fix,793902,023US
Emerald Rapids,Intel,EMR112,Multiple Write CRC Errors May Lead to System Hang,No Fix,793902,023US
Emerald Rapids,Intel,EMR113,Intel DSA / Intel IAA CTO Errors May Inconsistently Update the Prefix Log and Prefix Log Present Flag,No Fix,793902,023US
Emerald Rapids,Intel,EMR114,RTIT_CTL.TRACE_EN May be Disabled at BIOS_DONE Even if it was Previously Enabled,No Fix,793902,023US
Emerald Rapids,Intel,EMR115,WRMSR to a Few Core MSRs Might be Overwritten,No Fix,793902,023US
Emerald Rapids,Intel,EMR116,Performance Monitoring Events used by TMA May be Inaccurate,No Fix,793902,023US
Emerald Rapids,Intel,EMR117,Performance Monitoring Event IDQ.MS_UOPS May Undercount,No Fix,793902,023US
Emerald Rapids,Intel,EMR118,Scan At Field Scan Time Interval Violation Warning May be Reported Incorrectly,No Fix,793902,023US
Emerald Rapids,Intel,EMR119,ECS Reads May Fail to Complete in Certain Memory Configurations and Conditions,No Fix,793902,023US
Emerald Rapids,Intel,EMR120,A Write to The TSC_Deadline MSR May Cause an Unexpected Timer Interrupt,No Fix,793902,023US
Emerald Rapids,Intel,EMR121,MSR_UNC_CBO_CONFIG Register May Not Provide Correct Information,No Fix,793902,023US
Emerald Rapids,Intel,EMR122,Disabling The APIC While an Interrupt is Being Delivered May Cause a System Hang,No Fix,793902,023US
Emerald Rapids,Intel,EMR123,Intel DSA or Intel IAA May Cause Unpredictable System Behavior When Incorrectly Forwarded Data,No Fix,793902,023US
Emerald Rapids,Intel,EMR124,Unexpected System Software Behavior on Systems With Intel Hyper-Threading Technology (Intel HT) Enabled,No Fix,793902,023US
Emerald Rapids,Intel,EMR126,PCIe Link Degradation Following a Leaky Bucket Event,No Fix,793902,023US
Emerald Rapids,Intel,EMR127,RTTO May Occur at Lower Link Speed And Reduce Link Width,No Fix,793902,023US
Emerald Rapids,Intel,EMR128,Intel DSA DIF Insert and DIF Strip Operations Do Not Properly Check For Overlapping Buffers,No Fix,793902,023US
Emerald Rapids,Intel,EMR129,Remapping Hardware May Encounter Incorrect Error Code in Invalidation Queue Error Record Register,No Fix,793902,023US
Emerald Rapids,Intel,EMR130,Intel DSA Memory Write with Incorrect Parity May Result in a System Crash,No Fix,793902,023US
Emerald Rapids,Intel,EMR131,MCA not Logged for WbNoInvd Data ECC Errors,No Fix,793902,023US
Emerald Rapids,Intel,EMR132,WRMSR Instruction to MSR_CORE_BIST MSR May Overwrite Intel AMX State on Both Threads,No Fix,793902,023US
Emerald Rapids,Intel,EMR133,Internal Timeout MCE May Occur on Systems with CXL I/O Devices,Fixed,793902,023US
Emerald Rapids,Intel,EMR134,A PCIe Device May Not Function After a Warm Reset,Fixed,793902,023US
Emerald Rapids,Intel,EMR135,DIMMs May Not be Placed in Self-Refresh Mode Prior to Warm Reset,No Fix,793902,023US
Emerald Rapids,Intel,EMR136,Intel DSA Device May Hang,Fixed,793902,023US
Emerald Rapids,Intel,EMR137,VM Exit Following MOV to CR8 Instruction May Lead to Unexpected IDT Vectoring-Information,Fixed,793902,023US
Emerald Rapids,Intel,EMR138,Power May Be Displayed Incorrectly,No Fix,793902,023US
Emerald Rapids,Intel,EMR139,Processor May Hang When AMX_OPS_RETIRED PMON Event is Counted,No Fix,793902,023US
Emerald Rapids,Intel,EMR140,Internal Timer Machine Check Error May Cause System Hang,Fixed,793902,023US
Emerald Rapids,Intel,EMR141,PCIe TLP May be Lost After Link Down Event,No Fix,793902,023US
Emerald Rapids,Intel,EMR142,Processor Core May Fail to Transition From C0 to C6 C-State,Fixed,793902,023US
Emerald Rapids,Intel,EMR143,CPUID Returns Invalid Level Type,Fixed,793902,023US
Emerald Rapids,Intel,EMR144,Write to UNCORE_RATIO_LIMIT May Not Take Effect,No Fix,793902,023US
Emerald Rapids,Intel,EMR145,Memory Uncorrectable Error With Multiple Ranks on a Channel,Fixed,793902,023US
Emerald Rapids,Intel,EMR146,A Processor May Run at a Fixed Mesh Frequency,Fixed,793902,023US
Emerald Rapids,Intel,EMR147,REP SCASB or REP CMPSB Instructions May Return Incorrect Results,Fixed,793902,023US
Emerald Rapids,Intel,EMR148,Incorrect Last Branch From Value in BTS Branch Record During a Task Switch,No Fix,793902,023US
Emerald Rapids,Intel,EMR149,Intel PT Incorrect CR3-Filtering,No Fix,793902,023US
Emerald Rapids,Intel,EMR150,Intel SST-PP Limited to Config-TDP Level 0 When PPL1 And PPL2 Are Not Set,No Fix,793902,023US
Emerald Rapids,Intel,EMR151,Performance Monitoring Event MEMORY_ACTIVITY.STALLS_L2_MISS May Undercount,No Fix,793902,023US
Emerald Rapids,Intel,EMR152,Certain VMCS Fields May be Incorrect During STM to VMX Transitions,No Fix,793902,023US
Emerald Rapids,Intel,EMR153,Instruction Timeout VM Exit Will Not Set Guest RFLAGS.RF During #UD,No Fix,793902,023US
Emerald Rapids,Intel,EMR154,VMREAD/VMWRITE Instructions May Not Fail When Accessing an Unsupported Field in VMCS,No Fix,793902,023US
Emerald Rapids,Intel,EMR155,MPX_FUSE_OVERRIDE Register May Trigger General Protection Fault,Fixed,793902,023US
Emerald Rapids,Intel,EMR156,Incorrect RAPL PPL1 Limit,No Fix,793902,023US
Emerald Rapids,Intel,EMR157,ICR Read May Not Generate an APIC ‑ Access VM Exit,No Fix,793902,023US
Emerald Rapids,Intel,EMR158,VMX-Preemption Timer May Expire Earlier With Certain Large Timer Values,No Fix,793902,023US
Emerald Rapids,Intel,EMR159,Incorrect Guest RFLAGS.RF on VM Entry,No Fix,793902,023US
Emerald Rapids,Intel,EMRLCC1,Certain PCIe Devices Are Not Accessible Out-of-Band With Local Bus Number,No Fix,793902,023US
Coffee Lake,Intel,CFL001,Reported Memory Type May Not Be Used to Access the VMCS and Referenced Data Structures,No Fix,337346,008
Coffee Lake,Intel,CFL002,Instruction Fetch May Cause Machine Check if Page Size and Memory Type Was Changed Without Invalidation,No Fix,337346,008
Coffee Lake,Intel,CFL003,Execution of VAESIMC or VAESKEYGENASSIST With an Illegal Value for VEX.vvvv May Produce a #NM Exception,No Fix,337346,008
Coffee Lake,Intel,CFL004,The Corrected Error Count Overflow Bit in IA32_ MC0_STATUS is Not Updated When the UC Bit is Set,No Fix,337346,008
Coffee Lake,Intel,CFL005,VM Exit May Set IA32_EFER.NXE When IA32_MISC_ENABLE Bit 34 is Set to 1,No Fix,337346,008
Coffee Lake,Intel,CFL006,SMRAM State-Save Area Above the 4 GB Boundary May Cause Unpredictable System Behavior,No Fix,337346,008
Coffee Lake,Intel,CFL007,x87 FPU Exception (#MF) May be Signaled Earlier Than Expected,No Fix,337346,008
Coffee Lake,Intel,CFL008,Incorrect FROM_IP Value for an RTM Abort in BTM or BTS May be Observed,No Fix,337346,008
Coffee Lake,Intel,CFL009,DR6 Register May Contain an Incorrect Value When a MOV to SS or POP SS Instruction is Followed by an XBEGIN Instruction,No Fix,337346,008
Coffee Lake,Intel,CFL010,Opcode Bytes F3 0F BC May Execute as TZCNT Even When TZCNT Not Enumerated by CPUID,No Fix,337346,008
Coffee Lake,Intel,CFL011,#GP on Segment Selector Descriptor that Straddles Canonical Boundary May Not Provide Correct Exception Error Code,No Fix,337346,008
Coffee Lake,Intel,CFL012,The SMSW Instruction May Execute Within an Enclave,No Fix,337346,008
Coffee Lake,Intel,CFL013,WRMSR to IA32_BIOS_UPDT_TRIG Concurrent with an SMX SENTER/SEXIT May Result in a System Hang,No Fix,337346,008
Coffee Lake,Intel,CFL014,Intel PT TIP.PGD May Not Have Target IP Payload,No Fix,337346,008
Coffee Lake,Intel,CFL015,Operand-Size Override Prefix Causes 64-bit Operand Form of MOVBE Instruction to Cause a #UD,No Fix,337346,008
Coffee Lake,Intel,CFL016,Execution of FXSAVE or FXRSTOR With the VEX Prefix May Produce a #NM Exception,No Fix,337346,008
Coffee Lake,Intel,CFL017,WRMSR May Not Clear The Sticky Count Overflow Bit in The IA32_MCi_STATUS MSRs' Corrected Error Count Field,No Fix,337346,008
Coffee Lake,Intel,CFL018,PEBS Eventing IP Field May be Incorrect After Not-Taken Branch,No Fix,337346,008
Coffee Lake,Intel,CFL019,Debug Exceptions May Be Lost or Misreported Following WRMSR to IA32_BIOS_UPDT_TRIG,No Fix,337346,008
Coffee Lake,Intel,CFL020,Complex Interactions with Internal Graphics May Impact Processor Responsiveness,No Fix,337346,008
Coffee Lake,Intel,CFL021,Intel Processor Trace PSB+ Packets May Contain Unexpected Packets,No Fix,337346,008
Coffee Lake,Intel,CFL023,VM Entry That Clears TraceEn May Generate a FUP,No Fix,337346,008
Coffee Lake,Intel,CFL024,Performance Monitor Event for Outstanding Offcore Requests and Snoop Requests May be Incorrect,No Fix,337346,008
Coffee Lake,Intel,CFL025,ENCLU[EGETKEY] Ignores KEYREQUEST.MISCMASK,No Fix,337346,008
Coffee Lake,Intel,CFL026,POPCNT Instruction May Take Longer to Execute Than Expected,No Fix,337346,008
Coffee Lake,Intel,CFL027,ENCLU[EREPORT] May Cause a #GP When TARGETINFO.MISCSELECT is Non- Zero,No Fix,337346,008
Coffee Lake,Intel,CFL028,A VMX Transition Attempting to Load a Non-Existent MSR May Result in a Shutdown,No Fix,337346,008
Coffee Lake,Intel,CFL029,Transitions Out of 64-bit Mode May Lead to an Incorrect FDP and FIP,No Fix,337346,008
Coffee Lake,Intel,CFL030,Intel PT FUP May be Dropped After OVF,No Fix,337346,008
Coffee Lake,Intel,CFL031,ENCLS[ECREATE] Causes #GP if Enclave Base Address is Not Canonical,No Fix,337346,008
Coffee Lake,Intel,CFL033,Processor DDR VREF Signals May Briefly Exceed JEDEC Spec When Entering S3 State,No Fix,337346,008
Coffee Lake,Intel,CFL034,DR6.B0-B3 May Not Report All Breakpoints Matched When a MOV/POP SS is Followed by a Store or an MMX Instruction,No Fix,337346,008
Coffee Lake,Intel,CFL035,ENCLS[EINIT] Instruction May Unexpectedly #GP,No Fix,337346,008
Coffee Lake,Intel,CFL036,Intel PT OVF Packet May be Lost if Immediately Preceding a TraceStop,No Fix,337346,008
Coffee Lake,Intel,CFL037,WRMSR to IA32_BIOS_UPDT_TRIG May be Counted as Multiple Instructions,No Fix,337346,008
Coffee Lake,Intel,CFL038,Branch Instructions May Initialize MPX Bound Registers Incorrectly,No Fix,337346,008
Coffee Lake,Intel,CFL039,Writing a Non-Canonical Value to an LBR MSR Does Not Signal a #GP When Intel PT is Enabled,No Fix,337346,008
Coffee Lake,Intel,CFL040,Processor May Run Intel AVX Code Much Slower Than Expected,No Fix,337346,008
Coffee Lake,Intel,CFL041,Intel PT Buffer Overflow May Result in Incorrect Packets,No Fix,337346,008
Coffee Lake,Intel,CFL042,Last Level Cache Performance Monitoring Events May be Inaccurate,No Fix,337346,008
Coffee Lake,Intel,CFL043,#GP Occurs Rather Than #DB on Code Page Split Inside an Intel SGX Enclave,No Fix,337346,008
Coffee Lake,Intel,CFL044,Execution of VAESENCLAST Instruction May Produce a #NM Exception Instead of a #UD Exception,No Fix,337346,008
Coffee Lake,Intel,CFL045,Intel SGX Enclave Accesses to the APIC-Access Page May Cause APIC- Access VM Exits,No Fix,337346,008
Coffee Lake,Intel,CFL046,CR3 Filtering Does Not Compare Bits [11:5] of CR3 and IA32_RTIT_CR3_MATCH in PAE Paging Mode,No Fix,337346,008
Coffee Lake,Intel,CFL047,x87 FDP Value May be Saved Incorrectly,No Fix,337346,008
Coffee Lake,Intel,CFL048,PECI Frequency Limited to 1 MHz,No Fix,337346,008
Coffee Lake,Intel,CFL049,Processor Graphics IOMMU Unit May Not Mask DMA Remapping Faults,No Fix,337346,008
Coffee Lake,Intel,CFL050,Intel PT CYCThresh Value of 13 is Not Supported,No Fix,337346,008
Coffee Lake,Intel,CFL051,Enabling VMX-Preemption Timer Blocks HDC Operation,No Fix,337346,008
Coffee Lake,Intel,CFL052,Integrated Audio Codec May Not be Detected,No Fix,337346,008
Coffee Lake,Intel,CFL053,Display Flickering May be Observed with Specific eDP Panels,No Fix,337346,008
Coffee Lake,Intel,CFL054,Incorrect Branch Predicted Bit in BTS/BTM Branch Records,No Fix,337346,008
Coffee Lake,Intel,CFL055,MACHINE_CLEARS.MEMORY_ORDERING Performance Monitoring Event May Undercount,No Fix,337346,008
Coffee Lake,Intel,CFL056,CTR_FRZ May Not Freeze Some Counters,No Fix,337346,008
Coffee Lake,Intel,CFL057,Instructions And Branches Retired Performance Monitoring Events May Over Count,No Fix,337346,008
Coffee Lake,Intel,CFL058,Some OFFCORE_RESPONSE Performance Monitoring Events May Over count,No Fix,337346,008
Coffee Lake,Intel,CFL059,Instructions Fetch #GP After RSM During Intel PT May Push Incorrect RFLAGS Value on Stack,No Fix,337346,008
Coffee Lake,Intel,CFL060,Access to SGX EPC Page in BLOCKED State is Not Reported as an SGX- Induced Page Fault,No Fix,337346,008
Coffee Lake,Intel,CFL061,MTF VM Exit on XBEGIN Instruction May Save State Incorrectly,No Fix,337346,008
Coffee Lake,Intel,CFL062,Performance Monitoring Counters May Undercount When Using CPL Filtering,No Fix,337346,008
Coffee Lake,Intel,CFL063,Certain Non-Canonical IA32_BNDCFGS Values Does Not Cause VM-Entry Failures,No Fix,337346,008
Coffee Lake,Intel,CFL064,PEBS EventingIP Field May Be Incorrect Under Certain Conditions,No Fix,337346,008
Coffee Lake,Intel,CFL065,HWP's Guaranteed_Performance Updated Only on Configurable TDP Changes,No Fix,337346,008
Coffee Lake,Intel,CFL066,RF May be Incorrectly Set in The EFLAGS That is Saved on a Fault in PEBS or BTS,No Fix,337346,008
Coffee Lake,Intel,CFL067,Intel PT ToPA PMI Does Not Freeze Performance Monitoring Counters,No Fix,337346,008
Coffee Lake,Intel,CFL068,HWP's Maximum_Performance Value is Reset to 0xFF,No Fix,337346,008
Coffee Lake,Intel,CFL069,HWP's Guaranteed_Performance and Relevant Status/Interrupt May be Updated More Than Once Per Second,No Fix,337346,008
Coffee Lake,Intel,CFL070,Some Memory Performance Monitoring Events May Produce Incorrect Results When Filtering on Either OS or USR Modes,No Fix,337346,008
Coffee Lake,Intel,CFL071,HWP May Generate Thermal Interrupt While Not Enabled,No Fix,337346,008
Coffee Lake,Intel,CFL072,Camera Device Does Not Issue an MSI When INTx is Enabled,No Fix,337346,008
Coffee Lake,Intel,CFL073,Attempts to Retrain a PCIe Link May be Ignored,No Fix,337346,008
Coffee Lake,Intel,CFL074,PCIe Port Does Not Support DLL Link Activity Reporting,No Fix,337346,008
Coffee Lake,Intel,CFL075,BNDLDX And BNDSTX May Not Signal #GP on Non-Canonical Bound Directory Access,No Fix,337346,008
Coffee Lake,Intel,CFL076,RING_PERF_LIMIT_REASONS May be Incorrect,No Fix,337346,008
Coffee Lake,Intel,CFL077,Performance Monitoring Load Latency Events May Be Inaccurate for Gather Instructions,No Fix,337346,008
Coffee Lake,Intel,CFL078,EDRAM Corrected Error Events May Not be Properly Logged After a Warm Reset,No Fix,337346,008
Coffee Lake,Intel,CFL079,Some Bits in MSR_MISC_PWR_MGMT May be Updated on Writing Illegal Values to This MSR,No Fix,337346,008
Coffee Lake,Intel,CFL080,Violations of Intel Software Guard Extensions (Intel SGX) Access-Control Requirements Produce #GP Instead of #PF,No Fix,337346,008
Coffee Lake,Intel,CFL081,IA32_RTIT_CR3_MATCH MSR Bits[11:5] Are Treated as Reserved,No Fix,337346,008
Coffee Lake,Intel,CFL082,The Intel PT CR3 Filter is Not Re-evaluated on VM Entry,No Fix,337346,008
Coffee Lake,Intel,CFL083,Display Slowness May be Observed Under Certain Display Commands Scenario,No Fix,337346,008
Coffee Lake,Intel,CFL084,CPUID TLB Associativity Information is Inaccurate,No Fix,337346,008
Coffee Lake,Intel,CFL085,Using Different Vendors for DDR4 UDIMMs 2400 MHz or Above May Cause Correctable Errors or a System Hang,No Fix,337346,008
Coffee Lake,Intel,CFL086,Two DIMMs Per Channel 2133MHz DDR4 SoDIMM Daisy-Chain Systems With Different Vendors May Hang,No Fix,337346,008
Coffee Lake,Intel,CFL088,Processor May Hang on Complex Sequence of Conditions,No Fix,337346,008
Coffee Lake,Intel,CFL089,Potential Partial Trace Data Loss in Intel Trace Hub ODLA When Storing to Memory,No Fix,337346,008
Coffee Lake,Intel,CFL091,Spurious Corrected Errors May be Reported,No Fix,337346,008
Coffee Lake,Intel,CFL092,Reads from IA32_SGXLEPUBKEYHASH MSRs Return Values in Incorrect Order,Fixed,337346,008
Coffee Lake,Intel,CFL093,Masked Bytes in a Vector Masked Store Instructions May Cause Write Back of a Cache Line,No Fix,337346,008
Coffee Lake,Intel,CFL094,MOVNTDQA From WC Memory May Pass Earlier MFENCE instructions,No Fix,337346,008
Coffee Lake,Intel,CFL095,MOVNTDQA From WC Memory May Pass Earlier Locked Instructions,No Fix,337346,008
Coffee Lake,Intel,CFL096,PEBS Record After a WRMSR to IA32_BIOS_UPDT_TRIG May be Incorrect,No Fix,337346,008
Coffee Lake,Intel,CFL097,Processor May Incorrectly Assert PROCHOT During PkgC10,No Fix,337346,008
Coffee Lake,Intel,CFL098,Writing Non-Zero Values to Read Only Fields in IA32_THERM_STATUS MSR May #GP,No Fix,337346,008
Coffee Lake,Intel,CFL099,Precise Performance Monitoring May Generate Redundant PEBS Records.,No Fix,337346,008
Coffee Lake,Intel,CFL100,Load Latency Performance Monitoring Facility May Stop Counting,No Fix,337346,008
Coffee Lake,Intel,CFL101,SGX ENCLS[EINIT] May Not Signal an Error for an Incorrectly Formatted SIGSTRUCT Input,No Fix,337346,008
Coffee Lake,Intel,CFL102,Branch Instruction Address May be Incorrectly Reported on TSX Abort When Using MPX,No Fix,337346,008
Coffee Lake,Intel,CFL103,Setting Performance Monitoring IA32_PERF_GLOBAL_STATUS_SET MSR Bit 63 May Not #GP,No Fix,337346,008
Coffee Lake,Intel,CFL104,Hitting a Code Breakpoint Inside a SGX Debug Enclave May Cause the Processor to Hang,No Fix,337346,008
Coffee Lake,Intel,CFL105,Performance Monitoring ASCI Status Bit May be Inaccurate,No Fix,337346,008
Coffee Lake,Intel,CFL106,Processor May Hang When Executing Code in an HLE Transaction Region,No Fix,337346,008
Coffee Lake,Intel,CFL107,The Processor May Fail to Boot During DDR4 Memory Training,No Fix,337346,008
Coffee Lake,Intel,CFL108,Intel PT CYC Packets Can be Dropped When Immediately Preceding PSB,No Fix,337346,008
Coffee Lake,Intel,CFL109,Intel PT VM-entry Indication Depends on The Incorrect VMCS Control Field,No Fix,337346,008
Coffee Lake,Intel,CFL110,eDRAM May Generate Errors or Other Unexpected System Behavior,Fixed,337346,008
Coffee Lake,Intel,CFL111,Performance Monitor Event for Outstanding Offcore Requests May be Incorrect,No Fix,337346,008
Coffee Lake,Intel,CFL112,Certain DDR4 Memory Configurations May Cause Unpredictable System Behavior,No Fix,337346,008
Coffee Lake,Intel,CFL113,VCVTPS2PH To Memory May Update MXCSR in The Case of a Fault on The Store,No Fix,337346,008
Coffee Lake,Intel,CFL114,Intel PT May Drop All Packets After an Internal Buffer Overflow,No Fix,337346,008
Coffee Lake,Intel,CFL115,Intel PT ToPA Tables Read From Non-Cacheable Memory During an Intel TSX Transaction May Lead to Processor Hang,No Fix,337346,008
Coffee Lake,Intel,CFL116,Performing an XACQUIRE to an Intel PT ToPA Table May Lead to Processor Hang,No Fix,337346,008
Coffee Lake,Intel,CFL117,ZMM/YMM Registers May Contain Incorrect Values,Fixed,337346,008
Coffee Lake,Intel,CFL118,Data Breakpoint May Not be Detected on a REP MOVS,No Fix,337346,008
Coffee Lake,Intel,CFL119,Intel PT CYC Packet Can be Dropped When Immediately Preceding PSB,No Fix,337346,008
Coffee Lake,Intel,CFL120,Last Level Cache/ Ring Maximum Frequency May Be Reported Incorrectly,Fixed,337346,008
Coffee Lake,Intel,CFL121,The Processor May Hang or Exhibit Display Flickering,Fixed,337346,008
Coffee Lake,Intel,CFL122,"When Virtualization Exceptions are Enabled, EPT Violations May Generate Erroneous Virtualization Exceptions",No Fix,337346,008
Coffee Lake,Intel,CFL123,System May Hang with Multiple Pending Posted Writes When Using Direct MMIO Write Access Model,Fixed,337346,008
Coffee Lake,Intel,CFL124,Using Intel TSX Instructions May Lead to Unpredictable System Behavior,Fixed,337346,008
Coffee Lake,Intel,CFL125,Intel PT Trace May Drop Second Byte of CYC Packet,No Fix,337346,008
Coffee Lake,Intel,CFL126,Unexpected Uncorrected Machine Check Errors May Be Reported,No Fix,337346,008
Coffee Lake,Intel,CFL127,Intel PT PSB+ Packets May be Omitted on a C6 Transition,No Fix,337346,008
Coffee Lake,Intel,CFL128,Intel PT PacketEn Change on C-state Wake May Not Generate a TIP Packet,No Fix,337346,008
Coffee Lake,Intel,CFL129,Processor May Hang During PKG-C8/C9/C10 Exit,Fixed,337346,008
Coffee Lake,Intel,CFL130,Graphics VTd Hardware May Cache Invalid Entries,No Fix,337346,008
Coffee Lake,Intel,CFL131,Processor May Hang at High Temperature with a High-Throughput Graphics Workload,Fixed,337346,008
Coffee Lake,Intel,CFL132,Queued Invalidation Is Prevented When VTd is Disabled,Fixed,337346,008
Coffee Lake,Intel,CFL133,Executing Some Instructions May Cause Unpredictable Behavior,Fixed,337346,008
Coffee Lake,Intel,CFL134,Processor May Behave Unpredictably on Complex Sequence of Conditions Which Involve Branches That Cross 64 Byte Boundaries,Fixed,337346,008
Coffee Lake,Intel,CFL135,A PMI That Freezes LBRs Can Cause a Duplicate Entry in TOS,No Fix,337346,008
Coffee Lake,Intel,CFL136,Unexpected Page Faults in Guest Virtualization Environment,Fixed,337346,008
Coffee Lake,Intel,CFL137,SGX Key Confidentiality May be Compromised,Fixed,337346,008
Coffee Lake,Intel,CFL138,System May Hang Under Complex Conditions,Fixed,337346,008
Coffee Lake,Intel,CFL139,Instruction Fetch May Cause Machine Check if Page Size Was Changed Without Invalidation,No Fix,337346,008
Coffee Lake,Intel,CFL140,PEG PCIe Link May Fail to Link When Resuming From PKG-C8,No Fix,337346,008
Coffee Lake,Intel,CFL141,Incorrect ECC reporting following entry to PKG-C7,No Fix,337346,008
Coffee Lake,Intel,CFL142,PMU MSR_UNC_PERF_FIXED_CTR is Cleared After Pkg C7 or Deeper,No Fix,337346,008
Coffee Lake,Intel,CFL143,Performance Monitoring General Counter 2 May Have Invalid Value Written When TSX Is Enabled,No Fix,337346,008
Coffee Lake,Intel,CFL144,A Pending Fixed Interrupt May Be Dispatched Before an Interrupt of The Same Priority Completes,No Fix,337346,008
Coffee Lake,Intel,CFL145,VTd DMA Remapping Disable in Gfx IOMMU May Cause Display Artifacts or Flickering,No Fix,337346,008
Coffee Lake,Intel,CFL146,Overflow Flag in IA32_MC0_STATUS MSR May be Incorrectly Set,No Fix,337346,008
Coffee Lake,Intel,CFL147,Rare Internal Timing Conditions May Lead to Sporadic Hangs During Graphics VTd Flows,No Fix,337346,008
Coffee Lake,Intel,CFL148,VERR Instruction Inside VM-entry May Cause DR6 to Contain Incorrect Values,No Fix,337346,008
Coffee Lake,Intel,CFL149,Processor May Hang if Warm Reset Triggers During BIOS Initialization,No Fix,337346,008
Coffee Lake,Intel,CFL151,MD_CLEAR Operations May Not Properly Overwrite All Buffers,Fixed,337346,008
Coffee Lake,Intel,CFL152,Executing AVX Instructions May Cause a Machine Check Error,No Fix,337346,008
Coffee Lake,Intel,CFL153,PCIe Atomic Operation Completion TLPs May Have Non-Zero Reserved Fields,No Fix,337346,008
Coffee Lake,Intel,CFL154,Call Instruction Wrapping Around The 32-bit Address Boundary May Return to Incorrect Address,No Fix,337346,008
Coffee Lake,Intel,CFL155,Branch Predictor May Produce Incorrect Instruction Pointer,Fixed,337346,008
Coffee Lake,Intel,CFL156,Intel PT Incorrect CR3-Filtering,No Fix,337346,008
Coffee Lake,Intel,CFL157,Incorrect Last Branch From Value in BTS Branch Record During a Task Switch,No Fix,337346,008
Ice Lake (client),Intel,ICL001,Incorrect Branch Predicted Bit in BTS/BTM Branch Records,No Fix,341079,023
Ice Lake (client),Intel,ICL002,PEBS Eventing IP Field May be Incorrect after Not-Taken Branch,No Fix,341079,023
Ice Lake (client),Intel,ICL003,Intel PT TIP.PGD May Not Have Target IP Payload,No Fix,341079,023
Ice Lake (client),Intel,ICL004,SMRAM State-Save Area above the 4GB Boundary May Cause Unpredictable System Behavior,No Fix,341079,023
Ice Lake (client),Intel,ICL005,x87 FPU Exception (#MF) May be Signaled Earlier than Expected,No Fix,341079,023
Ice Lake (client),Intel,ICL006,Intel Processor Trace PSB + Packets May Contain Unexpected Packets,No Fix,341079,023
Ice Lake (client),Intel,ICL007,Performance Monitoring Counters May Undercount When Using CPL Filtering,No Fix,341079,023
Ice Lake (client),Intel,ICL008,Vector Masked Store Instructions May Cause Write Back of Cache Line Where Bytes Are Masked,No Fix,341079,023
Ice Lake (client),Intel,ICL009,Incorrect FROM_IP Value for an RTM Abort in BTM or BTS May be Observed,No Fix,341079,023
Ice Lake (client),Intel,ICL010,#GP on Segment Selector Descriptor that Straddles Canonical Boundary May Not Provide Correct Exception Error Code,No Fix,341079,023
Ice Lake (client),Intel,ICL011,x87 FDP Value May be Saved Incorrectly,No Fix,341079,023
Ice Lake (client),Intel,ICL012,Execution of VAESIMC or VAESKEYGENASSIST With an Illegal Value for VEX.vvvv May Produce a #NM Exception,No Fix,341079,023
Ice Lake (client),Intel,ICL013,Execution of FXSAVE or FXRSTOR With the VEX Prefix May Produce a #NM Exception,No Fix,341079,023
Ice Lake (client),Intel,ICL014,Writing Non-Zero Values to Read Only Fields in IA32_THERM_STATUS MSR May #GP,No Fix,341079,023
Ice Lake (client),Intel,ICL015,Debug Exceptions May be Lost or Misreported When MOV SS or POP SS Instruction is Not Followed by a Write to SP,No Fix,341079,023
Ice Lake (client),Intel,ICL016,Intel PT VMentry Indication Depends on the Incorrect VMCS Control Field,No Fix,341079,023
Ice Lake (client),Intel,ICL017,Execution of VAESENCLAST Instruction May Produce a #NM Exception Instead of a #UD Exception,No Fix,341079,023
Ice Lake (client),Intel,ICL018,Performance Monitoring ASCI Status Bit May be Inaccurate,No Fix,341079,023
Ice Lake (client),Intel,ICL019,Setting Performance Monitoring IA32_PERF_GLOBAL_STATUS_SET MSR Bit 63 May Not #GP,No Fix,341079,023
Ice Lake (client),Intel,ICL020,WRMSR to PRMRR_MASK May Result in #GP When the Resulting PRMRR Range is Empty,No Fix,341079,023
Ice Lake (client),Intel,ICL021,"When Virtualization Exceptions are Enabled, EPT Violations May Generate Erroneous Virtualization Exceptions",No Fix,341079,023
Ice Lake (client),Intel,ICL022,CPUID TLB Information is Inaccurate,No Fix,341079,023
Ice Lake (client),Intel,ICL023,Performance Monitoring Load Latency Events May be Inaccurate for Gather Instructions,No Fix,341079,023
Ice Lake (client),Intel,ICL024,CPUID L2 Cache Information May be Inaccurate,No Fix,341079,023
Ice Lake (client),Intel,ICL025,Intel SGX Enclave Accesses to the APIC-Access Page May Cause APIC-Access VM Exits,No Fix,341079,023
Ice Lake (client),Intel,ICL026,Intel PT PSB + May Be Lost,No Fix,341079,023
Ice Lake (client),Intel,ICL027,Intel PT CBR Packet May be Delayed or Dropped,No Fix,341079,023
Ice Lake (client),Intel,ICL028,Intel PT TIP or FUP Packets May be Dropped without OVF Packet,No Fix,341079,023
Ice Lake (client),Intel,ICL029,Intel PT Trace May Drop Second Byte of CYC Packet,No Fix,341079,023
Ice Lake (client),Intel,ICL030,VM Entry that Clears TraceEn May Generate A FUP,No Fix,341079,023
Ice Lake (client),Intel,ICL031,VCVTPS2PH To Memory May Update MXCSR in the Case of a Fault on the Store,No Fix,341079,023
Ice Lake (client),Intel,ICL032,PECI Frequency Limited to 3.2Kbps-1Mbps,No Fix,341079,023
Ice Lake (client),Intel,ICL034,TCSS USB Host Controller (xHCI) May Hang,No Fix,341079,023
Ice Lake (client),Intel,ICL035,Unpopulated Type C to Type B or Type A Converter (Cable or Dongle) May Degrade Type C Port Functionality,Fixed,341079,023
Ice Lake (client),Intel,ICL036,Swapping Devices on Type C Ports in S3 May Degrade Type C Port Functionality,No Fix,341079,023
Ice Lake (client),Intel,ICL038,USB 3.1 Gen2 Link Compliance Test TD7.39 (Port Match Retry Test) May Fail,No Fix,341079,023
Ice Lake (client),Intel,ICL039,The Processor May Consume Higher-Than-Expected Power During Light Workloads,Fixed,341079,023
Ice Lake (client),Intel,ICL040,Processor May Hang When Both Threads are Active on A Physical Core,Fixed,341079,023
Ice Lake (client),Intel,ICL041,Processor May Hang During High-Throughput Graphics Scenarios,Fixed,341079,023
Ice Lake (client),Intel,ICL042,PROCHOT De-assertion May Lead to False Processor LFM,Fixed,341079,023
Ice Lake (client),Intel,ICL043,Some Errors Logged in IA32_MC1_STATUS May Not Generate Machine Check Exceptions,No Fix,341079,023
Ice Lake (client),Intel,ICL044,The Processor May Assert THRMTRIP#,Fixed,341079,023
Ice Lake (client),Intel,ICL045,Placing Page Table Information in the APIC-Access Page May Lead to Unexpected Page Faults While Performing Enclave Accesses,No Fix,341079,023
Ice Lake (client),Intel,ICL046,Instruction Fetch May Cause Machine Check If Page Size Was Changed without Invalidation,No Fix,341079,023
Ice Lake (client),Intel,ICL047,System May Hang When Graphics Core is Running in Low Frequency Mode,Fixed,341079,023
Ice Lake (client),Intel,ICL048,USB 3.x Devices May Not Enumerate or May Downgrade to USB2 Speeds on Ports Without a Retimer,Fixed,341079,023
Ice Lake (client),Intel,ICL049,Isochronous Devices May Experience Deferred Memory Accesses,Fixed,341079,023
Ice Lake (client),Intel,ICL050,FIVR PS5 Insufficient Current During PKG-C6 Resume,Fixed,341079,023
Ice Lake (client),Intel,ICL051,LPDDR4x May Incorrectly Exit Self-Refresh,Fixed,341079,023
Ice Lake (client),Intel,ICL052,Incorrect TCSS DTS When A Thunderbolt Device Is Connected,Fixed,341079,023
Ice Lake (client),Intel,ICL053,REP MOVSB Instruction to Or from A Non-flat Segment May Cause Unpredictable System Behavior,Fixed,341079,023
Ice Lake (client),Intel,ICL054,MASKMOV Instruction to A Physical Memory Location Mapped by Two Linear Addresses of Different Page Sizes May Result in Unpredictable System Behavior,No Fix,341079,023
Ice Lake (client),Intel,ICL055,USB 3.x Link Training Failure,Fixed,341079,023
Ice Lake (client),Intel,ICL056,VTd DMA Remapping Disable in Gfx IOMMU May Cause Display Artifacts or Flickering,Fixed,341079,023
Ice Lake (client),Intel,ICL057,MDS_NO Bit in IA32_ARCH_CAPABILITIES MSR is Incorrectly Set,Fixed,341079,023
Ice Lake (client),Intel,ICL058,Overflow Flag in IA32_MC0_STATUS MSR May be Incorrectly Set,No Fix,341079,023
Ice Lake (client),Intel,ICL059,IA32_L3_QOS_Mask_N Accepts Non-Contiguous Masks,No Fix,341079,023
Ice Lake (client),Intel,ICL060,System May Hang When CR0.TS Or CR0.EM Are Set,No Fix,341079,023
Ice Lake (client),Intel,ICL061,Processor May Experience Unexpected System Behavior When CR0.TS Or CR0.EM Are Set,Fixed,341079,023
Ice Lake (client),Intel,ICL062,Wrong Page Access Semantics May be Reported When Intel SGX ENCLU[EMODPE] Instruction Generates Page Fault (#PF) Exception,No Fix,341079,023
Ice Lake (client),Intel,ICL063,Usage of Bit 55 of IA32_TSC_DEADLINE MSR May Cause Spurious Timer Interrupt,Fixed,341079,023
Ice Lake (client),Intel,ICL064,Time Stamp Counters May Contain A Shifted Time Value,Fixed,341079,023
Ice Lake (client),Intel,ICL065,Unpredictable System Behavior Due to Move Elimination,Fixed,341079,023
Ice Lake (client),Intel,ICL066,REP MOVSB Might Lead to Incorrect ESP,Fixed,341079,023
Ice Lake (client),Intel,ICL067,A Ring Interconnect Performance State Transition May Result in Unpredictable System Behavior,Fixed,341079,023
Ice Lake (client),Intel,ICL068,Uncore Performance Monitoring Controls May Not Function Properly,No Fix,341079,023
Ice Lake (client),Intel,ICL069,A Memory Controller Domain Low Power Mode Transition May Result in Retrieval of Incorrect Data from Memory,Fixed,341079,023
Ice Lake (client),Intel,ICL070,VT-d Domain-Specific Context Cache Invalidation Requests May Not Complete,Fixed,341079,023
Ice Lake (client),Intel,ICL071,Type-C Ports Configured as DP-FIXD May Lead to System Hang,Fixed,341079,023
Ice Lake (client),Intel,ICL072,VERR Instruction Inside VM-entry May Cause DR6 to Contain Incorrect Values,No Fix,341079,023
Ice Lake (client),Intel,ICL073,Processor May Hang if Warm Reset Triggers During BIOS Initialization,No Fix,341079,023
Ice Lake (client),Intel,ICL075,IA32_RTIT_STATUS.FilterEn Bit Might Reflect A Previous Value,No Fix,341079,023
Ice Lake (client),Intel,ICL076,SSBD May Not Properly Restrict Load Execution,Fixed,341079,023
Ice Lake (client),Intel,ICL077,Executing an XSAVE or VZEROALL Instruction After SYSENTER May Result in Unexpected SSE/AVX Register Values,No Fix,341079,023
Ice Lake (client),Intel,ICL078,False MC1 Error Reported in The Shadow of an Internal Timer Error,No Fix,341079,023
Ice Lake (client),Intel,ICL079,Placing Posted-Interrupt Descriptors Within the PRMRR May Result in a Processor Hang,No Fix,341079,023
Ice Lake (client),Intel,ICL080,"System May Experience an Internal Timeout Error When Directing Intel PT to a Small, Uncacheable, Single-Range Output Buffer",No Fix,341079,023
Ice Lake (client),Intel,ICL081,Setting MISC_FEATURE_CONTROL.DISABLE_THREE_STRIKE_CNT Does Not Prevent the Three-strike Counter from Incrementing,No Fix,341079,023
Ice Lake (client),Intel,ICL082,Intel PT Trace May Contain Incorrect Data When Configured With Single Range Output Larger Than 4KB,No Fix,341079,023
Ice Lake (client),Intel,ICL083,Incorrect MCACOD For L2 Prefetch MCE,No Fix,341079,023
Ice Lake (client),Intel,ICL084,Call Instruction Wrapping Around The 32-bit Address Boundary May Return to Incorrect Address,No Fix,341079,023
Ice Lake (client),Intel,ICL085,Branch Predictor May Produce Incorrect Instruction Pointer,Fixed,341079,023
Ice Lake (client),Intel,ICL086,USB 3.2 DbC Sublink Speed Attribute ID (SSID) Value,No Fix,341079,023
Ice Lake (client),Intel,ICL087,A Write to The TSC_Deadline MSR May Cause an Unexpected Timer Interrupt,No Fix,341079,023
Ice Lake (client),Intel,ICL088,Processor May Hang During a Microcode Update,Fixed,341079,023
Ice Lake (client),Intel,ICL089,xHCI Out of Order ACK Due to LCRD1,No Fix,341079,023
Ice Lake (client),Intel,ICL090,Intel PT Incorrect CR3-Filtering,No Fix,341079,023
Ice Lake (client),Intel,ICL091,Incorrect Last Branch From Value in BTS Branch Record During a Task Switch,No Fix,341079,023
Ice Lake (client),Intel,ICL092,Debug Exceptions May Be Lost or Misreported When MOV SS or POP SS Instruction is Not Followed By a Write to SP,No Fix,341079,023
Tiger Lake,Intel,TGL001,X87 FDP Value May be Saved Incorrectly in Real-Address Mode or Virtual-8086 Mode,No Fix,631123,034
Tiger Lake,Intel,TGL002,Debug Exceptions May be Lost or Misreported When MOV SS or POP SS Instruction is Not Followed by a Write to SP,No Fix,631123,034
Tiger Lake,Intel,TGL003,CPUID L2 Cache Information May be Inaccurate,No Fix,631123,034
Tiger Lake,Intel,TGL004,Placing Posted-Interrupt Descriptors Within the PRMRR May Result in a Processor Hang,No Fix,631123,034
Tiger Lake,Intel,TGL005,Intel PT CBR Packet May be Delayed or Dropped,No Fix,631123,034
Tiger Lake,Intel,TGL006,Intel PT TIP or FUP Packets May be Dropped Without OVF Packet,No Fix,631123,034
Tiger Lake,Intel,TGL007,Overflow Flag in IA32_MC0_STATUS MSR May be Incorrectly Set,No Fix,631123,034
Tiger Lake,Intel,TGL008,An Exception During a 32-bit Mode Task Switch with CET Enabled may Lead to an Incorrect TSS Busy Flag Value,No Fix,631123,034
Tiger Lake,Intel,TGL009,Exit Qualification for EPT Violations Incorrectly Indicate On Instruction Fetches that the Guest-Physical Address Was Writeable,No Fix,631123,034
Tiger Lake,Intel,TGL010,Processor May Generate Spurious Page Faults on Shadow Stack Pages,No Fix,631123,034
Tiger Lake,Intel,TGL011,HDMI 1.4 Inter-Pair Skew Test May Fail,No Fix,631123,034
Tiger Lake,Intel,TGL012,Intel PT ToPA Tables Read From Non-Cacheable Memory During an Intel TSX Transaction May Lead to Processor Hang,No Fix,631123,034
Tiger Lake,Intel,TGL013,Performing an XACQUIRE to an Intel PT ToPA Table May Lead to Processor Hang,No Fix,631123,034
Tiger Lake,Intel,TGL014,PECI Frequency Limited to 3.2Kbps-1Mbps,No Fix,631123,034
Tiger Lake,Intel,TGL015,PCIe Gen4 JTOL - Jitter Tolerance Compliance Test May Fail,No Fix,631123,034
Tiger Lake,Intel,TGL016,System May Fail To Exit Warm Reset or S3,Fixed,631123,034
Tiger Lake,Intel,TGL017,Unable to Transmit Modified Compliance Test Pattern at 2.5 GT/S or 5.0 GT/s Link Speeds,No Fix,631123,034
Tiger Lake,Intel,TGL018,MSR IA32_THERM_STATUS CURRENT_LIMIT_STATUS May Report Incorrect Value,No Fix,631123,034
Tiger Lake,Intel,TGL019,System May Hang During Package-C10 Exit,Fixed,631123,034
Tiger Lake,Intel,TGL020,Processor May Hang When PROCHOT# is Active,Fixed,631123,034
Tiger Lake,Intel,TGL021,Processor May Hang if Warm Reset Triggers During BIOS Initialization,No Fix,631123,034
Tiger Lake,Intel,TGL022,PCIe Link_Down May Occur After Exiting From Package C10 Cycle,Fixed,631123,034
Tiger Lake,Intel,TGL023,Reported Package Power May Not be Accurate,No Fix,631123,034
Tiger Lake,Intel,TGL024,USB TD65 Polling LFPS Duration Test Fail on Direct Port,No Fix,631123,034
Tiger Lake,Intel,TGL025,Cache Configuration May be Incorrectly Initialized During Boot,Fixed,631123,034
Tiger Lake,Intel,TGL027,Processor PCIe Reference Clock May be Unavailable if CLKREQ# is Asserted During L1.2.Entry,No Fix,631123,034
Tiger Lake,Intel,TGL028,Processor PCIe May Hang Following PKG-C10,Fixed,631123,034
Tiger Lake,Intel,TGL029,PCIe Width Change Transition May Fail,No Fix,631123,034
Tiger Lake,Intel,TGL030,DDR4 1Rx16 DIMMs Cannot Achieve Optimal Memory Configuration,Fixed,631123,034
Tiger Lake,Intel,TGL031,Incorrect Core Operating Voltage May Lead To Unpredictable System Behavior,Fixed,631123,034
Tiger Lake,Intel,TGL032,Processor May Hang on PKG C9 or Deeper Exit,Fixed,631123,034
Tiger Lake,Intel,TGL033,Processor May Hang on Pkg C10 Exit,Fixed,631123,034
Tiger Lake,Intel,TGL034,Executing an XSAVE or VZEROALL Instruction After SYSENTER May Result in Unexpected SSE/AVX Register Values,No Fix,631123,034
Tiger Lake,Intel,TGL035,Processor May Fail to Resume From Package C10,Fixed,631123,034
Tiger Lake,Intel,TGL036,PkgC7 or Deeper Exits May Lead to Display Flicker,Fixed,631123,034
Tiger Lake,Intel,TGL037,VCVTPS2PH To Memory May Update MXCSR in the Case of a Fault on Store,No Fix,631123,034
Tiger Lake,Intel,TGL038,Memory Contents May Not be Accessible After a Warm Reset,Fixed,631123,034
Tiger Lake,Intel,TGL039,Processor May Generate Malformed TLP,No Fix,631123,034
Tiger Lake,Intel,TGL040,"System May Experience an Internal Timeout Error When Directing Intel PT to a Small, Uncacheable, Single-Range Output Buffer",No Fix,631123,034
Tiger Lake,Intel,TGL042,Spurious FIVR OCP Event May Occur During Boot,Fixed,631123,034
Tiger Lake,Intel,TGL043,Embedded Display Flicker May be Observed During Idle Scenarios,Fixed,631123,034
Tiger Lake,Intel,TGL044,False MC1 Error Reported in the Shadow of an Internal Timer Error,No Fix,631123,034
Tiger Lake,Intel,TGL045,PCIe Link May Fail to Train Upon Exit From L1.2,No Fix,631123,034
Tiger Lake,Intel,TGL046,DMI Link Failure During L1 Exit,Fixed,631123,034
Tiger Lake,Intel,TGL047,Setting MISC_FEATURE_CONTROL.DISABLE_THREE_STRIKE_CNT Does Not Prevent The Three-strike Counter From Incrementing,No Fix,631123,034
Tiger Lake,Intel,TGL048,Intel PT TIP.PGD May Not Have Target IP Payload,No Fix,631123,034
Tiger Lake,Intel,TGL049,Intel Processor Trace PSB+ Packets May Contain Unexpected Packets,No Fix,631123,034
Tiger Lake,Intel,TGL050,Intel PT Trace May Drop Second Byte of CYC Packet,No Fix,631123,034
Tiger Lake,Intel,TGL051,VM Entry That Clears TraceEn May Generate a FUP,No Fix,631123,034
Tiger Lake,Intel,TGL052,Intel PT Trace May Contain Incorrect Data When Configured With Single Range Output Larger Than 4KB,No Fix,631123,034
Tiger Lake,Intel,TGL053,"On Instructions Longer Than 15 Bytes, #GP Exception is Prioritized And Delivered Over #CP Exception",No Fix,631123,034
Tiger Lake,Intel,TGL054,Mismatch on DR6 Value When Breakpoint Match is on Bitmap Address,No Fix,631123,034
Tiger Lake,Intel,TGL055,Unaligned CET-SS Stack Token Does Not Signal #GP,Fixed,631123,034
Tiger Lake,Intel,TGL056,USB 3.0 Device May Not be Detected or May Down Train to USB 2.0 Speed,Fixed,631123,034
Tiger Lake,Intel,TGL057,Call Instruction Wrapping Around The 32-bit Address Boundary May Return to Incorrect Address,No Fix,631123,034
Tiger Lake,Intel,TGL058,USB 3.2 Gen 1x1 Port Does Not Send 16 Polling LFPS Burst,No Fix,631123,034
Tiger Lake,Intel,TGL059,Incorrect MCACOD For L2 Prefetch MCE,No Fix,631123,034
Tiger Lake,Intel,TGL060,Crashlog and Telemetry BAR May Not Function Correctly,No Fix,631123,034
Tiger Lake,Intel,TGL061,LFENCE Instruction May Not Prevent FSFP Forwarding,Fixed,631123,034
Tiger Lake,Intel,TGL062,GPU Hang When Async Compute is Enabled,No Fix,631123,034
Tiger Lake,Intel,TGL063,Branch Predictor May Produce Incorrect Instruction Pointer,Fixed,631123,034
Tiger Lake,Intel,TGL064,Processor May Encrypt TME Exclude Range if Mapped to Remap Range,No Fix,631123,034
Tiger Lake,Intel,TGL065,xHCI Force Header Command Incorrect Return Code,No Fix,631123,034
Tiger Lake,Intel,TGL066,USB Type-C Monitor Removal May Result In System Hang,Fixed,631123,034
Tiger Lake,Intel,TGL067,USB 3.2 DbC Sublink Speed Attribute ID (SSID) Value,No Fix,631123,034
Tiger Lake,Intel,TGL068,Processor May Hang During a Microcode Update,Fixed,631123,034
Tiger Lake,Intel,TGL069,xHCI Out of Order ACK Due to LCRD1,No Fix,631123,034
Tiger Lake,Intel,TGL070,xHCI Controller Hang With Zero-Length Data Packet,No Fix,631123,034
Tiger Lake,Intel,TGL071,Intel PT Incorrect CR3-Filtering,No Fix,631123,034
Tiger Lake,Intel,TGL072,Incorrect Last Branch From Value in BTS Branch Record During a Task Switch,No Fix,631123,034
Tiger Lake,Intel,TGL073,Certain VMCS Fields May be Incorrect During STM to VMX Transitions,No Fix,631123,034
Tiger Lake,Intel,TGL074,MPX_FUSE_OVERRIDE Register May Trigger General Protection Fault,Fixed,631123,034
Tiger Lake,Intel,TGL075,Debug Exceptions May Be Lost or Misreported When MOV SS or POP SS Instruction is Not Followed By a Write to SP,No Fix,631123,034
Rocket Lake,Intel,RKL001,Placing Page Table Information in the APIC-Access Page May Lead to Unexpected Page Faults While Performing Enclave Accesses,No Fix,634808,012
Rocket Lake,Intel,RKL002,REP MOVSB Instruction To or From a Non-flat Segment May Cause Unpredictable System Behavior,Fixed,634808,012
Rocket Lake,Intel,RKL003,Usage of Bit 55 of IA32_TSC_DEADLINE MSR May Cause Spurious Timer Interrupt,Fixed,634808,012
Rocket Lake,Intel,RKL004,Overflow Flag in IA32_MC0_STATUS MSR May be Incorrectly Set,No Fix,634808,012
Rocket Lake,Intel,RKL005,Wrong Page Access Semantics May be Reported When Intel SGX ENCLU[EMODPE] Instruction Generates Page Fault (#PF) Exception,No Fix,634808,012
Rocket Lake,Intel,RKL006,VERR Instruction Inside VM-entry May Cause DR6 to Contain Incorrect Values,No Fix,634808,012
Rocket Lake,Intel,RKL007,Processor May Hang if Warm Reset Triggers During BIOS Initialization,No Fix,634808,012
Rocket Lake,Intel,RKL008,IA32_RTIT_STATUS.FilterEn Bit Might Reflect a Previous Value,No Fix,634808,012
Rocket Lake,Intel,RKL009,Time Stamp Counters May Contain a Shifted Time Value,Fixed,634808,012
Rocket Lake,Intel,RKL010,Incorrect ECC Reporting Following Entry to PKG-C7,No Fix,634808,012
Rocket Lake,Intel,RKL011,PMU MSR_UNC_PERF_FIXED_CTR is Cleared After Pkg C7 or Deeper,No Fix,634808,012
Rocket Lake,Intel,RKL012,Unable to Transmit Modified Compliance Test Pattern at 2.5 GT/S or 5.0 GT/s Link Speeds,No Fix,634808,012
Rocket Lake,Intel,RKL013,PCIe Root Ports May Fail Tx Differential Return Loss Compliance Test,No Fix,634808,012
Rocket Lake,Intel,RKL014,PEG10 PCIe Root Port May Report Incorrect Maximum Link Width,No Fix,634808,012
Rocket Lake,Intel,RKL015,DMI Link Failure During L1 Exit,Fixed,634808,012
Rocket Lake,Intel,RKL016,"Processor Peg Ports 10,11, or 12 PCIe Link May Hang During S0ix/S3/S4/S5 Cycles",Fixed,634808,012
Rocket Lake,Intel,RKL017,PCIe Root Ports May Fail Tx Differential Return Loss,No Fix,634808,012
Rocket Lake,Intel,RKL018,System May Hang if Booted with TXT Disabled,Fixed,634808,012
Rocket Lake,Intel,RKL019,Single Core Configurations May Hang on S3/S4 Resume,No Fix,634808,012
Rocket Lake,Intel,RKL020,DMI Link May Hang During Package C State Exits,Fixed,634808,012
Rocket Lake,Intel,RKL021,System May Hang When Booting in Single Core Configuration,No Fix,634808,012
Rocket Lake,Intel,RKL022,Processor May Generate Malformed TLP,No Fix,634808,012
Rocket Lake,Intel,RKL023,PCIe Link May Fail to Train Upon Exit From L1.2,No Fix,634808,012
Rocket Lake,Intel,RKL024,Setting MISC_FEATURE_CONTROL.DISABLE_THREE_STRIKE_CNT Does Not Prevent The Three-strike Counter From Incrementing,No Fix,634808,012
Rocket Lake,Intel,RKL025,Processor May Exceed Thermal Limits,No Fix,634808,012
Rocket Lake,Intel,RKL026,Writing Non-Zero Values to Read Only Fields in IA32_THERM_STATUS MSR May Cause a #GP,No Fix,634808,012
Rocket Lake,Intel,RKL027,Intel PT TIP.PGD May Not Have Target IP Payload,No Fix,634808,012
Rocket Lake,Intel,RKL028,Intel Processor Trace PSB+ Packets May Contain Unexpected Packets,No Fix,634808,012
Rocket Lake,Intel,RKL029,Intel PT Trace May Drop Second Byte of CYC Packet,No Fix,634808,012
Rocket Lake,Intel,RKL030,VM Entry That Clears TraceEn May Generate a FUP,No Fix,634808,012
Rocket Lake,Intel,RKL031,Platform May Not Resume From G3/S3/S4/S5,Fixed,634808,012
Rocket Lake,Intel,RKL032,Mismatch on DR6 Value When Breakpoint Match is on Bitmap Address,No Fix,634808,012
Rocket Lake,Intel,RKL033,Call Instruction Wrapping Around The 32-bit Address Boundary May Return to Incorrect Address,No Fix,634808,012
Rocket Lake,Intel,RKL034,LFENCE Instruction May Not Prevent FSFP Forwarding,Fixed,634808,012
Rocket Lake,Intel,RKL036,Branch Predictor May Produce Incorrect Instruction Pointer,Fixed,634808,012
Alder Lake,Intel,ADL001,X87 FDP Value May be Saved Incorrectly,No Fix,682436,040
Alder Lake,Intel,ADL002,Debug Exceptions May be Lost or Misreported When MOV SS or POP SS Instruction is Not Followed By a Write to SP,No Fix,682436,040
Alder Lake,Intel,ADL004,"BMI1, BMI2, LZCNT, ADXC, And ADOX Instructions May Not Generate an #UD",No Fix,682436,040
Alder Lake,Intel,ADL005,Exit Qualification For EPT Violations on Instruction Fetches May Incorrectly Indicate That The Guest-physical Address Was Writeable,No Fix,682436,040
Alder Lake,Intel,ADL006,Processor May Generate Spurious Page Faults On Shadow Stack Pages,No Fix,682436,040
Alder Lake,Intel,ADL007,Processor May Hang if Warm Reset Triggers During BIOS Initialization,No Fix,682436,040
Alder Lake,Intel,ADL008,System May Hang When Bus-Lock Detection Is Enabled and EPT Resides in Uncacheable Memory,No Fix,682436,040
Alder Lake,Intel,ADL009,Processor May Generate Malformed TLP,No Fix,682436,040
Alder Lake,Intel,ADL010,No #GP May be Signaled When Setting MSR_MISC_PWR_MGMT.ENABLE_SDC if MSR_MISC_PWR_MGMT.LOCK is Set,No Fix,682436,040
Alder Lake,Intel,ADL012,Last Branch Records May Not Survive Warm Reset,No Fix,682436,040
Alder Lake,Intel,ADL013,PCIe Link May Fail to Train Upon Exit From L1.2,No Fix,682436,040
Alder Lake,Intel,ADL014,Incorrectly Formed PCIe Packets May Generate Correctable Errors,No Fix,682436,040
Alder Lake,Intel,ADL015,#UD May be Delivered Instead of Other Exceptions,No Fix,682436,040
Alder Lake,Intel,ADL016,Type-C Host Controller Does Not Support Certain Qword Accesses,No Fix,682436,040
Alder Lake,Intel,ADL017,#GP May be Serviced Before an Instruction Breakpoint,No Fix,682436,040
Alder Lake,Intel,ADL018,Unexpected #PF Exception Might Be Serviced Before a #GP Exception,No Fix,682436,040
Alder Lake,Intel,ADL019,WRMSR to Reserved Bits of IA32_L3_QOS_Mask_15 May Not Signal a #GP,No Fix,682436,040
Alder Lake,Intel,ADL020,VMX-Preemption Timer May Not Work if Configured With a Value of 1,No Fix,682436,040
Alder Lake,Intel,ADL021,Setting MISC_FEATURE_CONTROL.DISABLE_THREE_STRIKE_CNT Does Not Prevent The Three-strike Counter From Incrementing,No Fix,682436,040
Alder Lake,Intel,ADL023,Unable to Transmit Modified Compliance Test Pattern at 2.5 GT/S or 5.0 GT/s Link Speeds,No Fix,682436,040
Alder Lake,Intel,ADL024,Single Core Configurations May Hang on S3/S4 Resume,Fixed,682436,040
Alder Lake,Intel,ADL025,Single Step on Branches Might be Missed When VMM Enables Notification On VM Exit,No Fix,682436,040
Alder Lake,Intel,ADL026,Reading The PPERF MSR May Not Return Correct Values,No Fix,682436,040
Alder Lake,Intel,ADL027,Incorrect #CP Error Code on UIRET,No Fix,682436,040
Alder Lake,Intel,ADL028,Processor May Not Wake From TPAUSE/UMWAIT in Limited Situations,Fixed,682436,040
Alder Lake,Intel,ADL029,Platform May Not Resume From G3/S3/S4/S5,Fixed,682436,040
Alder Lake,Intel,ADL030,Intel Processor Trace PSB+ Packets May Contain Unexpected Packets,No Fix,682436,040
Alder Lake,Intel,ADL031,Intel PT Trace May Drop Second Byte of CYC Packet,No Fix,682436,040
Alder Lake,Intel,ADL032,VM Entry That Clears TraceEn May Generate a FUP,No Fix,682436,040
Alder Lake,Intel,ADL033,Unsynchronized Cross-Modifying Code Operations Can Cause Unexpected Instruction Execution Results,No Fix,682436,040
Alder Lake,Intel,ADL034,Processor May Hang When PROCHOT# is Active,No Fix,682436,040
Alder Lake,Intel,ADL035,CPUID Reports Incorrect Number of Ways For The Load DTLB,No Fix,682436,040
Alder Lake,Intel,ADL036,Unaligned CET-SS Stack Token Does Not Signal #GP,Fixed,682436,040
Alder Lake,Intel,ADL037,Intel PT Trace May Contain Incorrect Data When Configured With Single Range Output Larger Than 4KB,No Fix,682436,040
Alder Lake,Intel,ADL038,OFFCORE_REQUESTS_OUTSTANDING Performance Monitoring Events May be Inaccurate,No Fix,682436,040
Alder Lake,Intel,ADL039,"On Instructions Longer Than 15 Bytes, #GP Exception is Prioritized And Delivered Over #CP Exception",No Fix,682436,040
Alder Lake,Intel,ADL040,Mismatch on DR6 Value When Breakpoint Match is on Bitmap Address,No Fix,682436,040
Alder Lake,Intel,ADL041,Processor Loads PERF_GLOBAL_CTRL MSR Value From SMM Transfer VMCS Upon STI When STM is Configured,No Fix,682436,040
Alder Lake,Intel,ADL042,RTM Abort Status May be Incorrect For INT1/INT3 Instructions,No Fix,682436,040
Alder Lake,Intel,ADL043,Incorrect MCACOD For L2 Prefetch MCE,No Fix,682436,040
Alder Lake,Intel,ADL044,Call Instruction Wrapping Around The 32-bit Address Boundary May Return to Incorrect Address,No Fix,682436,040
Alder Lake,Intel,ADL045,USB 3.2 Gen 1x1 Port Does Not Send 16 Polling LFPS Burst,No Fix,682436,040
Alder Lake,Intel,ADL046,Crashlog and Telemetry BAR May Not Function Correctly,No Fix,682436,040
Alder Lake,Intel,ADL047,LFENCE Instruction May Not Prevent FSFP Forwarding,Fixed,682436,040
Alder Lake,Intel,ADL048,"IA32_SPEC_CTL Bits IPRED_DIS_U, IPRED_DIS_S And BHI_DIS_S May Not Function Correctly",Fixed,682436,040
Alder Lake,Intel,ADL049,VM Exit Qualification May Not be Correctly Set on APIC Access While Serving a User Interrupt,No Fix,682436,040
Alder Lake,Intel,ADL050,Processor Exiting Package C6 or C8 May Hang,Fixed,682436,040
Alder Lake,Intel,ADL051,GPU Hang When Async Compute is Enabled,No Fix,682436,040
Alder Lake,Intel,ADL052,Unexpected System Hang During Enhanced Intel SpeedStep Transitions,Fixed,682436,040
Alder Lake,Intel,ADL053,Branch Predictor May Produce Incorrect Instruction Pointer,Fixed,682436,040
Alder Lake,Intel,ADL054,Display Flickering May be Observed When The System is Idle,Fixed,682436,040
Alder Lake,Intel,ADL055,Processor May Encrypt TME Exclude Range if Mapped to Remap Range,No Fix,682436,040
Alder Lake,Intel,ADL056,Precision Time Measurement (PTM) Interpretation Capability Bit Incorrect Register Offset,No Fix,682436,040
Alder Lake,Intel,ADL057,The Time-Stamp Counter May Report an Incorrect Value,Fixed,682436,040
Alder Lake,Intel,ADL058,DDR5 Clock Jitter Out of Spec,No Fix,682436,040
Alder Lake,Intel,ADL059,IA32_MC2_ADDR And IA32_MC2_MISC MSRs May be Cleared on Warm Reset,No Fix,682436,040
Alder Lake,Intel,ADL060,xHCI Force Header Command Incorrect Return Code,No Fix,682436,040
Alder Lake,Intel,ADL061,Machine Check Exception May be Observed During Package C6 Entry,Fixed,682436,040
Alder Lake,Intel,ADL062,USB Type-C Monitor Removal May Result In System Hang,Fixed,682436,040
Alder Lake,Intel,ADL063,INVLPG May Invalidate Global TLB Entries Only For The Current PCID,Fixed,682436,040
Alder Lake,Intel,ADL064,CPU May Not Load The Most Recent Data,Fixed,682436,040
Alder Lake,Intel,ADL065,Performance Monitoring Event IDQ.MS_UOPS May Undercount,No Fix,682436,040
Alder Lake,Intel,ADL066,Performance Monitoring Events TOPDOWN.BACKEND_BOUND_SLOTS and IDQ_BUBBLES May be Inaccurate,No Fix,682436,040
Alder Lake,Intel,ADL067,Type-C Display May be Blank Following S3/S4/S5 Resume,No Fix,682436,040
Alder Lake,Intel,ADL068,Performance Monitoring Event Branch Instruction Retired May Not Count CALLs to Next Sequential Instruction,No Fix,682436,040
Alder Lake,Intel,ADL069,Performance Monitoring Event Branch Instruction Retired May Overcount on Certain Types of Branch and Complex Instructions,No Fix,682436,040
Alder Lake,Intel,ADL070,Unexpected System Behavior When Re-Enabling Intel HT,No Fix,682436,040
Alder Lake,Intel,ADL071,A Write to The TSC_Deadline MSR May Cause an Unexpected Timer Interrupt,No Fix,682436,040
Alder Lake,Intel,ADL072,Processor Trace May Generate PSB Packets Too Infrequently,No Fix,682436,040
Alder Lake,Intel,ADL073,Processor Trace May Not Generate a CYC Packet Before MODE.EXEC Packets,No Fix,682436,040
Alder Lake,Intel,ADL074,Disabling The APIC While an Interrupt is Being Delivered May Cause a System Hang,No Fix,682436,040
Alder Lake,Intel,ADL075,Processor May Hang During a Microcode Update,Fixed,682436,040
Alder Lake,Intel,ADL076,Split Load May Return Incorrect Data,Fixed,682436,040
Alder Lake,Intel,ADL077,PCONFIG Error Reporting May be Incorrect,No Fix,682436,040
Alder Lake,Intel,ADL078,xHCI Out of Order ACK Due to LCRD1,No Fix,682436,040
Alder Lake,Intel,ADL079,PCIe REFCLK Inactive Prior to PERST#,No Fix,682436,040
Alder Lake,Intel,ADL080,VM Exit Following MOV to CR8 Instruction May Lead to Unexpected IDT Vectoring-Information,Fixed,682436,040
Alder Lake,Intel,ADL081,Cache Level Wrongly Reported in Machine Check Banks,No Fix,682436,040
Alder Lake,Intel,ADL082,xHCI Controller Hang With Zero-Length Data Packet,No Fix,682436,040
Alder Lake,Intel,ADL083,REP SCASB or REP CMPSB Instructions May Return Incorrect Results,Fixed,682436,040
Alder Lake,Intel,ADL084,USB 3.2 Bulk Transfers After Device Initiated Flow Control,Fixed,682436,040
Alder Lake,Intel,ADL085,Intel PT Incorrect CR3-Filtering,No Fix,682436,040
Alder Lake,Intel,ADL086,Incorrect Last Branch From Value in BTS Branch Record During a Task Switch,No Fix,682436,040
Alder Lake,Intel,ADL087,Performance Monitoring Event MEMORY_ACTIVITY.STALLS_L2_MISS May Undercount,No Fix,682436,040
Alder Lake,Intel,ADL088,Certain VMCS Fields May be Incorrect During STM to VMX Transitions,No Fix,682436,040
Alder Lake,Intel,ADL089,Performance Monitoring Events CORE_POWER.LICENSE_[0-7] May Report Incorrect Values,No Fix,682436,040
Alder Lake,Intel,ADL090,Intel PT Event Trace Generates CFE and FUP After VMCS/PIP Packets During VM Entry,No Fix,682436,040
Alder Lake,Intel,ADL091,Intel PT Event Trace Generates Incorrect IP for FUP Packet During VM Entry,No Fix,682436,040
Alder Lake,Intel,ADL092,Execution of IRET in Compatibility Mode May Free Supervisor Shadow Stack Token,Fixed,682436,040
Alder Lake,Intel,ADL093,MPX_FUSE_OVERRIDE Register May Trigger General Protection Fault,Fixed,682436,040
Alder Lake,Intel,ADL094,Incorrect VM Exit Reason When MOV SS or POP SS Followed by an x2APIC MSR Access,No Fix,682436,040
Raptor Lake,Intel,RPL001,Intel Processor Trace PSB+ Packets May Contain Unexpected Packets,No Fix,740518,031
Raptor Lake,Intel,RPL002,x87 FDP Value May be Saved Incorrectly,No Fix,740518,031
Raptor Lake,Intel,RPL003,Debug Exceptions May Be Lost or Misreported When MOV SS or POP SS Instruction is Not Followed By a Write to SP,No Fix,740518,031
Raptor Lake,Intel,RPL004,Intel PT Trace May Drop Second Byte of CYC Packet,No Fix,740518,031
Raptor Lake,Intel,RPL005,"BMI1, BMI2, LZCNT, ADXC, and ADOX Instructions May Not Generate an #UD",No Fix,740518,031
Raptor Lake,Intel,RPL006,Exit Qualification For EPT Violations on Instruction Fetches May Incorrectly Indicate That The Guest-physical Address Was Writeable,No Fix,740518,031
Raptor Lake,Intel,RPL007,Processor May Generate Spurious Page Faults On Shadow Stack Pages,No Fix,740518,031
Raptor Lake,Intel,RPL008,Processor May Hang if Warm Reset Triggers During BIOS Initialization,No Fix,740518,031
Raptor Lake,Intel,RPL009,System May Hang When Bus-Lock Detection Is Enabled And EPT Resides in Uncacheable Memory,No Fix,740518,031
Raptor Lake,Intel,RPL010,Processor May Generate Malformed TLP,No Fix,740518,031
Raptor Lake,Intel,RPL011,No #GP Will be Signaled When Setting MSR_MISC_PWR_MGMT.ENABLE_SDC if MSR_MISC_PWR_MGMT.LOCK is Set,No Fix,740518,031
Raptor Lake,Intel,RPL012,PCIe Link May Fail to Train Upon Exit From L1.2,No Fix,740518,031
Raptor Lake,Intel,RPL013,Incorrectly Formed PCIe Packets May Generate Correctable Errors,No Fix,740518,031
Raptor Lake,Intel,RPL014,Single Step on Branches Might be Missed When VMM Enables Notification On VM Exit,No Fix,740518,031
Raptor Lake,Intel,RPL015,Incorrect #CP Error Code on UIRET,No Fix,740518,031
Raptor Lake,Intel,RPL016,CPUID Reports Incorrect Number of Ways For The Load DTLB,No Fix,740518,031
Raptor Lake,Intel,RPL017,Intel PT Trace May Contain Incorrect Data When Configured With Single Range Output Larger Than 4KB,No Fix,740518,031
Raptor Lake,Intel,RPL018,IA32_PERF_CAPABILITIES.PERF_METRICS_AVAILABLE is Not Set,No Fix,740518,031
Raptor Lake,Intel,RPL019,OFFCORE_REQUESTS_OUTSTANDING Performance Monitoring Events May be Inaccurate,No Fix,740518,031
Raptor Lake,Intel,RPL020,"On Instructions Longer Than 15 Bytes, #GP Exception is Prioritized And Delivered Over #CP Exception",No Fix,740518,031
Raptor Lake,Intel,RPL021,Mismatch on DR6 Value When Breakpoint Match is on Bitmap Address,No Fix,740518,031
Raptor Lake,Intel,RPL022,RTM Abort Status May be Incorrect For INT1/INT3 Instructions,No Fix,740518,031
Raptor Lake,Intel,RPL023,Incorrect MCACOD For L2 Prefetch MCE,No Fix,740518,031
Raptor Lake,Intel,RPL024,Call Instruction Wrapping Around The 32-bit Address Boundary May Return to Incorrect Address,No Fix,740518,031
Raptor Lake,Intel,RPL025,VM Entry That Clears TraceEn May Generate a FUP,No Fix,740518,031
Raptor Lake,Intel,RPL026,#UD May be Delivered Instead of Other Exceptions,No Fix,740518,031
Raptor Lake,Intel,RPL027,#GP May be Serviced Before an Instruction Breakpoint,No Fix,740518,031
Raptor Lake,Intel,RPL028,Unexpected #PF Exception Might Be Serviced Before a #GP Exception,No Fix,740518,031
Raptor Lake,Intel,RPL029,WRMSR to Reserved Bits of IA32_L3_QOS_Mask_15 Will Not Signal a #GP,No Fix,740518,031
Raptor Lake,Intel,RPL030,VMX-Preemption Timer May Not Work if Configured With a Value of 1,No Fix,740518,031
Raptor Lake,Intel,RPL031,Setting MISC_FEATURE_CONTROL.DISABLE_THREE_STRIKE_CNT Does Not Prevent The Three-strike Counter From Incrementing,No Fix,740518,031
Raptor Lake,Intel,RPL032,VM Exit Qualification May Not be Correctly Set on APIC Access While Serving a User Interrupt,No Fix,740518,031
Raptor Lake,Intel,RPL033,Unable to Transmit Modified Compliance Test Pattern at 2.5 GT/S or 5.0 GT/s Link Speeds,No Fix,740518,031
Raptor Lake,Intel,RPL034,USB 3.2 Gen 1x1 Port Does Not Send 16 Polling LFPS Burst,No Fix,740518,031
Raptor Lake,Intel,RPL035,Unsynchronized Cross-Modifying Code Operations Can Cause Unexpected Instruction Execution Results,No Fix,740518,031
Raptor Lake,Intel,RPL036,Type-C Host Controller Does Not Support Certain Qword Accesses,No Fix,740518,031
Raptor Lake,Intel,RPL037,GPU Hang When Async Compute is Enabled,No Fix,740518,031
Raptor Lake,Intel,RPL038,Processor Exiting Package C6 or C8 May Hang,Fixed,740518,031
Raptor Lake,Intel,RPL039,Unexpected System Hang During Enhanced Intel SpeedStep Transitions,Fixed,740518,031
Raptor Lake,Intel,RPL040,The Time-Stamp Counter May Report an Incorrect Value,Fixed,740518,031
Raptor Lake,Intel,RPL041,Processor May Encrypt TME Exclude Range if Mapped to Remap Range,No Fix,740518,031
Raptor Lake,Intel,RPL042,Precision Time Measurement (PTM) Interpretation Capability Bit Incorrect Register Offset,No Fix,740518,031
Raptor Lake,Intel,RPL043,INVLPG May Invalidate Global TLB Entries Only For The Current PCID,Fixed,740518,031
Raptor Lake,Intel,RPL044,Machine Check Exception May be Observed During Package C6 Entry,Fixed,740518,031
Raptor Lake,Intel,RPL045,Branch Predictor May Produce Incorrect Instruction Pointer,Fixed,740518,031
Raptor Lake,Intel,RPL046,IA32_MC2_ADDR And IA32_MC2_MISC MSRs Will be Cleared on Warm Reset,No Fix,740518,031
Raptor Lake,Intel,RPL047,xHCI Force Header Command Incorrect Return Code,No Fix,740518,031
Raptor Lake,Intel,RPL048,DDR5 Clock Jitter Out of Spec,No Fix,740518,031
Raptor Lake,Intel,RPL049,"IA32_SPEC_CTL Bits IPRED_DIS_U, IPRED_DIS_S And BHI_DIS_S May Not Function Correctly",Fixed,740518,031
Raptor Lake,Intel,RPL050,CPU May Not Load The Most Recent Data,Fixed,740518,031
Raptor Lake,Intel,RPL051,Performance Monitoring Event IDQ.MS_UOPS May Undercount,No Fix,740518,031
Raptor Lake,Intel,RPL052,Performance Monitoring Events TOPDOWN.BACKEND_BOUND_SLOTS and IDQ_BUBBLES May be Inaccurate,No Fix,740518,031
Raptor Lake,Intel,RPL053,Type-C Display May be Blank Following S3/S4/S5 Resume,No Fix,740518,031
Raptor Lake,Intel,RPL054,Performance Monitoring Event Branch Instruction Retired Will Not Count CALLs to Next Sequential Instruction,No Fix,740518,031
Raptor Lake,Intel,RPL055,Performance Monitoring Event Branch Instruction Retired Will Overcount on Certain Types of Branch and Complex Instructions,No Fix,740518,031
Raptor Lake,Intel,RPL056,Unexpected System Behavior When Re-Enabling Intel HT,No Fix,740518,031
Raptor Lake,Intel,RPL057,Processor Trace May Generate PSB Packets Too Infrequently,No Fix,740518,031
Raptor Lake,Intel,RPL058,Processor Trace May Not Generate a CYC Packet Before MODE.EXEC Packets,No Fix,740518,031
Raptor Lake,Intel,RPL059,Disabling The APIC While an Interrupt is Being Delivered May Cause a System Hang,No Fix,740518,031
Raptor Lake,Intel,RPL060,Split Load May Return Incorrect Data,Fixed,740518,031
Raptor Lake,Intel,RPL061,PCONFIG Error Reporting May be Incorrect,No Fix,740518,031
Raptor Lake,Intel,RPL062,xHCI Out of Order ACK Due to LCRD1,No Fix,740518,031
Raptor Lake,Intel,RPL063,Incorrect Internal Voltage Request May Lead to Unpredictable System Behavior,No Fix,740518,031
Raptor Lake,Intel,RPL064,PCIe REFCLK Inactive Prior to PERST#,No Fix,740518,031
Raptor Lake,Intel,RPL065,Display Artifacts With YUV420 Format,No Fix,740518,031
Raptor Lake,Intel,RPL066,VM Exit Following MOV to CR8 Instruction May Lead to Unexpected IDT Vectoring-Information,Fixed,740518,031
Raptor Lake,Intel,RPL067,Cache Level Wrongly Reported in Machine Check Banks,No Fix,740518,031
Raptor Lake,Intel,RPL068,xHCI Controller Hang With Zero-Length Data Packet,No Fix,740518,031
Raptor Lake,Intel,RPL069,Internal Timeout Error Machine Check During Package C8 or Package C10,Fixed,740518,031
Raptor Lake,Intel,RPL070,REP SCASB or REP CMPSB Instructions May Return Incorrect Results,Fixed,740518,031
Raptor Lake,Intel,RPL071,USB 3.2 Bulk Transfers After Device Initiated Flow Control,Fixed,740518,031
Raptor Lake,Intel,RPL072,Intel PT Incorrect CR3-Filtering,No Fix,740518,031
Raptor Lake,Intel,RPL073,Incorrect Last Branch From Value in BTS Branch Record During a Task Switch,No Fix,740518,031
Raptor Lake,Intel,RPL074,Performance Monitoring Event MEMORY_ACTIVITY.STALLS_L2_MISS May Undercount,No Fix,740518,031
Raptor Lake,Intel,RPL075,Certain VMCS Fields May be Incorrect During STM to VMX Transitions,No Fix,740518,031
Raptor Lake,Intel,RPL076,Performance Monitoring Events CORE_POWER.LICENSE_[0-7] May Report Incorrect Values,No Fix,740518,031
Raptor Lake,Intel,RPL077,Instruction Timeout VM Exit Will Not Set Guest RFLAGS.RF During #UD,No Fix,740518,031
Raptor Lake,Intel,RPL078,MPX_FUSE_OVERRIDE Register May Trigger General Protection Fault,Fixed,740518,031
Raptor Lake,Intel,RPL079,Execution of IRET in Compatibility Mode May Free Supervisor Shadow Stack Token,Fixed,740518,031
Raptor Lake,Intel,RPL080,Incorrect VM Exit Reason When MOV SS or POP SS Followed by an x2APIC MSR Access,No Fix,740518,031
Meteor Lake,Intel,MTL001,"USB DbC or Device Mode Port When Resuming From S4, S5, or G3 State",No Fix,792254,024
Meteor Lake,Intel,MTL002,xHCI USB 2.0 ISOCH Device Missed Service Interval,No Fix,792254,024
Meteor Lake,Intel,MTL003,Intel VT-d Remapping Hardware Does Not Perform Reserved(0) Check on PGSNP Field of Scalable-mode PASID Table Entry,No Fix,792254,024
Meteor Lake,Intel,MTL004,HDMI Analyzer Color Corruption in HDMI2.1 YUV420,Fixed,792254,024
Meteor Lake,Intel,MTL005,Processor C-States With USB Full-Speed or Low-Speed Device Hotplug,No Fix,792254,024
Meteor Lake,Intel,MTL006,USB 3.2 Gen 1x1 Port Does Not Send 16 Polling LFPS Burst,No Fix,792254,024
Meteor Lake,Intel,MTL007,xHCI Controller Reset Due to Missing Link Credit From Device,No Fix,792254,024
Meteor Lake,Intel,MTL008,xHCI Controller Hang With Zero-Length Data Packet,No Fix,792254,024
Meteor Lake,Intel,MTL009,PCIe Root Port Lane Error Status Register May Not be Cleared,No Fix,792254,024
Meteor Lake,Intel,MTL010,Type-C Display May be Blank Following S3/S4/S5 Resume,No Fix,792254,024
Meteor Lake,Intel,MTL011,Precision Time Measurement (PTM) Interpretation Capability Bit Incorrect Register Offset,No Fix,792254,024
Meteor Lake,Intel,MTL012,Performance Monitoring Event Branch Instruction Retired May Not Count CALLs to Next Sequential Instruction,No Fix,792254,024
Meteor Lake,Intel,MTL013,Performance Monitoring Event Branch Instruction Retired May Overcount on Certain Types of Branch and Complex Instructions,No Fix,792254,024
Meteor Lake,Intel,MTL014,PCIe Gen5 Root Ports Link Equalization Unexpected Behavior at High Temperature,No Fix,792254,024
Meteor Lake,Intel,MTL015,Unpredictable System Behavior When SAGV is Enabled,Fixed,792254,024
Meteor Lake,Intel,MTL016,MSI From VMD-Owned Device May Pass Memory Write,No Fix,792254,024
Meteor Lake,Intel,MTL017,IA32_MC2_ADDR And IA32_MC2_MISC MSRs May be Cleared on Warm Reset,No Fix,792254,024
Meteor Lake,Intel,MTL018,Performance Monitoring Events TOPDOWN.BACKEND_BOUND_SLOTS and IDQ_BUBBLES May be Inaccurate,No Fix,792254,024
Meteor Lake,Intel,MTL019,Performance Monitoring Event IDQ.MS_UOPS May Undercount,No Fix,792254,024
Meteor Lake,Intel,MTL020,HDMI2.1 FRL Audio Distortion With 144Hz Display With Reduced Blanking Interval,No Fix,792254,024
Meteor Lake,Intel,MTL021,P-core Not Exiting LFM,Fixed,792254,024
Meteor Lake,Intel,MTL022,I2S Audio Channels Swapped With High Frame Polarity in Device Mode,No Fix,792254,024
Meteor Lake,Intel,MTL023,System May Hang When Operating at Maximum Turbo Frequency,No Fix,792254,024
Meteor Lake,Intel,MTL024,System May Signal MCE When Operating at Maximum Single Core Turbo Frequency,Fixed,792254,024
Meteor Lake,Intel,MTL025,Processor May Hang When Intel HD Graphics is Disabled,Fixed,792254,024
Meteor Lake,Intel,MTL026,Processor Power Sharing May Not Perform as Expected,Fixed,792254,024
Meteor Lake,Intel,MTL027,Unexpected System Behavior When Re-Enabling Intel HT,No Fix,792254,024
Meteor Lake,Intel,MTL028,A Write to The TSC_Deadline MSR May Cause an Unexpected Timer Interrupt,No Fix,792254,024
Meteor Lake,Intel,MTL029,Processor Trace May Generate PSB Packets Too Infrequently,No Fix,792254,024
Meteor Lake,Intel,MTL030,Processor Trace May Not Generate a CYC Packet Before MODE.EXEC Packets,No Fix,792254,024
Meteor Lake,Intel,MTL031,Unsynchronized Cross-Modifying Code Operations Can Cause Unexpected Instruction Execution Results,No Fix,792254,024
Meteor Lake,Intel,MTL032,Platform May Perform a Cold Reset Rather Than a Warm Reset,No Fix,792254,024
Meteor Lake,Intel,MTL033,Disabling The APIC While an Interrupt is Being Delivered May Cause a System Hang,No Fix,792254,024
Meteor Lake,Intel,MTL034,Guaranteed Bandwidth Requirement For Isochronous I/O Devices May be Violated,No Fix,792254,024
Meteor Lake,Intel,MTL035,Split Load May Return Incorrect Data,Fixed,792254,024
Meteor Lake,Intel,MTL036,Locked Operations May Hang,Fixed,792254,024
Meteor Lake,Intel,MTL037,RC6 Exit May Cause a System Hang,Fixed,792254,024
Meteor Lake,Intel,MTL038,E-core May Generate Speculative Requests Beyond 4k Boundary During Short String Operations,Fixed,792254,024
Meteor Lake,Intel,MTL039,Processor May Provide Insufficient System Agent Voltage,No Fix,792254,024
Meteor Lake,Intel,MTL040,Lower Than Expected VCCSA and VCCGT Voltage,Fixed,792254,024
Meteor Lake,Intel,MTL041,Audio Distortions May Occur When Using Audio APOs,Fixed,792254,024
Meteor Lake,Intel,MTL042,RC6 Exit May Cause Machine Check Exception System Hang,Fixed,792254,024
Meteor Lake,Intel,MTL043,Debug Exceptions May Be Lost or Misreported When MOV SS or POP SS Instruction is Not Followed By a Write to SP,No Fix,792254,024
Meteor Lake,Intel,MTL044,Processor May Generate Malformed TLP,No Fix,792254,024
Meteor Lake,Intel,MTL045,Intel PT Trace May Contain Incorrect Data When Configured With Single Range Output Larger Than 4KB,No Fix,792254,024
Meteor Lake,Intel,MTL046,Setting MISC_FEATURE_CONTROL.DISABLE_THREE_STRIKE_CNT Does Not Prevent The Three-strike Counter From Incrementing,No Fix,792254,024
Meteor Lake,Intel,MTL047,VM Exit Qualification May Not be Correctly Set on APIC Access While Serving a User Interrupt,No Fix,792254,024
Meteor Lake,Intel,MTL048,Processor May Encrypt TME Exclude Range if Mapped to Remap Range,No Fix,792254,024
Meteor Lake,Intel,MTL049,WRMSR to a Few Core MSRs Might be Overwritten,No Fix,792254,024
Meteor Lake,Intel,MTL050,Single Step on Branches Might be Missed When VMM Enables Notification On VM Exit,No Fix,792254,024
Meteor Lake,Intel,MTL051,USB 3.2 Device May Not Function as Expected With TC10 Enabled,No Fix,792254,024
Meteor Lake,Intel,MTL052,PCONFIG Error Reporting May be Incorrect,No Fix,792254,024
Meteor Lake,Intel,MTL053,DP Monitor May Not Operate After S4/S5 Resume,No Fix,792254,024
Meteor Lake,Intel,MTL054,Remapping Hardware May Abort ZLR to Second-Stage Write Only Pages,No Fix,792254,024
Meteor Lake,Intel,MTL055,xHCI Out of Order ACK Due to LCRD1,No Fix,792254,024
Meteor Lake,Intel,MTL056,Non-Responsive USB Port After Disconnecting Full-speed Device,No Fix,792254,024
Meteor Lake,Intel,MTL058,Display Artifacts With YUV420 Format,No Fix,792254,024
Meteor Lake,Intel,MTL059,SPI0 Dual IO Mode With SPI0_IO2 And SPI0_IO3 Connected to SPI Device,No Fix,792254,024
Meteor Lake,Intel,MTL060,Locked Page Split Access May Not be Detected by UC-lock Disable if Split- lock Disable is Not Used,No Fix,792254,024
Meteor Lake,Intel,MTL061,Non Canonical Fault May be Signaled on Access That Wraps Address Space When LAM is Enabled,No Fix,792254,024
Meteor Lake,Intel,MTL062,VM Exit Following MOV to CR8 Instruction May Lead to Unexpected IDT Vectoring-Information,Fixed,792254,024
Meteor Lake,Intel,MTL063,Cache Level Wrongly Reported in Machine Check Banks,No Fix,792254,024
Meteor Lake,Intel,MTL064,Processor May Not Enter Package State C3 or Deeper,Fixed,792254,024
Meteor Lake,Intel,MTL065,Higher Than Expected Power Consumption With VR Slow Slew Rate Enabled,Fixed,792254,024
Meteor Lake,Intel,MTL066,Unpredictable System Behavior May Occur When C6 or Deeper Sleep States Are Used,Fixed,792254,024
Meteor Lake,Intel,MTL067,Power State Package C6 Exit May Hang With Bug Check Error VIDEO_TDR_FAILURE (0x116),Fixed,792254,024
Meteor Lake,Intel,MTL068,Performance Monitoring Event For Memory Bound Stalls May Undercount,No Fix,792254,024
Meteor Lake,Intel,MTL069,REP SCASB or REP CMPSB Instructions May Return Incorrect Results,Fixed,792254,024
Meteor Lake,Intel,MTL070,USB 3.2 Bulk Transfers After Device Initiated Flow Control,Fixed,792254,024
Meteor Lake,Intel,MTL071,Intel PT Incorrect CR3-Filtering,No Fix,792254,024
Meteor Lake,Intel,MTL072,Incorrect Last Branch From Value in BTS Branch Record During a Task Switch,No Fix,792254,024
Meteor Lake,Intel,MTL073,xHCI Unresponsive Due to Split Transaction Error,No Fix,792254,024
Meteor Lake,Intel,MTL074,Performance Monitoring Event MEMORY_ACTIVITY.STALLS_L2_MISS May Undercount,No Fix,792254,024
Meteor Lake,Intel,MTL075,Remapping Hardware Does Not Perform a Reserved(0) Check in Interrupt Remap Table Entry,No Fix,792254,024
Meteor Lake,Intel,MTL076,Certain VMCS Fields May be Incorrect During STM to VMX Transitions,No Fix,792254,024
Meteor Lake,Intel,MTL077,Bandwidth Allocation for USB 2.0 Periodic Devices Behind USB 3.2 Hub,No Fix,792254,024
Meteor Lake,Intel,MTL078,Instruction Timeout VM Exit Will Not Set Guest RFLAGS.RF During #UD,No Fix,792254,024
Meteor Lake,Intel,MTL079,MPX_FUSE_OVERRIDE Register May Trigger General Protection Fault,Fixed,792254,024
Meteor Lake,Intel,MTL080,PCIe Gen5 Link Exit from L1 Sub-state Low Power State,No Fix,792254,024
Meteor Lake,Intel,MTL081,I3C Interface Minimum Clock Timing Specifications,No Fix,792254,024
Meteor Lake,Intel,MTL082,Execution of IRET in Compatibility Mode May Free Supervisor Shadow Stack Token,Fixed,792254,024
Meteor Lake,Intel,MTL083,Incorrect VM Exit Reason When MOV SS or POP SS Followed by an x2APIC MSR Access,No Fix,792254,024
Lunar Lake,Intel,LNL001,xHCI USB 2.0 ISOCH Device Missed Service Interval,No Fix,827538,022
Lunar Lake,Intel,LNL002,Intel VT-d Remapping Hardware Does Not Perform Reserved(0) Check on PGSNP Field of Scalable-mode PASID Table Entry,No Fix,827538,022
Lunar Lake,Intel,LNL003,PCONFIG Error Reporting May be Incorrect,No Fix,827538,022
Lunar Lake,Intel,LNL004,Remapping Hardware May Not Generate a Page Request Group Response Message While Operating in Legacy Mode or Abort DMA Mode,No Fix,827538,022
Lunar Lake,Intel,LNL006,xHCI Controller Reset Due to Missing Link Credit From Device,No Fix,827538,022
Lunar Lake,Intel,LNL007,Type-C Display May be Blank Following S3/S4/S5 Resume,No Fix,827538,022
Lunar Lake,Intel,LNL008,Performance Monitoring Event Branch Instruction Retired Will Not Count CALLs to Next Sequential Instruction,No Fix,827538,022
Lunar Lake,Intel,LNL009,Performance Monitoring Event Branch Instruction Retired Will Overcount on Certain Types of Branch and Complex Instructions,No Fix,827538,022
Lunar Lake,Intel,LNL010,Processor Trace May Generate PSB Packets Too Infrequently,No Fix,827538,022
Lunar Lake,Intel,LNL011,Unsynchronized Cross-Modifying Code Operations Can Cause Unexpected Instruction Execution Results,No Fix,827538,022
Lunar Lake,Intel,LNL013,Performance Monitoring Events TOPDOWN.BACKEND_BOUND_SLOTS and IDQ_BUBBLES May be Inaccurate,No Fix,827538,022
Lunar Lake,Intel,LNL014,Performance Monitoring Event IDQ.MS_UOPS May Undercount,No Fix,827538,022
Lunar Lake,Intel,LNL015,Performance Monitoring Event INT_VEC_RETIRED.MUL_256 May Undercount,No Fix,827538,022
Lunar Lake,Intel,LNL016,Processor May Encrypt TME Exclude Range if Mapped to Remap Range,No Fix,827538,022
Lunar Lake,Intel,LNL017,Non-Responsive USB Port After Disconnecting Full-speed Device,No Fix,827538,022
Lunar Lake,Intel,LNL018,Incorrect NPU MSI Pending Register Value,No Fix,827538,022
Lunar Lake,Intel,LNL019,Processor C-States With USB Full-Speed or Low-Speed Device Hotplug,No Fix,827538,022
Lunar Lake,Intel,LNL020,USB 3.2 Gen 1x1 Port Does Not Send 16 Polling LFPS Burst,No Fix,827538,022
Lunar Lake,Intel,LNL021,xHCI Out of Order ACK Due to LCRD1,No Fix,827538,022
Lunar Lake,Intel,LNL022,Unexpected Graphics Behavior With Graphics Memory Bandwidth Compression,No Fix,827538,022
Lunar Lake,Intel,LNL023,Unexpected Global Reset During Microcode Update,Fixed,827538,022
Lunar Lake,Intel,LNL024,System Hang From Frequent Audio Starts/Stops,Fixed,827538,022
Lunar Lake,Intel,LNL025,SPI0 Dual IO Mode With SPI0_IO2 And SPI0_IO3 Connected to SPI Device,No Fix,827538,022
Lunar Lake,Intel,LNL026,Display Artifacts With YUV420 Format,No Fix,827538,022
Lunar Lake,Intel,LNL027,Locked Page Split Access May Not be Detected by UC-lock Disable if Split- lock Disable is Not Used,No Fix,827538,022
Lunar Lake,Intel,LNL028,System Hang With Concurrent Workloads,Fixed,827538,022
Lunar Lake,Intel,LNL029,USB 3.2 Device May Not Function as Expected With TC10 Enabled,No Fix,827538,022
Lunar Lake,Intel,LNL030,Monitor Hit May Not Wake P-cores From Power State Core C6,Fixed,827538,022
Lunar Lake,Intel,LNL031,xHCI Host Termination During U3 Link Exit,Fixed,827538,022
Lunar Lake,Intel,LNL032,Cache Level Wrongly Reported in Machine Check Banks,No Fix,827538,022
Lunar Lake,Intel,LNL033,Incorrect Core TLB Entry May be Retrieved Following VM Exit,Fixed,827538,022
Lunar Lake,Intel,LNL034,Unexpected Global Reset or PCODE_INTERNAL_ERROR Machine Check With pCode 2.6.10,Fixed,827538,022
Lunar Lake,Intel,LNL036,Machine Check PUNIT_INTERNAL_ERROR During Sx/S0ix Entry,Fixed,827538,022
Lunar Lake,Intel,LNL037,Processor SRAM Transactions May Not Complete,Fixed,827538,022
Lunar Lake,Intel,LNL038,RDTSC Instructions May Return Non-Incremental Value,Fixed,827538,022
Lunar Lake,Intel,LNL039,PMIC SVID Alert Signal Not De-asserted Following VR Thermal Event,Fixed,827538,022
Lunar Lake,Intel,LNL040,Unexpected Processor Throttling When Exceeding DRAM Maximum Temperature Threshold,Fixed,827538,022
Lunar Lake,Intel,LNL041,IA32_HWP_STATUS MSR May be Cleared,Fixed,827538,022
Lunar Lake,Intel,LNL042,Unpredictable System Behavior May Occur When C6 or Deeper Sleep States Are Used,Fixed,827538,022
Lunar Lake,Intel,LNL043,A Core May Hang When Entering or Exiting C6 or Deeper Sleep States,Fixed,827538,022
Lunar Lake,Intel,LNL045,Indirect Branches May Cause Execution of Incorrect Instructions,Fixed,827538,022
Lunar Lake,Intel,LNL046,System Hang or System Hang With Internal Timer Machine Check Exception (400h) Following a Core C1 Exit,Plan Fix,827538,022
Lunar Lake,Intel,LNL047,REP SCASB or REP CMPSB Instructions May Return Incorrect Results,Fixed,827538,022
Lunar Lake,Intel,LNL048,Performance Monitoring Event For Memory Bound Stalls May Undercount,No Fix,827538,022
Lunar Lake,Intel,LNL049,USB 2.0 Isochronous Missed Service Interval With Concurrent Bulk Traffic and Package C-States,No Fix,827538,022
Lunar Lake,Intel,LNL050,USB 3.2 Bulk Transfers After Device Initiated Flow Control,Fixed,827538,022
Lunar Lake,Intel,LNL051,Intel PT Incorrect CR3-Filtering,No Fix,827538,022
Lunar Lake,Intel,LNL052,Incorrect Last Branch From Value in BTS Branch Record During a Task Switch,No Fix,827538,022
Lunar Lake,Intel,LNL053,xHCI Unresponsive Due to Split Transaction Error,No Fix,827538,022
Lunar Lake,Intel,LNL054,Performance Monitoring Event MEMORY_ACTIVITY.STALLS_L2_MISS May Undercount,No Fix,827538,022
Lunar Lake,Intel,LNL055,Performance Monitoring Event MEMORY_STALLS.L2 May Overcount,No Fix,827538,022
Lunar Lake,Intel,LNL056,Timed PEBS Retire Latency Field May be Incorrect,No Fix,827538,022
Lunar Lake,Intel,LNL057,Remapping Hardware Does Not Perform a Reserved(0) Check in Interrupt Remap Table Entry,No Fix,827538,022
Lunar Lake,Intel,LNL058,"USB DbC or Device Mode Port When Exiting S4, S5, or G3",No Fix,827538,022
Lunar Lake,Intel,LNL059,Certain VMCS Fields May be Incorrect During STM to VMX Transitions,No Fix,827538,022
Lunar Lake,Intel,LNL060,Certain BR_MISP_RETIRED Performance Monitoring Events May Overcount,No Fix,827538,022
Lunar Lake,Intel,LNL061,LBR Event Logging IA32_LBR_x_INFO.PMCx_CNT Field May Undercount,No Fix,827538,022
Lunar Lake,Intel,LNL062,Bandwidth Allocation for USB 2.0 Periodic Devices Behind USB 3.2 Hub,No Fix,827538,022
Lunar Lake,Intel,LNL063,Instruction Timeout VM Exit Will Not Set Guest RFLAGS.RF During #UD,No Fix,827538,022
Lunar Lake,Intel,LNL064,Debug Exceptions May Be Lost or Misreported When MOV SS or POP SS Instruction is Not Followed By a Write to SP,No Fix,827538,022
Lunar Lake,Intel,LNL065,I3C Interface Minimum Clock Timing Specifications,No Fix,827538,022
Lunar Lake,Intel,LNL066,ICR Read May Not Generate an APIC Access VM Exit,No Fix,827538,022
Lunar Lake,Intel,LNL067,IAA Decompression Logic May Return Non-Deterministic Value of Bytes Completed in Completion Record,No Fix,827538,022
Lunar Lake,Intel,LNL068,Intel PT Event Trace Generates CFE and FUP After VMCS/PIP Packets During VM Entry,No Fix,827538,022
Lunar Lake,Intel,LNL069,Intel PT Event Trace Generates Incorrect IP for FUP Packet During VM Entry,No Fix,827538,022
Lunar Lake,Intel,LNL070,Incorrect Guest RFLAGS.RF on VM Entry,No Fix,827538,022
Lunar Lake,Intel,LNL071,Execution of IRET in Compatibility Mode May Free Supervisor Shadow Stack Token,Fixed,827538,022
Lunar Lake,Intel,LNL072,Incorrect VM Exit Reason When MOV SS or POP SS Followed by an x2APIC MSR Access,No Fix,827538,022
Arrow Lake,Intel,ARL001,Single Step on Branches Might be Missed When VMM Enables Notification On VM Exit,No Fix,834774,023
Arrow Lake,Intel,ARL002,Intel VT-d Remapping Hardware Does Not Perform Reserved(0) Check on PGSNP Field of Scalable-mode PASID Table Entry,No Fix,834774,023
Arrow Lake,Intel,ARL004,MSI From VMD-Owned Device May Pass Memory Write,No Fix,834774,023
Arrow Lake,Intel,ARL005,USB 3.2 Device May Not Function as Expected With TC10 Enabled,No Fix,834774,023
Arrow Lake,Intel,ARL006,PCONFIG Error Reporting May be Incorrect,No Fix,834774,023
Arrow Lake,Intel,ARL007,DP Monitor May Not Operate After S4/S5 Resume,No Fix,834774,023
Arrow Lake,Intel,ARL008,PCIe Root Port Lane Error Status Register May Not be Cleared,No Fix,834774,023
Arrow Lake,Intel,ARL009,Type-C Display May be Blank Following S3/S4/S5 Resume,No Fix,834774,023
Arrow Lake,Intel,ARL010,Performance Monitoring Event Branch Instruction Retired Will Not Count CALLs to Next Sequential Instruction,No Fix,834774,023
Arrow Lake,Intel,ARL011,Performance Monitoring Event Branch Instruction Retired Will Overcount on Certain Types of Branch and Complex Instructions,No Fix,834774,023
Arrow Lake,Intel,ARL012,Processor Trace May Generate PSB Packets Too Infrequently,No Fix,834774,023
Arrow Lake,Intel,ARL013,Unsynchronized Cross-Modifying Code Operations Can Cause Unexpected Instruction Execution Results,No Fix,834774,023
Arrow Lake,Intel,ARL015,Performance Monitoring Events TOPDOWN.BACKEND_BOUND_SLOTS and IDQ_BUBBLES May be Inaccurate,No Fix,834774,023
Arrow Lake,Intel,ARL016,Performance Monitoring Event IDQ.MS_UOPS May Undercount,No Fix,834774,023
Arrow Lake,Intel,ARL017,Performance Monitoring Event INT_VEC_RETIRED.MUL_256 May Undercount,No Fix,834774,023
Arrow Lake,Intel,ARL018,VM Exit Qualification May Not be Correctly Set on APIC Access While Serving a User Interrupt,No Fix,834774,023
Arrow Lake,Intel,ARL019,PCIe REFCLK Inactive Prior to PERST#,No Fix,834774,023
Arrow Lake,Intel,ARL020,Locked Page Split Access May Not be Detected by UC-lock Disable if Split- lock Disable is Not Used,No Fix,834774,023
Arrow Lake,Intel,ARL021,Precision Time Measurement (PTM) Interpretation Capability Bit Incorrect Register Offset,No Fix,834774,023
Arrow Lake,Intel,ARL022,Display Artifacts With YUV420 Format,No Fix,834774,023
Arrow Lake,Intel,ARL023,Processor C-States With USB Full-Speed or Low-Speed Device Hotplug,No Fix,834774,023
Arrow Lake,Intel,ARL024,xHCI Out of Order ACK Due to LCRD1,No Fix,834774,023
Arrow Lake,Intel,ARL025,Non Canonical Fault May be Signaled on Access That Wraps Address Space When LAM is Enabled,No Fix,834774,023
Arrow Lake,Intel,ARL026,Processor May Encrypt TME Exclude Range if Mapped to Remap Range,No Fix,834774,023
Arrow Lake,Intel,ARL027,SPI0 Dual IO Mode With SPI0_IO2 And SPI0_IO3 Connected to SPI Device,No Fix,834774,023
Arrow Lake,Intel,ARL028,Cache Level Wrongly Reported in Machine Check Banks,No Fix,834774,023
Arrow Lake,Intel,ARL029,Incorrect Core TLB Entry May be Retrieved Following VM Exit,Fixed,834774,023
Arrow Lake,Intel,ARL030,Higher Than Expected Power Consumption With VR Slow Slew Rate Enabled,Fixed,834774,023
Arrow Lake,Intel,ARL031,Unexpected System Behavior Following S0ix/S4/Warm Reset,Fixed,834774,023
Arrow Lake,Intel,ARL032,Unexpected Core C-State Auto-Demotion,Fixed,834774,023
Arrow Lake,Intel,ARL033,RDTSC Instructions May Return Non-Incremental Value,Fixed,834774,023
Arrow Lake,Intel,ARL034,Processor May Not Enter Package State C3 or Deeper,Fixed,834774,023
Arrow Lake,Intel,ARL035,IA32_HWP_STATUS MSR May be Cleared,Fixed,834774,023
Arrow Lake,Intel,ARL036,Unpredictable System Behavior May Occur When C6 or Deeper Sleep States Are Used,Fixed,834774,023
Arrow Lake,Intel,ARL037,A Core May Hang When Entering or Exiting C6 or Deeper Sleep States,Fixed,834774,023
Arrow Lake,Intel,ARL039,xHCI USB 2.0 ISOCH Device Missed Service Interval,No Fix,834774,023
Arrow Lake,Intel,ARL040,USB 3.2 Gen 1x1 Port Does Not Send 16 Polling LFPS Burst,No Fix,834774,023
Arrow Lake,Intel,ARL041,Processor May Hang During Core C1E Exit,Fixed,834774,023
Arrow Lake,Intel,ARL042,Power State Package C6 Exit May Hang With Bug Check Error VIDEO_TDR_FAILURE (0x116),Fixed,834774,023
Arrow Lake,Intel,ARL043,Unexpected Global Reset During System S0ix/S4,Fixed,834774,023
Arrow Lake,Intel,ARL044,xHCI Controller Reset Due to Missing Link Credit From Device,No Fix,834774,023
Arrow Lake,Intel,ARL045,xHCI Controller Hang With Zero-Length Data Packet,No Fix,834774,023
Arrow Lake,Intel,ARL046,I2S Audio Channels Swapped With High Frame Polarity in Device Mode,No Fix,834774,023
Arrow Lake,Intel,ARL047,Indirect Branches May Cause Execution of Incorrect Instructions,Fixed,834774,023
Arrow Lake,Intel,ARL048,Non-Responsive USB Port After Disconnecting Full-speed Device,No Fix,834774,023
Arrow Lake,Intel,ARL049,System Hang During Warm Reset/Sx Exit When Integrated GFX Has Been Disabled,Fixed,834774,023
Arrow Lake,Intel,ARL050,System Hang or System Hang With Internal Timer Machine Check Exception (400h) Following a Core C1 Exit,Fixed,834774,023
Arrow Lake,Intel,ARL051,Processor Hang When Reading Core P0 Ratio,Fixed,834774,023
Arrow Lake,Intel,ARL052,xHCI Controller Latency Tolerance Reporting Values in pCode Version 4502 or Later,Fixed,834774,023
Arrow Lake,Intel,ARL053,Performance Monitoring Event For Memory Bound Stalls May Undercount,No Fix,834774,023
Arrow Lake,Intel,ARL054,REP SCASB or REP CMPSB Instructions May Return Incorrect Results,Fixed,834774,023
Arrow Lake,Intel,ARL055,USB 3.2 Bulk Transfers After Device Initiated Flow Control,Fixed,834774,023
Arrow Lake,Intel,ARL056,Intel PT Incorrect CR3-Filtering,No Fix,834774,023
Arrow Lake,Intel,ARL057,Incorrect Last Branch From Value in BTS Branch Record During a Task Switch,No Fix,834774,023
Arrow Lake,Intel,ARL058,xHCI Unresponsive Due to Split Transaction Error,No Fix,834774,023
Arrow Lake,Intel,ARL059,Performance Monitoring Event MEMORY_ACTIVITY.STALLS_L2_MISS May Undercount,No Fix,834774,023
Arrow Lake,Intel,ARL060,Performance Monitoring Event MEMORY_STALLS.L2 May Overcount,No Fix,834774,023
Arrow Lake,Intel,ARL061,Timed PEBS Retire Latency Field May be Incorrect,No Fix,834774,023
Arrow Lake,Intel,ARL062,"USB DbC or Device Mode Port When Exiting S4, S5, or G3",No Fix,834774,023
Arrow Lake,Intel,ARL063,Certain VMCS Fields May be Incorrect During STM to VMX Transitions,No Fix,834774,023
Arrow Lake,Intel,ARL064,Certain BR_MISP_RETIRED Performance Monitoring Events May Overcount,No Fix,834774,023
Arrow Lake,Intel,ARL065,LBR Event Logging IA32_LBR_x_INFO.PMCx_CNT Field May Undercount,No Fix,834774,023
Arrow Lake,Intel,ARL066,Bandwidth Allocation for USB 2.0 Periodic Devices Behind USB 3.2 Hub,No Fix,834774,023
Arrow Lake,Intel,ARL067,Instruction Timeout VM Exit Will Not Set Guest RFLAGS.RF During #UD,No Fix,834774,023
Arrow Lake,Intel,ARL068,PCIe Gen5 Link Exit from L1 Sub-state Low Power State,No Fix,834774,023
Arrow Lake,Intel,ARL069,I3C Interface Minimum Clock Timing Specifications,No Fix,834774,023
Arrow Lake,Intel,ARL070,ICR Read May Not Generate an APIC Access VM Exit,No Fix,834774,023
Arrow Lake,Intel,ARL071,Debug Exceptions May Be Lost or Misreported When MOV SS or POP SS Instruction is Not Followed By a Write to SP,No Fix,834774,023
Arrow Lake,Intel,ARL072,Intel PT Event Trace Generates CFE and FUP After VMCS/PIP Packets During VM Entry,No Fix,834774,023
Arrow Lake,Intel,ARL073,Intel PT Event Trace Generates Incorrect IP for FUP Packet During VM Entry,No Fix,834774,023
Arrow Lake,Intel,ARL074,Incorrect Guest RFLAGS.RF on VM Entry,No Fix,834774,023
Arrow Lake,Intel,ARL075,Execution of IRET in Compatibility Mode May Free Supervisor Shadow Stack Token,Fixed,834774,023
Arrow Lake,Intel,ARL076,Incorrect VM Exit Reason When MOV SS or POP SS Followed by an x2APIC MSR Access,No Fix,834774,023
Zen 1 (Naples),AMD,911,IOMMU Unnecessarily Updates Dirty Bit (D-bit) While Handling Non-supervisor DMA Write Request To Writable Supervisor-only Page,No Fix,55449,1.21
Zen 1 (Naples),AMD,913,IOMMU Incorrectly Issues Guest Page Table Walk Request as Non-coherent Request,No Fix,55449,1.21
Zen 1 (Naples),AMD,919,USB tPortConfiguration Timer Incorrectly Resets During Recovery Before LMP (Link Management Packet) Exchange,No Fix,55449,1.21
Zen 1 (Naples),AMD,923,IOMMU Event Not Logged When Software Programs DTE.HAD Bits Incorrectly,No Fix,55449,1.21
Zen 1 (Naples),AMD,931,MCA_MISC0[BlkPtr] May Contain Incorrect Value,No Fix,55449,1.21
Zen 1 (Naples),AMD,937,Unpredictable IOMMU IO_PAGE_FAULT Event Logging For PCIe Atomic Requests To Protected Pages,No Fix,55449,1.21
Zen 1 (Naples),AMD,954,Processor Will Shut Down If It Issues a Load That Consumes Poison Data When Error Reporting is Disabled,No Fix,55449,1.21
Zen 1 (Naples),AMD,955,"Processor May Stall If Error Reporting is Disabled and a Cacheable Lock or Table-Walk Load Encounters a Master Abort, Target Abort, or Protection Violation",No Fix,55449,1.21
Zen 1 (Naples),AMD,965,Incorrect IOMMU IO_PAGE_FAULT Event Logging For Reserved Message Type Interrupt Requests With DTE.IG = 1,No Fix,55449,1.21
Zen 1 (Naples),AMD,990,Certain Performance Counters For Retire Based Events May Overcount,No Fix,55449,1.21
Zen 1 (Naples),AMD,1017,FERR (Legacy Floating Point Error) for Thread 0 May be Incorrectly Cleared When Thread 1 Clears Its FERR,Plan Fix,55449,1.21
Zen 1 (Naples),AMD,1021,Load Operation May Receive Stale Data From Older Store Operation,No Fix,55449,1.21
Zen 1 (Naples),AMD,1023,Performance Monitor Counter Overflow Interrupts May Fail To Be Delivered When Two or More Counters Are Enabled,Plan Fix,55449,1.21
Zen 1 (Naples),AMD,1024,Cacheable Load Following Misaligned Cacheable Store Does Not Complete,No Fix,55449,1.21
Zen 1 (Naples),AMD,1033,A Lock Operation May Cause the System to Hang,Plan Fix,55449,1.21
Zen 1 (Naples),AMD,1034,Processor May Return Incorrect Faulting Linear Address For a Cacheline-Misaligned Store,Plan Fix,55449,1.21
Zen 1 (Naples),AMD,1036,When IOMMU Interrupt Remapping Is Enabled the Remapped TM (Trigger Mode) Bit Is Incorrectly Ignored,Plan Fix,55449,1.21
Zen 1 (Naples),AMD,1037,"USB 2.0 Device May Immediately Reconnect After Windows ""Safely Remove Hardware"" Procedure",No Fix,55449,1.21
Zen 1 (Naples),AMD,1038,xHCI Controller May Incorrectly Drop USB 3.0 ISOC Audio Packets,Plan Fix,55449,1.21
Zen 1 (Naples),AMD,1039,Non-Cacheable Coherent Store May Not Complete If it Follows a Cacheable Access to the Same Cache Line,Plan Fix,55449,1.21
Zen 1 (Naples),AMD,1042,Processor May Fail To Boot On Systems With Both SPI (Serial Peripheral Interface) and Discrete TPM (Trusted Platform Module) Enabled,No Fix,55449,1.21
Zen 1 (Naples),AMD,1043,IOMMU May Fail to Deliver an Interrupt or Incorrectly Send an Interrupt to the Host OS,No Fix,55449,1.21
Zen 1 (Naples),AMD,1044,PCIe Controller May Hang on Entry Into Either L1.1 or L1.2 Power Management Substate,Plan Fix,55449,1.21
Zen 1 (Naples),AMD,1047,Miss Address Buffer Performance Counters May Be Inaccurate,No Fix,55449,1.21
Zen 1 (Naples),AMD,1048,Three-Source Operand Floating Point Instructions May Block Another Thread on the Same Core,No Fix,55449,1.21
Zen 1 (Naples),AMD,1049,FCMOV Instruction May Not Execute Correctly,No Fix,55449,1.21
Zen 1 (Naples),AMD,1053,"When SMAP is Enabled and EFLAGS.AC is Set, the Processor Will Fail to Page Fault on an Implicit Supervisor Access to a User Page",No Fix,55449,1.21
Zen 1 (Naples),AMD,1054,Instructions Retired Performance Counter May Be Inaccurate,No Fix,55449,1.21
Zen 1 (Naples),AMD,1057,MWAIT or MWAITX Instructions May Fail to Correctly Exit From the Monitor Event Pending State,No Fix,55449,1.21
Zen 1 (Naples),AMD,1058,Executing Code in the Page Adjacent to a Canonical Address Boundary May Cause Unpredictable Results,No Fix,55449,1.21
Zen 1 (Naples),AMD,1059,In Real Mode or Virtual-8086 Mode MWAIT or MWAITX Instructions May Fail to Correctly Exit From the Monitor Event Pending State,No Fix,55449,1.21
Zen 1 (Naples),AMD,1063,PCIe Controller Will Generate MSI (Message Signaled Interrupt) With Incorrect Requestor ID,No Fix,55449,1.21
Zen 1 (Naples),AMD,1067,L3 Performance Event Counter May Be Inaccurate,No Fix,55449,1.21
Zen 1 (Naples),AMD,1070,16-bit Real Mode Applications May Fail When Virtual Mode Extensions (VME) Are Enabled,No Fix,55449,1.21
Zen 1 (Naples),AMD,1071,Spurious Level 2 Branch Target Buffer (L2 BTB) MultiMatch Error May Occur,No Fix,55449,1.21
Zen 1 (Naples),AMD,1076,CPUID Fn8000_0007_EDX[CPB] Incorrectly Returns 0,No Fix,55449,1.21
Zen 1 (Naples),AMD,1080,PCIe Link Exit to L0 in Gen1 Mode May Incorrectly Trigger NAKs,No Fix,55449,1.21
Zen 1 (Naples),AMD,1081,Programming MSRC001_0015 [Hardware Configuration] (HWCR)[CpbDis] Does Not Affect All Threads In The Socket,No Fix,55449,1.21
Zen 1 (Naples),AMD,1083,PCIe Link in Gen3 Mode May Incorrectly Observe EDB Error and Enter Recovery,No Fix,55449,1.21
Zen 1 (Naples),AMD,1084,xHCI Host May Fail To Respond to Resume Request From Downstream USB Device Within 1 ms,No Fix,55449,1.21
Zen 1 (Naples),AMD,1091,4K Address Boundary Crossing Load Operation May Receive Stale Data,No Fix,55449,1.21
Zen 1 (Naples),AMD,1092,USB Device May Not be Enumerated After Device Reset,No Fix,55449,1.21
Zen 1 (Naples),AMD,1095,Potential Violation of Read Ordering In Lock Operation In SMT (Simultaneous Multithreading) Mode,No Fix,55449,1.21
Zen 1 (Naples),AMD,1096,The GuestInstrBytes Field of the VMCB on a VMEXIT May Incorrectly Return 0h,No Fix,55449,1.21
Zen 1 (Naples),AMD,1100,A Page Fault on a User Mode Fused Branch Instruction May Stall,No Fix,55449,1.21
Zen 1 (Naples),AMD,1102,The Processor May Hang During Warm Reset,No Fix,55449,1.21
Zen 1 (Naples),AMD,1108,MCA Error May Incorrectly Report Overflow Condition,No Fix,55449,1.21
Zen 1 (Naples),AMD,1109,MWAIT Instruction May Hang a Thread,No Fix,55449,1.21
Zen 1 (Naples),AMD,1110,Inaccurate Deferred Errors May Be Logged in MCA_STATUS_CS After Warm Reset,No Fix,55449,1.21
Zen 1 (Naples),AMD,1124,A Short Circuit Event on Any USB Port Will Cause xHCI/ EHCI Controller Failure,No Fix,55449,1.21
Zen 1 (Naples),AMD,1125,Reading or Writing Certain PCIe Registers in a PCIe Root Port May Cause the Processor to Hang,No Fix,55449,1.21
Zen 1 (Naples),AMD,1126,PCIe Link May Hang When Attempting to Switch to Gen3 Mode,No Fix,55449,1.21
Zen 1 (Naples),AMD,1128,Incorrect Error Codes For Benign VMM Communication (#VC) Exceptions,No Fix,55449,1.21
Zen 1 (Naples),AMD,1130,Certain Sequences of Instructions May Cause Incorrect Memory Reference Address,No Fix,55449,1.21
Zen 1 (Naples),AMD,1142,Locked Operations Involving Page Table Entries May Observe Stale Accessed Bit,No Fix,55449,1.21
Zen 1 (Naples),AMD,1146,PCIe DPC (Downstream Port Containment) RP PIO (Root Port Programmed I/O) Error Reporting May Not Function Correctly,No Fix,55449,1.21
Zen 1 (Naples),AMD,1154,MOV SS Instructions May Take Multiple Breakpoints,No Fix,55449,1.21
Zen 1 (Naples),AMD,1155,DMA or Peer-to-peer Accesses Using Guest Physical Addresses (GPAs) May Cause IOMMU Target Abort,No Fix,55449,1.21
Zen 1 (Naples),AMD,1158,Local Interrupts LINT0/LINT1 May Occur While APIC is Software Disabled,No Fix,55449,1.21
Zen 1 (Naples),AMD,1160,SdpParity and XiVictimQueue Mask Bits Incorrectly Mask Additional Errors,No Fix,55449,1.21
Zen 1 (Naples),AMD,1163,Some MCA_MISC0 Bits May Fail to Persist Through Warm Reset,No Fix,55449,1.21
Zen 1 (Naples),AMD,1164,REP STOS (Repeat Store String) Instruction May Not Execute Correctly,No Fix,55449,1.21
Zen 1 (Naples),AMD,1177,Processor Entering L1.2 Power Management Substate May Hang,No Fix,55449,1.21
Zen 1 (Naples),AMD,1201,The Processor May Hang If it Receives INIT# While Already In the INIT# State,No Fix,55449,1.21
Zen 1 (Naples),AMD,1225,MCA_STATUS_CS[ErrorCode] May Be Incorrect After Some Machine Check Errors,No Fix,55449,1.21
Zen 1 (Naples),AMD,1235,Guest With AVIC (Advanced Virtual Interrupt Controller) Enabled May Fail to Process IPI (Inter-Processor Interrupt) Until Guest Is Re-Scheduled,No Fix,55449,1.21
Zen 1 (Naples),AMD,1277,IOMMU May Mishandle Fault on Skipped Page Directory Entry Levels,No Fix,55449,1.21
Zen 1 (Naples),AMD,1282,IOMMU May Not Re-Walk Page Tables on a Present/ Permission Fault,No Fix,55449,1.21
Zen 1 (Naples),AMD,1286,Spurious #GP May Occur When Hypervisor Running on Another Hypervisor,No Fix,55449,1.21
Zen 1 (Naples),AMD,1294,xHCI Controller May Drop Data of an Isochronous TD (Transfer Descriptor) During Isochronous Transfer,No Fix,55449,1.21
Zen 1 (Naples),AMD,1305,AHCI Controller Ignores COMINIT During HP6: HR_AwaitAlign State,No Fix,55449,1.21
Zen 1 (Naples),AMD,1386,XSAVES Instruction May Fail to Save XMM Registers to the Provided State Save Area,No Fix,55449,1.21
Zen 1 (Naples),AMD,1394,Processor May Cause Unexpected Collisions on SMBUS (System Management Bus),No Fix,55449,1.21
Zen 1 (Naples),AMD,1421,Speculative Fetch Activity May Be Underreported by IBS (Instruction Based Sampling),No Fix,55449,1.21
Zen 1 (Naples),AMD,1474,A Core May Hang After About 1044 Days,No Fix,55449,1.21
Zen 1 (Naples),AMD,1488,Translation Agent May Fail to Update Dirty Bit in Page Table Entry for Address Translation Request,No Fix,55449,1.21
Zen 2 (Rome),AMD,1140,Response Transaction May be Lost on Data Fabric,No Fix,56323,1.03
Zen 2 (Rome),AMD,1146,PCIe DPC (Downstream Port Containment) RP PIO (Root Port Programmed I/O) Error Reporting May Not Function Correctly,No Fix,56323,1.03
Zen 2 (Rome),AMD,1150,PCIe Incorrectly Updates Some AER (Advanced Error Reporting) Registers After Egress Blocking Error,No Fix,56323,1.03
Zen 2 (Rome),AMD,1154,MOV SS Instructions May Take Multiple Breakpoints,No Fix,56323,1.03
Zen 2 (Rome),AMD,1155,DMA or Peer-to-peer Accesses Using Guest Physical Addresses (GPAs) May Cause IOMMU Target Abort,No Fix,56323,1.03
Zen 2 (Rome),AMD,1157,PCIe Link Status May be Incorrect When Root Port Autonomously Changes to Gen4 Speed,No Fix,56323,1.03
Zen 2 (Rome),AMD,1159,Writes to Base Frequency Register May be Ignored,No Fix,56323,1.03
Zen 2 (Rome),AMD,1160,SdpParity and XiVictimQueue Mask Bits Incorrectly Mask Additional Errors,No Fix,56323,1.03
Zen 2 (Rome),AMD,1163,Some MCA_MISC0 Bits May Fail to Persist Through Warm Reset,No Fix,56323,1.03
Zen 2 (Rome),AMD,1165,The PCIe Link May Accumulate Correctable Errors in Gen3 Link Width x1 or x4 Mode Configurations,No Fix,56323,1.03
Zen 2 (Rome),AMD,1166,The PCIe Link May Accumulate Correctable Errors in Gen4 Link Width x2 Mode,No Fix,56323,1.03
Zen 2 (Rome),AMD,1169,PCIe Error Masking May Fail to Mask Errors,No Fix,56323,1.03
Zen 2 (Rome),AMD,1171,Requester ID May Be Set Incorrectly on Outbound PCIe VDMs (Vendor Defined Messages),No Fix,56323,1.03
Zen 2 (Rome),AMD,1183,The Processor May Hang If it Receives INIT# While Already In the INIT# State,No Fix,56323,1.03
Zen 2 (Rome),AMD,1185,PCIe Receive Buffer Location May Be Incorrectly Overwritten,No Fix,56323,1.03
Zen 2 (Rome),AMD,1200,xHCI Host May Hang If Full Speed or High Speed USB Hub is Connected,No Fix,56323,1.03
Zen 2 (Rome),AMD,1212,IBS (Instruction Based Sampling) Micro-Op Retire Counters May Be Inaccurate,No Fix,56323,1.03
Zen 2 (Rome),AMD,1215,IBS (Instruction Based Sampling) Counter Valid Value May be Incorrect After Exit From Core C6 (CC6) State,No Fix,56323,1.03
Zen 2 (Rome),AMD,1216,IOMMU May Not Re-Walk Page Tables on a Present/Permission Fault,No Fix,56323,1.03
Zen 2 (Rome),AMD,1218,EXITINFO1[2] May Be Incorrectly Set When GMET (Guest Mode Execute Trap extension) is Enabled,No Fix,56323,1.03
Zen 2 (Rome),AMD,1225,MCA_STATUS_CS[ErrorCode] May Be Incorrect After Some Machine Check Errors,No Fix,56323,1.03
Zen 2 (Rome),AMD,1235,Guest With AVIC (Advanced Virtual Interrupt Controller) Enabled May Fail to Process IPI (Inter-Processor Interrupt) Until Guest Is Re-Scheduled,No Fix,56323,1.03
Zen 2 (Rome),AMD,1277,IOMMU May Mishandle Fault on Skipped Page Directory Entry Levels,No Fix,56323,1.03
Zen 2 (Rome),AMD,1286,Spurious #GP May Occur When Hypervisor Running on Another Hypervisor,No Fix,56323,1.03
Zen 2 (Rome),AMD,1288,A VDPPS Instruction May Fail to Record a Masked Exception in the MXCSR Register,No Fix,56323,1.03
Zen 2 (Rome),AMD,1290,GMI (Global Memory Interface) Link May Hang Due to Failure To Retrain After Encountering CRC Errors,No Fix,56323,1.03
Zen 2 (Rome),AMD,1291,Certain Performance Counters For Retire Based Events May Overcount,No Fix,56323,1.03
Zen 2 (Rome),AMD,1294,xHCI Controller May Drop Data of an Isochronous TD (Transfer Descriptor) During Isochronous Transfer,No Fix,56323,1.03
Zen 2 (Rome),AMD,1305,AHCI Controller Ignores COMINIT During HP6: HR_AwaitAlign State,No Fix,56323,1.03
Zen 2 (Rome),AMD,1308,Guests With AVIC (Advanced Virtual Interrupt Controller) Enabled May Not Be Able to Program Interrupt Controller,No Fix,56323,1.03
Zen 2 (Rome),AMD,1315,Two Processor System Configured With 3-link xGMI and Preferred IO Mode May Hang or Reset,No Fix,56323,1.03
Zen 2 (Rome),AMD,1349,Unexpected Interrupt May Happen After AVIC (Advanced Virtual Interrupt Controller) Doorbell Signal Received,No Fix,56323,1.03
Zen 2 (Rome),AMD,1356,PCIe Link May Incorrectly Drop and Train to Gen1 Speed,No Fix,56323,1.03
Zen 2 (Rome),AMD,1386,XSAVES Instruction May Fail to Save XMM Registers to the Provided State Save Area,No Fix,56323,1.03
Zen 2 (Rome),AMD,1390,PCIe Port May Hang During Hot-plug Removal Event,No Fix,56323,1.03
Zen 2 (Rome),AMD,1394,Processor May Cause Unexpected Collisions on SMBUS (System Management Bus),No Fix,56323,1.03
Zen 2 (Rome),AMD,1417,VMASKMOV May Cause Segmentation Fault or Application Crash,No Fix,56323,1.03
Zen 2 (Rome),AMD,1421,Speculative Fetch Activity May Be Underreported by IBS (Instruction Based Sampling),No Fix,56323,1.03
Zen 2 (Rome),AMD,1468,Stack Pointer May Be Corrupted,No Fix,56323,1.03
Zen 2 (Rome),AMD,1474,A Core May Hang After About 1044 Days,No Fix,56323,1.03
Zen 2 (Rome),AMD,1488,Translation Agent May Fail to Update Dirty Bit in Page Table Entry for Address Translation Request,No Fix,56323,1.03
Zen 2 (Rome),AMD,1523,System May Experience Watchdog Timeout While Executing Locked Memory Accesses,No Fix,56323,1.03
Zen 2 (Rome),AMD,1526,The PCIe Link May Log Spurious Bad DLLP Error When Running in Gen3 Link Width x4 Mode,No Fix,56323,1.03
Zen 2 (Rome),AMD,1545,PCIe Downstream Port Containment (DPC) May Be Erroneously Triggered,No Fix,56323,1.03
Zen 2 (Rome),AMD,1573,MCA::IF::MCA_CTL_IF[TagMultiHit] Error May Be Reported Twice,No Fix,56323,1.03
Zen 2 (Rome),AMD,1580,Some PCIe Operations Transmitting Poisoned Data Do Not Log Errors,No Fix,56323,1.03
Zen 2 (Rome),AMD,1590,Hot Remove Event on One PCIe Port May Cause Unexpected Completion Timeout on Another PCIe Port,No Fix,56323,1.03
Zen 2 (Rome),AMD,1596,eSPI (Enhanced Serial Peripheral Interface) Controller May Drop Earlier of Two Back-to-Back Upstream Messages,No Fix,56323,1.03
Zen 2 (Rome),AMD,1611,Processor May Fail to Reset PCIe Local Lane Parity After Link Speed Change,No Fix,56323,1.03
Zen 4 (Genoa),AMD,1155,DMA or Peer-to-peer Accesses Using Guest Physical Addresses (GPAs) May Cause IOMMU Target Abort,No Fix,57095,1.05
Zen 4 (Genoa),AMD,1237,MCA_STATUS_LS[ExtErrorCode] May Contain Incorrect Code After a Store Queue Address Fatal Parity Error,No Fix,57095,1.05
Zen 4 (Genoa),AMD,1305,AHCI Controller Ignores COMINIT During HP6: HR_AwaitAlign State,No Fix,57095,1.05
Zen 4 (Genoa),AMD,1321,Processor May Generate Spurious #GP(0) Exception on WRMSR Instruction,No Fix,57095,1.05
Zen 4 (Genoa),AMD,1332,Processor May Fail to Generate a #UD Exception For Certain AVX-512 Instructions,No Fix,57095,1.05
Zen 4 (Genoa),AMD,1339,Processor May Fail to Generate a #UD Exception For EVEX Encoded Instructions,No Fix,57095,1.05
Zen 4 (Genoa),AMD,1344,Processor May Fail to Take #VMEXIT(NPF) When SNP-Active (Secure Nested Paging) Guest Writes an Improperly Configured Page,No Fix,57095,1.05
Zen 4 (Genoa),AMD,1358,TLB Way May Not Be Reported Correctly When Reporting L2DTLB Errors,No Fix,57095,1.05
Zen 4 (Genoa),AMD,1365,Fatal Error May Log Incorrect Location Information,No Fix,57095,1.05
Zen 4 (Genoa),AMD,1372,#GP May Occur On Returning to 32Bit Mode After Five-Level Paging Was Enabled,No Fix,57095,1.05
Zen 4 (Genoa),AMD,1374,MCA::LS::MCA_SYND_LS[ErrorInformation ] Bits [5:0] May Be Incorrect for STORE_DATA_OTHER Errors,No Fix,57095,1.05
Zen 4 (Genoa),AMD,1384,Certain MCA Extended Error Codes and MCA Control Bits Are Incorrect,No Fix,57095,1.05
Zen 4 (Genoa),AMD,1393,Guest in 32-Bit Mode With rIP Larger Than 32 Bits May Exhibit Unpredictable Behavior,No Fix,57095,1.05
Zen 4 (Genoa),AMD,1394,Processor May Cause Unexpected Collisions on SMBUS (System Management Bus),No Fix,57095,1.05
Zen 4 (Genoa),AMD,1395,PCIe Margining Lane Status Register Fields May Be Incorrectly Set to Zero,No Fix,57095,1.05
Zen 4 (Genoa),AMD,1401,PCIe Controller May Erroneously Generate Correctable Receiver Error,No Fix,57095,1.05
Zen 4 (Genoa),AMD,1403,SKP Ordered Set May Be Dropped on x16 Lane CXL Port With Sync Header Bypass Enabled,No Fix,57095,1.05
Zen 4 (Genoa),AMD,1416,Non-L3 Miss IBS (Instruction Based Sampling) Samples May Be Reported when IBS L3 Miss Fetch Filtering Is Enabled,No Fix,57095,1.05
Zen 4 (Genoa),AMD,1421,Speculative Fetch Activity May Be Underreported by IBS (Instruction Based Sampling),No Fix,57095,1.05
Zen 4 (Genoa),AMD,1426,Poisoned TLP Egress Blocked Error May Fail to be Reported,No Fix,57095,1.05
Zen 4 (Genoa),AMD,1430,AHCI Controller May Incorrectly Assert or Incorrectly De-assert SATA Device Error Indicator,No Fix,57095,1.05
Zen 4 (Genoa),AMD,1431,CPU Core May Hang If SMT (Symmetric Multi Threading) Is Enabled and Bus Lock Occurs,No Fix,57095,1.05
Zen 4 (Genoa),AMD,1432,The L3CacheBwVicMon Bandwidth Event May Overcount,No Fix,57095,1.05
Zen 4 (Genoa),AMD,1441,Processor May Not Correctly Store All Data of DMA Write From Device to Memory,No Fix,57095,1.05
Zen 4 (Genoa),AMD,1442,Certain CXL Link Capability Structure Registers Are Located at the Wrong Offset,No Fix,57095,1.05
Zen 4 (Genoa),AMD,1444,Advanced Platform Management Link (APML) May Cease to Function After Incomplete Read Transaction,No Fix,57095,1.05
Zen 4 (Genoa),AMD,1446,Incorrect Initialization of On-die 1.8V Regulator During Power Up May Cause Permanent Failure to Boot,No Fix,57095,1.05
Zen 4 (Genoa),AMD,1448,Processor May Delay PCIe ACK DLLP Resulting in Correctable Errors Being Logged,No Fix,57095,1.05
Zen 4 (Genoa),AMD,1452,Non-Branch Entries May Erroneously Be Recorded In the LBR (Last Branch Record) Stack,No Fix,57095,1.05
Zen 4 (Genoa),AMD,1453,Upper Address Ignore Fails to Recognize Segment-Override Prefixes,No Fix,57095,1.05
Zen 4 (Genoa),AMD,1454,Processor May Log Unexpected LS MCE Error When Executing Virtualized VMLOAD or Virtualized VMSAVE,No Fix,57095,1.05
Zen 4 (Genoa),AMD,1455,PCID-Based INVLPGB May Fail to Flush Global Translations,No Fix,57095,1.05
Zen 4 (Genoa),AMD,1458,Processor May Fail to Accelerate Guest Access to Extended Interrupt Local Vector Table Registers,No Fix,57095,1.05
Zen 4 (Genoa),AMD,1460,IBS (Instruction Based Sampling) Sample Will Report Incorrect Misaligned Information for AVX-512 Loads,No Fix,57095,1.05
Zen 4 (Genoa),AMD,1462,System May Not Reboot or Shut Down Successfully After a Fatal Error,No Fix,57095,1.05
Zen 4 (Genoa),AMD,1463,Processor May Incorrectly Log Additional Watchdog Timeout Error After Fatal Error on GMI Link,No Fix,57095,1.05
Zen 4 (Genoa),AMD,1464,32-Byte Misaligned Supervisor Shadow Stack Pointer or Supervisor Shadow Stack in Non-WB Memory May Result in a Non-Restartable Guest,No Fix,57095,1.05
Zen 4 (Genoa),AMD,1465,SEV-SNP (Secure Encrypted Virtualization - Secure Nested Paging) Guests May Cause Core to Hang With Hypervisors That Do Not Intercept HLT Instruction,No Fix,57095,1.05
Zen 4 (Genoa),AMD,1467,Unexpected #PF for Hypervisor Write to 2M or 1G Page When SEV-SNP (Secure Encrypted Virtualization - Secure Nested Paging) Enabled,No Fix,57095,1.05
Zen 4 (Genoa),AMD,1469,Misaligned AVX-512 512-Bit Store to Top of Effective Address Space May Access Wrong Page,No Fix,57095,1.05
Zen 4 (Genoa),AMD,1475,Processor May Associate RMID and COS With an Incorrect Logical Processor,No Fix,57095,1.05
Zen 4 (Genoa),AMD,1478,Number of Unified Memory Controller Performance Counters Reported Incorrectly by CPUID_Fn80000022_EBX[21:16],Plan Fix,57095,1.05
Zen 4 (Genoa),AMD,1483,Unexpected Hardware Assert Fatal Error May Occur When Uncorrectable DRAM ECC Error Occurs,No Fix,57095,1.05
Zen 4 (Genoa),AMD,1485,If Symmetric Multi Threading Is Enabled and Single Thread Indirect Branch Prediction Is Disabled the Processor May Fetch Incorrect Instruction Bytes,No Fix,57095,1.05
Zen 4 (Genoa),AMD,1486,Spurious PCIe Completion Timeout May Be Seen When A fatal Error Occurs In the Processor,No Fix,57095,1.05
Zen 4 (Genoa),AMD,1488,Translation Agent May Fail to Update Dirty Bit in Page Table Entry for Address Translation Request,No Fix,57095,1.05
Zen 4 (Genoa),AMD,1489,IOMMU Unpinned Mode Is Not Supported When Secure Address Translation Service Is Enabled,No Fix,57095,1.05
Zen 4 (Genoa),AMD,1498,MCE (Machine Check Exception) Occurs If Device Sends VDM (Vendor Defined Message) in System With Multiple Segments,No Fix,57095,1.05
Zen 4 (Genoa),AMD,1502,HPET (High Precision Event Timer) May Increment After Enable Bit Cleared,No Fix,57095,1.05
Zen 4 (Genoa),AMD,1507,Certain CXL Registers Fail to Persist Through Warm Reset,No Fix,57095,1.05
Zen 4 (Genoa),AMD,1510,System May Not Reboot or Shut Down Successfully,No Fix,57095,1.05
Zen 4 (Genoa),AMD,1513,Processor May Read Stale Value of rSP When EVEX.X Is 1 and ModRM.r/m References rSP,No Fix,57095,1.05
Zen 4 (Genoa),AMD,1514,(V)MOVLPS/D Followed by (V)MOVHPS/D to XMM16 Or Larger Destination Register May Incorrectly Write Zeroes to the Upper Half of its Destination Register,No Fix,57095,1.05
Zen 4 (Genoa),AMD,1518,Microcode Patch Load While Other Thread of CPU in Halt State May Cause Unpredictable System Behavior,No Fix,57095,1.05
Zen 4 (Genoa),AMD,1545,PCIe Downstream Port Containment (DPC) May Be Erroneously Triggered,No Fix,57095,1.05
Zen 4 (Genoa),AMD,1546,I3C Operation at Greater Than 6MHz With More Than Four DIMMs Per I3C Bus Not Supported,No Fix,57095,1.05
Zen 4 (Genoa),AMD,1548,DATA_BW (Data Bandwidth) Performance Monitor Events for the CCM Interface May Undercount,No Fix,57095,1.05
Zen 4 (Genoa),AMD,1549,Receiving Back-to-Back Reset Requests May Cause System to Hang,No Fix,57095,1.05
Zen 4 (Genoa),AMD,1577,Processor May Incorrectly Report CXL Physical Layer Error (Correctable Error Status Register Bit 6),No Fix,57095,1.05
Zen 4 (Genoa),AMD,1580,Some PCIe Operations Transmitting Poisoned Data Do Not Log Errors,No Fix,57095,1.05
Zen 4 (Genoa),AMD,1590,Hot Remove Event on One PCIe Port May Cause Unexpected Completion Timeout on Another PCIe Port,No Fix,57095,1.05
Zen 4 (Genoa),AMD,1596,eSPI (Enhanced Serial Peripheral Interface) Controller May Drop Earlier of Two Back-to-Back Upstream Messages,No Fix,57095,1.05
Zen 4 (Genoa),AMD,1608,"PVALIDATE, RMPADJUST, or RMPUPDATE Will Report Status Incorrectly If Page Size is 2M and Guest Physical Address is Not on 2M Boundary",No Fix,57095,1.05
Zen 4 (Genoa),AMD,1609,Root Complex Event Collector Error Status Registers May Have Incorrect Value After CXL Error,No Fix,57095,1.05
Zen 4 (Genoa),AMD,1631,xHCI Controller May Fail to Enter D3,No Fix,57095,1.05
Zen 4 (Genoa),AMD,1632,Changing Platform QOS (Quality of Service) Register May Cause HWA (Hardware Assertion),No Fix,57095,1.05
Zen 5 (Turin),AMD,1155,DMA or Peer-to-peer Accesses Using Guest Physical Addresses (GPAs) May Cause IOMMU Target Abort,No Fix,58251,1.30
Zen 5 (Turin),AMD,1305,AHCI Controller Ignores COMINIT During HP6: HR_AwaitAlign State,No Fix,58251,1.30
Zen 5 (Turin),AMD,1464,32-Byte Misaligned Supervisor Shadow Stack Pointer or Supervisor Shadow Stack in Non-WB Memory May Result in a Non-Restartable Guest,No Fix,58251,1.30
Zen 5 (Turin),AMD,1482,IBS (Instruction Based Sampling) Fetch Control Sample May Report Incorrect Page Size,No Fix,58251,1.30
Zen 5 (Turin),AMD,1483,Unexpected Hardware Assert Fatal Error May Occur When Uncorrectable DRAM ECC Error Occurs,No Fix,58251,1.30
Zen 5 (Turin),AMD,1489,IOMMU Unpinned Mode Is Not Supported When Secure Address Translation Service Is Enabled,No Fix,58251,1.30
Zen 5 (Turin),AMD,1499,The Processor May Erroneously Compute a CS (Code Segment) Limit Violation,No Fix,58251,1.30
Zen 5 (Turin),AMD,1502,HPET (High Precision Event Timer) May Increment After Enable Bit Cleared,No Fix,58251,1.30
Zen 5 (Turin),AMD,1509,Certain CXL Registers Fail to Persist Through Warm Reset,No Fix,58251,1.30
Zen 5 (Turin),AMD,1517,Processor May Allow Snoop While CXL WritePull or FastGo_WritePull Is Outstanding,No Fix,58251,1.30
Zen 5 (Turin),AMD,1525,Systems With Incorrectly Programmed Level 1 Interrupt Table May Fail to Interrupt Guest While SEV-TIO (Secure Encrypted Virtualization - Trusted IO) Is Enabled,No Fix,58251,1.30
Zen 5 (Turin),AMD,1529,CXL.mem Transaction Timeout Is Not Supported,No Fix,58251,1.30
Zen 5 (Turin),AMD,1533,Corrected Op Cache Tag Parity Errors May Not Be Reported,No Fix,58251,1.30
Zen 5 (Turin),AMD,1534,MCA::EX::MCA_STATUS_EX[24] May be Incorrect When Reporting Watchdog Timeout Error,No Fix,58251,1.30
Zen 5 (Turin),AMD,1540,Processor May Erroneously Compute a CS (Code Segment) Limit Violation in the Presence of Self-Modifying Code,No Fix,58251,1.30
Zen 5 (Turin),AMD,1541,IBS (Instruction Based Sampling) Execute Sample May Capture Incorrect TLB (Translation Lookaside Buffer) Information for L1 DTLB Misses,No Fix,58251,1.30
Zen 5 (Turin),AMD,1542,IBS (Instruction Based Sampling) May Erroneously Report Op Cache Miss,No Fix,58251,1.30
Zen 5 (Turin),AMD,1543,IBS (Instruction Based Sampling) Sample for Speculative Fetch May Report Invalid IC Miss Flag or Physical Address,No Fix,58251,1.30
Zen 5 (Turin),AMD,1544,IBS (Instruction Based Sampling) Fetch Sample May Incorrectly Report Instruction Cache Hit and Zero Latency,No Fix,58251,1.30
Zen 5 (Turin),AMD,1545,PCIe Downstream Port Containment (DPC) May Be Erroneously Triggered,No Fix,58251,1.30
Zen 5 (Turin),AMD,1546,I3C Operation at Greater Than 6MHz With More Than Four DIMMs Per I3C Bus Not Supported,No Fix,58251,1.30
Zen 5 (Turin),AMD,1548,DATA_BW (Data Bandwidth) Performance Monitor Events for the CCM Interface May Undercount,No Fix,58251,1.30
Zen 5 (Turin),AMD,1550,IBS (Instruction Based Sampling) Sample for Fetch May Erroneously Report Instruction Cache Miss and/or Op Cache Miss,No Fix,58251,1.30
Zen 5 (Turin),AMD,1551,IBS (Instruction Based Sampling) May Report ITLB (Instruction Translation Lookaside Buffer) Hit as ITLB Miss,No Fix,58251,1.30
Zen 5 (Turin),AMD,1556,Core::X86::Msr::IBS_OP_DATA3[IbsTlbRefi llLat] May Be Invalid,No Fix,58251,1.30
Zen 5 (Turin),AMD,1557,Core::X86::Msr::IBS_OP_DATA3[IbsDcMiss Lat] May Erroneously Report Non-Zero Value,No Fix,58251,1.30
Zen 5 (Turin),AMD,1560,Hang May Occur If DF C-State Is Enabled and CXL Type 1 Device Is Configured,No Fix,58251,1.30
Zen 5 (Turin),AMD,1566,Stack Pointer Tracking for Dependency Removal for Add/Sub RSP Instructions May Yield Incorrect Results,No Fix,58251,1.30
Zen 5 (Turin),AMD,1567,Instruction State May be Corrupted during REP CMPSB or REP SCASB,No Fix,58251,1.30
Zen 5 (Turin),AMD,1569,PMCx078 Counts Incorrectly in Unpredictable Ways,No Fix,58251,1.30
Zen 5 (Turin),AMD,1573,MCA::IF::MCA_CTL_IF[TagMultiHit] Error May Be Reported Twice,Plan Fix,58251,1.30
Zen 5 (Turin),AMD,1578,Processor May Incorrectly Report CXL Physical Layer Error (Correctable Error Status Register Bit 6),No Fix,58251,1.30
Zen 5 (Turin),AMD,1579,Guest vAPIC (Virtual Advanced Programmable Interrupt Controller) IRR (Interrupt Request Register) Backing Page May Be Corrupted,No Fix,58251,1.30
Zen 5 (Turin),AMD,1580,Some PCIe Operations Transmitting Poisoned Data Do Not Log Errors,No Fix,58251,1.30
Zen 5 (Turin),AMD,1582,Processor May Report Only Lower Severity Error of Two Simultaneous Instruction Cache MCA Errors,No Fix,58251,1.30
Zen 5 (Turin),AMD,1583,PMCx18E May Overcount Instruction Cache Accesses,No Fix,58251,1.30
Zen 5 (Turin),AMD,1587,PMCx188 May Undercount IBS (Instruction Based Sampling) Fetch Events,No Fix,58251,1.30
Zen 5 (Turin),AMD,1590,Hot Remove Event on One PCIe Port May Cause Unexpected Completion Timeout on Another PCIe Port,No Fix,58251,1.30
Zen 5 (Turin),AMD,1593,Aborted CC6 Entry May Result in WDT (Watchdog Timeout),No Fix,58251,1.30
Zen 5 (Turin),AMD,1595,"eSPI (Enhanced Serial Peripheral Interface) Controller Fails to Return Response Code ""Unsuccessful Without Data"" After a Failed Upstream Non-Posted Request",Plan Fix,58251,1.30
Zen 5 (Turin),AMD,1596,eSPI (Enhanced Serial Peripheral Interface) Controller May Drop Earlier of Two Back-to-Back Upstream Messages,Plan Fix,58251,1.30
Zen 5 (Turin),AMD,1606,IBS (Instruction Based Sampling) OP Load Latency Filtering May Capture Unwanted Samples When L3Miss Filtering is Disabled,No Fix,58251,1.30
Zen 5 (Turin),AMD,1608,"PVALIDATE, RMPADJUST, or RMPUPDATE Will Report Status Incorrectly If Page Size is 2M and Guest Physical Address is Not on 2M Boundary",No Fix,58251,1.30
Zen 5 (Turin),AMD,1610,Processor May Not Log CXL.mem Isolation Bit After Link Down Event,No Fix,58251,1.30
Zen 5 (Turin),AMD,1617,Speculative Translation Table Access is Used for TLB (Translation Lookaside Buffer) Entry Generation,No Fix,58251,1.30
Zen 5 (Turin),AMD,1621,Spurious Page Fault May Occur for Some Initial Page Allocation Mappings,No Fix,58251,1.30
Zen 5 (Turin),AMD,1625,Processor May Hang With EX WDT (Watchdog Timeout) During Faulting Floating Point Load,No Fix,58251,1.30
